dataset,split,class_label,path,phash
PlantDoc,test,Apple Scab Leaf,test/Apple Scab Leaf/052609%20Hartman%20Crabapple%20scab%20single%20leaf.JPG.jpg,fd4aa14d352dd226
PlantDoc,test,Apple Scab Leaf,test/Apple Scab Leaf/1b321015-6e33-4f18-aade-888f4383fe92.jpeg.jpg,a1cc9e306d636ccd
PlantDoc,test,Apple Scab Leaf,test/Apple Scab Leaf/28-500x375.jpg,ed74961ad8c939b0
PlantDoc,test,Apple Scab Leaf,test/Apple Scab Leaf/816.jpg,bc3892c26687c76d
PlantDoc,test,Apple Scab Leaf,test/Apple Scab Leaf/apple%20scab%20leaf.jpg,84c27b1f3a786569
PlantDoc,test,Apple Scab Leaf,test/Apple Scab Leaf/apple%20scabnew.jpg,8b49a4be83d19c97
PlantDoc,test,Apple Scab Leaf,test/Apple Scab Leaf/apple-scab-5366820.jpg,fc73ccf1c4e100ec
PlantDoc,test,Apple Scab Leaf,test/Apple Scab Leaf/apples_apple-scab_01_zoom.jpg,e33ef382081f20fb
PlantDoc,test,Apple Scab Leaf,test/Apple Scab Leaf/apples_apple-scab_02_thm.jpg,973c4ab6ea94ec82
PlantDoc,test,Apple Scab Leaf,test/Apple Scab Leaf/apples_apple-scab_10_zoom.jpg,f878e0030f3e0f37
PlantDoc,test,Apple leaf,test/Apple leaf/20180511_090912-14gtw8a-e1526047952754.jpg,daa21fe9c808cceb
PlantDoc,test,Apple leaf,test/Apple leaf/20180511_091133-24l1vhg-e1526047988236.jpg,e798d30825377aaa
PlantDoc,test,Apple leaf,test/Apple leaf/20180511_091252-1gy5xf5-e1526048000596.jpg,f10ef9050dfd16e0
PlantDoc,test,Apple leaf,test/Apple leaf/4120978-single-green-leaf-of-apple-tree.jpg,bfe09097cb1a4c39
PlantDoc,test,Apple leaf,test/Apple leaf/Apple-Leaf-Wallpaper-17.jpg,b4c19a9c68cf65cc
PlantDoc,test,Apple leaf,test/Apple leaf/apple-leaf-14319997.jpg,bd3dc2f08b830ccd
PlantDoc,test,Apple leaf,test/Apple leaf/apple-leaf-9834637.jpg,be36c0d00fcf3436
PlantDoc,test,Apple leaf,test/Apple leaf/apple-leaf-closeup-37636177.jpg,bd61c2968f9a8c99
PlantDoc,test,Apple leaf,test/Apple leaf/apple-leaf-isolated-white-background-56631026.jpg,bcc1d236cb3acc38
PlantDoc,test,Apple rust leaf,test/Apple rust leaf/02.-Rust-2017-207u24s.jpg,db2e35b48cd36825
PlantDoc,test,Apple rust leaf,test/Apple rust leaf/0605_Rust-induced_leafspot.jpg,96407b0565be77b0
PlantDoc,test,Apple rust leaf,test/Apple rust leaf/185161-004-EAF28842.jpg,a30fa272a8faf225
PlantDoc,test,Apple rust leaf,test/Apple rust leaf/2011-011.jpg,96e358be81f8d550
PlantDoc,test,Apple rust leaf,test/Apple rust leaf/20130519cedarapplerust.jpg,aab5e842f40dab8b
PlantDoc,test,Apple rust leaf,test/Apple rust leaf/20130610_110514.jpg,965d77ea10977488
PlantDoc,test,Apple rust leaf,test/Apple rust leaf/20130802_111632.jpg,88044e6f768e27b7
PlantDoc,test,Apple rust leaf,test/Apple rust leaf/4-apple-rust2_19011_matt-bertone.jpg,af66d0998a0a3dcd
PlantDoc,test,Apple rust leaf,test/Apple rust leaf/9343310-small.jpg,ab9f1a0905a7e2d3
PlantDoc,test,Apple rust leaf,test/Apple rust leaf/99e886623c2080c22f6519b0e708c531.jpg,de9338c9919ec1c5
PlantDoc,test,Bell_pepper leaf,test/Bell_pepper leaf/10148582-green-leaf-of-pepper.jpg,bacad0b58fb48c31
PlantDoc,test,Bell_pepper leaf,test/Bell_pepper leaf/4825902504_5fa80b65b8_z.jpg,c3633d9670d9b1c8
PlantDoc,test,Bell_pepper leaf,test/Bell_pepper leaf/GREEN%20BELL%20PLANT%20YELLOW%20LEAF.JPG.jpg,d81b69393216b6ae
PlantDoc,test,Bell_pepper leaf,test/Bell_pepper leaf/IMG_1629.JPG?1507122477.jpg,fe58f45c86180f33
PlantDoc,test,Bell_pepper leaf,test/Bell_pepper leaf/RnGnC.jpg,e4b536ba2b969485
PlantDoc,test,Bell_pepper leaf,test/Bell_pepper leaf/e33155.jpg,acf14412e2319fed
PlantDoc,test,Bell_pepper leaf,test/Bell_pepper leaf/pepper_leaf.jpg,989c297067e7e607
PlantDoc,test,Bell_pepper leaf,test/Bell_pepper leaf/why-are-my-pepper-plants-yellow-yellow-pepper-plants-yellow-leaves-green-veins-pepper-plants-yellow-veins.jpg,c1e939b599daa948
PlantDoc,test,Bell_pepper leaf spot,test/Bell_pepper leaf spot/00.jpg,9bc72168d62b3f06
PlantDoc,test,Bell_pepper leaf spot,test/Bell_pepper leaf spot/000.jpg,dbdfe2f0c08378c0
PlantDoc,test,Bell_pepper leaf spot,test/Bell_pepper leaf spot/01.jpg,eeb1b164b16e85a4
PlantDoc,test,Bell_pepper leaf spot,test/Bell_pepper leaf spot/Bacterial-spot-pepper2.jpg,e65de21dc60a5e0b
PlantDoc,test,Bell_pepper leaf spot,test/Bell_pepper leaf spot/CMVpepperLeafShock-copy-50QUALITY-1ge8umw.jpg,8e3377c7a3e40b42
PlantDoc,test,Bell_pepper leaf spot,test/Bell_pepper leaf spot/H5w92.jpg,ec91c7bdb2c4b0c2
PlantDoc,test,Bell_pepper leaf spot,test/Bell_pepper leaf spot/bacterial_leaf_spot_pepper_l.jpg,b7d37a6c24ca5226
PlantDoc,test,Bell_pepper leaf spot,test/Bell_pepper leaf spot/pepper-spot.jpg,85a17c1673d570da
PlantDoc,test,Bell_pepper leaf spot,test/Bell_pepper leaf spot/pepper_bacterial-spot_03_zoom.jpg,f713ec1f60d660d0
PlantDoc,test,Blueberry leaf,test/Blueberry leaf/P1200665+Vaccinium+alaskaense+vs+ovalifolium+leaf+and++twig+cr.jpg,f9a193264eb16c93
PlantDoc,test,Blueberry leaf,test/Blueberry leaf/P1200701+Vaccinium+ovalifolium+Oval-leaf+Blueberry+leaf+margin+Heather+Meadows+cr.jpg,938d6ada650af4b1
PlantDoc,test,Blueberry leaf,test/Blueberry leaf/blueberry-leaves-normal-above-and-iron-deficient-below-bgahf8.jpg,8821f58eaf1ff409
PlantDoc,test,Blueberry leaf,test/Blueberry leaf/blueberrysilverleaf16-1372b.jpg,bee3c112f13e902e
PlantDoc,test,Blueberry leaf,test/Blueberry leaf/leaf-blueberry-15281271.jpg,e93296cd9ac9cb84
PlantDoc,test,Blueberry leaf,test/Blueberry leaf/northern-highbush-blueberry-blue-huckleberry-vaccinium-corymbosum-EHNXRR.jpg,efe9c0974b9234c1
PlantDoc,test,Blueberry leaf,test/Blueberry leaf/stock-photo-blueberry-leaf-closeup-isolated-on-white-306486470.jpg,e5859e5ab08663ad
PlantDoc,test,Blueberry leaf,test/Blueberry leaf/stock-photo-green-blueberry-leaf-isolated-with-clipping-path-550344304.jpg,ea3495d89ec3c8c5
PlantDoc,test,Blueberry leaf,test/Blueberry leaf/stock-photo-two-sides-of-blueberry-leaf-isolated-on-white-15582232.jpg,a98fc6b172942c8f
PlantDoc,test,Blueberry leaf,test/Blueberry leaf/vaccinium-angustifolium-low-bush-blueberry_0830_124221.jpg,9fb13d4c81c7b036
PlantDoc,test,Blueberry leaf,test/Blueberry leaf/vaccinium_angustifolium_leaf2.JPG.jpg,f0e14e1c701b37d6
PlantDoc,test,Cherry leaf,test/Cherry leaf/d7b79dbc0bca0eb3e63fbe5dfb256ccd53d90a4eb1413_1260x1260.jpg,b399cc33392626ce
PlantDoc,test,Cherry leaf,test/Cherry leaf/e52bbb9a08ede2948ba0c006f02fe7b053ad7831d1df6_1260x1260.jpg,b066c7993e9b3161
PlantDoc,test,Cherry leaf,test/Cherry leaf/ed12ff77ce021883de241830dee55e2e53d2c93231699_1260x1260.jpg,a49bce39986631ce
PlantDoc,test,Cherry leaf,test/Cherry leaf/fc729af279e9087d00bd32d89a1552a756a3ad9de7f2b_1260x1260.jpg,b39bcf649cc6218c
PlantDoc,test,Cherry leaf,test/Cherry leaf/five-cherry-tree-green-leaves-white-isolated-background-34493587.jpg,bc9fd063cb244d38
PlantDoc,test,Cherry leaf,test/Cherry leaf/prunsero_leaf1.jpg,e4717a522bb5f083
PlantDoc,test,Cherry leaf,test/Cherry leaf/prunsero_leaf2.jpg,935d6d43d6cc8b88
PlantDoc,test,Cherry leaf,test/Cherry leaf/prunus-virginiana-le-gmittelhauser.jpg,d45e7a7c210037b7
PlantDoc,test,Cherry leaf,test/Cherry leaf/red-cherry-tree-leaf-isolated-crisp-white-background-35742030.jpg,b47cc3d30dcd4a34
PlantDoc,test,Cherry leaf,test/Cherry leaf/three-vibrant-leaves-bird-cherry-tree-13905898.jpg,bb0ec6f1784e1239
PlantDoc,test,Corn Gray leaf spot,test/Corn Gray leaf spot/IMG_42231.jpg,94666a994d251b3f
PlantDoc,test,Corn Gray leaf spot,test/Corn Gray leaf spot/rsz0803Figure6.jpg,c1e072b8e4e7169d
PlantDoc,test,Corn Gray leaf spot,"test/Corn Gray leaf spot/show_picture.asp?id=aaaaaaaaaaogcqq&w2=420&h2=378&clip=center,420,378&meta=0.jpg",82cc49877869bd6b
PlantDoc,test,Corn Gray leaf spot,test/Corn Gray leaf spot/strom5.jpg,ada1af55490b2baa
PlantDoc,test,Corn leaf blight,test/Corn leaf blight/02c.jpg,a449346334637cf7
PlantDoc,test,Corn leaf blight,test/Corn leaf blight/0796.20graylssymt.jpg,d1f03f0e0e8c649f
PlantDoc,test,Corn leaf blight,test/Corn leaf blight/07c.jpg,93b26d48574cadb8
PlantDoc,test,Corn leaf blight,test/Corn leaf blight/0c.jpg,c31c73663c23ef48
PlantDoc,test,Corn leaf blight,test/Corn leaf blight/1321189.jpg,86526aab7685363d
PlantDoc,test,Corn leaf blight,test/Corn leaf blight/160314_web.jpg,d9ea15bfe00035ea
PlantDoc,test,Corn leaf blight,test/Corn leaf blight/2013Corn_GrayLeafSpot_0815_0003.JPG.jpg,9796c68b415e38cb
PlantDoc,test,Corn leaf blight,test/Corn leaf blight/2015070295153021.jpg,c0f82e7e58b09f0d
PlantDoc,test,Corn leaf blight,test/Corn leaf blight/Common%20Diseases%20Figure%201.JPG.jpg,82ed0f84e7b33e03
PlantDoc,test,Corn leaf blight,test/Corn leaf blight/Corn-SCLB-2017-1.jpg,8e8874da32f1391f
PlantDoc,test,Corn leaf blight,test/Corn leaf blight/corn-disease-update-fig-3-gray-leaf-spot.jpg,c7cb1b0e0d2a3727
PlantDoc,test,Corn leaf blight,test/Corn leaf blight/corn-gray-leaf-spot-f4.jpg,95859e52aaaa7715
PlantDoc,test,Corn rust leaf,test/Corn rust leaf/0796.39maizerust.jpg,de782c873ad7a00e
PlantDoc,test,Corn rust leaf,test/Corn rust leaf/0796.40comrust.jpg,c4bb7d9ab4628a31
PlantDoc,test,Corn rust leaf,test/Corn rust leaf/0796.47southrust.jpg,98d47a0167c3cb2f
PlantDoc,test,Corn rust leaf,test/Corn rust leaf/0796.52srusttelia.jpg,dba31b71ad284a1b
PlantDoc,test,Corn rust leaf,test/Corn rust leaf/12-19striprustJIM.jpg,81d0fcdf05f01ee1
PlantDoc,test,Corn rust leaf,test/Corn rust leaf/1355.50commonrust.jpg,87f1186e22fe03bc
PlantDoc,test,Corn rust leaf,test/Corn rust leaf/2256-body-1501555581-1.jpg,f9cd1df902f8029c
PlantDoc,test,Corn rust leaf,test/Corn rust leaf/393.jpg,8935685b563da25e
PlantDoc,test,Corn rust leaf,test/Corn rust leaf/5496239405_d95bdb97d1_z.jpg,88653cfd1c9d158d
PlantDoc,test,Corn rust leaf,test/Corn rust leaf/80104747.jpg,c5073f476b331896
PlantDoc,test,Peach leaf,test/Peach leaf/00pe.jpg,c149ed349e4e17b2
PlantDoc,test,Peach leaf,test/Peach leaf/7190f27ead55c0f6e3ff8b982972810a5446a9713a49d_1260x1260.jpg,e6dbcc2299c49966
PlantDoc,test,Peach leaf,test/Peach leaf/depositphotos_3786198-Peach-leaf.jpg,e69bcc269866998e
PlantDoc,test,Peach leaf,test/Peach leaf/peach-leaf-10223898.jpg,b219cce6c1e6a339
PlantDoc,test,Peach leaf,test/Peach leaf/peach-leaf-16690421.jpg,be3e80c0683d976b
PlantDoc,test,Peach leaf,test/Peach leaf/peach-leaf-isolated-white-background-42295220.jpg,a8b4926b9fc36934
PlantDoc,test,Peach leaf,test/Peach leaf/rose_tree_220430.jpg,a19f8f8d8786d1e0
PlantDoc,test,Peach leaf,test/Peach leaf/stock-photo-peach-leaf-isolated-on-white-background-281097503.jpg,ece14b9e30b143ce
PlantDoc,test,Peach leaf,test/Peach leaf/stock-photo-peach-tree-leaf-isolated-over-white-background-back-side-64472731.jpg,f3a659934c99708d
PlantDoc,test,Potato leaf early blight,test/Potato leaf early blight/3023.jpg,8f873858e3c3659c
PlantDoc,test,Potato leaf early blight,test/Potato leaf early blight/backus-056-potato-blight.jpg,d7787c9178032dc6
PlantDoc,test,Potato leaf early blight,test/Potato leaf early blight/early-blight-alternaria-alternata-leaf-spotting-on-potato-leaf-X91XJE.jpg,85c07f3fa370d443
PlantDoc,test,Potato leaf early blight,test/Potato leaf early blight/early-blight-or-target-spot-alternaria-solani-lesions-on-a-tomato-AXK6AY.jpg,95946a7be1299e16
PlantDoc,test,Potato leaf early blight,test/Potato leaf early blight/earlyblightpotato.jpg,9875f2e3f24a8722
PlantDoc,test,Potato leaf early blight,test/Potato leaf early blight/potato-blight-phytophthora-infestans-close-up-of-upper-surface-of-BMMRXC.jpg,b49ec3e14d8f24b4
PlantDoc,test,Potato leaf early blight,test/Potato leaf early blight/potato-early-blight-alternaria-alternata-lesion-on-a-potato-leaf-a1w1em.jpg,df78786ca544d614
PlantDoc,test,Potato leaf early blight,test/Potato leaf early blight/potatobd001.jpg,95622b47598af31d
PlantDoc,test,Potato leaf late blight,test/Potato leaf late blight/1421_0.jpeg?itok=FMtmgePj.jpg,aad89505d277cb2a
PlantDoc,test,Potato leaf late blight,test/Potato leaf late blight/20090710-lateblight.jpg,fa4ac2ae8d388aba
PlantDoc,test,Potato leaf late blight,test/Potato leaf late blight/2540_600.jpg,de1b2838c5e146ed
PlantDoc,test,Potato leaf late blight,test/Potato leaf late blight/5816740026_d42ef24413_Phytophthora-Infestans.jpg,cfc3708b92570ba5
PlantDoc,test,Potato leaf late blight,test/Potato leaf late blight/B2750109-Late_blight_on_a_potato_plant-SPL.jpg,d5fd3262dd1214b8
PlantDoc,test,Potato leaf late blight,test/Potato leaf late blight/LateBlight04.jpg,f04a5510c31e39ff
PlantDoc,test,Potato leaf late blight,test/Potato leaf late blight/irish-blight-symptoms-on-potato-leaves-atmf8b.jpg,f56dc7909c92854e
PlantDoc,test,Potato leaf late blight,test/Potato leaf late blight/potato-late-blight.jpg,bbb0b1c9d20ba687
PlantDoc,test,Raspberry leaf,test/Raspberry leaf/Raspberry-leaf.jpg,ebe5d40e879cda80
PlantDoc,test,Raspberry leaf,test/Raspberry leaf/depositphotos_1323264-Raspberry-leaf-on-white.jpg,be97d06a85698c66
PlantDoc,test,Raspberry leaf,test/Raspberry leaf/depositphotos_1323551-stock-photo-raspberry-leaves.jpg,ebe5963ac998c984
PlantDoc,test,Raspberry leaf,test/Raspberry leaf/depositphotos_2795312-stock-photo-green-raspberry-leaf.jpg,eba4863bd8998dc4
PlantDoc,test,Raspberry leaf,test/Raspberry leaf/iron-deficiency-raspberry-leaf-chlorosis-isolated-32457798.jpg,b5b2c30b93e80d9d
PlantDoc,test,Raspberry leaf,test/Raspberry leaf/leaves-of-raspberry-stock-picture-2529053.jpg,ba9e85a561ca36c3
PlantDoc,test,Raspberry leaf,test/Raspberry leaf/three-raspberry-green-leaves-isolated-white-background-62022932.jpg,b71dd4e0c92f3c12
PlantDoc,test,Soyabean leaf,test/Soyabean leaf/07feb_ma_sbr3.JPG.jpg,a01f9079cf254e76
PlantDoc,test,Soyabean leaf,test/Soyabean leaf/Soybean%20edamame%20leaf1.JPG.jpg,b7f2c00f96e44b1c
PlantDoc,test,Soyabean leaf,test/Soyabean leaf/fresh-soy-leaves-isolated-on-260nw-667193923.jpg,b3b3cd8c2cce3330
PlantDoc,test,Soyabean leaf,test/Soyabean leaf/leaf-raspberry-isolated-on-a-white-stock-photography-image-10106222-1625198.jpg,b4f2c32dd02c1fd2
PlantDoc,test,Soyabean leaf,test/Soyabean leaf/resistance1c.jpg,d515e8ea6a6a91a5
PlantDoc,test,Soyabean leaf,test/Soyabean leaf/stock-photo-fresh-soy-leaves-isolated-on-white-94266130.jpg,f86b8794586ae18d
PlantDoc,test,Soyabean leaf,test/Soyabean leaf/stock-photo-fresh-soy-leaves-isolated-on-white-94700095.jpg,b9cd84f2c21d371a
PlantDoc,test,Soyabean leaf,test/Soyabean leaf/stock-photo-soy-leaf-isolated-on-white-background-120961801.jpg,e6e6119948971bd9
PlantDoc,test,Squash Powdery mildew leaf,test/Squash Powdery mildew leaf/Powdery-Mildew-on-squash.jpg,942739f3211b57b8
PlantDoc,test,Squash Powdery mildew leaf,test/Squash Powdery mildew leaf/powdery-mildew-erysiphe-plantani-on-young-sycamore-leaves-b774tm.jpg,ca152d23f65a8d4e
PlantDoc,test,Squash Powdery mildew leaf,test/Squash Powdery mildew leaf/powdery-mildew-on-pumpkin-leaves-close-up-2.jpg,d18b5f6822ec3cb4
PlantDoc,test,Squash Powdery mildew leaf,test/Squash Powdery mildew leaf/powdery-mildew-sphaerotheca-fuliginea-infection-on-pumpkin-leaves-ajdkkx.jpg,d9c8ad5bfe0c8264
PlantDoc,test,Squash Powdery mildew leaf,test/Squash Powdery mildew leaf/squash-leave-w-powd-mild.jpg,87d72e42756c152d
PlantDoc,test,Squash Powdery mildew leaf,test/Squash Powdery mildew leaf/surface.jpg,938e43341f4b68ee
PlantDoc,test,Strawberry leaf,test/Strawberry leaf/strawberry-leaf--stock-photo-1431216.jpg,b3a7c49a1dc47989
PlantDoc,test,Strawberry leaf,test/Strawberry leaf/strawberry-leaf-22360816.jpg,e967975894915696
PlantDoc,test,Strawberry leaf,test/Strawberry leaf/strawberry-leaves-collection-white-background-36684676.jpg,ee1a94878765e1ac
PlantDoc,test,Strawberry leaf,test/Strawberry leaf/strawberry-leaves-isolated-white-17473157.jpg,bdf0c62bd08bcc38
PlantDoc,test,Strawberry leaf,test/Strawberry leaf/strawberry-leaves-isolated-white-34722259.jpg,a761c6b61ce2998d
PlantDoc,test,Strawberry leaf,test/Strawberry leaf/strawberry-leaves-stock-image-948674.jpg,f8b49e59c7c981c2
PlantDoc,test,Strawberry leaf,test/Strawberry leaf/strawberry-leaves-stock-picture-948708.jpg,b9b69a19c3c936c2
PlantDoc,test,Strawberry leaf,test/Strawberry leaf/wild-strawberry-leaf-top-view-rotated-KTBXCY.jpg,eca6c79839931ae4
PlantDoc,test,Tomato Early blight leaf,test/Tomato Early blight leaf/039b47d574bc4bb8a14259a1cd96a741.jpg,faf1843e1b66e881
PlantDoc,test,Tomato Early blight leaf,test/Tomato Early blight leaf/100983448.jpg,98c73f06629967b1
PlantDoc,test,Tomato Early blight leaf,test/Tomato Early blight leaf/1234080-Early-Blight.jpg,9f9f3c480e9ca4cc
PlantDoc,test,Tomato Early blight leaf,test/Tomato Early blight leaf/Shoemaker_7068.JPG.jpg,b5f0bf011668fa45
PlantDoc,test,Tomato Early blight leaf,test/Tomato Early blight leaf/bugs-and-blight-061.jpg,dc83372e935c0eb2
PlantDoc,test,Tomato Early blight leaf,test/Tomato Early blight leaf/dscn3175.jpg,c1e36438b57e154e
PlantDoc,test,Tomato Early blight leaf,test/Tomato Early blight leaf/early_blight1-150x150.jpg,bb1100535dfa6dc9
PlantDoc,test,Tomato Early blight leaf,test/Tomato Early blight leaf/earlyblight21_.jpg,dba23673c1cd60e2
PlantDoc,test,Tomato Early blight leaf,test/Tomato Early blight leaf/tomato_early-blight_01_zoom.jpg,c5d47527c467d22a
PlantDoc,test,Tomato Septoria leaf spot,test/Tomato Septoria leaf spot/0.jpg,fbe5841223ad5cc6
PlantDoc,test,Tomato Septoria leaf spot,test/Tomato Septoria leaf spot/2STEM.jpg,e81c97e192e5cb62
PlantDoc,test,Tomato Septoria leaf spot,test/Tomato Septoria leaf spot/2septoria-tomato.jpg,d00e3bb324e12fcb
PlantDoc,test,Tomato Septoria leaf spot,test/Tomato Septoria leaf spot/55830b60a7cf2.image.jpg,cc9454a3cee94597
PlantDoc,test,Tomato Septoria leaf spot,test/Tomato Septoria leaf spot/6134794031202304.jpeg.jpg,86ba35f94f72c4a0
PlantDoc,test,Tomato Septoria leaf spot,test/Tomato Septoria leaf spot/636227737977191231-septoria-leaf-spot-VT.jpg,a4e04af1f5ce8c0f
PlantDoc,test,Tomato Septoria leaf spot,test/Tomato Septoria leaf spot/6447731_orig.jpg,f8ebf0c53c80469e
PlantDoc,test,Tomato Septoria leaf spot,test/Tomato Septoria leaf spot/7-17-Photo3_Septoria-MARY.jpg,96f46893652a536d
PlantDoc,test,Tomato Septoria leaf spot,test/Tomato Septoria leaf spot/RARZ4.jpg,f0ea3a50f3e52435
PlantDoc,test,Tomato Septoria leaf spot,test/Tomato Septoria leaf spot/early-blight-septoria-ls-fig-3.jpg,c88b5ce37fa88057
PlantDoc,test,Tomato Septoria leaf spot,test/Tomato Septoria leaf spot/sept4disease-019.jpg,fe9d9142c3685d34
PlantDoc,test,Tomato leaf,test/Tomato leaf/1684.jpg,fbb29185295ec278
PlantDoc,test,Tomato leaf,test/Tomato leaf/2013-08-20-06.jpg,e81987c79a745678
PlantDoc,test,Tomato leaf,test/Tomato leaf/90e2c0.jpg,c65e2d0f78f1b013
PlantDoc,test,Tomato leaf,test/Tomato leaf/DSCN1015.JPG.jpg,94f1634c4d4e7ca9
PlantDoc,test,Tomato leaf,test/Tomato leaf/IMG_1246.jpg,a2402abc3fc5bf0d
PlantDoc,test,Tomato leaf,test/Tomato leaf/Tomato59.JPG.jpg,8ec207a7da55ac27
PlantDoc,test,Tomato leaf,test/Tomato leaf/Tomato_leaf.jpg,87e82d5e3a91323e
PlantDoc,test,Tomato leaf,test/Tomato leaf/main-qimg-d9c2a93f60568485c989670d9bbf703b.jpg,ebe4c53ab09b92c8
PlantDoc,test,Tomato leaf bacterial spot,test/Tomato leaf bacterial spot/%2320+Bacterial+Spot+and+Speck.jpg,bfe0c3e07a0f6039
PlantDoc,test,Tomato leaf bacterial spot,test/Tomato leaf bacterial spot/07.17.18-Common_Tomato_Diseases_Canker-258x300.jpg,945158da4c76e2f6
PlantDoc,test,Tomato leaf bacterial spot,test/Tomato leaf bacterial spot/Bacterial_spots563.jpg,cc5986b15a35d91d
PlantDoc,test,Tomato leaf bacterial spot,test/Tomato leaf bacterial spot/Tom_Bact3.jpg,93976c6a8d4d9e41
PlantDoc,test,Tomato leaf bacterial spot,test/Tomato leaf bacterial spot/Tom_Bact7.jpg,f718934bceb22c46
PlantDoc,test,Tomato leaf bacterial spot,test/Tomato leaf bacterial spot/Tomato%2BBacterial%2BSpot%2Bon%2BLeaves.jpg,cfb43e00679e601f
PlantDoc,test,Tomato leaf bacterial spot,test/Tomato leaf bacterial spot/bact-spot-fig-1.jpg,adf315a6da2c3984
PlantDoc,test,Tomato leaf bacterial spot,test/Tomato leaf bacterial spot/tomato_V8.jpg,fe78e19452839cc6
PlantDoc,test,Tomato leaf bacterial spot,test/Tomato leaf bacterial spot/tomato_bacterial-speck_01_zoom.jpg,82150fd645fb96e8
PlantDoc,test,Tomato leaf late blight,test/Tomato leaf late blight/110822-206-Tomato-blight.jpg,df1506c28f46c16f
PlantDoc,test,Tomato leaf late blight,test/Tomato leaf late blight/18c.jpg,d41778c2675867cc
PlantDoc,test,Tomato leaf late blight,test/Tomato leaf late blight/636368370164094909-late-blight-15-.jpg,a6fc39081087bfce
PlantDoc,test,Tomato leaf late blight,test/Tomato leaf late blight/70.jpg,9fc7612e56e04af0
PlantDoc,test,Tomato leaf late blight,test/Tomato leaf late blight/E%29Tomato-late-blight-foliar.jpg,84d923ee4e1c9cb9
PlantDoc,test,Tomato leaf late blight,test/Tomato leaf late blight/IMG_5808.jpg,e361b45d36563931
PlantDoc,test,Tomato leaf late blight,test/Tomato leaf late blight/LateBlt09_06.jpg,89a662787ddcc60e
PlantDoc,test,Tomato leaf late blight,test/Tomato leaf late blight/dsc_8148cs.jpg,8a4ba5f09ae90dea
PlantDoc,test,Tomato leaf late blight,test/Tomato leaf late blight/image.jpg,91e34303e0fc3e1f
PlantDoc,test,Tomato leaf late blight,test/Tomato leaf late blight/late_blight_tomato_leaf_spore1x1200.jpg,d5873fb1836cc14c
PlantDoc,test,Tomato leaf mosaic virus,test/Tomato leaf mosaic virus/9511.img.jpg,d2dc6ca9ab0c1ed2
PlantDoc,test,Tomato leaf mosaic virus,test/Tomato leaf mosaic virus/D%29AlfMov.jpg,c96736ee2e52a438
PlantDoc,test,Tomato leaf mosaic virus,test/Tomato leaf mosaic virus/Tomato-Mosaic-1wdr2jx-300x225.jpg,dfb84a902f552d8a
PlantDoc,test,Tomato leaf mosaic virus,test/Tomato leaf mosaic virus/everystockphoto-21099455-l.jpg,aaab2caae1b7b150
PlantDoc,test,Tomato leaf mosaic virus,test/Tomato leaf mosaic virus/ill-tomato-of-tomato-mosaic-virus-DBE17N.jpg,a09e7eed0c32271d
PlantDoc,test,Tomato leaf mosaic virus,test/Tomato leaf mosaic virus/page_2.jpg,dda2fcfc33281c60
PlantDoc,test,Tomato leaf mosaic virus,test/Tomato leaf mosaic virus/tmv-tomato-34.jpg,9954a5a3c467672e
PlantDoc,test,Tomato leaf mosaic virus,test/Tomato leaf mosaic virus/tmv-tomato-9.jpg,d08e6f243f3b9431
PlantDoc,test,Tomato leaf mosaic virus,test/Tomato leaf mosaic virus/toma_TMV.jpg,c37e638e9658d8a1
PlantDoc,test,Tomato leaf mosaic virus,test/Tomato leaf mosaic virus/tomato_virus_04_zoom.jpg,dc2001cb1fdccd6b
PlantDoc,test,Tomato leaf yellow virus,test/Tomato leaf yellow virus/11-40580_5.jpg,a6926f1e92d625a3
PlantDoc,test,Tomato leaf yellow virus,test/Tomato leaf yellow virus/17fc47.jpg,824fb862579bde30
PlantDoc,test,Tomato leaf yellow virus,test/Tomato leaf yellow virus/8226402877_9abf151b5b_b.jpg,df18187277c125bc
PlantDoc,test,Tomato leaf yellow virus,test/Tomato leaf yellow virus/fwa2013313115151.jpg,dfca20978a6fa262
PlantDoc,test,Tomato leaf yellow virus,test/Tomato leaf yellow virus/glyphosate.jpg,d38577538b19a82b
PlantDoc,test,Tomato leaf yellow virus,test/Tomato leaf yellow virus/tylcv-seminar-1-638.jpg,9be4e61d081bf0b6
PlantDoc,test,Tomato mold leaf,test/Tomato mold leaf/49%20Leafmold%20Bottom.jpg,efd4d07a0b0b0cf1
PlantDoc,test,Tomato mold leaf,test/Tomato mold leaf/50%20Leafmold%20Top.jpg,fc41c18fca1e1f68
PlantDoc,test,Tomato mold leaf,test/Tomato mold leaf/BIGSD.jpg,eb27a4c8a1b5d98c
PlantDoc,test,Tomato mold leaf,test/Tomato mold leaf/black_leaf_mold_in_zina_tina.jpg,edcd9d10121636f5
PlantDoc,test,Tomato mold leaf,test/Tomato mold leaf/dscn6689.jpg,c6cb27323f65f009
PlantDoc,test,Tomato mold leaf,test/Tomato mold leaf/fungus-univ-of-minnesoeta.jpg,86e77ba689d29056
PlantDoc,test,grape leaf,test/grape leaf/0000.jpg,afb3d00dcb4c0da5
PlantDoc,test,grape leaf,test/grape leaf/730-grape-leaf-2560x1600-nature-wallpaper.jpg,c52597569d2aad16
PlantDoc,test,grape leaf,test/grape leaf/DSCN7317.JPG.jpg,d4dcd889a5e067a6
PlantDoc,test,grape leaf,test/grape leaf/P1130286.jpg,d4843f6a6441c7de
PlantDoc,test,grape leaf,test/grape leaf/depositphotos_3443387-stock-photo-the-green-grape-leaf-on.jpg,b233cbcc1cccec13
PlantDoc,test,grape leaf,test/grape leaf/depositphotos_6898486-stock-photo-grape-leaves.jpg,e1699696c9969696
PlantDoc,test,grape leaf,test/grape leaf/grape-leaf-14309623.jpg,bd93d00f8b6c92b4
PlantDoc,test,grape leaf,test/grape leaf/grape-leaf-picture-id119212425?k=6&m=119212425&s=612x612&w=0&h=8RZBWGcvXe4tAwhhvYZVFzWyRyiN5iTxKfWBpPT1FcU=.jpg,be66c0f81b870bca
PlantDoc,test,grape leaf,test/grape leaf/grapes-leaves.jpg,86b51c5aba8197e6
PlantDoc,test,grape leaf,test/grape leaf/grapevine-leaf-7466071.jpg,bd8cc3330cb26cce
PlantDoc,test,grape leaf,test/grape leaf/latest?cb=20100621160325.jpg,af9ac0351a623bbc
PlantDoc,test,grape leaf,test/grape leaf/vitis-riparia-le-ahaines-b.jpg,9781348261fdb7e1
PlantDoc,test,grape leaf black rot,test/grape leaf black rot/03gb.jpg,ae9eef729c601305
PlantDoc,test,grape leaf black rot,test/grape leaf black rot/35589125035_662dd5b258_b.jpg,d542735aa721d665
PlantDoc,test,grape leaf black rot,test/grape leaf black rot/5-29black-rot-chardRR.jpg,ae8f951c86a5c6f0
PlantDoc,test,grape leaf black rot,test/grape leaf black rot/Black%20rot%20on%20foliage.jpg,daaa2b0321f3b363
PlantDoc,test,grape leaf black rot,test/grape leaf black rot/Black%20rot%20on%20foliage2.jpg,c5f00047dde0ccf7
PlantDoc,test,grape leaf black rot,test/grape leaf black rot/brleaf2_zoom.jpg,ec94c694caf39893
PlantDoc,test,grape leaf black rot,test/grape leaf black rot/grape_F15a.jpg,ee6c95947b91984a
PlantDoc,test,grape leaf black rot,test/grape leaf black rot/piano%20gully%20spray%20seed%20damage%2006%20%289%29.JPG.jpg,aa9dd11f924696d8
PlantDoc,train,Apple Scab Leaf,train/Apple Scab Leaf/01Apple-scab-2-Venturia-inaequalis.ashx?w=600&h=408&bc=ffffff.jpg,ee425806da9787a7
PlantDoc,train,Apple Scab Leaf,train/Apple Scab Leaf/11NovMW_W4-A_4b.jpg,8ebc30f75133295a
PlantDoc,train,Apple Scab Leaf,train/Apple Scab Leaf/12-20_apple_scab1.jpg,ac09bdfdd3068463
PlantDoc,train,Apple Scab Leaf,train/Apple Scab Leaf/500_F_125294801_k0A2teQwKxZfTV1pcaerZFf9Th04F04q.jpg,94639a62fd8ec686
PlantDoc,train,Apple Scab Leaf,train/Apple Scab Leaf/6A642AA3-1DB1-4413-B0B6-7FBB68A5904A_original.jpeg?1528657579.jpg,9f0a9cefe781032c
PlantDoc,train,Apple Scab Leaf,train/Apple Scab Leaf/Apple%20scab%20-%20early%20infection%20on%20leaves.JPG.jpg,93c4b4d94d9d1c69
PlantDoc,train,Apple Scab Leaf,train/Apple Scab Leaf/Apple%20scab%20-%20late%20season%20infection%20on%20petiole%20and%20leaf%20underside.JPG.jpg,9b8cb63155555556
PlantDoc,train,Apple Scab Leaf,train/Apple Scab Leaf/Apple-Scab-Mulrooney.jpg,9e3439f0a719d469
PlantDoc,train,Apple Scab Leaf,train/Apple Scab Leaf/Apple-Scab-image-01.jpg,8c6736b69b9d6023
PlantDoc,train,Apple Scab Leaf,train/Apple Scab Leaf/Apple-Scab-image-02.jpg,9db9724535465974
PlantDoc,train,Apple Scab Leaf,train/Apple Scab Leaf/Apple-Scab.jpg,ac035a2f955ba2ad
PlantDoc,train,Apple Scab Leaf,train/Apple Scab Leaf/Apple-Scab1.jpg,a53dc830c678d49f
PlantDoc,train,Apple Scab Leaf,train/Apple Scab Leaf/Apple-Scab_1_1.jpg,bda49f4ccb10c7c4
PlantDoc,train,Apple Scab Leaf,train/Apple Scab Leaf/Apple-scab-on-crab-apple.jpg,8ec8ba73b8ac3623
PlantDoc,train,Apple Scab Leaf,train/Apple Scab Leaf/AppleScab.JPG.jpg,ee11d27a89bd8453
PlantDoc,train,Apple Scab Leaf,train/Apple Scab Leaf/AppleScab02.jpg,83cc153f7f0e7308
PlantDoc,train,Apple Scab Leaf,train/Apple Scab Leaf/AppleScab03.jpg,daf106add64c4ba8
PlantDoc,train,Apple Scab Leaf,train/Apple Scab Leaf/AppleScab14.jpg,f806268d0449fdf7
PlantDoc,train,Apple Scab Leaf,train/Apple Scab Leaf/Apple_Scab163.jpg,a0349dcf4b994eb2
PlantDoc,train,Apple Scab Leaf,train/Apple Scab Leaf/Apple_scab.jpg?t=1473441220256&width=300&height=200&name=Apple_scab.jpg,e8f0c2aa290f2e6f
PlantDoc,train,Apple Scab Leaf,train/Apple Scab Leaf/Apple_scab_symptoms_on_leaf.jpg,998d04c34d5e4be7
PlantDoc,train,Apple Scab Leaf,train/Apple Scab Leaf/DSC00005.JPG.jpg,fa3316da5d8281b5
PlantDoc,train,Apple Scab Leaf,train/Apple Scab Leaf/DSCF1248-1gz1wpc.jpg,d39c2de32cc9d170
PlantDoc,train,Apple Scab Leaf,train/Apple Scab Leaf/IMG_3166_1500x1500%253E.JPG?1473520197.jpg,99e027b2718d9cd3
PlantDoc,train,Apple Scab Leaf,train/Apple Scab Leaf/IMG_3455-xjgwni-1024x1024.jpg,fa95815e4f6834b1
PlantDoc,train,Apple Scab Leaf,train/Apple Scab Leaf/Malus-Scab-disease-225x300.jpg,e61942279bca0fec
PlantDoc,train,Apple Scab Leaf,train/Apple Scab Leaf/Scab+close-up5846.jpg,f6609f3461c39c5c
PlantDoc,train,Apple Scab Leaf,train/Apple Scab Leaf/acfsca026527.jpg,c9a56989ad7c1596
PlantDoc,train,Apple Scab Leaf,train/Apple Scab Leaf/apple%20scab%20MF821.JPG.jpg,808b64c933d7ed71
PlantDoc,train,Apple Scab Leaf,train/Apple Scab Leaf/apple-scab-disease-tree-fungus-906x391.jpg,e070cf0f25a7f1e0
PlantDoc,train,Apple Scab Leaf,train/Apple Scab Leaf/apple-scab-disease.jpg,c1f62f955b185855
PlantDoc,train,Apple Scab Leaf,train/Apple Scab Leaf/apple-scab-leaf-big.jpg,bd07cbb4d06b0794
PlantDoc,train,Apple Scab Leaf,train/Apple Scab Leaf/apple-scab-obst-krankheit-m7akxy.jpg,879a3e4ad83e3607
PlantDoc,train,Apple Scab Leaf,train/Apple Scab Leaf/apple-scab-venturia-inaequalis-early-leaf-infection-and-mycelium-AW0TTX.jpg,98a76f9943fc6980
PlantDoc,train,Apple Scab Leaf,train/Apple Scab Leaf/apple-scab-venturia-inaequalis-early-leaf-infection-and-mycelium-bxbd0k.jpg,871ec0699b15f45b
PlantDoc,train,Apple Scab Leaf,train/Apple Scab Leaf/apple-scab-venturia-inaequalis-early-leaf-infection-and-mycelium-bxbd23.jpg,afe2d0f0811ffe08
PlantDoc,train,Apple Scab Leaf,train/Apple Scab Leaf/apple-scab-venturia-inaequalis-germinated-from-a-spore-shower-on-an-apple-leaf-X31BGG.jpg,d0963f6ae025cdc3
PlantDoc,train,Apple Scab Leaf,train/Apple Scab Leaf/apple-scab-venturia-inaequalis-germinated-from-a-spore-shower-on-an-aw08hw.jpg,95436a3fa7789846
PlantDoc,train,Apple Scab Leaf,train/Apple Scab Leaf/apple-scab-venturia-inaequalis-leaf-symptoms-on-tree-dark-fungal-pustules-aceg6b.jpg,9216b9762a7dce09
PlantDoc,train,Apple Scab Leaf,train/Apple Scab Leaf/apple-scab-venturia-inaequalis-lesions-mycelium-on-leaves-a8h9nb.jpg,804daf28e176fa1b
PlantDoc,train,Apple Scab Leaf,train/Apple Scab Leaf/apple-scab_figure-2.jpg,f09c81f88fd097c9
PlantDoc,train,Apple Scab Leaf,train/Apple Scab Leaf/apple_scab.jpg,af92c4e99b2d1ce0
PlantDoc,train,Apple Scab Leaf,train/Apple Scab Leaf/apple_scab1.jpg,857f7ec425de8a80
PlantDoc,train,Apple Scab Leaf,train/Apple Scab Leaf/apple_scab2.jpg,85d36ea4e973c2d0
PlantDoc,train,Apple Scab Leaf,train/Apple Scab Leaf/apple_scab_1465_180.jpg,faf0c5c3aa8294ae
PlantDoc,train,Apple Scab Leaf,train/Apple Scab Leaf/apple_scab_early_jc_sm.jpg,de6076c22aa26bbc
PlantDoc,train,Apple Scab Leaf,train/Apple Scab Leaf/apples-severely-affected-by-apple-scab-venturia-inaequalis-dgk11a.jpg,da4e65399169b934
PlantDoc,train,Apple Scab Leaf,train/Apple Scab Leaf/apples_apple-scab_02_zoom.jpg,995a760c97ad7491
PlantDoc,train,Apple Scab Leaf,train/Apple Scab Leaf/apples_apple-scab_03_zoom.jpg,f4c8446ea7f69492
PlantDoc,train,Apple Scab Leaf,train/Apple Scab Leaf/applescab-500x383.jpg,b5867e759172e828
PlantDoc,train,Apple Scab Leaf,train/Apple Scab Leaf/applescab.jpg,a53dc830c678d49f
PlantDoc,train,Apple Scab Leaf,train/Apple Scab Leaf/applescab004.jpg,d27b641cd176c525
PlantDoc,train,Apple Scab Leaf,train/Apple Scab Leaf/applescab2.jpg,e094ccf31b6eb530
PlantDoc,train,Apple Scab Leaf,train/Apple Scab Leaf/applescab_lf.jpg,b8edc0da8734cba4
PlantDoc,train,Apple Scab Leaf,train/Apple Scab Leaf/applescableaf-pcd.jpg,c98959d924a587cf
PlantDoc,train,Apple Scab Leaf,train/Apple Scab Leaf/applescableaf.jpg,83f029a37d874cdc
PlantDoc,train,Apple Scab Leaf,train/Apple Scab Leaf/applescabmalus1.jpg,fbca90f6b0798630
PlantDoc,train,Apple Scab Leaf,train/Apple Scab Leaf/appletree%20leaf.jpg,ff211ada0bd8898d
PlantDoc,train,Apple Scab Leaf,train/Apple Scab Leaf/appscab.jpg,c20a3975e105dd9f
PlantDoc,train,Apple Scab Leaf,train/Apple Scab Leaf/branch-with-ill-leaf-of-apple-scab-disease-picture-id928917010?k=6&m=928917010&s=612x612&w=0&h=UY6EBbnGkTzVcp4Tm8myYO7KoIOtrZo3VRDrd91qslo=.jpg,e46f3b35720fd00c
PlantDoc,train,Apple Scab Leaf,train/Apple Scab Leaf/crabapple%20scab%20Snowdrift%201%20Crab%206-24-16.JPG.jpg,d964b6ba18fdd048
PlantDoc,train,Apple Scab Leaf,train/Apple Scab Leaf/disease-on-fruit-scab-on-apple-tree-j1r0jp.jpg,ef34b0c3b64ba01e
PlantDoc,train,Apple Scab Leaf,train/Apple Scab Leaf/early-symptoms-of-scab-venturia-inaequalis-on-apple-leaves-AW051N.jpg,d29439c36b9cbca2
PlantDoc,train,Apple Scab Leaf,train/Apple Scab Leaf/early_symptoms_of_crabapple_scab_on_prairifire.jpg,b3730c85e1c27e2e
PlantDoc,train,Apple Scab Leaf,train/Apple Scab Leaf/image0002.jpg,eee7cec38301e0f0
PlantDoc,train,Apple Scab Leaf,train/Apple Scab Leaf/image005.jpg,930473355e7b38b8
PlantDoc,train,Apple Scab Leaf,train/Apple Scab Leaf/img_1916.jpg,a4c1d6ce9a85d9f0
PlantDoc,train,Apple Scab Leaf,train/Apple Scab Leaf/img_1920.jpg,847b9b1bcb82f0d8
PlantDoc,train,Apple Scab Leaf,train/Apple Scab Leaf/img_6415.jpg,bd69700852a5e6bd
PlantDoc,train,Apple Scab Leaf,train/Apple Scab Leaf/inaequalis1a.jpg,933d3365ad888e3a
PlantDoc,train,Apple Scab Leaf,train/Apple Scab Leaf/inaequalis1b.jpg,d81978d225ee652d
PlantDoc,train,Apple Scab Leaf,train/Apple Scab Leaf/s-l300.jpg,ecf7d4b1e439c009
PlantDoc,train,Apple Scab Leaf,train/Apple Scab Leaf/scab-apple-leaf.jpg,d8ce91399f0529ae
PlantDoc,train,Apple Scab Leaf,train/Apple Scab Leaf/scab-disease-apple-leaf-macro-62212448.jpg,b89cd56707d861e4
PlantDoc,train,Apple Scab Leaf,train/Apple Scab Leaf/scab-disease-small.jpg,c1c660fc15331b5f
PlantDoc,train,Apple Scab Leaf,train/Apple Scab Leaf/scab-on-foliage-300x259.jpg,d5956f1a647970c4
PlantDoc,train,Apple Scab Leaf,train/Apple Scab Leaf/scab-on-tall-spindle-apple-tree-d3phw6.jpg,b35ac90d9a42ef31
PlantDoc,train,Apple Scab Leaf,train/Apple Scab Leaf/scab-venturia-inaequalis-development-of-disease-on-the-stem-upper-B359MJ.jpg,e2e6451a2e29bb65
PlantDoc,train,Apple Scab Leaf,train/Apple Scab Leaf/scab_large.jpg,d7306cf8704557cc
PlantDoc,train,Apple Scab Leaf,train/Apple Scab Leaf/scab_on_leaf.jpg,c465909215333bff
PlantDoc,train,Apple Scab Leaf,train/Apple Scab Leaf/schurft.jpg,aa349442b4eb4ebe
PlantDoc,train,Apple Scab Leaf,train/Apple Scab Leaf/seriously-unwell-apple-tree-fruit-brown-and-split-yellow-spots-on-leaves-scab-P67H27.jpg,bcc3d3b8608e0f9c
PlantDoc,train,Apple Scab Leaf,train/Apple Scab Leaf/venturia.jpg,bcc0c94f0ff815f0
PlantDoc,train,Apple leaf,train/Apple leaf/20130519yellowingappleleaves.jpg,cc9a2becd156c9c8
PlantDoc,train,Apple leaf,train/Apple leaf/2017-09-23-07-48-04.jpg,93b3a76c481ae63c
PlantDoc,train,Apple leaf,train/Apple leaf/4633813-sweet-apple-with-leaf.jpg,edcdc024cb9a9e32
PlantDoc,train,Apple leaf,train/Apple leaf/Apple-Leaves-Diabetes.jpg,e0d99733d80b5572
PlantDoc,train,Apple leaf,train/Apple leaf/AppleLeavesInRain.jpg,a9f47937b8c20a69
PlantDoc,train,Apple leaf,train/Apple leaf/Apple_tree_leaf_J1.jpg,95b26987642dfe60
PlantDoc,train,Apple leaf,train/Apple leaf/CRABAPPLE2_leaves.jpg,dc7b28049a34adeb
PlantDoc,train,Apple leaf,train/Apple leaf/CRABAPPLE3_leaves.jpg,8cb34aa23d58fca5
PlantDoc,train,Apple leaf,train/Apple leaf/CRABAPPLE_leaves.jpg,edf61048417ef8e1
PlantDoc,train,Apple leaf,train/Apple leaf/Crab-Apple-%28Malus-Sylvestris%29-Leaf.jpg,eafca9e888046e57
PlantDoc,train,Apple leaf,train/Apple leaf/Dwarf-Apple-Pink-Lady-2545.jpeg.jpg,a7279a964a9959ac
PlantDoc,train,Apple leaf,train/Apple leaf/June%2B2010%2B022.JPG.jpg,e2ef36869166496a
PlantDoc,train,Apple leaf,train/Apple leaf/Malus+sylvestris+-+Crab+Apple+04.jpg,81524ea73e8f6596
PlantDoc,train,Apple leaf,train/Apple leaf/apple-tree-branch-blossom-plant-fruit-berry-leaf-flower-food-green-produce-evergreen-flora-sad-shrub-apples-branch-with-apples-flowering-plant-rose-family-acerola-malpighia-woody-plant-land-plant-928225.jpg,d113362ee6de2932
PlantDoc,train,Apple leaf,train/Apple leaf/apple-tree-branch-green-leaves-fresh-isolated-white-background-33032922.jpg,bd98c6368a6df482
PlantDoc,train,Apple leaf,train/Apple leaf/apple-tree-branch-green-leaves-fresh-isolated-white-background-33032924.jpg,af0ddde541696191
PlantDoc,train,Apple leaf,train/Apple leaf/apple-tree-branch-plant-fruit-leaf-flower-food-green-produce-flora-immature-apple-tree-flowering-plant-wild-apple-tree-apple-gear-land-plant-606389.jpg,f3e75fa82a4444e4
PlantDoc,train,Apple leaf,train/Apple leaf/apple-tree-leaf-curl-apple-tree-leaf-curl-aphids-apple-tree-leaves-curling-too-much-water.jpg,c05e183719a7d63b
PlantDoc,train,Apple leaf,train/Apple leaf/apple-tree-leaves.jpg,c8e6706d5c374ce4
PlantDoc,train,Apple leaf,train/Apple leaf/appleleaf+trial+007.JPG.jpg,cc75e29887793592
PlantDoc,train,Apple leaf,train/Apple leaf/apples_silver-leaf_04_zoom.jpg,c1ed3f8801e73987
PlantDoc,train,Apple leaf,train/Apple leaf/autumn-red-apple-leaves.jpg,d5364ef5321a9562
PlantDoc,train,Apple leaf,train/Apple leaf/bright-red-crab-apple-fruit-malus-john-downie-on-the-tree-in-late-KH3WRX.jpg,ad8c6535fa83d0cc
PlantDoc,train,Apple leaf,train/Apple leaf/closeup-red-apple-fruit-leaf-isolated-white-background-57605895.jpg,e7ba9c6381cc916c
PlantDoc,train,Apple leaf,train/Apple leaf/crab_apple_03_leaves.jpg,c6584b0d9dfaf091
PlantDoc,train,Apple leaf,train/Apple leaf/depositphotos_27383223-stock-photo-apple-leaves.jpg,bb1d94339478c8ce
PlantDoc,train,Apple leaf,train/Apple leaf/depositphotos_30057617-Green-leaf-of-apple-tree.jpg,ee68c4a58f961c9a
PlantDoc,train,Apple leaf,train/Apple leaf/depositphotos_4505396-Green-apple-leaf.jpg,ea4a87ad9625d833
PlantDoc,train,Apple leaf,train/Apple leaf/depositphotos_45748597-stock-photo-ripe-apple-with-leaf.jpg,bd9e9668cae0c827
PlantDoc,train,Apple leaf,train/Apple leaf/depositphotos_55202179-stock-photo-green-apple-with-leaf-and.jpg,ed66c291859c9a73
PlantDoc,train,Apple leaf,train/Apple leaf/depositphotos_56066889-stock-photo-apple-with-leaf.jpg,e9c79638c79cca30
PlantDoc,train,Apple leaf,train/Apple leaf/depositphotos_6657863-stock-photo-single-red-apple-with-leaf.jpg,bc9f8668dae06923
PlantDoc,train,Apple leaf,"train/Apple leaf/flat,1000x1000,075,f.u2.jpg",eb4a90b587569e32
PlantDoc,train,Apple leaf,train/Apple leaf/fresh-wet-green-apple-leaf-water-drops-isolated-white-background-31353097.jpg,bd1fd2c0cbe06471
PlantDoc,train,Apple leaf,train/Apple leaf/fruit_apple_apple-tree_wallpaper_EA60026.jpg,d131696d588476cf
PlantDoc,train,Apple leaf,train/Apple leaf/green-apple-fruits-leaf-16266077.jpg,b51e9c7ccbe0e0c2
PlantDoc,train,Apple leaf,train/Apple leaf/green-apple-fruits-leaf-25050127.jpg,bc3e81e1c2c3693d
PlantDoc,train,Apple leaf,train/Apple leaf/green-apple-leaf-26110796.jpg,f5c6c42dc838cb9a
PlantDoc,train,Apple leaf,train/Apple leaf/green-apple-leaf-cut-white-ripe-background-clipping-path-42422046.jpg,be1f99f0c4e0c8c9
PlantDoc,train,Apple leaf,train/Apple leaf/green-apple-leaf-slice-isolated-white-ripe-background-clipping-path-42352971.jpg,e84a97a59472cd99
PlantDoc,train,Apple leaf,train/Apple leaf/green-apple-leaf-slice-isolated-white-ripe-background-clipping-path-44598638.jpg,bf3ec0f0c24791cc
PlantDoc,train,Apple leaf,train/Apple leaf/green-apple-leaf-slice-isolated-white-ripe-background-clipping-path-45471482.jpg,ed64c29195bc985b
PlantDoc,train,Apple leaf,train/Apple leaf/green-apple-leaf-white-background-33503979.jpg,ad3c9ac361d82c37
PlantDoc,train,Apple leaf,train/Apple leaf/green-leaf-apple-tree-14300049.jpg,b4cbc33c4d3074d3
PlantDoc,train,Apple leaf,train/Apple leaf/green-leaf-apple-tree-isolated-white-background-33032695.jpg,ad3e96c1d8cc65d0
PlantDoc,train,Apple leaf,train/Apple leaf/green-leaf-picture-id177130309?b=1&k=6&m=177130309&s=612x612&w=0&h=VP3U0AM5j0fvQqOwuI5f7cmb2Ji88mVep0eoXQaJRfs=.jpg,e84a85ad9fb49a92
PlantDoc,train,Apple leaf,train/Apple leaf/grow-an-apple-tree-from-seed-in-singapore-img5.jpg,c0a40768653e7e6f
PlantDoc,train,Apple leaf,train/Apple leaf/leaf-apple-tree-one-green-isolated-41556482.jpg,b1ccc73ccc3330e3
PlantDoc,train,Apple leaf,train/Apple leaf/leaves-isolated-on-white-background-picture-id537925565?k=6&m=537925565&s=612x612&w=0&h=Ogzc4YHTI4i4q9aiTIG6Zq2sAMv6xTKiDlCmYANlzK8=.jpg,b4f8e0169be5c319
PlantDoc,train,Apple leaf,train/Apple leaf/malus-floribunda-le-amoro2-a.jpg,bfc0c33fe40d30c3
PlantDoc,train,Apple leaf,train/Apple leaf/red-apple-green-leaf-isolated-white-background-57496220.jpg,bdc9c2349b332c36
PlantDoc,train,Apple leaf,train/Apple leaf/red-apple-leaf-slice-white-background-29914331.jpg,be62e039919c36e3
PlantDoc,train,Apple leaf,train/Apple leaf/red-apple-leaves-309078.jpg,b3c1c936cccc2e93
PlantDoc,train,Apple leaf,train/Apple leaf/red-apple-one-leaf-13226302.jpg,e81f97789d61d8c0
PlantDoc,train,Apple leaf,train/Apple leaf/ripe-red-apple-with-green-leaf-isolated-on-white-picture-id184640296?s=612x612.jpg,bccdc2348f349ab2
PlantDoc,train,Apple leaf,train/Apple leaf/ripe-red-apple-with-leaf-picture-id117485645?b=1&k=6&m=117485645&s=612x612&w=0&h=Ii96HYzF-2E5ky-IcXbVhvEFvU28o0rlkwagb7T6LhY=.jpg,ea919562c3cf9169
PlantDoc,train,Apple leaf,train/Apple leaf/shiny-red-apple-green-leaf-isolated-white-background-56202743.jpg,e587966a9b319934
PlantDoc,train,Apple leaf,train/Apple leaf/stock-photo-apple-leaf-isolated-on-white-background-287560226.jpg,e86a97859ad249da
PlantDoc,train,Apple leaf,train/Apple leaf/stock-photo-apple-leaf-set-isolated-on-white-background-300957002.jpg,ece6b02c91998ece
PlantDoc,train,Apple leaf,train/Apple leaf/stock-photo-apple-leaves-collection-isolated-on-white-background-373945045.jpg,ee4a64e0990db5b5
PlantDoc,train,Apple leaf,train/Apple leaf/stock-photo-apple-leaves-isolated-on-a-white-background-leaf-from-an-apple-tree-cut-from-background-520909219.jpg,e39b94e44e29b8e2
PlantDoc,train,Apple leaf,train/Apple leaf/stock-photo-apple-leaves-isolated-on-the-white-background-729570907.jpg,bc4fc3b0c2f13cc4
PlantDoc,train,Apple leaf,train/Apple leaf/stock-photo-apple-leaves-isolated-on-white-background-232913425.jpg,bb2bc44fc4b07992
PlantDoc,train,Apple leaf,train/Apple leaf/stock-photo-apple-leaves-isolated-on-white-background-295979933.jpg,e8c7c63c9890cf93
PlantDoc,train,Apple leaf,train/Apple leaf/stock-photo-apple-leaves-isolated-on-white-background-326520134.jpg,f831a75ab0cf8592
PlantDoc,train,Apple leaf,train/Apple leaf/stock-photo-apple-leaves-isolated-on-white-collection-197880929.jpg,fb0e9eb9e454b030
PlantDoc,train,Apple leaf,train/Apple leaf/stock-photo-apple-leaves-set-isolated-on-white-271652246.jpg,ba728f1de8b470c2
PlantDoc,train,Apple leaf,train/Apple leaf/stock-photo-apple-tree-leaf-isolated-on-a-white-622503302.jpg,ea3595c2c19acac7
PlantDoc,train,Apple leaf,train/Apple leaf/stock-photo-fresh-apple-leaf-isolated-on-white-collection-407823346.jpg,fa0fac70a1a2c71e
PlantDoc,train,Apple leaf,train/Apple leaf/stock-photo-green-apple-leaf-clipping-path-258728936.jpg,b8c2c73dd89039cb
PlantDoc,train,Apple leaf,train/Apple leaf/stock-photo-green-apple-leaf-isolated-on-white-with-clipping-path-195130079.jpg,ea3594c293da4b8d
PlantDoc,train,Apple leaf,train/Apple leaf/stock-photo-green-apple-leaves-on-the-white-background-796491496.jpg,ae0ec1cff43199c4
PlantDoc,train,Apple leaf,train/Apple leaf/stock-photo-isolated-apple-green-granny-smith-apple-with-leaf-isolated-on-white-background-60343762.jpg,ed49d0b487c2de1a
PlantDoc,train,Apple leaf,train/Apple leaf/stock-photo-one-green-leaf-of-apple-tree-isolated-on-white-background-close-up-studio-photography-102522179.jpg,ba1f81c0dac31b8f
PlantDoc,train,Apple leaf,train/Apple leaf/stock-photo-red-apple-with-green-leaf-isolated-on-white-background-with-clipping-path-327512429.jpg,b2cbc936a4b1b193
PlantDoc,train,Apple leaf,train/Apple leaf/stock-photo-red-apple-with-leaf-124592107.jpg,adcdc6a44d9b1893
PlantDoc,train,Apple leaf,train/Apple leaf/stock-photo-red-apple-with-leaf-138430751.jpg,e59292718bc7c99c
PlantDoc,train,Apple leaf,train/Apple leaf/stock-photo-red-apple-with-leaves-isolated-on-white-99003845.jpg,adcbc2e04da51cb5
PlantDoc,train,Apple leaf,train/Apple leaf/stock-photo-sweet-apple-with-leaf-111143150.jpg,ed4dc224cb9b9c92
PlantDoc,train,Apple leaf,train/Apple leaf/stock-photo-whole-ripe-green-apple-with-apple-leaf-and-green-apple-half-isolated-on-white-background-with-566226067.jpg,eaca95a5509363da
PlantDoc,train,Apple leaf,train/Apple leaf/yellow-apple-leaves-isolated-10868989.jpg,bd69c39e4e613c90
PlantDoc,train,Apple leaf,train/Apple leaf/yellow-ripe-apple-leaf-27092797.jpg,bd1bc0c00f37fc98
PlantDoc,train,Apple rust leaf,train/Apple rust leaf/1-Cedar-apple-rust-infections-and-rust-induced-leafspot-on-Ginger-Gold-4-Jun-08-2d4hi2k.jpg,fad1ee73d1289148
PlantDoc,train,Apple rust leaf,train/Apple rust leaf/1-Severe-cedar-apple-rust-on-Ginger-Gold-1-Jul-09-1n5iktz.jpg,999553ed9cca62c4
PlantDoc,train,Apple rust leaf,train/Apple rust leaf/2-Rust-induced-leaf-scorch-1fpa6c3.jpg,f759352442e22db5
PlantDoc,train,Apple rust leaf,train/Apple rust leaf/20130610_110525.jpg,de42bc7cb3912782
PlantDoc,train,Apple rust leaf,train/Apple rust leaf/20130802_111648.jpg,b47a9de295935a09
PlantDoc,train,Apple rust leaf,train/Apple rust leaf/20170524_195105-1k1eu8b.jpg,c1c1f93008debf1d
PlantDoc,train,Apple rust leaf,train/Apple rust leaf/3-Rust-induced-leaf-scorch-1emjjbl.jpg,9b1f36d07d1744d0
PlantDoc,train,Apple rust leaf,train/Apple rust leaf/601fbee78c62e32a76e768a92ee40193.jpg,924a18e35a8d3fe6
PlantDoc,train,Apple rust leaf,train/Apple rust leaf/Apple_RustSpots2.jpg,894f0a4b7ef2266c
PlantDoc,train,Apple rust leaf,train/Apple rust leaf/Apple_Scab164.jpg,9a563ab7c2192bcc
PlantDoc,train,Apple rust leaf,train/Apple rust leaf/B2750027-Cedar-apple_rust-SPL.jpg,cc3a6c1da07e1be1
PlantDoc,train,Apple rust leaf,train/Apple rust leaf/C0258424-Cedar_apple_rust_on_a_leaf-SPL.jpg,d2456536365b896d
PlantDoc,train,Apple rust leaf,train/Apple rust leaf/C11.11.jpg,c0cb6d0d3f78a4b4
PlantDoc,train,Apple rust leaf,train/Apple rust leaf/CAR%2Bzestar.JPG.jpg,d4e170d9e160b78e
PlantDoc,train,Apple rust leaf,train/Apple rust leaf/CAR1__ff8e845061e3.jpg,aef1c40b823f1fe0
PlantDoc,train,Apple rust leaf,train/Apple rust leaf/CAR4.jpg,9e87c383d3d4c46a
PlantDoc,train,Apple rust leaf,train/Apple rust leaf/Cedar+Apple+rust+on+Crab+apple+leaf.jpg,ceb12591a469567d
PlantDoc,train,Apple rust leaf,train/Apple rust leaf/Cedar+apple+rust.JPG.jpg,d912d66f6ce54186
PlantDoc,train,Apple rust leaf,train/Apple rust leaf/Cedar-Apple-Rust-aecia-on-leaf-pic-by-NC-State.jpg,cfc74a0925271f17
PlantDoc,train,Apple rust leaf,train/Apple rust leaf/CedarApple_Rust168.jpg,ada722d6d61031f5
PlantDoc,train,Apple rust leaf,train/Apple rust leaf/Cedar_apple_rust_on_crab_apple_leaf_showing_underside_cup.jpg,9b394ae6466ee415
PlantDoc,train,Apple rust leaf,train/Apple rust leaf/Cedar_apple_rust_on_crab_apple_leaf_upper_surface.JPG.jpg,c69f322964936cdc
PlantDoc,train,Apple rust leaf,train/Apple rust leaf/DAxpYpoWAAQxi1f.jpg,b53cf4f27261a0b8
PlantDoc,train,Apple rust leaf,train/Apple rust leaf/DIsease-Pest-Management.jpg,8c9c4b789696b21f
PlantDoc,train,Apple rust leaf,train/Apple rust leaf/Fig-17-Apple-rust-on-lower-surface-on-leaf-at-extreme.jpg,ea5280ba95e596cd
PlantDoc,train,Apple rust leaf,train/Apple rust leaf/Figure-1.-Typical-cedar-apple-rust-lesions-on-upper-surface-of-apple-leaf.jpg,8c5a15677b340b67
PlantDoc,train,Apple rust leaf,train/Apple rust leaf/Figure-3.-Aecial-projections-on-the-underside-of-an-apple-leaf-with-cedar-apple-rust-disease-.jpg,c194cf6a5b44e5b2
PlantDoc,train,Apple rust leaf,train/Apple rust leaf/LIFH3.jpg,a78f9624bdb1e043
PlantDoc,train,Apple rust leaf,train/Apple rust leaf/P1020430.jpg,8b4ed0b114f64f9c
PlantDoc,train,Apple rust leaf,train/Apple rust leaf/P7290482.JPG.jpg,cd1972cc7ac20b6e
PlantDoc,train,Apple rust leaf,train/Apple rust leaf/PLPATH-FRU-02-cedar-apple-rust-figure-1.jpg,b163674892b1f1f2
PlantDoc,train,Apple rust leaf,train/Apple rust leaf/Rust%20on%20Brandywine_ADJ.jpg,8de970c8e2fa6613
PlantDoc,train,Apple rust leaf,train/Apple rust leaf/Rust--CA.jpg,ffa0bca0a0f0f417
PlantDoc,train,Apple rust leaf,train/Apple rust leaf/a82e389f8b5da4758a747c32ef8af6f9--rust-apples.jpg,c24d2b6cd21faa93
PlantDoc,train,Apple rust leaf,train/Apple rust leaf/aecia-on-apple-e1368285975597.jpeg.jpg,c7dd032299061fd7
PlantDoc,train,Apple rust leaf,train/Apple rust leaf/apple+rust+001.jpg,b1db4827b339b0c6
PlantDoc,train,Apple rust leaf,train/Apple rust leaf/apple-leaf-rust-and-cedar-apple-roestella-pirata-report-of-the-of-picture-id629456105?s=612x612.jpg,be0bd4e0cb1a63a6
PlantDoc,train,Apple rust leaf,train/Apple rust leaf/apple-rust-disease_10_845384767.jpg,cf15782b27690ea5
PlantDoc,train,Apple rust leaf,train/Apple rust leaf/apple-rust.jpg,95854f1d0c373e2b
PlantDoc,train,Apple rust leaf,train/Apple rust leaf/apple_F14b.jpg,f6a4c63fc119984b
PlantDoc,train,Apple rust leaf,train/Apple rust leaf/apple_leaf.JPG.jpg,a0f9cec70ce63319
PlantDoc,train,Apple rust leaf,train/Apple rust leaf/applerust-500x383.jpg,fa38fec68a416949
PlantDoc,train,Apple rust leaf,train/Apple rust leaf/apples_black-rot_01_zoom.jpg,b4869ead1a7b13c4
PlantDoc,train,Apple rust leaf,train/Apple rust leaf/apples_rusts+apple-scab.jpg,b679c904a517f847
PlantDoc,train,Apple rust leaf,train/Apple rust leaf/apples_rusts+frogs-eye.jpg,bb51c507fb20c633
PlantDoc,train,Apple rust leaf,train/Apple rust leaf/apples_rusts-cedar-apple_01_zoom.jpg,c90c5c030f7c637f
PlantDoc,train,Apple rust leaf,train/Apple rust leaf/buckinghamshire-speen-garden-cedar-apple-rust-on-apple-underside-of-F5D3RD.jpg,d6947b1a68d9e449
PlantDoc,train,Apple rust leaf,train/Apple rust leaf/buckinghamshire-speen-garden-detail-cedar-apple-rust-on-apple-underside-f5d3r7.jpg,df2c9b5ae842e20b
PlantDoc,train,Apple rust leaf,train/Apple rust leaf/car-apple1.jpg,966538cc61796763
PlantDoc,train,Apple rust leaf,train/Apple rust leaf/car-apple9.jpg,faa18156872ed768
PlantDoc,train,Apple rust leaf,train/Apple rust leaf/car.jpg,ce9636cb8bae1033
PlantDoc,train,Apple rust leaf,train/Apple rust leaf/car1__da3a9af451c8.jpg,d82068b0976bffa8
PlantDoc,train,Apple rust leaf,train/Apple rust leaf/car2.jpg,b5b3aa9762ace062
PlantDoc,train,Apple rust leaf,train/Apple rust leaf/cd6bfd6bfbcac781bd496bf13845fb0f.jpg,8b45b644955a77a6
PlantDoc,train,Apple rust leaf,train/Apple rust leaf/cedapp04_lg.jpg,e936c5c91eb01567
PlantDoc,train,Apple rust leaf,train/Apple rust leaf/cedar%20apple%20rust%20lower%20leaf%20haw%20S%202%20ne%20OH%20RA%209-2-16.jpg,d1f073510e8fe0c7
PlantDoc,train,Apple rust leaf,train/Apple rust leaf/cedar%20apple%20rust%20upper%20leaf%20surface%20S%20ne%20OH%20RA%209-2-16.jpg,b8c868ec887e7e51
PlantDoc,train,Apple rust leaf,train/Apple rust leaf/cedar-apple-rest-225x300.jpg,fd43c73ee0870447
PlantDoc,train,Apple rust leaf,train/Apple rust leaf/cedar-apple-rust-gymnosporangium-juniperi-pustules-on-apple-leaf-lower-c99tfp.jpg,964e681ce572b663
PlantDoc,train,Apple rust leaf,train/Apple rust leaf/cedar-apple-rust-gymnosporangium-juniperi-pustules-on-apple-leaf-lower-surface-X12A9H.jpg,c39b3d49b027e332
PlantDoc,train,Apple rust leaf,train/Apple rust leaf/cedar-apple-rust.jpg,eae10c105d3b27b7
PlantDoc,train,Apple rust leaf,train/Apple rust leaf/cedar-apple-rust_fig-1.jpg,a82ec1578f9ab0f1
PlantDoc,train,Apple rust leaf,train/Apple rust leaf/cedar-apple-rust_fig-2.jpg,83973d9c56e249aa
PlantDoc,train,Apple rust leaf,train/Apple rust leaf/cedar-apple-rust_fig-3.jpg,fcc5d26e880d9476
PlantDoc,train,Apple rust leaf,train/Apple rust leaf/cedar_apple_rust_3.JPG?1362772840.jpg,986c679259b9cca3
PlantDoc,train,Apple rust leaf,train/Apple rust leaf/cedar_apple_rust_leaf.jpg,be25674e6b236291
PlantDoc,train,Apple rust leaf,train/Apple rust leaf/cedar_apple_rust_on_jonagold_2.jpg,f58dc2e10e1ae2ba
PlantDoc,train,Apple rust leaf,train/Apple rust leaf/cedar_apple_rust_on_jonagold_3.jpg,b74296b7a4246ccd
PlantDoc,train,Apple rust leaf,train/Apple rust leaf/crab-apple-tree-leaves.jpg,a2ed1e81359f49d4
PlantDoc,train,Apple rust leaf,train/Apple rust leaf/frog-eye-leaf-spot-on-crabapple-grabowski.jpg,9574c62dcb16382f
PlantDoc,train,Apple rust leaf,train/Apple rust leaf/image1_14.jpeg.jpg,b0c13c0fb22fe936
PlantDoc,train,Apple rust leaf,train/Apple rust leaf/nPP7P.jpg,843913bfb03ff0c2
PlantDoc,train,Apple rust leaf,train/Apple rust leaf/pix053.jpg,d0b1ec78e34ed152
PlantDoc,train,Apple rust leaf,train/Apple rust leaf/quince5_600px.jpg,a0d32e6e49e173ac
PlantDoc,train,Apple rust leaf,train/Apple rust leaf/rust-0450.jpg,855e4a951eea6c35
PlantDoc,train,Apple rust leaf,train/Apple rust leaf/stock-photo-apple-leaf-damaged-by-apple-rust-mite-a-common-arthropod-in-european-apple-orchards-galls-698959369.jpg,f003ea60955ebe72
PlantDoc,train,Apple rust leaf,train/Apple rust leaf/thumb-20130802_111648.jpg,a90385ab36fd0b78
PlantDoc,train,Apple rust leaf,train/Apple rust leaf/thumb-20130802_112143.jpg,d4d85a686b9a4a6b
PlantDoc,train,Apple rust leaf,train/Apple rust leaf/tree-problems-cedar-apple-rust-apple-leaf-475x350.jpg,95427bbc93d0c06f
PlantDoc,train,Bell_pepper leaf,train/Bell_pepper leaf/004-10.jpg,c5d128d19794cbc7
PlantDoc,train,Bell_pepper leaf,train/Bell_pepper leaf/007.JPG.jpg,93804db2f2c927b7
PlantDoc,train,Bell_pepper leaf,train/Bell_pepper leaf/0f3sA.jpg,df9830256bcef00e
PlantDoc,train,Bell_pepper leaf,train/Bell_pepper leaf/14ec45.jpg,bfe1820effd84141
PlantDoc,train,Bell_pepper leaf,train/Bell_pepper leaf/2477703364_0c94646b48.jpg,fabcd82ee8024676
PlantDoc,train,Bell_pepper leaf,train/Bell_pepper leaf/28a593.jpg,a0c1bef8f1afb009
PlantDoc,train,Bell_pepper leaf,train/Bell_pepper leaf/387502.jpg,aa9ab2d26270df61
PlantDoc,train,Bell_pepper leaf,train/Bell_pepper leaf/5493139683d035a18fd0dfa12893f38b--outdoor-decor-worms.jpg,fedf1955528208ec
PlantDoc,train,Bell_pepper leaf,train/Bell_pepper leaf/951d30.jpg,dff0e1c7382498c3
PlantDoc,train,Bell_pepper leaf,train/Bell_pepper leaf/Bell-pepper-leaves.jpg,c1b543426c7d1e5e
PlantDoc,train,Bell_pepper leaf,train/Bell_pepper leaf/Bell-pepper-plant.JPG.jpg,f7e7979aec110424
PlantDoc,train,Bell_pepper leaf,train/Bell_pepper leaf/CMZEb.jpg,a79828e421ed5c9f
PlantDoc,train,Bell_pepper leaf,train/Bell_pepper leaf/DSC04477.JPG.jpg,d30f79e1b03660c7
PlantDoc,train,Bell_pepper leaf,train/Bell_pepper leaf/DSCN0652.jpg,98fa02039f3cb39b
PlantDoc,train,Bell_pepper leaf,train/Bell_pepper leaf/DSCN3768.JPG.jpg,8ee16047fad9c469
PlantDoc,train,Bell_pepper leaf,train/Bell_pepper leaf/DSCN5835_original.JPG?1472909566.jpg,888645cd1b78eadd
PlantDoc,train,Bell_pepper leaf,train/Bell_pepper leaf/IMG_1495.JPG.jpg,d19278295f8b1ee1
PlantDoc,train,Bell_pepper leaf,train/Bell_pepper leaf/IMG_2855-1.jpg,89d9fe646342b2ac
PlantDoc,train,Bell_pepper leaf,train/Bell_pepper leaf/IMG_3891.JPG?1492073147.jpg,b45cce3e10b4788f
PlantDoc,train,Bell_pepper leaf,train/Bell_pepper leaf/M7JV1.jpg,b3b3a9e9d452842b
PlantDoc,train,Bell_pepper leaf,train/Bell_pepper leaf/P4190299aS.jpg,c3903b4e3c67c51d
PlantDoc,train,Bell_pepper leaf,train/Bell_pepper leaf/Seminis-Turnpike-Bell-Pepper-1024x756.jpg,eddeb2963c612286
PlantDoc,train,Bell_pepper leaf,train/Bell_pepper leaf/ac9201ad84e0987e6fdd2589258d72fd.jpg,93f6813730576e2a
PlantDoc,train,Bell_pepper leaf,train/Bell_pepper leaf/b085c28357a5f7839c2dcf582acc9e52.jpg,fec0f800132707ff
PlantDoc,train,Bell_pepper leaf,train/Bell_pepper leaf/bb2581.jpg,85582eb1e7a590cf
PlantDoc,train,Bell_pepper leaf,train/Bell_pepper leaf/bell%20pepper%20rain%20590x330.jpg,97da4803377c7d21
PlantDoc,train,Bell_pepper leaf,train/Bell_pepper leaf/dscf1776.jpg,eacbb88955097953
PlantDoc,train,Bell_pepper leaf,train/Bell_pepper leaf/e8199bb0e4a7edf94351ca07a5aadc06.jpg,d00f6d9ea0452ff4
PlantDoc,train,Bell_pepper leaf,train/Bell_pepper leaf/ee4ab32985e0f26d556ab9d6ac7d0a35.jpg,c6a9afb681171f50
PlantDoc,train,Bell_pepper leaf,train/Bell_pepper leaf/file.php?id=18598&t=1.jpg,97583ba497c74e88
PlantDoc,train,Bell_pepper leaf,train/Bell_pepper leaf/fotolia_4311376_XS.jpg,e5981f4847acb571
PlantDoc,train,Bell_pepper leaf,train/Bell_pepper leaf/green-pepper-leaf-parks-3302644.jpg,eb0ce5749b3e9803
PlantDoc,train,Bell_pepper leaf,train/Bell_pepper leaf/green-pepper-leaves-11364990.jpg,d055270b16f2ad7c
PlantDoc,train,Bell_pepper leaf,train/Bell_pepper leaf/image_1500x1500%253E.jpeg?1472959493.jpg,9327a978a19d57d0
PlantDoc,train,Bell_pepper leaf,train/Bell_pepper leaf/img_2509_b.jpg,bddaeea0b2276481
PlantDoc,train,Bell_pepper leaf,train/Bell_pepper leaf/leaves.jpg,963564be356a434e
PlantDoc,train,Bell_pepper leaf,train/Bell_pepper leaf/leaves11.jpg,bdc2b90cc2716bb1
PlantDoc,train,Bell_pepper leaf,train/Bell_pepper leaf/october-bell-peppers.jpg,ad89b3292b32a8e7
PlantDoc,train,Bell_pepper leaf,train/Bell_pepper leaf/pepper+leaves.JPG.jpg,c3edacd89a1c0d99
PlantDoc,train,Bell_pepper leaf,train/Bell_pepper leaf/pepper-plant-leaves-green-bell-pepper-seedlings-growing-in-dark-brown-soil-in-the-sunshine-with-a-white-my-pepper-plant-leaves-are-being-eaten.jpg,c18c66cbec934ecc
PlantDoc,train,Bell_pepper leaf,train/Bell_pepper leaf/pepper.jpg,c3c51d994ec73178
PlantDoc,train,Bell_pepper leaf,train/Bell_pepper leaf/seeding-peppers-a-1024x768.jpg,acf03b8dc26ea546
PlantDoc,train,Bell_pepper leaf,train/Bell_pepper leaf/shutterstock_443115826.jpg,d1a23b96c94634bd
PlantDoc,train,Bell_pepper leaf,train/Bell_pepper leaf/stock-photo-black-pepper-plant-with-green-berries-and-leaves-555241408.jpg,8c0fe28f9c4b9c74
PlantDoc,train,Bell_pepper leaf,train/Bell_pepper leaf/stock-photo-closeup-of-underside-of-bell-pepper-leaf-isolated-on-white-background-114184570.jpg,ece4c6921e9a19b9
PlantDoc,train,Bell_pepper leaf,train/Bell_pepper leaf/tomato_bell_pepper_garden_pt3-03.jpg,aebab6e0d00b62e6
PlantDoc,train,Bell_pepper leaf,train/Bell_pepper leaf/uGz0O.jpg,bcf034c82e8ccbe3
PlantDoc,train,Bell_pepper leaf,train/Bell_pepper leaf/v9hX3.jpg,91912c3435e7f5e8
PlantDoc,train,Bell_pepper leaf,train/Bell_pepper leaf/virus1_600px.jpg,c18d6db34b9386a5
PlantDoc,train,Bell_pepper leaf,train/Bell_pepper leaf/white-pepper-plant-white-pepper-plant-piper-black-pepper-white-bell-pepper-plants-for-sale-pepper-plant-has-white-leaves.jpg,b75bf8e025246633
PlantDoc,train,Bell_pepper leaf,train/Bell_pepper leaf/xKh6iInh.jpg,d0870d0fbce36e92
PlantDoc,train,Bell_pepper leaf,train/Bell_pepper leaf/yellow-leaves-on-pepper-plant-green-bell-plant-yellow-leaf-yellow-curling-leaves-on-pepper-plants.jpg,84d9a9a6c1a7cc79
PlantDoc,train,Bell_pepper leaf,train/Bell_pepper leaf/zT5la.jpg,c93c69ccd6215ed8
PlantDoc,train,Bell_pepper leaf spot,train/Bell_pepper leaf spot/0.jpg,b6a42c5ae82d17b9
PlantDoc,train,Bell_pepper leaf spot,train/Bell_pepper leaf spot/0000.jpg,e3f50c0d1fa4099f
PlantDoc,train,Bell_pepper leaf spot,train/Bell_pepper leaf spot/02.jpg,be84c1618f789e4b
PlantDoc,train,Bell_pepper leaf spot,train/Bell_pepper leaf spot/03.jpg,ee819576c36e8d0a
PlantDoc,train,Bell_pepper leaf spot,train/Bell_pepper leaf spot/04.jpg,80cf90701fddb695
PlantDoc,train,Bell_pepper leaf spot,train/Bell_pepper leaf spot/05.jpg,a5dfc0b28b86d235
PlantDoc,train,Bell_pepper leaf spot,train/Bell_pepper leaf spot/06.jpg,8e9671494d1f2acb
PlantDoc,train,Bell_pepper leaf spot,train/Bell_pepper leaf spot/100_1657.jpg,cac7c5b838aa3f48
PlantDoc,train,Bell_pepper leaf spot,train/Bell_pepper leaf spot/4-dogwood_pm.jpg,cdd07af416a8b60b
PlantDoc,train,Bell_pepper leaf spot,train/Bell_pepper leaf spot/534a.jpg,b4cd2b30c5e556c6
PlantDoc,train,Bell_pepper leaf spot,train/Bell_pepper leaf spot/Bacterial-spot-symptoms-on-pepper-leaves-for-web.jpg,de003d7989094fed
PlantDoc,train,Bell_pepper leaf spot,train/Bell_pepper leaf spot/BacterialSpot08.jpg,a6fd3214e38afa22
PlantDoc,train,Bell_pepper leaf spot,train/Bell_pepper leaf spot/BacterialSpot09.jpg,d3be6cf0e40249d9
PlantDoc,train,Bell_pepper leaf spot,train/Bell_pepper leaf spot/BacterialSpot10.jpg,ba0c8364d7ea1579
PlantDoc,train,Bell_pepper leaf spot,train/Bell_pepper leaf spot/BacterialSpot17.jpg,ea8dc842a67ca763
PlantDoc,train,Bell_pepper leaf spot,train/Bell_pepper leaf spot/Bacterial_leaf_spot_symptoms.jpg,c58503827bfa3597
PlantDoc,train,Bell_pepper leaf spot,train/Bell_pepper leaf spot/FO3zR.jpg,db88cff98899f088
PlantDoc,train,Bell_pepper leaf spot,train/Bell_pepper leaf spot/G3O1I.jpg,e405df3c9c728d43
PlantDoc,train,Bell_pepper leaf spot,train/Bell_pepper leaf spot/GX3DYbwOynSj6HftBUajAw_m.jpg,86603f7f22e0cea5
PlantDoc,train,Bell_pepper leaf spot,train/Bell_pepper leaf spot/Habanero1.jpg,93d868e34f256ba4
PlantDoc,train,Bell_pepper leaf spot,train/Bell_pepper leaf spot/IMG_0945.jpg,b9a17b8974f0269c
PlantDoc,train,Bell_pepper leaf spot,train/Bell_pepper leaf spot/IMG_6029-001_1500x1500%253E.JPG?1403119544.jpg,f793d2c4e01ad3c2
PlantDoc,train,Bell_pepper leaf spot,train/Bell_pepper leaf spot/P5270397.JPG.jpg,86f0e6d2b0be694a
PlantDoc,train,Bell_pepper leaf spot,train/Bell_pepper leaf spot/Pepper-BLS-Leaf_93303-e1370119902259.jpg,ede84c8af81623d5
PlantDoc,train,Bell_pepper leaf spot,train/Bell_pepper leaf spot/Pepper-problem.jpg,d5c308507b5f391b
PlantDoc,train,Bell_pepper leaf spot,train/Bell_pepper leaf spot/PepperPhytophLeaf3-2f94629.jpg,e7794e50e0eba603
PlantDoc,train,Bell_pepper leaf spot,train/Bell_pepper leaf spot/Septoria-leaf-spot.jpg,aa88551eafeee828
PlantDoc,train,Bell_pepper leaf spot,train/Bell_pepper leaf spot/TCSV_Pepper%20%284%29.jpg,e295fd62073d48c3
PlantDoc,train,Bell_pepper leaf spot,train/Bell_pepper leaf spot/TCSV_Pepper%20%285%29.jpg,f8ed9c0363b0c33a
PlantDoc,train,Bell_pepper leaf spot,train/Bell_pepper leaf spot/TCSV_Pepper%20%286%29.jpg,aa4bf50eb009f23e
PlantDoc,train,Bell_pepper leaf spot,train/Bell_pepper leaf spot/bJrFf.jpg,e30fe796e9a29320
PlantDoc,train,Bell_pepper leaf spot,train/Bell_pepper leaf spot/bacspot_confused_w_pseudomonas.jpg,9361ec0cf827d91e
PlantDoc,train,Bell_pepper leaf spot,train/Bell_pepper leaf spot/bacterial-leaf-spot-on-peppers.jpg,dde6213c1638f0ad
PlantDoc,train,Bell_pepper leaf spot,train/Bell_pepper leaf spot/bacterialCanker08-129kre6-on-pepper-50-QUALITY-1tzxf2r.jpg,cb18677f203f7411
PlantDoc,train,Bell_pepper leaf spot,train/Bell_pepper leaf spot/bacterial_leaf_spot_pepper_plant_l.jpg,c387a664cf54e84b
PlantDoc,train,Bell_pepper leaf spot,train/Bell_pepper leaf spot/bacterialspot3_600px.jpg,d0de4b65e0493e72
PlantDoc,train,Bell_pepper leaf spot,train/Bell_pepper leaf spot/e2Vlc.jpg,f498574906ed62f4
PlantDoc,train,Bell_pepper leaf spot,train/Bell_pepper leaf spot/e4d0e5.jpg,cc1a59e193369e36
PlantDoc,train,Bell_pepper leaf spot,train/Bell_pepper leaf spot/ed8e20.jpg,a3544cd32b76cea1
PlantDoc,train,Bell_pepper leaf spot,train/Bell_pepper leaf spot/figure1.jpg,b906dece86a6a683
PlantDoc,train,Bell_pepper leaf spot,train/Bell_pepper leaf spot/file.php?id=5336&t=1.jpg,f11bc76c1c3258e3
PlantDoc,train,Bell_pepper leaf spot,train/Bell_pepper leaf spot/gray-leaf-spot-disease-on-260nw-559799659.jpg,b5e4a816a149ec7e
PlantDoc,train,Bell_pepper leaf spot,train/Bell_pepper leaf spot/green-pepper-plant-diseases-bacterial-spot-on-pepper-plant-green-pepper-plant-diseases-photos.jpg,91c59c274513ad3f
PlantDoc,train,Bell_pepper leaf spot,train/Bell_pepper leaf spot/image_1500x1500%253E.jpeg?1467983528.jpg,9af2ea5af1731218
PlantDoc,train,Bell_pepper leaf spot,train/Bell_pepper leaf spot/image_1500x1500%253E.jpeg?1472603885.jpg,bf26c0018fd73e8c
PlantDoc,train,Bell_pepper leaf spot,train/Bell_pepper leaf spot/image_300x300%2523.jpeg?1472603885.jpg,b926d2c9cfd1060f
PlantDoc,train,Bell_pepper leaf spot,train/Bell_pepper leaf spot/image_300x300%2523.jpeg?1472603886.jpg,98b553d4b873119d
PlantDoc,train,Bell_pepper leaf spot,train/Bell_pepper leaf spot/image_original.jpeg?1472603885.jpg,bf26c0018fd73e8c
PlantDoc,train,Bell_pepper leaf spot,train/Bell_pepper leaf spot/image_original.jpeg?1472603886.jpg,9af2ea5af1731218
PlantDoc,train,Bell_pepper leaf spot,train/Bell_pepper leaf spot/may27pepleaes001.jpg,e7124d6cd829599e
PlantDoc,train,Bell_pepper leaf spot,train/Bell_pepper leaf spot/may27pepleaes002.jpg,e8c29fb44b78432d
PlantDoc,train,Bell_pepper leaf spot,train/Bell_pepper leaf spot/pepper-plant-leaves-holes-in-pepper-plant-leaves-holes-in-pepper-plant-leaves-small-holes-in-pepper-plant-leaves-pepper-plant-leaves-eaten.jpg,a4c9d0b2ece86eaa
PlantDoc,train,Bell_pepper leaf spot,train/Bell_pepper leaf spot/pepper-plant-leaves-turning-yellow-plants-turning-yellow-pepper-plant-leaves-turning-yellow-with-brown-spots.jpg,aefbf06ab50d1038
PlantDoc,train,Bell_pepper leaf spot,train/Bell_pepper leaf spot/pepper_V5a.jpg,e362999487819bde
PlantDoc,train,Bell_pepper leaf spot,train/Bell_pepper leaf spot/pepper_bacterial-spot_02_zoom.jpg,d3103e5e682dac67
PlantDoc,train,Bell_pepper leaf spot,train/Bell_pepper leaf spot/pepper_bacterial-spot_04_zoom.jpg,afa954b524f524d2
PlantDoc,train,Bell_pepper leaf spot,train/Bell_pepper leaf spot/pepper_phytophtera10x1200.jpg,85876dcaa84b95c7
PlantDoc,train,Bell_pepper leaf spot,train/Bell_pepper leaf spot/pepper_phytophtera12x500.jpg,e839a5d69e8a8565
PlantDoc,train,Bell_pepper leaf spot,train/Bell_pepper leaf spot/pepperplantwithbacterialspotimg3206.jpg,bbaf2d41ca193389
PlantDoc,train,Bell_pepper leaf spot,train/Bell_pepper leaf spot/peppers_bacterial_spot_onpeppertransplant_zoom.jpg,8567a95b9a3195a9
PlantDoc,train,Bell_pepper leaf spot,train/Bell_pepper leaf spot/peppers_bacterial_spot_zoom.jpg,91c59c274513ad3f
PlantDoc,train,Bell_pepper leaf spot,train/Bell_pepper leaf spot/thrips001.jpg,f985f1b7e19d8084
PlantDoc,train,Blueberry leaf,train/Blueberry leaf/10-Pcs-font-b-Blueberry-b-font-Leaves-Natural-font-b-Dried-b-font-Leaf-shaped.jpg,bd0dad31f03914ea
PlantDoc,train,Blueberry leaf,train/Blueberry leaf/15rnn8k.jpg,84c023ace7f3d2d3
PlantDoc,train,Blueberry leaf,train/Blueberry leaf/179288748.jpg,99b62d2807bd6327
PlantDoc,train,Blueberry leaf,train/Blueberry leaf/20171005_Lowbush_blueberry_leaves.jpg,c9058db41e6d4be5
PlantDoc,train,Blueberry leaf,train/Blueberry leaf/2198823523_4b8fdb3f03_b_d.jpg,e10b9dbe09cac0f3
PlantDoc,train,Blueberry leaf,train/Blueberry leaf/4715f288527ab7feae1683179ae3073b--red-leaves-autumn-leaves.jpg,84dc4c459cc9babb
PlantDoc,train,Blueberry leaf,train/Blueberry leaf/4851522550_02e3b9f3b4.jpg,80e73daec2e8cb07
PlantDoc,train,Blueberry leaf,train/Blueberry leaf/5920105029_2c657564ba_b.jpg,c2c27cffc3248a1d
PlantDoc,train,Blueberry leaf,train/Blueberry leaf/6348380125_ae2d097496_z.jpg,d9c314b235df3113
PlantDoc,train,Blueberry leaf,train/Blueberry leaf/7-blueberry-leaves.jpg,c11e34c61aa7f173
PlantDoc,train,Blueberry leaf,train/Blueberry leaf/9-Folia-Myrtilli-Blueberry-Leaves-Gjethe-Boronice-1.jpg,ba9894672f986a95
PlantDoc,train,Blueberry leaf,train/Blueberry leaf/9167d851305baf06649c57aea130c8fb.jpg,c0476f4f2a51781f
PlantDoc,train,Blueberry leaf,train/Blueberry leaf/A+A+Blueberry+Leaf+Disease+002.jpg,c5cf31639c000fbf
PlantDoc,train,Blueberry leaf,train/Blueberry leaf/A+A+Blueberry+Leaf+Disease+003.jpg,c726360052ddef65
PlantDoc,train,Blueberry leaf,train/Blueberry leaf/BLUEBERRY-BLUE-CROP-LEAF-500x500.jpg,af9a172e8848fd62
PlantDoc,train,Blueberry leaf,train/Blueberry leaf/BLUEBERRY-SPARTAN-LEAF-500x500.jpg,b8bbc799538860a7
PlantDoc,train,Blueberry leaf,train/Blueberry leaf/Blueberries+autumn+leaves7.jpg,fad27ac928a98e89
PlantDoc,train,Blueberry leaf,train/Blueberry leaf/Blueberry-Leaf__eb505ea1d76e.jpg,856c39687033b5be
PlantDoc,train,Blueberry leaf,train/Blueberry leaf/Blueberry-leaves__5ceeed324d9f.jpg,d382a731ee4dca1c
PlantDoc,train,Blueberry leaf,train/Blueberry leaf/Blueberry07.jpg,dca795d59880c8e7
PlantDoc,train,Blueberry leaf,train/Blueberry leaf/Blueberry165.JPG.jpg,c96c9cb9d2192ce5
PlantDoc,train,Blueberry leaf,train/Blueberry leaf/Blueberry169.JPG.jpg,85c30ce663781ff8
PlantDoc,train,Blueberry leaf,train/Blueberry leaf/Blueberry_Damage_1_original.JPG?1472642168.jpg,e25a4ee8aba76232
PlantDoc,train,Blueberry leaf,train/Blueberry leaf/Blueberry_Damage_2_original.JPG?1431126657.jpg,fd1b1db32425ea28
PlantDoc,train,Blueberry leaf,train/Blueberry leaf/Chlorotic-Blueberry-Leaf.jpg,cd6d2313b9256571
PlantDoc,train,Blueberry leaf,train/Blueberry leaf/Copy+of+Vaccinium---.JPG.jpg,d2c3e0b2d46629bd
PlantDoc,train,Blueberry leaf,train/Blueberry leaf/Fruit-Blueberry-Northblue.jpg,bd033b293d5827a5
PlantDoc,train,Blueberry leaf,train/Blueberry leaf/Highbush_Blueberry_Vaccinium_corymbosum_Leaves_3008px.jpg,89c73699c6327566
PlantDoc,train,Blueberry leaf,train/Blueberry leaf/IMG_0002_original.JPG?1500100269.jpg,c03ec4e9996f9b84
PlantDoc,train,Blueberry leaf,train/Blueberry leaf/IMG_0017_original.JPG?1500100270.jpg,be9bf99a1682a434
PlantDoc,train,Blueberry leaf,train/Blueberry leaf/IMG_2003.JPG.jpg,c6ed2f9424a6d70a
PlantDoc,train,Blueberry leaf,train/Blueberry leaf/IMG_5310.JPG.jpg,918316b35ecdd89c
PlantDoc,train,Blueberry leaf,train/Blueberry leaf/IMG_7119.jpg,b4fd2bf861938892
PlantDoc,train,Blueberry leaf,train/Blueberry leaf/IMG_8502.JPG.jpg,d1193e7f03b7c01c
PlantDoc,train,Blueberry leaf,train/Blueberry leaf/IMG_8680.JPG.jpg,abaa2aaaa214b6f5
PlantDoc,train,Blueberry leaf,train/Blueberry leaf/IMG_8695.JPG.jpg,e5e8a59494cd92ad
PlantDoc,train,Blueberry leaf,train/Blueberry leaf/IMG_8698.JPG.jpg,d5b1d0d2d3e0e60d
PlantDoc,train,Blueberry leaf,train/Blueberry leaf/IMG_9275.JPG.jpg,ff9710e4079819f1
PlantDoc,train,Blueberry leaf,train/Blueberry leaf/P1200644+Vaccinium+alaskaense+Alaska+Blueberry+cr.jpg,a7d2c0bc9ec94a6c
PlantDoc,train,Blueberry leaf,train/Blueberry leaf/P1200652+Vaccinium+ovalifolium+Ovalleaf+Blueberry+leaf+top+cr.jpg,aea6c1ccd8b059ae
PlantDoc,train,Blueberry leaf,train/Blueberry leaf/P1200699+Vaccinium+alaskaense+Alaska+Blueberry+hairy+leaf+margin+Heather+Meadows.JPG.jpg,df903cf96010bfc2
PlantDoc,train,Blueberry leaf,train/Blueberry leaf/P1200701+Vaccinium+ovalifolium+Oval-leaf+Blueberry+fruit++Heather+Meadows+cr.jpg,c3c3e70c38a2e778
PlantDoc,train,Blueberry leaf,train/Blueberry leaf/Red-Blueberry-Leaves.jpg,f48b19b4cd433635
PlantDoc,train,Blueberry leaf,train/Blueberry leaf/SmzpflTl.jpg,c0bfd6f882ed2d20
PlantDoc,train,Blueberry leaf,train/Blueberry leaf/acid_0033.jpg,b54428f707599d6a
PlantDoc,train,Blueberry leaf,"train/Blueberry leaf/autumn,+blueberry+leaves.jpg",d5f30e12784f4e29
PlantDoc,train,Blueberry leaf,train/Blueberry leaf/bilberry-blueberry-vaccinium-myrtillus-leaf-herboristerie.jpg,eb1993f24e5958c2
PlantDoc,train,Blueberry leaf,train/Blueberry leaf/blueberries-and-leaves.jpg,ad9ccb6b92e09427
PlantDoc,train,Blueberry leaf,train/Blueberry leaf/blueberry+leaf.jpg,dac4ac595324ed9a
PlantDoc,train,Blueberry leaf,train/Blueberry leaf/blueberry+leaves+in+fall.jpg,90e1374c6abbd896
PlantDoc,train,Blueberry leaf,train/Blueberry leaf/blueberry-bushes-clipart-16.jpg,af90c66acc8cd8b6
PlantDoc,train,Blueberry leaf,train/Blueberry leaf/blueberry-chlorotic-leaves_2.jpg,8c7e733c6c8e9381
PlantDoc,train,Blueberry leaf,train/Blueberry leaf/blueberry-fruit-blooming-flower-with-leaf-g3wa0t.jpg,b507d756e203cb68
PlantDoc,train,Blueberry leaf,train/Blueberry leaf/blueberry-fruit-leaf-closeup-isolated-white-58260795.jpg,e5659c9ec2989dc2
PlantDoc,train,Blueberry leaf,train/Blueberry leaf/blueberry-goanp-nps.jpg,b6c24bb4e44a95cd
PlantDoc,train,Blueberry leaf,train/Blueberry leaf/blueberry-group-leaves-on-white-background-db8p44.jpg,e9cac2b59e2c3c94
PlantDoc,train,Blueberry leaf,train/Blueberry leaf/blueberry-leaf-isolated-white-background-blueberry-leaf-isolated-99227523.jpg,b899c364ce9e25c3
PlantDoc,train,Blueberry leaf,train/Blueberry leaf/blueberry-leaf-isolated-white-background-clipping-path-82775455.jpg,b0abc3aecc32cc33
PlantDoc,train,Blueberry leaf,train/Blueberry leaf/blueberry-leaf-isolated-white-background-clipping-path-84283705.jpg,ea68c7979c9812d6
PlantDoc,train,Blueberry leaf,train/Blueberry leaf/blueberry-leaf-isolated-white-background-clipping-path-87355538.jpg,ea4a92b48d9932e7
PlantDoc,train,Blueberry leaf,train/Blueberry leaf/blueberry-leaf-set-collection-isolated-white-58283965.jpg,be6781f8e01cc9c5
PlantDoc,train,Blueberry leaf,train/Blueberry leaf/blueberry-leaf__a488765c32aa.jpg,9a3969a666cc9659
PlantDoc,train,Blueberry leaf,train/Blueberry leaf/blueberry-leaves-16311688.jpg,be3ac1c516924b6b
PlantDoc,train,Blueberry leaf,train/Blueberry leaf/blueberry-leaves-5931369.jpg,a9cfc631923c0f0f
PlantDoc,train,Blueberry leaf,train/Blueberry leaf/blueberry-leaves-in-October.jpg,c19e6b997c792c81
PlantDoc,train,Blueberry leaf,train/Blueberry leaf/blueberry-leaves-isolated-shadow-95294017.jpg,ac3c90e38b4f63e4
PlantDoc,train,Blueberry leaf,train/Blueberry leaf/blueberry-leaves-normal-above-and-iron-deficient-below-bgahf8.jpg,8821f58eaf1ff409
PlantDoc,train,Blueberry leaf,train/Blueberry leaf/blueberry-leaves-safe.jpeg.jpg,e4cec1e19a949a6b
PlantDoc,train,Blueberry leaf,train/Blueberry leaf/blueberry-leaves-white-collection-isolated-35579573.jpg,e939a54e93b116d2
PlantDoc,train,Blueberry leaf,train/Blueberry leaf/blueberry-leaves__2e99aae9cb26.jpg,ebcc8d9f01a3f4c0
PlantDoc,train,Blueberry leaf,train/Blueberry leaf/blueberry-plant-berries-and-leaves-blueberries-vaccinium-corybosum-BNDMY8.jpg,8c98d9a172e76b89
PlantDoc,train,Blueberry leaf,train/Blueberry leaf/blueberry-plant-unripe-berries-and-leaves-blueberries-vaccinium-corybosum-BNDN04.jpg,edd842ed5ec32590
PlantDoc,train,Blueberry leaf,train/Blueberry leaf/blueberry_leaves_berries_fresh_wood_1280x960_hd-wallpaper-1763513.jpg,85814a7f69339d9c
PlantDoc,train,Blueberry leaf,train/Blueberry leaf/blueberryleaves.jpg,9d12d8c3fc683978
PlantDoc,train,Blueberry leaf,train/Blueberry leaf/close-up-of-a-blueberry-leaf-beginning-to-change-color-for-autumn-f6b5yd.jpg,bd5ee320a315d643
PlantDoc,train,Blueberry leaf,train/Blueberry leaf/dscf9033.jpg,d2171e194be9c9c9
PlantDoc,train,Blueberry leaf,train/Blueberry leaf/dscf9038.jpg,d2c32d0d7c866769
PlantDoc,train,Blueberry leaf,train/Blueberry leaf/highbush_blueberry1337725765530.jpg,ccf166c5ef468123
PlantDoc,train,Blueberry leaf,train/Blueberry leaf/image_1500x1500%253E.jpeg?1472756546.jpg,ede0277062da524f
PlantDoc,train,Blueberry leaf,train/Blueberry leaf/image_1500x1500%253E.jpeg?1472756548.jpg,aaf514ef28a3a8b8
PlantDoc,train,Blueberry leaf,train/Blueberry leaf/img_8042.jpg,c4e4827bca6f8cc6
PlantDoc,train,Blueberry leaf,train/Blueberry leaf/immatureleaffootbug.jpg,f4a9b9538b90d68c
PlantDoc,train,Blueberry leaf,train/Blueberry leaf/lb_blueberry1.jpg,d14be6c1f33d0332
PlantDoc,train,Blueberry leaf,train/Blueberry leaf/leaf-blueberry-plant-vaccinium-corymbosum-north-america-usa-bush-103375785.jpg,9e1ea36a8a0dcf32
PlantDoc,train,Blueberry leaf,train/Blueberry leaf/leaf_arangement.jpg,c169f4465f572625
PlantDoc,train,Blueberry leaf,train/Blueberry leaf/ovalifolium1.jpg,c3b127fa340722cf
PlantDoc,train,Blueberry leaf,train/Blueberry leaf/plant-fruit-berry-leaf-flower-food-herb-produce-blueberry-botany-flora-plants-wildflower-shrub-macro-photography-wipes-flowering-plant-bilberry-huckleberry-dayflower-land-plant-dayflower-family-1090218.jpg,d9a224cd7be04eb4
PlantDoc,train,Blueberry leaf,train/Blueberry leaf/red+blueberry+leaves.jpg,a7dc2292dc7219e3
PlantDoc,train,Blueberry leaf,train/Blueberry leaf/stock-photo-blueberry-heap-with-green-leaves-close-up-macro-isolated-on-white-background-83867578.jpg,b48cc8b067cb3b8e
PlantDoc,train,Blueberry leaf,train/Blueberry leaf/stock-photo-blueberry-leaves-branch-isolated-on-white-background-490111684.jpg,bb9f44e468c8709e
PlantDoc,train,Blueberry leaf,train/Blueberry leaf/stock-photo-blueberry-leaves-isolated-on-white-background-collection-569223157.jpg,ee349163959f4ac2
PlantDoc,train,Blueberry leaf,train/Blueberry leaf/stock-photo-blueberry-with-leaves-of-mint-70797082.jpg,9eb4348f618b3cb4
PlantDoc,train,Blueberry leaf,train/Blueberry leaf/stock-photo-fresh-ripe-blueberries-with-leaves-on-white-background-125173964.jpg,b7c3c078499f91ca
PlantDoc,train,Blueberry leaf,train/Blueberry leaf/stock-photo-leaf-blueberry-57690040.jpg,e8cb9530dbc47662
PlantDoc,train,Blueberry leaf,train/Blueberry leaf/three-blueberries-with-leaves-picture-id83566780.jpg,ae9ac0331b6c9e2d
PlantDoc,train,Blueberry leaf,train/Blueberry leaf/vaccinium-angustifolium-634789-1.jpg,d6201eec4e5c52ee
PlantDoc,train,Blueberry leaf,train/Blueberry leaf/vaccinium-angustifolium-le-ahaines.jpg,83879fea141e0f2b
PlantDoc,train,Blueberry leaf,train/Blueberry leaf/vaccinium-corymbosum-le-mlovit.jpg,d3485edd28f52721
PlantDoc,train,Blueberry leaf,train/Blueberry leaf/vaccinium-myrtilloides-13-1.jpg,80683dc7e7d31e0d
PlantDoc,train,Blueberry leaf,train/Blueberry leaf/vaccinium-myrtilloides-437.jpg,c1ec6f6923166f60
PlantDoc,train,Blueberry leaf,train/Blueberry leaf/vaccinium-myrtilloides-le-dcameron-b.jpg,dd8170282f67a9c7
PlantDoc,train,Blueberry leaf,train/Blueberry leaf/vaccinium-myrtilloides-le-mlovit.jpg,c69369c934bcd865
PlantDoc,train,Blueberry leaf,train/Blueberry leaf/vaccspp_leaf1.jpg,a7c952963c2734f8
PlantDoc,train,Blueberry leaf,train/Blueberry leaf/vaov_006_lhp.jpg,ea4d3694174b8b33
PlantDoc,train,Blueberry leaf,train/Blueberry leaf/wild-blueberries-576x1024.jpg,cc8e6170d1dee92a
PlantDoc,train,Blueberry leaf,train/Blueberry leaf/wild-blueberries.jpg,a2d712623d7259ad
PlantDoc,train,Cherry leaf,train/Cherry leaf/02b13cea19417b15cf3d6ff534aa7ea653ad783094a60_1260x1260.jpg,b039cdc636ccb361
PlantDoc,train,Cherry leaf,train/Cherry leaf/100_0123_2.jpg,e54a0d9eb9b4e4a2
PlantDoc,train,Cherry leaf,train/Cherry leaf/100_4608.jpg,e60e39278e4d5b52
PlantDoc,train,Cherry leaf,train/Cherry leaf/1348156007-85504600.jpg,8925e76d2af64712
PlantDoc,train,Cherry leaf,train/Cherry leaf/15%20CHOKE%20CHERRY.jpg,96cc7296ccd8694b
PlantDoc,train,Cherry leaf,train/Cherry leaf/1b9155649757248759cdbe7d83cc94c0.jpg,f0a6cd99ce187166
PlantDoc,train,Cherry leaf,train/Cherry leaf/2febe52cfac784c3191c804390d51ab756a3a7c8b9314_1260x1260.jpg,b239cdc64ccc3393
PlantDoc,train,Cherry leaf,train/Cherry leaf/3b296e7197cc7e3d138892539e2e9ba453ad782db3398_1260x1260.jpg,b81893e7cd98366c
PlantDoc,train,Cherry leaf,train/Cherry leaf/5dab054e26cde431baf6a8e0e3f0f258.jpg,d595e66a62e58748
PlantDoc,train,Cherry leaf,train/Cherry leaf/6.-Choke-cherry-fall-leaf-colour.jpg,921b6b2a156cfe54
PlantDoc,train,Cherry leaf,train/Cherry leaf/670px-User-Completed-Image-Identify-Cherry-Trees-2015.12.05-23.48.57.0.jpeg.jpg,9c5abb9162b4d42e
PlantDoc,train,Cherry leaf,train/Cherry leaf/7%20CHOKE%20CHERRY.jpg,81db3a744968bd27
PlantDoc,train,Cherry leaf,train/Cherry leaf/Bird-Cherry-%28Prunus-Padus%29-Leaf-and-Flowers.jpg,b2b78e5aa545e05c
PlantDoc,train,Cherry leaf,train/Cherry leaf/BlackCherry04.jpg,d833220f3ebb3c34
PlantDoc,train,Cherry leaf,train/Cherry leaf/CHERRY_CHOKE2_leaves.jpg,d6796e46b094ca39
PlantDoc,train,Cherry leaf,train/Cherry leaf/CHERRY_CHOKE_leaves.jpg,de693ad4e61acc21
PlantDoc,train,Cherry leaf,train/Cherry leaf/Carolina%2BCherry%2BLaurel%2Bproblem1.jpg,f59ea90d8d78c834
PlantDoc,train,Cherry leaf,train/Cherry leaf/Carolina%2BCherry%2BLaurel%2Bproblem3.jpg,ef8da260e451a9b9
PlantDoc,train,Cherry leaf,train/Cherry leaf/Catalina%20Island%20Cherry.JPG.jpg,97266a2cf21b8b65
PlantDoc,train,Cherry leaf,train/Cherry leaf/Cherry%20Sweet%20N%20deficiency%20closeup%20Brubaker%202004.JPG.jpg,90c71f3d6cf18187
PlantDoc,train,Cherry leaf,train/Cherry leaf/Cherry-Fruit-and-Leaves-tp1263.jpg,a0f341352decde91
PlantDoc,train,Cherry leaf,train/Cherry leaf/ECE47.jpg,ee6bc714603f3941
PlantDoc,train,Cherry leaf,train/Cherry leaf/IMG_4280.JPG.jpg,b2bbc0f6c6286b51
PlantDoc,train,Cherry leaf,train/Cherry leaf/IMG_5892_original.JPG?1500348823.jpg,b5806eddd004da77
PlantDoc,train,Cherry leaf,train/Cherry leaf/Leaf%20cherry1.JPG.jpg,bd39d070c9a1cdca
PlantDoc,train,Cherry leaf,train/Cherry leaf/RAx1iE.jpg,ad92833fbbd0260b
PlantDoc,train,Cherry leaf,train/Cherry leaf/black-brazilian-cherry-4988.jpeg.jpg,fda96792b81461a3
PlantDoc,train,Cherry leaf,train/Cherry leaf/canada-red-cherry-leaves.jpg,fc2c9854a7b30f16
PlantDoc,train,Cherry leaf,train/Cherry leaf/canada_red_chokecherry_11_medium_.jpg,e64fc1e873319c38
PlantDoc,train,Cherry leaf,train/Cherry leaf/cherry+tree.jpg,f0a996451f1c2f2e
PlantDoc,train,Cherry leaf,train/Cherry leaf/cherry-fertilizer.jpg,f7d0c5c801b7ea52
PlantDoc,train,Cherry leaf,train/Cherry leaf/cherry-leaves-e1335624103663.jpg,ad0de2ca37e48e23
PlantDoc,train,Cherry leaf,train/Cherry leaf/cherry-tree-leaves-and-fruits.jpg,f61925bea146da51
PlantDoc,train,Cherry leaf,train/Cherry leaf/cherry-tree-leaves.jpg,899b1b03b5e225f6
PlantDoc,train,Cherry leaf,train/Cherry leaf/cherrytree-leaf.jpg,e5005b5b2f2ce1f1
PlantDoc,train,Cherry leaf,train/Cherry leaf/i-have-a-cherry-tree-5252.jpg,a0f341352decde91
PlantDoc,train,Cherry leaf,train/Cherry leaf/img_3088.jpg,a3a515f3dc8b11d8
PlantDoc,train,Cherry leaf,train/Cherry leaf/prunsero_twig3.jpg,b45bd6b42a16c5a3
PlantDoc,train,Cherry leaf,train/Cherry leaf/prunus-avium-le-rvid-c.jpg,9c2e4f8768f724d0
PlantDoc,train,Cherry leaf,train/Cherry leaf/prunus-pensylvanica-007.jpg,c1b43e3be8a1874e
PlantDoc,train,Cherry leaf,train/Cherry leaf/prunus-pensylvanica-le-ahaines-a.jpg,834534d3f63d9c98
PlantDoc,train,Cherry leaf,train/Cherry leaf/radish-black-cherry-fruits-leaves.jpg,fef9d0298797009a
PlantDoc,train,Cherry leaf,train/Cherry leaf/sunburst_cherry.jpg,a1d09619cfef8827
PlantDoc,train,Cherry leaf,train/Cherry leaf/tree-branch-blossom-plant-fruit-berry-leaf-flower-ripe-food-red-produce-botany-flora-leaves-shrub-fruits-bing-cherry-cherries-flowering-plant-rose-family-fruity-cherry-harvest-sweet-cherry-land-plant-913933.jpg,a1d1ce1edad889e1
PlantDoc,train,Cherry leaf,train/Cherry leaf/wild-and-choke-cherry-leaves_edited-1.jpg,c242dd95b06df507
PlantDoc,train,Cherry leaf,train/Cherry leaf/yoshino-weeping-cherry-tree2.jpg,88d5b25c55624d7d
PlantDoc,train,Cherry leaf,train/Cherry leaf/yoshino-weeping-cherry-tree9.jpg,f8e0236493d15e9e
PlantDoc,train,Corn Gray leaf spot,train/Corn Gray leaf spot/0796.16graylspot.jpg,85685a547f1548bf
PlantDoc,train,Corn Gray leaf spot,train/Corn Gray leaf spot/1192.jpg,9b1a00adff7f800e
PlantDoc,train,Corn Gray leaf spot,train/Corn Gray leaf spot/1193.jpg,be0026fc3fc1d8f0
PlantDoc,train,Corn Gray leaf spot,train/Corn Gray leaf spot/1355.51grayleafspot.jpg,858e6f5e98f0f1a0
PlantDoc,train,Corn Gray leaf spot,train/Corn Gray leaf spot/18largegls0732_copy-143B1EC97E96BA58322.jpg,9056ea71d870787e
PlantDoc,train,Corn Gray leaf spot,train/Corn Gray leaf spot/2013Corn_GrayLeafSpot_0815_0003.JPG.jpg,9796828342bffb0a
PlantDoc,train,Corn Gray leaf spot,train/Corn Gray leaf spot/2013Corn_GrayLeaf_0820_0003.JPG.jpg,c9e362291e9c785d
PlantDoc,train,Corn Gray leaf spot,train/Corn Gray leaf spot/2015070295153021.jpg,c0f82e7e58b09f0d
PlantDoc,train,Corn Gray leaf spot,train/Corn Gray leaf spot/2015Corn_Hail_Taylor_PH%2B%25282%2529.JPG.jpg,a25aef86cce7c502
PlantDoc,train,Corn Gray leaf spot,train/Corn Gray leaf spot/22-broders-CR-Gray-leaf-spot-corn.jpg,81131f6a7404fe6f
PlantDoc,train,Corn Gray leaf spot,train/Corn Gray leaf spot/2f73110f80014a25a53f9551c94bf164.png.jpg,854a558a3dcba7ca
PlantDoc,train,Corn Gray leaf spot,train/Corn Gray leaf spot/7176752.jpeg?351.jpg,d6387fb238c82a87
PlantDoc,train,Corn Gray leaf spot,train/Corn Gray leaf spot/CGrayLeafSpot.jpg,f07a68a03cb616fa
PlantDoc,train,Corn Gray leaf spot,train/Corn Gray leaf spot/Close-up-of-GLS.jpg,a450e5eb01ff82ae
PlantDoc,train,Corn Gray leaf spot,train/Corn Gray leaf spot/Corn-Gray-leafspot-lesions-300x225.jpg,85cea854abb4d54e
PlantDoc,train,Corn Gray leaf spot,train/Corn Gray leaf spot/Corn-gray-leaf-spot-8-15-F1-660.jpg,83536ba475ba283b
PlantDoc,train,Corn Gray leaf spot,train/Corn Gray leaf spot/FJ_010_F17220_B00010.jpg,99b2b511c60e5757
PlantDoc,train,Corn Gray leaf spot,train/Corn Gray leaf spot/FJ_018_F16271-3.jpg,b196b7a105e92f25
PlantDoc,train,Corn Gray leaf spot,train/Corn Gray leaf spot/Fig%202b.%20GLS%20backlit%20copy.jpg,98b0e8acbaa92ab7
PlantDoc,train,Corn Gray leaf spot,train/Corn Gray leaf spot/Figure%201%20Gray%20leaf%20spot%20and%20Northern%20corn%20leaf%20blight.jpg,c909b263b459baf4
PlantDoc,train,Corn Gray leaf spot,train/Corn Gray leaf spot/Figure%201.jpg,9770ffe0c340fe80
PlantDoc,train,Corn Gray leaf spot,train/Corn Gray leaf spot/Figure%204%20Grey%20leaf%20spot.jpg,a024bf0af542cfe5
PlantDoc,train,Corn Gray leaf spot,train/Corn Gray leaf spot/GLS-pic-1-1-225x300.jpg,a5e1b06d8f216f43
PlantDoc,train,Corn Gray leaf spot,train/Corn Gray leaf spot/GRAY_LE2.jpg,d4b538d8774a1536
PlantDoc,train,Corn Gray leaf spot,train/Corn Gray leaf spot/GetFile.aspx?guid=fb78e057-33b3-4901-b836-e08e45889f6f.jpg,99298401f2fccfd6
PlantDoc,train,Corn Gray leaf spot,train/Corn Gray leaf spot/Gray%20Leaf%20SpotCORN039.JPG.jpg,cf4c3dbc003e4337
PlantDoc,train,Corn Gray leaf spot,train/Corn Gray leaf spot/Gray%20leaf%20spot-Adam%20Sisson%20%2856%29%20copy-400x267.jpg,d02361e973c366ce
PlantDoc,train,Corn Gray leaf spot,train/Corn Gray leaf spot/Gray-Leaf-Spot-on-Corn-um9znc.jpg,f7a5e6c271312c1c
PlantDoc,train,Corn Gray leaf spot,train/Corn Gray leaf spot/Gray-leaf-spot-Adam-Sisson-20.jpg,aae88eb6a5adad08
PlantDoc,train,Corn Gray leaf spot,train/Corn Gray leaf spot/Gray-leaf-spot.jpg,9ce4d3e9669e02a9
PlantDoc,train,Corn Gray leaf spot,train/Corn Gray leaf spot/GrayLeafSpot_Chilvers.jpg,9eeb5d0bf6045445
PlantDoc,train,Corn Gray leaf spot,train/Corn Gray leaf spot/Greyleafspot.jpg,935629b4854f58af
PlantDoc,train,Corn Gray leaf spot,train/Corn Gray leaf spot/IMG_0004.JPG?itok=tv_vWPMi.jpg,d49e6f8ce8d244c9
PlantDoc,train,Corn Gray leaf spot,train/Corn Gray leaf spot/IMG_1359.JPG.jpg,8c23073870ed5f3e
PlantDoc,train,Corn Gray leaf spot,train/Corn Gray leaf spot/IMG_5251.jpg,fc0b00239ff09abd
PlantDoc,train,Corn Gray leaf spot,train/Corn Gray leaf spot/IMG_6802%2B%25282%2529.JPG.jpg,f23486679a25f21b
PlantDoc,train,Corn Gray leaf spot,train/Corn Gray leaf spot/Kelley%20Gray%20leaf%20spot.jpg,c3eb22c932ca2f4b
PlantDoc,train,Corn Gray leaf spot,train/Corn Gray leaf spot/Ontario-Field-Crop-Report_July_27_2017_f3-1024x681.jpg,86c576e2c371f12a
PlantDoc,train,Corn Gray leaf spot,train/Corn Gray leaf spot/corn-gls-bls-lesion-comparison.jpg,99801288eeedefc3
PlantDoc,train,Corn Gray leaf spot,train/Corn Gray leaf spot/corn-gray-leaf-spot-backlit-2.jpg,8a9c8ecc944ed56b
PlantDoc,train,Corn Gray leaf spot,train/Corn Gray leaf spot/corn-gray-leaf-spot-f4.jpg,95859e52aaaa7715
PlantDoc,train,Corn Gray leaf spot,train/Corn Gray leaf spot/corn-gray-leaf-spot.jpg,9f6640cadf3a7094
PlantDoc,train,Corn Gray leaf spot,train/Corn Gray leaf spot/cornGLS2.jpg,cacd64958257c717
PlantDoc,train,Corn Gray leaf spot,train/Corn Gray leaf spot/cp_A-325_gray_leaf_spot_article.jpg,943d38751e183f36
PlantDoc,train,Corn Gray leaf spot,train/Corn Gray leaf spot/g1902-1.jpg,94973bb43070f2ea
PlantDoc,train,Corn Gray leaf spot,train/Corn Gray leaf spot/g1902-3b.jpg,b61336136657661b
PlantDoc,train,Corn Gray leaf spot,train/Corn Gray leaf spot/glfspot.jpg,813f42173bd1385f
PlantDoc,train,Corn Gray leaf spot,train/Corn Gray leaf spot/gls99-anamosa.jpg,a3f33c6c9186355c
PlantDoc,train,Corn Gray leaf spot,train/Corn Gray leaf spot/gray%20leaf%20spot.jpg,8c5e19eb166dd883
PlantDoc,train,Corn Gray leaf spot,train/Corn Gray leaf spot/gray-leafspt-09-227x300.jpg,aaa5e487b63a3169
PlantDoc,train,Corn Gray leaf spot,train/Corn Gray leaf spot/gray_leaf_spot.jpg,839b69c893acb9b1
PlantDoc,train,Corn Gray leaf spot,train/Corn Gray leaf spot/gray_leaf_spot__1-14B8612C8B60CDBC8E2.jpg,913bd52ba5cd0b91
PlantDoc,train,Corn Gray leaf spot,train/Corn Gray leaf spot/gray_leaf_spot_developing.jpg,d7b31613196bc949
PlantDoc,train,Corn Gray leaf spot,train/Corn Gray leaf spot/grayleafspot99a.jpg,d08f506709763c7b
PlantDoc,train,Corn Gray leaf spot,train/Corn Gray leaf spot/grayleafspot_earleaf.jpg,99f2266177c5d489
PlantDoc,train,Corn Gray leaf spot,train/Corn Gray leaf spot/grayleafspothybrid.jpg,90a87acf1fcb0971
PlantDoc,train,Corn Gray leaf spot,train/Corn Gray leaf spot/grayleafspotinbred.jpg,f33573051f651b24
PlantDoc,train,Corn Gray leaf spot,train/Corn Gray leaf spot/grayspot.jpg,f2d2b64ba962864d
PlantDoc,train,Corn Gray leaf spot,train/Corn Gray leaf spot/grey_leaf_spot.jpg,96ca293c3c52e4de
PlantDoc,train,Corn Gray leaf spot,train/Corn Gray leaf spot/lipps-d.jpg,8667142719e587e7
PlantDoc,train,Corn Gray leaf spot,train/Corn Gray leaf spot/lipps-e.jpg,df600f5e383a478a
PlantDoc,train,Corn Gray leaf spot,train/Corn Gray leaf spot/rsz0715grayleafspot.jpg,c50337e6c888cbe7
PlantDoc,train,Corn Gray leaf spot,train/Corn Gray leaf spot/rsz0803Figure5.jpg,aaaf40e7f11d2199
PlantDoc,train,Corn Gray leaf spot,train/Corn Gray leaf spot/uuid%3D23d9bc54-c4a7-4958-890c-0505ac310594%26groupId%3D1841%26t%3D1278717199836.jpg,80d5a7bfce58c42a
PlantDoc,train,Corn leaf blight,train/Corn leaf blight/00c.jpg,e3a75cd4806dc897
PlantDoc,train,Corn leaf blight,train/Corn leaf blight/011.jpg,8bcc5c595559514f
PlantDoc,train,Corn leaf blight,train/Corn leaf blight/01c.jpg,99dbd9db67664004
PlantDoc,train,Corn leaf blight,train/Corn leaf blight/02.JPG.jpg,98496f66729a29bc
PlantDoc,train,Corn leaf blight,train/Corn leaf blight/022.jpg,c1f60a9a562e5d55
PlantDoc,train,Corn leaf blight,train/Corn leaf blight/03c.jpg,a13868d4ecc5fe0d
PlantDoc,train,Corn leaf blight,train/Corn leaf blight/04c.jpg,9adba5b64ab40876
PlantDoc,train,Corn leaf blight,train/Corn leaf blight/05c.jpg,80ca4869e9cd6fb5
PlantDoc,train,Corn leaf blight,train/Corn leaf blight/06c.jpg,d3f83cc7720f8710
PlantDoc,train,Corn leaf blight,train/Corn leaf blight/071409%20Vincelli%20nlb%20on%20corn%20leaf.JPG.jpg,8ef00e96913e9d17
PlantDoc,train,Corn leaf blight,train/Corn leaf blight/0796.33anthracn.jpg,8a619ca1bcc77ad4
PlantDoc,train,Corn leaf blight,train/Corn leaf blight/0805Fig3400.jpg,c0ca3ea83d3d9d38
PlantDoc,train,Corn leaf blight,train/Corn leaf blight/09c.jpg,89a42f3ef50863f8
PlantDoc,train,Corn leaf blight,train/Corn leaf blight/1-495x400.jpg,8c90b43c69cfae56
PlantDoc,train,Corn leaf blight,train/Corn leaf blight/1200px-Northern_corn_leaf_blight.JPG.jpg,c0e88cc63caf333d
PlantDoc,train,Corn leaf blight,train/Corn leaf blight/186116-325x209-Northern-Corn-Leaf-Blight-Chilvers.jpg,8f0e1f75c03111df
PlantDoc,train,Corn leaf blight,train/Corn leaf blight/2-3%20Gray%20leaf%20spot%20BRUCE.jpg,b29ad3d99ec1a189
PlantDoc,train,Corn leaf blight,train/Corn leaf blight/2014-07-23-corngosswilt.jpg,ef8913b570a948f2
PlantDoc,train,Corn leaf blight,train/Corn leaf blight/20140826_131630.jpg,c3db908bb7caa381
PlantDoc,train,Corn leaf blight,train/Corn leaf blight/20160812__13ST_xanthomonas~1.jpg,bda6016c867c0ee7
PlantDoc,train,Corn leaf blight,train/Corn leaf blight/20160826-corndisease-unlt.jpg,84c1146b7bd6aa4f
PlantDoc,train,Corn leaf blight,train/Corn leaf blight/203725159.jpg,9191f162ea6ba879
PlantDoc,train,Corn leaf blight,train/Corn leaf blight/2159_0.jpeg?itok=eBFRbolm.jpg,8865659c2bdab473
PlantDoc,train,Corn leaf blight,train/Corn leaf blight/220px-Sporulation_on_leaf.JPG.jpg,d08387afced4aa52
PlantDoc,train,Corn leaf blight,train/Corn leaf blight/24154194959_fd4b42edde_b.jpg,96ddad176e894a0a
PlantDoc,train,Corn leaf blight,train/Corn leaf blight/28380-1024x768.jpg,96423b9f4686eb29
PlantDoc,train,Corn leaf blight,train/Corn leaf blight/28430_rel.jpg,899a91f0ef15f0c6
PlantDoc,train,Corn leaf blight,train/Corn leaf blight/28430_web.jpg,899891f0ef17f0c6
PlantDoc,train,Corn leaf blight,train/Corn leaf blight/4885423651_3c983eaa16_b.jpg,9b10348fdcd538f4
PlantDoc,train,Corn leaf blight,train/Corn leaf blight/80102321.jpg,96931be34fdad101
PlantDoc,train,Corn leaf blight,train/Corn leaf blight/BacterialLeafStreakinCornImage1.png.jpg,ae04953fb3a4b694
PlantDoc,train,Corn leaf blight,train/Corn leaf blight/Bsglqj_IYAATS3C.jpg%2Blarge.jpg,a3346b4d982cdeb8
PlantDoc,train,Corn leaf blight,train/Corn leaf blight/CORN-DISEASE.jpg,e82f28dec19c661b
PlantDoc,train,Corn leaf blight,train/Corn leaf blight/CmyiAkUUIAAqSEa.jpg,de903e75e0e50a4e
PlantDoc,train,Corn leaf blight,train/Corn leaf blight/Cochliobolus_heterostrophus.jpg,d5901e2a7b0d3c7a
PlantDoc,train,Corn leaf blight,train/Corn leaf blight/Corn+Blight+1970+Fungus%3A+Southern+Corn+Leaf+Blight.jpg,b54a5ac52db568b2
PlantDoc,train,Corn leaf blight,train/Corn leaf blight/Corn-Disease-NCLB-A-Nelson-6-18-2015-F1.jpg,9229d4b4a6e39e9c
PlantDoc,train,Corn leaf blight,train/Corn leaf blight/Corn-GLS-Picture2-e1403817927977-1024x416.jpg,d686f61cf38cce20
PlantDoc,train,Corn leaf blight,train/Corn leaf blight/Corn-Gray-Leaf-Spot-7-31-F2.jpg,9f82eb45e49b007d
PlantDoc,train,Corn leaf blight,train/Corn leaf blight/Corn-NCLB.jpg,969e3d95562174ac
PlantDoc,train,Corn leaf blight,train/Corn leaf blight/Corn-disease-small-NCLB-lesions-A-Nelson-6-16-2015-F2.jpg,9d14d978c1a9750f
PlantDoc,train,Corn leaf blight,train/Corn leaf blight/Corn-gray-leaf-spot-8-14-15-F1.jpg,83e068a4f45dcb6d
PlantDoc,train,Corn leaf blight,train/Corn leaf blight/Corn-gray-leaf-spot-8-21.jpg,bd287faa31a26187
PlantDoc,train,Corn leaf blight,train/Corn leaf blight/Corn-gray-leaf-spot-F2-8-7-15.jpg,d8cb4a2b0bacb58b
PlantDoc,train,Corn leaf blight,train/Corn leaf blight/Corn-northern%20corn%20leaf%20blight-8-21.jpg,a31b6b70c886facc
PlantDoc,train,Corn leaf blight,train/Corn leaf blight/Corn020Fig2.jpg,d04f31977b8417e4
PlantDoc,train,Corn leaf blight,train/Corn leaf blight/Corn_Fig10.jpg,c9a760672e7067b8
PlantDoc,train,Corn leaf blight,train/Corn leaf blight/DSCN0119.jpg,fb9b0141617c9d36
PlantDoc,train,Corn leaf blight,train/Corn leaf blight/DSCN0128.jpg,c78718bc4a7b1cd8
PlantDoc,train,Corn leaf blight,train/Corn leaf blight/Erv-sprayed-4.jpg,8f9fe1a8f041ea86
PlantDoc,train,Corn leaf blight,train/Corn leaf blight/FJ_018_F16271-2.jpg,873c3e945a2b15f8
PlantDoc,train,Corn leaf blight,train/Corn leaf blight/Fig%201b%20BLS%20backlit%20new%20copy.jpg,f6be7ad5204916a4
PlantDoc,train,Corn leaf blight,train/Corn leaf blight/Fig1_Northern_corn_leaf_blight.JPG.jpg,9817bca97522db34
PlantDoc,train,Corn leaf blight,train/Corn leaf blight/Figure%202%20Foliar%20symptoms%20of%20similar%20diseases%20to%20Goss.jpg,cf5f9a4abe418843
PlantDoc,train,Corn leaf blight,train/Corn leaf blight/Figure%202.JPG.jpg,d48f4a472e5b2978
PlantDoc,train,Corn leaf blight,train/Corn leaf blight/Figure-2-.jpg,cc811bfe7cf842e0
PlantDoc,train,Corn leaf blight,train/Corn leaf blight/Freckles-in-older-lesion1.jpg,c9e7134092ecdea6
PlantDoc,train,Corn leaf blight,train/Corn leaf blight/GLSvsNCLB.jpg,d2d90d345a2eb927
PlantDoc,train,Corn leaf blight,train/Corn leaf blight/Henrycorn1.jpg,dad317ec683421e6
PlantDoc,train,Corn leaf blight,train/Corn leaf blight/IMG_1153.JPG.jpg,a115bc3c76983e78
PlantDoc,train,Corn leaf blight,train/Corn leaf blight/IMG_1347.JPG.jpg,d1c96e6c813594f6
PlantDoc,train,Corn leaf blight,train/Corn leaf blight/IMG_1385.jpg,ce21453b32f4e38e
PlantDoc,train,Corn leaf blight,train/Corn leaf blight/IMG_1468-431x323.JPG.jpg,e9463abd96da2225
PlantDoc,train,Corn leaf blight,train/Corn leaf blight/IMG_20140601_143916_7931.jpg,ced93e51e03f0326
PlantDoc,train,Corn leaf blight,train/Corn leaf blight/IMG_20140601_143928_0711.jpg,c90337e330ec731b
PlantDoc,train,Corn leaf blight,train/Corn leaf blight/IMG_42231.jpg,94666a994d251b3f
PlantDoc,train,Corn leaf blight,train/Corn leaf blight/Kelley%20NCLB.jpg,cbe041584475ffa3
PlantDoc,train,Corn leaf blight,train/Corn leaf blight/N.-Corn-Leaf-Blight-20lx3t9.jpg,d0d63a1f27874725
PlantDoc,train,Corn leaf blight,train/Corn leaf blight/NCLB-2.jpg,c2256ac35579675a
PlantDoc,train,Corn leaf blight,train/Corn leaf blight/NCLB6.jpg,e1bf1c2e21655ccc
PlantDoc,train,Corn leaf blight,train/Corn leaf blight/NoCornLeafBlight13b.jpg,87c83fb34d657141
PlantDoc,train,Corn leaf blight,train/Corn leaf blight/Northern-Corn-Blight.jpg,c5e3783aacb5c11a
PlantDoc,train,Corn leaf blight,train/Corn leaf blight/Northern-Corn-Leaf-Blight-Lesions.jpg,c1b301b67e374993
PlantDoc,train,Corn leaf blight,train/Corn leaf blight/Northern-Corn-Leaf-Blight-NCLB-med.jpg,f82c6fd2926a2fc0
PlantDoc,train,Corn leaf blight,train/Corn leaf blight/Northern-Corn-Leaf-Blight-in-Sweet-Corn.jpg,e82a6a6883fcd9a3
PlantDoc,train,Corn leaf blight,train/Corn leaf blight/Northern-Corn-Leaf-Blight.ashx.jpg,eea138605897e4af
PlantDoc,train,Corn leaf blight,train/Corn leaf blight/Northern-Corn-Leaf-Blight4.jpg,da1b63f03486e26e
PlantDoc,train,Corn leaf blight,train/Corn leaf blight/Northern-Corn-Leaf-Blight__4fbcb5158227.jpg,c2e05ebc4f35b0d4
PlantDoc,train,Corn leaf blight,train/Corn leaf blight/Northern-corn-leaf-blight-NM-F1a.jpg,9bdf43aeee000176
PlantDoc,train,Corn leaf blight,train/Corn leaf blight/Northern-corn-leaf-blight-NM-F2.jpg,cc811bfe7cf842e0
PlantDoc,train,Corn leaf blight,train/Corn leaf blight/Northern-corn-leaf-blight-V12-leaf-NM-F3.jpg,b9b884c34ffe410b
PlantDoc,train,Corn leaf blight,train/Corn leaf blight/Northern-corn-leaf-blight2_twitter.jpg,cdc7333376492cc8
PlantDoc,train,Corn leaf blight,train/Corn leaf blight/Northern-corn-leafblight.jpg,9d4d8ddd896961a2
PlantDoc,train,Corn leaf blight,train/Corn leaf blight/Northern-leaf-blight-in-corn.jpg,fc38264d4b495367
PlantDoc,train,Corn leaf blight,train/Corn leaf blight/NorthernCornLeafBlight.jpg,85509a2d3ff8c4b3
PlantDoc,train,Corn leaf blight,train/Corn leaf blight/Ontario-Field-Crop-Report_July_27_2017_f1-1024x768.jpg,993d7b06e2d49839
PlantDoc,train,Corn leaf blight,train/Corn leaf blight/P1000367.jpg,add68de295827a15
PlantDoc,train,Corn leaf blight,train/Corn leaf blight/P6120019.jpg,8c6807df59b34a96
PlantDoc,train,Corn leaf blight,train/Corn leaf blight/Risk+factors+for+Goss%E2%80%99s+wilt+and+leaf+blight+Percent+surface+residue.jpg,ccb333ce33cc34c8
PlantDoc,train,Corn leaf blight,train/Corn leaf blight/SAM_0376.JPG.jpg,b65ab6565cbc411c
PlantDoc,train,Corn leaf blight,train/Corn leaf blight/Slide1.preview.jpg,dce379a0a9309973
PlantDoc,train,Corn leaf blight,train/Corn leaf blight/Southern-Corn-Leaf-Blight-USDA.ashx?w=770.jpg,ac3631319c8ce79e
PlantDoc,train,Corn leaf blight,train/Corn leaf blight/Stewarts-Leaf-Blight-Phase-24.jpg,8cd4faa21796f2e0
PlantDoc,train,Corn leaf blight,train/Corn leaf blight/agriculture-crop-disease-northern-corn-leaf-blight-fungus-exserohilum-FRA00E.jpg,eea13060598ff1ec
PlantDoc,train,Corn leaf blight,train/Corn leaf blight/agriculture-crop-disease-northern-corn-leaf-blight-fungus-exserohilum-turcicum-closeup-of-lesions-on-corn-leaves-texas-usa-x74mbx.jpg,bb74ed258c5aa03a
PlantDoc,train,Corn leaf blight,train/Corn leaf blight/anthracnoseblight.jpg,89c66ea6135de236
PlantDoc,train,Corn leaf blight,train/Corn leaf blight/article-fungicides-northern-corn-leaf-blight.jpg,f90402f9e4cf7f20
PlantDoc,train,Corn leaf blight,train/Corn leaf blight/bacterial-corn-1.jpg,c92b411a563bdcf2
PlantDoc,train,Corn leaf blight,train/Corn leaf blight/bacterial-corn-300x300.jpg,c92b411a563bdcf2
PlantDoc,train,Corn leaf blight,train/Corn leaf blight/bacterial-leaf-streak-corn.jpg,9c60fd24de62eb30
PlantDoc,train,Corn leaf blight,train/Corn leaf blight/bacterial-leaf-streak-of-corn-450-F1.jpg,c87876b697938343
PlantDoc,train,Corn leaf blight,train/Corn leaf blight/bacterial-leaf-streak-of-corn.jpg,c39bccc6f0ccb245
PlantDoc,train,Corn leaf blight,train/Corn leaf blight/bls-lesions-tjz-hr.jpg,8dbbfe5f52c24050
PlantDoc,train,Corn leaf blight,train/Corn leaf blight/clip_image010.jpg,d0e51b8e5ad988f8
PlantDoc,train,Corn leaf blight,train/Corn leaf blight/corn-BLS-irregular-lesions.jpg,f6b8ed17505052f8
PlantDoc,train,Corn leaf blight,train/Corn leaf blight/corn-bacterial-leaf-streak-V4-AdamsCnty-THartman-F1a.jpg,82a996c3e07bcd66
PlantDoc,train,Corn leaf blight,train/Corn leaf blight/corn-bacterial-leaf-streak-backlit-severe-lesions.jpg,d2a53c486bed6507
PlantDoc,train,Corn leaf blight,train/Corn leaf blight/corn-bacterial-leaf-streak-f1.JPG.jpg,99e80f1fc2b54ba4
PlantDoc,train,Corn leaf blight,train/Corn leaf blight/corn-bacterial-leaf-streak-f4.jpg,97dfeb0c281da449
PlantDoc,train,Corn leaf blight,train/Corn leaf blight/corn-bacterial-leaf-streak-f7a-b.jpg,abf4100daf2b92ec
PlantDoc,train,Corn leaf blight,train/Corn leaf blight/corn-bacterial-leaf-streak-narrow-stripes.jpg,a56af27bc2a30e0d
PlantDoc,train,Corn leaf blight,train/Corn leaf blight/corn-bacterial-leaf-streak-zoomed.jpg,bf9fc8e81c8624d8
PlantDoc,train,Corn leaf blight,train/Corn leaf blight/corn-baterial-leaf-stripe-f1b.JPG.jpg,ae88aba1a10db57d
PlantDoc,train,Corn leaf blight,train/Corn leaf blight/corn-disease-update-fig-1-northern-leaf-blight.jpg,e8481f1f0b31f3c3
PlantDoc,train,Corn leaf blight,train/Corn leaf blight/corn-disease-update-fig-2-diplodia-leaf-streak1.jpg,d2162de5901a7bad
PlantDoc,train,Corn leaf blight,train/Corn leaf blight/corn-fig-1.jpg,c1a1439b27439fa7
PlantDoc,train,Corn leaf blight,train/Corn leaf blight/corn-fig-2.jpg,bb34c42f957b8341
PlantDoc,train,Corn leaf blight,train/Corn leaf blight/corn-gray-leaf-spot-f5.jpg,d4157df063e4e08d
PlantDoc,train,Corn leaf blight,train/Corn leaf blight/corn-large-wavy-Xanth-lesions-f3.jpg,c63ecb946ff02c81
PlantDoc,train,Corn leaf blight,train/Corn leaf blight/corn-leaf-scald-9a.jpg,f4ce2b95e2aaa416
PlantDoc,train,Corn leaf blight,train/Corn leaf blight/corn-leaf-scald-9c.jpg,959d78432f02f366
PlantDoc,train,Corn leaf blight,train/Corn leaf blight/corn-leaf-scald-9d.jpg,dba63aca286d046f
PlantDoc,train,Corn leaf blight,train/Corn leaf blight/corn-mature-bacterial-leaf-streak.jpg,cceb6e2e2a342a6a
PlantDoc,train,Corn leaf blight,train/Corn leaf blight/corn-northern-corn-leaf-blight-f6.jpg,cc85b1794b6a791c
PlantDoc,train,Corn leaf blight,train/Corn leaf blight/corn-northern-corn-leaf-blight.jpg,e06136cc9f3e0c8f
PlantDoc,train,Corn leaf blight,train/Corn leaf blight/corn-several-Holcus%20spot%20lesions-f4.jpg,9fa14814a5cf78e5
PlantDoc,train,Corn leaf blight,train/Corn leaf blight/corn-short-backlit-Xanth-lesions-halos-f2-.jpg,a49f0fe611e83359
PlantDoc,train,Corn leaf blight,train/Corn leaf blight/corn-short-backlit-Xanth-lesions-halos-f2.jpg,a49a0fe633e83659
PlantDoc,train,Corn leaf blight,train/Corn leaf blight/corn-stalk-rot-leaf-symptoms-F1.jpg.jpeg,d5f02c7f7a57a004
PlantDoc,train,Corn leaf blight,train/Corn leaf blight/corn1.jpg,d2162abf3dd2a9c0
PlantDoc,train,Corn leaf blight,train/Corn leaf blight/corn_disease_clip_image001_0003.jpg,bec1c1946c6b6b1a
PlantDoc,train,Corn leaf blight,train/Corn leaf blight/corn_gray_leaf_spot.jpg,83e268a4f455e96d
PlantDoc,train,Corn leaf blight,train/Corn leaf blight/cp_VA-123_northern_corn_leaf_blight_article.jpg,c2a811ccd92cf74f
PlantDoc,train,Corn leaf blight,train/Corn leaf blight/disease.jpg,863deb9f64c43330
PlantDoc,train,Corn leaf blight,train/Corn leaf blight/disease3.jpg,d52a15420fbd427f
PlantDoc,train,Corn leaf blight,train/Corn leaf blight/disease4.jpg,8e30de15941771af
PlantDoc,train,Corn leaf blight,train/Corn leaf blight/dsc5270.jpg,ccb9e39ce10cb313
PlantDoc,train,Corn leaf blight,train/Corn leaf blight/dsc5582.jpg,edb830eec909c566
PlantDoc,train,Corn leaf blight,train/Corn leaf blight/f7bd710e84db49829a918d85a2ff809c1.jpg,f414084b7f4f63c5
PlantDoc,train,Corn leaf blight,train/Corn leaf blight/fi00245.JPG.jpg,d0af174c21c175de
PlantDoc,train,Corn leaf blight,train/Corn leaf blight/ga-2015-05-20-nclb.jpg,e3c384f3aa0cfa16
PlantDoc,train,Corn leaf blight,train/Corn leaf blight/gls99-anamosa-400x334.jpg,a3f33c6c9186355c
PlantDoc,train,Corn leaf blight,train/Corn leaf blight/gosswilt_TMB.jpg,ea1e247929bc21f6
PlantDoc,train,Corn leaf blight,train/Corn leaf blight/gray-leaf-spot-lesions-F4.jpg,86cabb15178fcb88
PlantDoc,train,Corn leaf blight,train/Corn leaf blight/gray-leaf-spot-severe--.jpg,c0307093bfed096f
PlantDoc,train,Corn leaf blight,train/Corn leaf blight/helminthosporium-or-turcicum-leaf-stains-on-corn-leaf-disease-of-corn-plant-R5GR3C.jpg,9f9fa4806607ed58
PlantDoc,train,Corn leaf blight,train/Corn leaf blight/image.jpg,dbca62bf90c50e1a
PlantDoc,train,Corn leaf blight,train/Corn leaf blight/image393.jpg,d2dd104716996f87
PlantDoc,train,Corn leaf blight,train/Corn leaf blight/image_1500x1500%253E.jpeg?1473988930.jpg,d2b609cfe0cf7805
PlantDoc,train,Corn leaf blight,train/Corn leaf blight/image_1500x1500%253E.jpeg?1473988931.jpg,96f94e0a3ddfe008
PlantDoc,train,Corn leaf blight,train/Corn leaf blight/img_0099-2.jpg,dd9f98b6423e5062
PlantDoc,train,Corn leaf blight,train/Corn leaf blight/img_5593211e4bf88_49361.jpg,ffc880cf6e940cac
PlantDoc,train,Corn leaf blight,train/Corn leaf blight/leafblightcorn.jpg,aa0b0a8d1fd5995d
PlantDoc,train,Corn leaf blight,train/Corn leaf blight/nclb-2015-n-mcghee.jpg,e48768037fc12ed9
PlantDoc,train,Corn leaf blight,train/Corn leaf blight/nclb3_rob_factsheetimage.jpg,9e872ac5a85b13ae
PlantDoc,train,Corn leaf blight,train/Corn leaf blight/nclb3x1200.jpg,cc9c583d679460cf
PlantDoc,train,Corn leaf blight,train/Corn leaf blight/nclb4x1200.jpg,82e53d11e273ad27
PlantDoc,train,Corn leaf blight,train/Corn leaf blight/nclb7x1200.jpg,9ded82e29ec28b15
PlantDoc,train,Corn leaf blight,train/Corn leaf blight/ncls-2016-a-shirley.jpg,b49e22b24bf1926d
PlantDoc,train,Corn leaf blight,train/Corn leaf blight/ncorn_leaf_blight_0796_02.jpg,d8a6767b661928c5
PlantDoc,train,Corn leaf blight,train/Corn leaf blight/northern-corn-leaf-blight-exserohilum-turcicum-lesions-on-a-maize-BBFWRB.jpg,9de97234ad366512
PlantDoc,train,Corn leaf blight,train/Corn leaf blight/northern-corn-leaf-blight-exserohilum-turcicum-lesions-on-a-maize-BX3K2K.jpg,85c7e812fe6be114
PlantDoc,train,Corn leaf blight,train/Corn leaf blight/northern-corn-leaf-blight-exserohilum-turcicum-lesions-on-a-maize-leaf-south-africa-XDYJWY.jpg,d493fd078b3ed401
PlantDoc,train,Corn leaf blight,train/Corn leaf blight/northern-corn-leaf-blight-exserohilum-turcicum-lesions-on-a-maize-leaf-south-africa-xe3a7j.jpg,c83ea769e063b847
PlantDoc,train,Corn leaf blight,train/Corn leaf blight/northern-corn-leaf-blight__2c2cc7cec2c4.jpg,d9808fecc0c57f19
PlantDoc,train,Corn leaf blight,train/Corn leaf blight/northern_corn_leaf_blight_university_of_delaware-600x400.jpg,eac00d3a7962c767
PlantDoc,train,Corn leaf blight,train/Corn leaf blight/northern_leaf_blight.jpg,94ed8b5235c1fd18
PlantDoc,train,Corn leaf blight,train/Corn leaf blight/photo-7-004.jpg,93e4fb0cc0ee3f80
PlantDoc,train,Corn leaf blight,train/Corn leaf blight/possible-northerncornleafspot.jpg,d2929f2bc949e925
PlantDoc,train,Corn leaf blight,train/Corn leaf blight/rsz0731northernleafblightcigarshapedlesionsfig5.jpg,95c140cb8f493abf
PlantDoc,train,Corn leaf blight,train/Corn leaf blight/show_picture.asp?id=aaaaaaaaaanoroz&w=524.jpg,96ba56468e6cf885
PlantDoc,train,Corn leaf blight,train/Corn leaf blight/smaller-Septoria2.jpg,e160266cbc6f3c93
PlantDoc,train,Corn leaf blight,train/Corn leaf blight/stewartswilt.jpg,b0a1f691a05b65dd
PlantDoc,train,Corn leaf blight,train/Corn leaf blight/stock-photo-northern-corn-leaf-blight-nclb-is-a-foliar-disease-of-corn-maize-caused-by-exserohilum-turcicum-592778840.jpg,871961c7d899331f
PlantDoc,train,Corn leaf blight,train/Corn leaf blight/stock-photo-northern-corn-leaf-blight-nclb-is-a-foliar-disease-of-corn-maize-caused-by-exserohilum-turcicum-592778861.jpg,d9e2c826a54aee1d
PlantDoc,train,Corn leaf blight,train/Corn leaf blight/stock-photo-northern-corn-leaf-blight-nclb-is-a-foliar-disease-of-corn-maize-caused-by-exserohilum-turcicum-592778870.jpg,9911e74ee122b93b
PlantDoc,train,Corn leaf blight,train/Corn leaf blight/stock-photo-northern-corn-leaf-blight-nclb-is-a-foliar-disease-of-corn-maize-caused-by-exserohilum-turcicum-592778882.jpg,ae1caa439567d217
PlantDoc,train,Corn leaf blight,train/Corn leaf blight/swcdg1-e1482969712678-300x188.jpg,84c33f3d09db986c
PlantDoc,train,Corn leaf blight,train/Corn leaf blight/swcdg1.jpg,931664636bf53169
PlantDoc,train,Corn leaf blight,train/Corn leaf blight/sweetcorn_Northern-corn-leaf-blight_zoom.jpg,810e3fe25e515cf1
PlantDoc,train,Corn rust leaf,train/Corn rust leaf/36687400253_a227c2ca28_b.jpg,c46819877f362cd3
PlantDoc,train,Corn rust leaf,train/Corn rust leaf/37310253326_7f32b316d1_b.jpg,b530d601c96ea1ef
PlantDoc,train,Corn rust leaf,train/Corn rust leaf/37310253806_04fee91918_b.jpg,c0c86944a6657edf
PlantDoc,train,Corn rust leaf,train/Corn rust leaf/37356969601_4208f8bb7f_b.jpg,b3bba93c06f0bb01
PlantDoc,train,Corn rust leaf,train/Corn rust leaf/5833328024_724f1df3f2_b.jpg,cad27029b1b53d8e
PlantDoc,train,Corn rust leaf,train/Corn rust leaf/COURTESY_southernrust-greyleaf.jpg,b4a61c82e3f01fe3
PlantDoc,train,Corn rust leaf,train/Corn rust leaf/Common-rust-east-central-Indiana.jpg,ab2c23ac93c87d2e
PlantDoc,train,Corn rust leaf,train/Corn rust leaf/Common-rust-of-corn-Tedford.jpg,fe9c301133337666
PlantDoc,train,Corn rust leaf,train/Corn rust leaf/Corn%20Common%20Rust.png.jpg,d03ed2b89e6886d9
PlantDoc,train,Corn rust leaf,train/Corn rust leaf/Corn-Common-Rust-300x225.jpg,afd0e0c0f30780ff
PlantDoc,train,Corn rust leaf,train/Corn rust leaf/Corn-Common-Rust.jpg,afd0e0c0f30780ff
PlantDoc,train,Corn rust leaf,train/Corn rust leaf/Corn-Rusts-wKBishop-story-622x467.jpg,b08fc0f1f4e51d19
PlantDoc,train,Corn rust leaf,train/Corn rust leaf/Corn-Southern-Rust-7-17-F1.jpg,9197737da5012d8b
PlantDoc,train,Corn rust leaf,train/Corn rust leaf/Corn-southern-rust-C-Schleicher-7-31-F1.jpg,e7d12391d8c231db
PlantDoc,train,Corn rust leaf,train/Corn rust leaf/Corn-southern-rust-F1%20%281%29.jpg,899059dc1bce2a6f
PlantDoc,train,Corn rust leaf,train/Corn rust leaf/Corn-southern-rust-advanced-F1b-8-7-15.jpg,93e72aa3a950d17a
PlantDoc,train,Corn rust leaf,train/Corn rust leaf/Corn-southern-rust-early-F1a-8-7-15.jpg,86d827987f2af138
PlantDoc,train,Corn rust leaf,train/Corn rust leaf/CornRust1.jpg,86aea85e7da55912
PlantDoc,train,Corn rust leaf,train/Corn rust leaf/CornRustFS1.jpg,b5922e8f416a2ec7
PlantDoc,train,Corn rust leaf,train/Corn rust leaf/CornRustFS3.jpg,b42e117e307d0f55
PlantDoc,train,Corn rust leaf,train/Corn rust leaf/Faske%20Southern%20rust%20of%20corn.jpg,e253f6b4723c0569
PlantDoc,train,Corn rust leaf,train/Corn rust leaf/Fig3_Common_rust.JPG.jpg,97517a0f217c7782
PlantDoc,train,Corn rust leaf,train/Corn rust leaf/Figure%201%20Common%20rust%20on%20a%20corn.jpg,9c3fb30c8887f3d0
PlantDoc,train,Corn rust leaf,train/Corn rust leaf/Figure%201%20common%20rust%20on%20corn.jpg,970b6560777143f8
PlantDoc,train,Corn rust leaf,train/Corn rust leaf/Figure%201%20early%20southern%20rust.JPG.jpg,d2c638e41c358fb5
PlantDoc,train,Corn rust leaf,train/Corn rust leaf/Figure%201a%20%20early%20symptoms%20S%20rust.jpg,e7479f3f80689f00
PlantDoc,train,Corn rust leaf,train/Corn rust leaf/Figure%202a%20older%20S%20rust%20pustules.jpg,e27abf40b86fb104
PlantDoc,train,Corn rust leaf,train/Corn rust leaf/Figure-12.jpg,ee8878f21b475c54
PlantDoc,train,Corn rust leaf,train/Corn rust leaf/Figure-4-stripe-rust.jpg,f139d1784323a4e7
PlantDoc,train,Corn rust leaf,train/Corn rust leaf/GetStoredImage?symbolicName=originalX19261YsiteXDTNYcatalogXcatalog%20&category=CMS.jpg,fd932a05d47e5905
PlantDoc,train,Corn rust leaf,train/Corn rust leaf/IMG_1360-1.jpg,f51f13a63e24386a
PlantDoc,train,Corn rust leaf,train/Corn rust leaf/IMG_1376-300x300.jpg,9e5cbd813a425787
PlantDoc,train,Corn rust leaf,train/Corn rust leaf/IMG_1762.jpg,abb4cb241b0f653a
PlantDoc,train,Corn rust leaf,train/Corn rust leaf/IMG_1841.jpg,cdb969c1b5849666
PlantDoc,train,Corn rust leaf,train/Corn rust leaf/IMG_20130620_190316.jpg,96d86357bc0177c4
PlantDoc,train,Corn rust leaf,train/Corn rust leaf/IMG_5011-15vruqb.jpg,d487943ebaaaa3a2
PlantDoc,train,Corn rust leaf,train/Corn rust leaf/Ontario-Field-Crop-Report_July_27_2017_f2-1024x768.jpg,d84f0c084adc3ff5
PlantDoc,train,Corn rust leaf,train/Corn rust leaf/Resized_DSC_0191_Rust-Closeup.jpg,dad083dffc48404f
PlantDoc,train,Corn rust leaf,train/Corn rust leaf/SCR-2015.jpg,c9e53a0584a7f07d
PlantDoc,train,Corn rust leaf,train/Corn rust leaf/SCR.jpg,c0c14d8f9e9cfa49
PlantDoc,train,Corn rust leaf,train/Corn rust leaf/STANDALONE_Southern-corn-rust_01-WEB.jpg,8f44f6e927f0d0a1
PlantDoc,train,Corn rust leaf,train/Corn rust leaf/So-Corn-Rust.jpg,d4e2fab09e090e8f
PlantDoc,train,Corn rust leaf,train/Corn rust leaf/Southern%20corn%20rust.ashx?w=600.jpg,e438731919c3cec7
PlantDoc,train,Corn rust leaf,train/Corn rust leaf/Southern%20rust.jpg,c6d5eb4aa02b5db0
PlantDoc,train,Corn rust leaf,train/Corn rust leaf/Southern-Corn-Rust.ashx?w=770.jpg,ee3468cd37c03cf0
PlantDoc,train,Corn rust leaf,train/Corn rust leaf/Southern-Corn-Rust1.jpg,a8b4d2935393794d
PlantDoc,train,Corn rust leaf,train/Corn rust leaf/Southern-Rust4-300x200.jpg,d5a154cc473d27c5
PlantDoc,train,Corn rust leaf,train/Corn rust leaf/Southern-rust-2_Wise.jpg,cbf4a9025569d565
PlantDoc,train,Corn rust leaf,train/Corn rust leaf/Southern-rust-underside-of-leaf-1.jpg,d9d33393c0743672
PlantDoc,train,Corn rust leaf,train/Corn rust leaf/Southern-rust-upper-side-of-leaf-with-pustules-1.jpg,84eb6861b39d333c
PlantDoc,train,Corn rust leaf,train/Corn rust leaf/SouthernRustLeaf.png.jpg,8b9621e793594f68
PlantDoc,train,Corn rust leaf,train/Corn rust leaf/common-rust-in-field-300x200.jpg,e3baef0588ee05a8
PlantDoc,train,Corn rust leaf,train/Corn rust leaf/common-rust-lower-leaf-side.jpg,8d090b4707df2fc6
PlantDoc,train,Corn rust leaf,train/Corn rust leaf/common-rust-upper-leaf-side.jpg,80a0173f353a357f
PlantDoc,train,Corn rust leaf,train/Corn rust leaf/common-rust3.jpg,d52557c634c227f1
PlantDoc,train,Corn rust leaf,train/Corn rust leaf/commonrust-2016-a-shirley.jpg,eac54efd04a0bcb4
PlantDoc,train,Corn rust leaf,train/Corn rust leaf/commonrust2-1024x768.jpg,c07e09fc0f8f1c6c
PlantDoc,train,Corn rust leaf,train/Corn rust leaf/corn%20rust.jpg,d9f958634b904357
PlantDoc,train,Corn rust leaf,train/Corn rust leaf/corn-common-rust-f5-R.jpg,ff7e20a392b224a5
PlantDoc,train,Corn rust leaf,train/Corn rust leaf/corn-diseases-fig-1-so-rust.jpg,de867e063c0e8cce
PlantDoc,train,Corn rust leaf,train/Corn rust leaf/corn-diseases-fig-2-tar-spot.jpg,a36183a5a3c793b5
PlantDoc,train,Corn rust leaf,train/Corn rust leaf/corn-leaf-rust.jpg,baa39e38093f1d61
PlantDoc,train,Corn rust leaf,train/Corn rust leaf/corn-rust-2.jpg,cecf1db83ad07181
PlantDoc,train,Corn rust leaf,train/Corn rust leaf/corn-rust-3.jpg,954a6f92ba9541b5
PlantDoc,train,Corn rust leaf,train/Corn rust leaf/corn-rust-4.jpg,f4dc088b6fcb406b
PlantDoc,train,Corn rust leaf,train/Corn rust leaf/corn-rust-5.jpg,c69b3995b2703cb8
PlantDoc,train,Corn rust leaf,train/Corn rust leaf/corn-rust-6_19_17-image.jpg,eda12296c21e39dd
PlantDoc,train,Corn rust leaf,train/Corn rust leaf/corn-rust-disease-pests-leaf-260nw-1038062233.jpg,c0363865bb5abe1a
PlantDoc,train,Corn rust leaf,train/Corn rust leaf/corn-rust.jpg,8c99b64eab8b5781
PlantDoc,train,Corn rust leaf,train/Corn rust leaf/corn-southern-rust-2.jpg,884b692526a4fdd7
PlantDoc,train,Corn rust leaf,train/Corn rust leaf/corn-southern-rust-pustules.JPG?itok=VXIzyv8m.jpg,b0cbe80e15687bdc
PlantDoc,train,Corn rust leaf,train/Corn rust leaf/corn-southern-rust-spores.jpg,98fca0a48387df1e
PlantDoc,train,Corn rust leaf,train/Corn rust leaf/corn_rust.jpg,c6c2275e65134de6
PlantDoc,train,Corn rust leaf,train/Corn rust leaf/corn_rust1_l.jpg,dab6f247f9901c18
PlantDoc,train,Corn rust leaf,train/Corn rust leaf/disease.JPG.jpg,d995b5aaaa8c55b0
PlantDoc,train,Corn rust leaf,train/Corn rust leaf/disease1.jpg,e67f1527242e55a2
PlantDoc,train,Corn rust leaf,train/Corn rust leaf/disease2.jpg,c0bb965d9c18e99c
PlantDoc,train,Corn rust leaf,train/Corn rust leaf/g14-1680-1.jpg,bbd006a6fb485b16
PlantDoc,train,Corn rust leaf,train/Corn rust leaf/g14-1680-6.jpg,8df50c6232273775
PlantDoc,train,Corn rust leaf,train/Corn rust leaf/ga-2015-06-01-crust-02.jpg,94943bed51ea4363
PlantDoc,train,Corn rust leaf,train/Corn rust leaf/imag4090.jpg,9847f8267fc621d8
PlantDoc,train,Corn rust leaf,train/Corn rust leaf/image1.jpg,8a552e8fd551c3e8
PlantDoc,train,Corn rust leaf,train/Corn rust leaf/imgF.jpg,e3c794e190858fb3
PlantDoc,train,Corn rust leaf,train/Corn rust leaf/markjones-corn-001.jpg,c2059c57ca55ceb5
PlantDoc,train,Corn rust leaf,train/Corn rust leaf/plant-rust-southern-rust-on-corn-leaf-plant-diseases-rust-of-wheat.jpg,d492a2a3ab3b3c2e
PlantDoc,train,Corn rust leaf,train/Corn rust leaf/ppth-friskop-1-corn-rust.png.jpg,ffd7a45d9700b410
PlantDoc,train,Corn rust leaf,train/Corn rust leaf/pu_polysora.jpg,d93949d8666e82ba
PlantDoc,train,Corn rust leaf,train/Corn rust leaf/rust-3.jpg,d8af407cf4cce119
PlantDoc,train,Corn rust leaf,train/Corn rust leaf/rust.jpg,956a6a694d65596c
PlantDoc,train,Corn rust leaf,train/Corn rust leaf/rust1_600px-2emtnhc.jpg,d098b879a30e9eea
PlantDoc,train,Corn rust leaf,train/Corn rust leaf/sevc.jpg,916403a777b5f2b0
PlantDoc,train,Corn rust leaf,train/Corn rust leaf/southern-rust-2.jpg,a7f06f473a1e3818
PlantDoc,train,Corn rust leaf,train/Corn rust leaf/southern-rust-als.jpg,d6362e6f4b665241
PlantDoc,train,Corn rust leaf,train/Corn rust leaf/southern-rust-close.jpg,d76864a3e1f1212f
PlantDoc,train,Corn rust leaf,train/Corn rust leaf/southern-rust-lower-side.jpg,9e40b3d06b1bce27
PlantDoc,train,Corn rust leaf,train/Corn rust leaf/southern-rust-upper-side-576x1024.jpg,ce8270f7034abd9a
PlantDoc,train,Corn rust leaf,train/Corn rust leaf/southernrust-seminole-june1.jpg,ac369856ab6d146e
PlantDoc,train,Corn rust leaf,train/Corn rust leaf/southernrust.jpg,89641f8434d7f17c
PlantDoc,train,Corn rust leaf,train/Corn rust leaf/southernrust1.png.jpg,cd8f3e786b230750
PlantDoc,train,Corn rust leaf,train/Corn rust leaf/stock-photo-rust-disease-in-corn-field-119923045.jpg,e94b43934bcb62a5
PlantDoc,train,Corn rust leaf,train/Corn rust leaf/swcdg3.jpg,962a569af3b825a9
PlantDoc,train,Corn rust leaf,train/Corn rust leaf/swcdg4.jpg,9cad696b0b12aaf2
PlantDoc,train,Corn rust leaf,train/Corn rust leaf/sweetcorn_Rust-2_zoom.jpg,97d24e2bc9c33954
PlantDoc,train,Corn rust leaf,train/Corn rust leaf/sweetcorn_Rust-3_zoom.jpg,80f07e8f3036eb8d
PlantDoc,train,Corn rust leaf,train/Corn rust leaf/uuid%3Db547b743-d1a1-4788-86dc-8e90ad17e170%26groupId%3D1841%26t%3D1375243802648.jpg,f5fa755cd0c0d0a4
PlantDoc,train,Corn rust leaf,train/Corn rust leaf/web1_cusoutherncornrust.jpg,d093215b367f70a6
PlantDoc,train,Peach leaf,train/Peach leaf/0052.jpg,e0b81b1fdefc600a
PlantDoc,train,Peach leaf,train/Peach leaf/020.JPG.jpg,fd7ce0db388e1809
PlantDoc,train,Peach leaf,train/Peach leaf/0pe.jpg,a2a587a7f694b492
PlantDoc,train,Peach leaf,train/Peach leaf/0peach.jpg,a83a6c8e36af219b
PlantDoc,train,Peach leaf,train/Peach leaf/1200px-Illustration_Prunus_persica0.jpg,8370b4dec7c3cc25
PlantDoc,train,Peach leaf,train/Peach leaf/1343.jpg,febc8011ad731d86
PlantDoc,train,Peach leaf,train/Peach leaf/1737796_orig.jpg,fe6ea7b5d0c0c484
PlantDoc,train,Peach leaf,train/Peach leaf/17558-peach-and-leaves.jpg,f94cd3b08d335272
PlantDoc,train,Peach leaf,train/Peach leaf/1921.jpg,cfb86e3b4559828c
PlantDoc,train,Peach leaf,train/Peach leaf/22+August+2013+008-1.jpg,b227a8a4f8edf281
PlantDoc,train,Peach leaf,train/Peach leaf/22+August+2013+010-1.jpg,bde292bcc28724f8
PlantDoc,train,Peach leaf,train/Peach leaf/24570793-peach-leaf.jpg,bed2e13dc33892c1
PlantDoc,train,Peach leaf,train/Peach leaf/300117.jpg,9c502e7b603b67b8
PlantDoc,train,Peach leaf,train/Peach leaf/300117_1.jpg,d54a126ff21837a5
PlantDoc,train,Peach leaf,train/Peach leaf/366.jpg,ccdd694664627794
PlantDoc,train,Peach leaf,train/Peach leaf/3939-960x960.jpg,96b07b4ac48dcf13
PlantDoc,train,Peach leaf,train/Peach leaf/3940-960x960.jpg,901733d3cc637752
PlantDoc,train,Peach leaf,train/Peach leaf/6uo5q.jpg,95ea1de00bbcf0c3
PlantDoc,train,Peach leaf,train/Peach leaf/78517936.jpg,88d2993dd30937bc
PlantDoc,train,Peach leaf,train/Peach leaf/79a24e562c768cd993776c518b238eed--storyboard-toe.jpg,ae85fa05e407f50e
PlantDoc,train,Peach leaf,train/Peach leaf/DSC02329.jpg,efd001fa46de250b
PlantDoc,train,Peach leaf,train/Peach leaf/DSCN1913.JPG.jpg,89ebe0925a51dba5
PlantDoc,train,Peach leaf,train/Peach leaf/Dwarf-Red-Leaf-Peach-leaves-closeup.jpg,afebc468f0c89961
PlantDoc,train,Peach leaf,train/Peach leaf/H2c1o.jpg,9de924b413171b5b
PlantDoc,train,Peach leaf,train/Peach leaf/P1010703.JPG.jpg,ad959f7504ca4e83
PlantDoc,train,Peach leaf,train/Peach leaf/P1015750.JPG.jpg,d4b107eea0c9dc4e
PlantDoc,train,Peach leaf,train/Peach leaf/P1015775.JPG.jpg,f74896a05ca57da1
PlantDoc,train,Peach leaf,train/Peach leaf/Peach-Leaf__3e557ad64269.jpg,c4c4e663eb49e985
PlantDoc,train,Peach leaf,train/Peach leaf/Peach-Pixzee-tree.jpg,dc4faf2792a12711
PlantDoc,train,Peach leaf,train/Peach leaf/Peach-leaves.jpg,84cf777089b741c9
PlantDoc,train,Peach leaf,train/Peach leaf/Peach_leaves_raw.jpg,ecd80727772e08cb
PlantDoc,train,Peach leaf,train/Peach leaf/Peachleaf-Willow-leaf-1.jpg,ce652a9ab16c4fc1
PlantDoc,train,Peach leaf,train/Peach leaf/Stephanes-Babcock-peach.Few-branches-without-any-leaves.jpg,bdd84b337d113035
PlantDoc,train,Peach leaf,train/Peach leaf/Sweet-September-Yellow-Peach.jpg,ece1c31cc593966c
PlantDoc,train,Peach leaf,train/Peach leaf/depositphotos_140609182-stock-photo-beauty-peach-with-leaf.jpg,e962969cc2d2cd39
PlantDoc,train,Peach leaf,train/Peach leaf/depositphotos_31403089-stock-photo-ripe-peach-with-leaf.jpg,e31b96c8c8e5c666
PlantDoc,train,Peach leaf,train/Peach leaf/depositphotos_4009139-stock-photo-ripe-peach-with-leaves.jpg,edc3921c8e399965
PlantDoc,train,Peach leaf,train/Peach leaf/depositphotos_50812601-stock-photo-peach-leaf-isolated-on-white.jpg,b0cc8e326339c79d
PlantDoc,train,Peach leaf,train/Peach leaf/depositphotos_6870648-stock-photo-ripe-peach-fruit-with-leaves.jpg,ead3958c966b2934
PlantDoc,train,Peach leaf,train/Peach leaf/depositphotos_88236122-stock-photo-peach-leaf-isolated-on-white.jpg,bf91c36f846cc894
PlantDoc,train,Peach leaf,train/Peach leaf/dsc06413.jpg,e79c4f92c6436391
PlantDoc,train,Peach leaf,train/Peach leaf/foodjuly2011+026.jpg,c53939a4db96ed40
PlantDoc,train,Peach leaf,train/Peach leaf/fresh-peach-fruits-green-leaves-15654533.jpg,b96cc6b1c0ce37c1
PlantDoc,train,Peach leaf,train/Peach leaf/fresh-peach-green-leaf-3346348.jpg,f86ac39d8d921cd2
PlantDoc,train,Peach leaf,train/Peach leaf/image_original.jpeg?1473123508.jpg,b16caa93f2e8e858
PlantDoc,train,Peach leaf,train/Peach leaf/peach-1024x754.jpg,dce1231e34f2f918
PlantDoc,train,Peach leaf,train/Peach leaf/peach-and-leaf-stock-image-2809274.jpg,bec0c0bf48ba3dc2
PlantDoc,train,Peach leaf,train/Peach leaf/peach-and-leaf-stock-image-2809275.jpg,e89491bb43875c9e
PlantDoc,train,Peach leaf,train/Peach leaf/peach-and-leaf-stock-picture-2809277.jpg,b8c7059a43a5569f
PlantDoc,train,Peach leaf,train/Peach leaf/peach-and-nectarine-leaves.jpg,8d458bd746af886c
PlantDoc,train,Peach leaf,train/Peach leaf/peach-leaf-11810082.jpg,bde6c26d0d9299c1
PlantDoc,train,Peach leaf,train/Peach leaf/peach-leaf-1677674.jpg,d456eb09e12cce65
PlantDoc,train,Peach leaf,train/Peach leaf/peach-leaf-isolated-white-background-39426456.jpg,eb9e9569869c9c30
PlantDoc,train,Peach leaf,train/Peach leaf/peach-leaf-isolated-white-background-42295151.jpg,ebe3943861c53a78
PlantDoc,train,Peach leaf,train/Peach leaf/peach-leaf-isolated-white-background-42295196.jpg,ba68c59731694e72
PlantDoc,train,Peach leaf,train/Peach leaf/peach-leaf-isolated-white-background-43668230.jpg,a66ccd939136664d
PlantDoc,train,Peach leaf,train/Peach leaf/peach-leaf-stock-picture-855439.jpg,ca61174ff512da2c
PlantDoc,train,Peach leaf,train/Peach leaf/peach-leaf-white-background-40292976.jpg,e0c6c7388a6d9973
PlantDoc,train,Peach leaf,train/Peach leaf/peach-leaf__0571261a682b.jpg,fef290c693ad9091
PlantDoc,train,Peach leaf,train/Peach leaf/peach-leaves-18058413.jpg,9a1af3d3c5b80ce4
PlantDoc,train,Peach leaf,train/Peach leaf/peach-leaves-26807890.jpg,e646eb7b920a9a1c
PlantDoc,train,Peach leaf,train/Peach leaf/peach-leaves-isolated-white-background-43668179.jpg,a6bcc8e3341d4be4
PlantDoc,train,Peach leaf,train/Peach leaf/peach-leaves-isolated-white-background-43668233.jpg,bab4804ec7b91a79
PlantDoc,train,Peach leaf,train/Peach leaf/peach-prunus-persica-roter-ellerstaedter-prunus-persica-roter-ellerstaedter-DAM2J4.jpg,fead499d6780618a
PlantDoc,train,Peach leaf,train/Peach leaf/peach-tree-leaf-3-1024x681.jpg,85eb3d32d3bcc818
PlantDoc,train,Peach leaf,train/Peach leaf/peach-tree-trunk-new-leaf-18757494.jpg,aa9d1b3868b47f03
PlantDoc,train,Peach leaf,train/Peach leaf/peach-with-leaf-isolated-on-white-picture-id466696757.jpg,f8968568d361ce27
PlantDoc,train,Peach leaf,train/Peach leaf/peach-with-leaf-picture-id124561113.jpg,eece915992349d25
PlantDoc,train,Peach leaf,train/Peach leaf/peach-with-leaves-stock-image-1765504.jpg,eb9994ac4abe38c2
PlantDoc,train,Peach leaf,train/Peach leaf/peach-with-leaves-stock-picture-1662209.jpg,fca4c77a30f00ed4
PlantDoc,train,Peach leaf,train/Peach leaf/peach-with-leaves-stock-picture-1662453.jpg,ecb1928645eb4e99
PlantDoc,train,Peach leaf,train/Peach leaf/peach-with-leaves-stock-picture-1721709.jpg,e6cac1b418da7999
PlantDoc,train,Peach leaf,train/Peach leaf/peach.jpg,bf8aa8522a52afd1
PlantDoc,train,Peach leaf,train/Peach leaf/peach_tree_20100523.jpg,82d0f5d6f48ed2a2
PlantDoc,train,Peach leaf,train/Peach leaf/peaches-growing-in-tree.jpg,d1fdbe7a24611194
PlantDoc,train,Peach leaf,train/Peach leaf/peaches-w-leaves.jpg,b5dc58ef6a01056b
PlantDoc,train,Peach leaf,train/Peach leaf/product_Peach-leaf.jpg,b63dc5618ce7a126
PlantDoc,train,Peach leaf,train/Peach leaf/ripe-peach-fresh-red-tree-green-leaves-57508021.jpg,aa4ac1e26d87827f
PlantDoc,train,Peach leaf,train/Peach leaf/stock-photo-fresh-peach-fruits-with-green-leaves-isolated-on-white-background-59305621.jpg,b9ccc631c0ce33cb
PlantDoc,train,Peach leaf,train/Peach leaf/stock-photo-peach-fresh-peach-with-green-leaf-isolated-on-white-background-548680618.jpg,bfe2c00f1bb03ce1
PlantDoc,train,Peach leaf,train/Peach leaf/stock-photo-peach-fruit-isolated-on-white-332799767.jpg,ef4b90b48ac23c97
PlantDoc,train,Peach leaf,train/Peach leaf/stock-photo-peach-fruits-with-leaf-isolated-on-white-background-639972919.jpg,bc33c1c80fc79c87
PlantDoc,train,Peach leaf,train/Peach leaf/stock-photo-peach-leaf-collection-isolated-on-white-236633248.jpg,be788d07d08e836d
PlantDoc,train,Peach leaf,train/Peach leaf/stock-photo-peach-leaf-isolated-363604259.jpg,aee46597538931e2
PlantDoc,train,Peach leaf,train/Peach leaf/stock-photo-peach-leaf-isolated-370117730.jpg,bea3619c589d59e0
PlantDoc,train,Peach leaf,train/Peach leaf/stock-photo-peach-leaf-isolated-on-white-background-195325289.jpg,eab5c1ca918e3a96
PlantDoc,train,Peach leaf,train/Peach leaf/stock-photo-peach-leaf-isolated-on-white-background-198744794.jpg,b8b1cbcc34c32db2
PlantDoc,train,Peach leaf,train/Peach leaf/stock-photo-peach-leaf-isolated-on-white-background-207823156.jpg,e68c58c3349d5be4
PlantDoc,train,Peach leaf,train/Peach leaf/stock-photo-peach-leaf-isolated-on-white-background-254975221.jpg,bf9f94e4c2639121
PlantDoc,train,Peach leaf,train/Peach leaf/stock-photo-peach-leaves-isolated-203326555.jpg,b6ec499311b6668d
PlantDoc,train,Peach leaf,train/Peach leaf/stock-photo-peach-leaves-isolated-on-white-background-298277570.jpg,fbaf40cb868430bb
PlantDoc,train,Peach leaf,train/Peach leaf/stock-photo-peach-leaves-isolated-on-white-background-302224460.jpg,b9e31d8cf0b2438b
PlantDoc,train,Peach leaf,train/Peach leaf/stock-photo-peach-leaves-isolated-on-white-background-529501441.jpg,edede426915ac390
PlantDoc,train,Peach leaf,train/Peach leaf/stock-photo-peach-leaves-isolated-on-white-background-618456884.jpg,fc65850e933a4ec3
PlantDoc,train,Peach leaf,train/Peach leaf/stock-photo-peach-wet-fruit-with-leaf-isolated-on-white-248733745.jpg,be0ec4e193990dce
PlantDoc,train,Peach leaf,train/Peach leaf/stock-photo-peach-with-leaf-699537772.jpg,ed4bc0259f969c92
PlantDoc,train,Peach leaf,train/Peach leaf/stock-photo-peach-with-leaf-isolated-on-white-168119267.jpg,fa9e8568dac14e26
PlantDoc,train,Peach leaf,train/Peach leaf/stock-photo-peach-with-leaf-isolated-on-white-with-clipping-path-494602609.jpg,bb6fc190d2c88d8d
PlantDoc,train,Peach leaf,train/Peach leaf/stock-photo-peach-with-leaves-isolated-on-white-246532954.jpg,e89395e85e864a8f
PlantDoc,train,Peach leaf,train/Peach leaf/stock-photo-single-peach-with-leaves-on-a-white-background-111042830.jpg,e998d4c31bbe6889
PlantDoc,train,Peach leaf,train/Peach leaf/stock-photo-two-peach-leaves-isolated-on-white-311533217.jpg,a66cc9c39e98999a
PlantDoc,train,Peach leaf,train/Peach leaf/stock-photo-two-sides-of-peach-leaf-isolate-on-white-17407162.jpg,eb95d18b14ac6e86
PlantDoc,train,Peach leaf,train/Peach leaf/two-peach-leaves-isolated-on-white-picture-id519433636.jpg,a66cc9939e98989b
PlantDoc,train,Potato leaf early blight,train/Potato leaf early blight/00009.jpg,d8ac0e7baf2de014
PlantDoc,train,Potato leaf early blight,train/Potato leaf early blight/0042241.jpg,e7cb33926cce4912
PlantDoc,train,Potato leaf early blight,train/Potato leaf early blight/0061.jpg,f20419477fd25ec8
PlantDoc,train,Potato leaf early blight,train/Potato leaf early blight/1024_x_576_-_alternaria_early_infection_symptoms_spreading.jpg,db9c2599466baac4
PlantDoc,train,Potato leaf early blight,train/Potato leaf early blight/1024px-Phytophthora_infestans_potato_%27Dor%C3%A9%27%2C_aardappelziekte_Dor%C3%A9.jpg,d1e06cb4587e1778
PlantDoc,train,Potato leaf early blight,train/Potato leaf early blight/1200px-Late_blight_on_potato_leaf_2.jpg,d5492039cacbce3e
PlantDoc,train,Potato leaf early blight,train/Potato leaf early blight/1421_0.jpeg?itok=FMtmgePj.jpg,aad89505d277cb2a
PlantDoc,train,Potato leaf early blight,train/Potato leaf early blight/14321627273_58d893c3e2_potato-plant.jpg,cb0f3e786420636f
PlantDoc,train,Potato leaf early blight,train/Potato leaf early blight/1573852-Early-Blight-e1515624612559.jpg,e4f539b969809672
PlantDoc,train,Potato leaf early blight,train/Potato leaf early blight/15hrt15a1f1.jpg,8c9f18741bc5f919
PlantDoc,train,Potato leaf early blight,train/Potato leaf early blight/18028_1.jpg,abd546420b2e6ee9
PlantDoc,train,Potato leaf early blight,train/Potato leaf early blight/20080710-early%2Bblight%2Blesions%2Bwith%2Byellow%2Bhaloes.jpg,aae2949c47d1e52e
PlantDoc,train,Potato leaf early blight,train/Potato leaf early blight/20100816earlyblight.jpg,c8326c695375de51
PlantDoc,train,Potato leaf early blight,train/Potato leaf early blight/21-late%20blight-early%20symptoms%20potato.jpg,85582dd77465f883
PlantDoc,train,Potato leaf early blight,train/Potato leaf early blight/2643371-version%3D1.0%26t%3D1260361493000.jpg,c0292dfa36247ea7
PlantDoc,train,Potato leaf early blight,train/Potato leaf early blight/27013702151_95bd415ba9_o.jpg,f00f3729cd64d8e2
PlantDoc,train,Potato leaf early blight,train/Potato leaf early blight/2D1A9552.jpg,c49d0ad63d6a3cf0
PlantDoc,train,Potato leaf early blight,train/Potato leaf early blight/2OBH_29_Gardening_early_blight.jpg,c2470afc169879f5
PlantDoc,train,Potato leaf early blight,train/Potato leaf early blight/36-early-blight-concentric-rings.jpg,da6f3ea67a22414c
PlantDoc,train,Potato leaf early blight,train/Potato leaf early blight/3785483636_d888419c98_o.jpg,e747832c18d29cb7
PlantDoc,train,Potato leaf early blight,train/Potato leaf early blight/45035_1.jpg,891af4a31adde48e
PlantDoc,train,Potato leaf early blight,train/Potato leaf early blight/500px-Tomato_Early_Blight_Leaf.jpg,c1959ddb7aca9821
PlantDoc,train,Potato leaf early blight,train/Potato leaf early blight/5688742112_147f33b89d_Phytophthora-Infestans.jpg,d5b5a8cac96c3269
PlantDoc,train,Potato leaf early blight,train/Potato leaf early blight/5816740026_d42ef24413_Phytophthora-Infestans.jpg,cfc3708b92570ba5
PlantDoc,train,Potato leaf early blight,train/Potato leaf early blight/80109626.jpg,8747761e235ba871
PlantDoc,train,Potato leaf early blight,train/Potato leaf early blight/87A_Pot_Early.jpg,d16e3339685c234f
PlantDoc,train,Potato leaf early blight,train/Potato leaf early blight/AF_news_p4_p5_p6_Blight.jpg,bc8c5e0ca2f83e17
PlantDoc,train,Potato leaf early blight,train/Potato leaf early blight/AGS-154646-S-5801.jpg,92d7dd7066097259
PlantDoc,train,Potato leaf early blight,train/Potato leaf early blight/B2650214-Potato_leaf_blight-SPL.jpg,979d6c60086fd947
PlantDoc,train,Potato leaf early blight,train/Potato leaf early blight/Blght.jpg,d6969ed0f10cc86e
PlantDoc,train,Potato leaf early blight,train/Potato leaf early blight/Blight-leaf-.jpg,c21a4afb27493f85
PlantDoc,train,Potato leaf early blight,train/Potato leaf early blight/Close-up-view-of-blight-lesion-on-leaf-of-potato-c-Blackthorn-Arable-615x346.jpg,c29082a72d4fcfd6
PlantDoc,train,Potato leaf early blight,train/Potato leaf early blight/EB%20lesions1_opt.jpeg.jpg,cdb47265651fa20d
PlantDoc,train,Potato leaf early blight,train/Potato leaf early blight/Early%20Blight%20-%20Potatoes.ashx?w=350.jpg,9b8b6aeaa7216361
PlantDoc,train,Potato leaf early blight,train/Potato leaf early blight/Early-Blight-Leaves-56a348bf3df78cf7727cb35e.jpg,fc7c83a0cc93c42f
PlantDoc,train,Potato leaf early blight,train/Potato leaf early blight/Early-Blight-UK-A.jpg,85d310d25fc70abe
PlantDoc,train,Potato leaf early blight,train/Potato leaf early blight/Early_Blight_of_Tomato177.jpg,878f6a5e7c5a5070
PlantDoc,train,Potato leaf early blight,train/Potato leaf early blight/Early_blight_on_tomato_leaves_7871930010-Fairfax.jpg,a972378c98259ced
PlantDoc,train,Potato leaf early blight,train/Potato leaf early blight/IMG_0014.jpg,f483cba19e3c6386
PlantDoc,train,Potato leaf early blight,train/Potato leaf early blight/IMG_0020.jpg,e9b0ce896ccc9366
PlantDoc,train,Potato leaf early blight,train/Potato leaf early blight/IMG_0022.jpg,af9783dad8c18958
PlantDoc,train,Potato leaf early blight,train/Potato leaf early blight/IMG_9055.JPG.jpg,8bd7345d23ec2564
PlantDoc,train,Potato leaf early blight,train/Potato leaf early blight/Leaves-with-early-blight-need-to-be-removed-225x300.jpg,c3193c9c31e3c79a
PlantDoc,train,Potato leaf early blight,train/Potato leaf early blight/PHYTIN23.img.jpg,b0c9ff8f40503e2b
PlantDoc,train,Potato leaf early blight,train/Potato leaf early blight/Potato-Blight-Infecting-Leaves.jpg,cadd98232f499d26
PlantDoc,train,Potato leaf early blight,train/Potato leaf early blight/Potato-Blight-on-Leaves.jpg,c1c016ea0b5ff64b
PlantDoc,train,Potato leaf early blight,train/Potato leaf early blight/Potato-blight-leaves-B.jpg,b9d7c0381bd2ec68
PlantDoc,train,Potato leaf early blight,train/Potato leaf early blight/Potato-blight-on-leaf.jpg,d0d72cee753a8912
PlantDoc,train,Potato leaf early blight,train/Potato leaf early blight/Potato-earlyblight2.jpg,c2774bc90f683f28
PlantDoc,train,Potato leaf early blight,train/Potato leaf early blight/Potato_Blight_Leaf.jpg,d64d63ca8cb5213b
PlantDoc,train,Potato leaf early blight,train/Potato leaf early blight/Potato_Early_Blight_%26_Late_Blight.jpg,ba7fb7904662c928
PlantDoc,train,Potato leaf early blight,train/Potato leaf early blight/a_solani.jpg,8db5686b35546b91
PlantDoc,train,Potato leaf early blight,train/Potato leaf early blight/agriculture-potato-early-blight-leaf-symptoms-on-a-potato-leaf-caused-picture-id586884353.jpg,9ae86de0dc47a4aa
PlantDoc,train,Potato leaf early blight,train/Potato leaf early blight/alternaria%20%2824%29.JPG.jpg,c29a3e4f7a447866
PlantDoc,train,Potato leaf early blight,train/Potato leaf early blight/backus-045-potato-blight.jpg,9cd860fcdd0636d1
PlantDoc,train,Potato leaf early blight,train/Potato leaf early blight/blight-2x.jpg,cde5c5638707be08
PlantDoc,train,Potato leaf early blight,train/Potato leaf early blight/blight-leaf-top.jpg,bc1ad333c499638e
PlantDoc,train,Potato leaf early blight,train/Potato leaf early blight/blighted-potatoe-leave.jpg,aa8bd7c6a4b41ca9
PlantDoc,train,Potato leaf early blight,train/Potato leaf early blight/cq5dam.web.16-9.8.jpg,86b6743a6de54983
PlantDoc,train,Potato leaf early blight,train/Potato leaf early blight/early%20blight.tom_.jpg,eaf28242d4f3e09e
PlantDoc,train,Potato leaf early blight,train/Potato leaf early blight/early-blight-2.jpg,d5591c9dc98c2f34
PlantDoc,train,Potato leaf early blight,train/Potato leaf early blight/early-blight-alternaria-alternata-leaf-spotting-on-potato-leaf-ACG5WF.jpg,d5952b6af6258516
PlantDoc,train,Potato leaf early blight,train/Potato leaf early blight/early-blight-closeup-NCSU.jpg,df2d6250e79ce8c0
PlantDoc,train,Potato leaf early blight,train/Potato leaf early blight/early-blight-cmyk-opt.jpeg.jpg,83584f8739dc0f74
PlantDoc,train,Potato leaf early blight,train/Potato leaf early blight/early-blight-courtesy-Melanson-MS-State-U-Ext-Bugwood.jpg,d5623aa4c95ae9a5
PlantDoc,train,Potato leaf early blight,train/Potato leaf early blight/early-blight-or-target-spot-alternaria-solani-lesions-on-a-tomato-by9j8r.jpg,d42be414bb52ad47
PlantDoc,train,Potato leaf early blight,train/Potato leaf early blight/early-blight-or-targfet-spot-alternaria-solani-lesions-on-a-tomato-ACG8W6.jpg,97a962916f2c2dd2
PlantDoc,train,Potato leaf early blight,train/Potato leaf early blight/early-blight-potatoes.jpg,cb0d6b9d6112658f
PlantDoc,train,Potato leaf early blight,train/Potato leaf early blight/early-blight-septoria-ls-fig-1.jpg,f8051772e5e9289e
PlantDoc,train,Potato leaf early blight,train/Potato leaf early blight/early_blight1.jpg,915b1a297dc560af
PlantDoc,train,Potato leaf early blight,train/Potato leaf early blight/earlyblight21.jpg,ade1329ae12ea965
PlantDoc,train,Potato leaf early blight,train/Potato leaf early blight/eb2.jpg,9af22e4d135289de
PlantDoc,train,Potato leaf early blight,train/Potato leaf early blight/f1078eef6945e3430829706f84bf70c0.jpg,c07f6023b6da71d8
PlantDoc,train,Potato leaf early blight,train/Potato leaf early blight/f204d9b6516c961f48502e0b7ae3f746.jpg,caac58230db79bb1
PlantDoc,train,Potato leaf early blight,train/Potato leaf early blight/fac66s01a.jpg,d5904c97abad5853
PlantDoc,train,Potato leaf early blight,train/Potato leaf early blight/fac66s01h.jpg,fac8882be8b83dc5
PlantDoc,train,Potato leaf early blight,train/Potato leaf early blight/fi000294.jpg,c2fc6583bee2608d
PlantDoc,train,Potato leaf early blight,train/Potato leaf early blight/home-design.jpg,ded20ed2ad11954e
PlantDoc,train,Potato leaf early blight,train/Potato leaf early blight/irish-blight-symptoms-on-potato-leaves-atmf8b.jpg,f56dc7909c92854e
PlantDoc,train,Potato leaf early blight,train/Potato leaf early blight/maxresdefault.jpg,e2ea3cac06835f87
PlantDoc,train,Potato leaf early blight,train/Potato leaf early blight/pe-mi-lateblightleaf.jpg,e51e1b40d6540efb
PlantDoc,train,Potato leaf early blight,train/Potato leaf early blight/potato-blight-damage-on-leaves-caused-by-fungus-phytophthora-picture-id505322893.jpg,d930367d0835b74b
PlantDoc,train,Potato leaf early blight,train/Potato leaf early blight/potato-blight-leaf.jpg,e836c6c69e399949
PlantDoc,train,Potato leaf early blight,train/Potato leaf early blight/potato-blight-phytophora-infestans-close-up-of-infected-leaf-showing-A60HXN__79aeef9fa53b.jpg,d0be1e8c6ec066f2
PlantDoc,train,Potato leaf early blight,train/Potato leaf early blight/potato-blight-phytophora-infestans-close-up-of-infected-leaf-showing-a60hxn__0ea1317f5e20.jpg,d03e1e4c8e40f67b
PlantDoc,train,Potato leaf early blight,train/Potato leaf early blight/potato-blight-phytophora-infestans-close-up-of-infected-leaf-top-surface-a60hxg.jpg,851f6d41e34df22c
PlantDoc,train,Potato leaf early blight,train/Potato leaf early blight/potato-blight-phytophthora-infestans-close-up-of-upper-surface-of-bmmrxd.jpg,a3d5bd42d23ccb22
PlantDoc,train,Potato leaf early blight,train/Potato leaf early blight/potato-blight-phytophthora-infestans-showing-infected-leaf-top-surface-bmmrtd.jpg,a253d90cbf4d658c
PlantDoc,train,Potato leaf early blight,train/Potato leaf early blight/potato-blight-showing-on-potato-plant-leaves-KJ70DB.jpg,83937061e5b66e27
PlantDoc,train,Potato leaf early blight,train/Potato leaf early blight/potato-early-blight-alternaria-alternata-discreet-lesions-on-a-potato-BY651F.jpg,81d53d8fe034ef22
PlantDoc,train,Potato leaf early blight,train/Potato leaf early blight/potato-early-blight-alternaria-alternata-lesion-on-a-potato-leaf-X96EFD.jpg,8aae2f3bf0398361
PlantDoc,train,Potato leaf early blight,train/Potato leaf early blight/potato-early-blight-alternaria-alternata-lesions-on-a-potato-leaf-by650f.jpg,815e3a67c91bd649
PlantDoc,train,Potato leaf early blight,train/Potato leaf early blight/potato-early-blight-alternaria-alternata-lesions-on-potato-leaf-XDF64E.jpg,d212330b7a26cff4
PlantDoc,train,Potato leaf early blight,train/Potato leaf early blight/potato-early-blight-alternaria-alternata-target-spot-lesion-on-a-potato-leaf-x63fwh.jpg,d595ad49b2669926
PlantDoc,train,Potato leaf early blight,train/Potato leaf early blight/potato-early-blight-alternaria-alternata-target-spot-lesions-on-a-by64yw.jpg,b067713e87729d50
PlantDoc,train,Potato leaf early blight,train/Potato leaf early blight/potato-early-blight-lesion-on-a-potato-leaf-picture-id81781211.jpg,80c0789e7739c6f9
PlantDoc,train,Potato leaf early blight,train/Potato leaf early blight/potato_alternaria_03_zoom.jpg,c8cf7b543648a53a
PlantDoc,train,Potato leaf early blight,train/Potato leaf early blight/potato_alternaria_04_zoom.jpg,8383e4891b737277
PlantDoc,train,Potato leaf early blight,train/Potato leaf early blight/potato_early-blight_01_zoom.jpg,a399a436929adb66
PlantDoc,train,Potato leaf early blight,train/Potato leaf early blight/potato_early-blight_02_zoom.jpg,a23bc4f9dae16984
PlantDoc,train,Potato leaf early blight,train/Potato leaf early blight/potato_early-blight_03_zoom.jpg,d94c1aac5f9374c1
PlantDoc,train,Potato leaf early blight,train/Potato leaf early blight/potato_early-blight_04_zoom.jpg,819363780ef179bc
PlantDoc,train,Potato leaf early blight,train/Potato leaf early blight/potato_early-blight_05_zoom.jpg,d9860a3934fc9ad9
PlantDoc,train,Potato leaf early blight,train/Potato leaf early blight/potato_early-blight_06_zoom.jpg,938fd1a0acef1c0b
PlantDoc,train,Potato leaf early blight,train/Potato leaf early blight/potatoaltkc.jpg,af618725d25acab4
PlantDoc,train,Potato leaf early blight,train/Potato leaf early blight/potatoearlyblight.jpg,c55379ed65e02a58
PlantDoc,train,Potato leaf early blight,train/Potato leaf early blight/potatoearlyblightcloseup_pdc.jpg,8c53b46b68ae0afc
PlantDoc,train,Potato leaf early blight,train/Potato leaf early blight/potatolb_full_leafx1200.jpg,eca6c792d09a9b61
PlantDoc,train,Potato leaf early blight,train/Potato leaf early blight/potatolb_small_leaf_lesionx1200.jpg,e31c915dd59a168b
PlantDoc,train,Potato leaf late blight,train/Potato leaf late blight/14321627273_58d893c3e2_b.jpg,cb0f3e786420636f
PlantDoc,train,Potato leaf late blight,train/Potato leaf late blight/22-late%20blight-advanced%20symptoms%20potato.jpg,8046f1f86e74dac6
PlantDoc,train,Potato leaf late blight,train/Potato leaf late blight/24064_1.jpg,abd546420b2e6ee9
PlantDoc,train,Potato leaf late blight,train/Potato leaf late blight/24847793510_7859b46a3d.jpg,dace53cb38b64819
PlantDoc,train,Potato leaf late blight,train/Potato leaf late blight/2619_600.jpg,9937208376d9675c
PlantDoc,train,Potato leaf late blight,train/Potato leaf late blight/286_1600.jpg,868d7fbf7820e023
PlantDoc,train,Potato leaf late blight,train/Potato leaf late blight/2976_1600.jpg,fd4b5b78042e919c
PlantDoc,train,Potato leaf late blight,train/Potato leaf late blight/3720946948_339251cc94_z.jpg,df827a7e8dc00e38
PlantDoc,train,Potato leaf late blight,train/Potato leaf late blight/3782849713_398f3a1086_b.jpg,e9837c7f248434a7
PlantDoc,train,Potato leaf late blight,train/Potato leaf late blight/39-late-blight-mold.jpg,827b3d0fa1d06b1b
PlantDoc,train,Potato leaf late blight,train/Potato leaf late blight/4-late-blight-cmyk-opt.jpeg.jpg,d2d52ee92ee62e20
PlantDoc,train,Potato leaf late blight,train/Potato leaf late blight/4442_1600.jpg,d5b7165277e06a42
PlantDoc,train,Potato leaf late blight,train/Potato leaf late blight/460_1600.jpg,931a39cfc731488f
PlantDoc,train,Potato leaf late blight,train/Potato leaf late blight/6-13lateblightleavesMARY.jpg,cfb8522da1c7e262
PlantDoc,train,Potato leaf late blight,train/Potato leaf late blight/6a00d8341c4fe353ef011571354632970c-800wi.jpg,85a83d07255c6b9f
PlantDoc,train,Potato leaf late blight,train/Potato leaf late blight/B2650062-Potato_late_blight-SPL.jpg,940d6c4e87b3e3b4
PlantDoc,train,Potato leaf late blight,train/Potato leaf late blight/B2750121-Potato_late_blight-SPL.jpg,8e5a6570b58e5963
PlantDoc,train,Potato leaf late blight,train/Potato leaf late blight/Blog-3.jpg,94a37ad6392a6fa0
PlantDoc,train,Potato leaf late blight,train/Potato leaf late blight/CzFxqKtWEAA4U3g.jpg,d591b8dc364d7886
PlantDoc,train,Potato leaf late blight,train/Potato leaf late blight/IMG_0019.jpg,f4b1cfc2d0a46e1a
PlantDoc,train,Potato leaf late blight,train/Potato leaf late blight/IMG_5358.jpg,e24a9db4654f6127
PlantDoc,train,Potato leaf late blight,train/Potato leaf late blight/IMG_5390.jpg,8c5279367b29e8a5
PlantDoc,train,Potato leaf late blight,train/Potato leaf late blight/IMG_5813-1024x768.jpg,f8980c4dc03ed4df
PlantDoc,train,Potato leaf late blight,train/Potato leaf late blight/Jessore-potato-late-blight-8-2h2fdkl.jpg,837f42aaf32354e4
PlantDoc,train,Potato leaf late blight,train/Potato leaf late blight/LB_potato_leaf_topside.jpg,9bb337b8cb001c67
PlantDoc,train,Potato leaf late blight,train/Potato leaf late blight/Late+Blight+of+Potato+and+Tomato.jpg,d2cf25342933de1c
PlantDoc,train,Potato leaf late blight,train/Potato leaf late blight/Late+blight+on+potato.jpg,891af4a31adde48e
PlantDoc,train,Potato leaf late blight,train/Potato leaf late blight/Late-Blight-336x437.jpg,95ff6a81b946d01a
PlantDoc,train,Potato leaf late blight,train/Potato leaf late blight/Late-Blight-56a34bc55f9b58b7d0d15210.jpg,c5316fde27a8d0c8
PlantDoc,train,Potato leaf late blight,train/Potato leaf late blight/Late-blight-infected-potato-plants_2.jpg,d79ab1c4c074fe14
PlantDoc,train,Potato leaf late blight,train/Potato leaf late blight/Late-blight-leaves_261x240.jpg,b3f80473c69d634a
PlantDoc,train,Potato leaf late blight,train/Potato leaf late blight/Late-blight-on-leaf-email.jpg,85a03e9f32dbb189
PlantDoc,train,Potato leaf late blight,train/Potato leaf late blight/Late-blight.jpg,c9872e7d8734f182
PlantDoc,train,Potato leaf late blight,train/Potato leaf late blight/LateBlight02.jpg,9aa70c697d9bc027
PlantDoc,train,Potato leaf late blight,train/Potato leaf late blight/LateBlight03.jpg,978f7850678e2d0d
PlantDoc,train,Potato leaf late blight,train/Potato leaf late blight/LateBlight13.jpg,f64c0ab339a8e7e0
PlantDoc,train,Potato leaf late blight,train/Potato leaf late blight/LateBlightFig3new.jpg,c2fcce0b88495977
PlantDoc,train,Potato leaf late blight,train/Potato leaf late blight/Late_blight_on_potato_leaf.jpg,936793c6d264366c
PlantDoc,train,Potato leaf late blight,train/Potato leaf late blight/Late_blight_on_potato_leaf_3-58bcf5055f9b58af5c27bf74.jpg,d56e7293d920af44
PlantDoc,train,Potato leaf late blight,train/Potato leaf late blight/Lateblight.jpg,d0c504f3dc99b35a
PlantDoc,train,Potato leaf late blight,train/Potato leaf late blight/Potato-Late-Blight-3-06202014.jpeg.jpg,f33b93e052c6a46c
PlantDoc,train,Potato leaf late blight,train/Potato leaf late blight/Potato-late-blight-008.jpg,8ed8258e3ccd93a6
PlantDoc,train,Potato leaf late blight,train/Potato leaf late blight/Potato-late-blight-caused-by-Phytophthora-infestans_Q320.jpg,c183922fb7522dd6
PlantDoc,train,Potato leaf late blight,train/Potato leaf late blight/Potato-late-blight-in-field-trial-1.jpg,d0cb272584563aef
PlantDoc,train,Potato leaf late blight,train/Potato leaf late blight/PotatoLateBlight2.jpg,9bb337b8cb001c67
PlantDoc,train,Potato leaf late blight,train/Potato leaf late blight/Symptom_potato_late_blight.jpg,cf3b6e813459701e
PlantDoc,train,Potato leaf late blight,train/Potato leaf late blight/White-mould-potato-blight.jpg,ff3f3891643c44e0
PlantDoc,train,Potato leaf late blight,train/Potato leaf late blight/b3a52d4eda0deedc34260c4dee847a5b.jpg,c3b8dea778942d50
PlantDoc,train,Potato leaf late blight,train/Potato leaf late blight/backus-056-potato-blight.jpg,d7787c9178032dc6
PlantDoc,train,Potato leaf late blight,train/Potato leaf late blight/blight-on-potato-leaves.jpg,dac7ed6c32181ae1
PlantDoc,train,Potato leaf late blight,train/Potato leaf late blight/cropped-symptom_potato_late_blight.jpg,857fc713b067d842
PlantDoc,train,Potato leaf late blight,train/Potato leaf late blight/d4fc0f56-da2e-4d7e-9a22-2430b562eeee.jpeg.jpg,94a57827290fbd9a
PlantDoc,train,Potato leaf late blight,train/Potato leaf late blight/dsc_8151s.jpg,d924167b18be4be2
PlantDoc,train,Potato leaf late blight,train/Potato leaf late blight/early_blight.jpg,c3b8dea778942d50
PlantDoc,train,Potato leaf late blight,train/Potato leaf late blight/fi000293.jpg,9ce215de61ae3394
PlantDoc,train,Potato leaf late blight,train/Potato leaf late blight/fig1a_500.jpg,f4bc683be383862c
PlantDoc,train,Potato leaf late blight,train/Potato leaf late blight/figure-7-gudmestad-opt.jpeg.jpg,955b388d4a2c76cb
PlantDoc,train,Potato leaf late blight,train/Potato leaf late blight/foliar_late_blight.jpg,87807e0e8e1eee27
PlantDoc,train,Potato leaf late blight,train/Potato leaf late blight/gcp_A-2_Late_Blight_of_potatoes_callout1.jpg,d70b4574aeb329a2
PlantDoc,train,Potato leaf late blight,train/Potato leaf late blight/late-blight-leaf-figure1.jpg,c2353dcaf8a78718
PlantDoc,train,Potato leaf late blight,train/Potato leaf late blight/late-blight-leaf.jpg,d02f4f2deac9049e
PlantDoc,train,Potato leaf late blight,train/Potato leaf late blight/late-blight-leaves.jpg,82dd9990e4ed49e6
PlantDoc,train,Potato leaf late blight,train/Potato leaf late blight/late-blight-lesions-potato-leaf-miller-research-809.jpg,9e9d7cb468a06137
PlantDoc,train,Potato leaf late blight,train/Potato leaf late blight/late-blight-midwest_twitter.jpg,93786e3c3c3331c6
PlantDoc,train,Potato leaf late blight,train/Potato leaf late blight/late-blight-on-potato-leaf-550.jpg,ceb285d06187a2bf
PlantDoc,train,Potato leaf late blight,train/Potato leaf late blight/late-blight-potato.jpg,cea5e578e1b26152
PlantDoc,train,Potato leaf late blight,train/Potato leaf late blight/late.jpg,c78c31cb4c3dda19
PlantDoc,train,Potato leaf late blight,train/Potato leaf late blight/late_blight.jpg,849169765a8f9de8
PlantDoc,train,Potato leaf late blight,train/Potato leaf late blight/late_blight_potato_leaf_500.jpg,89cf21a95b65663c
PlantDoc,train,Potato leaf late blight,train/Potato leaf late blight/lateblight1.JPG.jpg,ff22e1bb9861ca0c
PlantDoc,train,Potato leaf late blight,train/Potato leaf late blight/lateblight2.JPG.jpg,e9adc1363cb247c8
PlantDoc,train,Potato leaf late blight,train/Potato leaf late blight/lateblight8.jpg,8ce5545f7a0aa738
PlantDoc,train,Potato leaf late blight,train/Potato leaf late blight/lateblightleaf.jpg,821a3c2edbdb5346
PlantDoc,train,Potato leaf late blight,train/Potato leaf late blight/lateblightlesions_1.jpg,de0b50fa8cb5283e
PlantDoc,train,Potato leaf late blight,train/Potato leaf late blight/lb4_l.jpg,c40e1f993961f0e7
PlantDoc,train,Potato leaf late blight,train/Potato leaf late blight/lb7_l.jpg,dace2f39dc2d8484
PlantDoc,train,Potato leaf late blight,train/Potato leaf late blight/phytophthora-infestans-late-blight-or-potato-blight-on-the-haulm-of-E29H6G.jpg,879b7be0711170c7
PlantDoc,train,Potato leaf late blight,train/Potato leaf late blight/phytophthora-infestans-late-blight-or-potato-blight-on-the-haulm-of-EHW1RD.jpg,c5a617943c91c87f
PlantDoc,train,Potato leaf late blight,train/Potato leaf late blight/phytophthora-infestans-potato-blight-first-foliar-symptoms-on-solanum-EJKRCK.jpg,9bbc315bd19378a0
PlantDoc,train,Potato leaf late blight,train/Potato leaf late blight/potato-blight-phytophora-infestans-close-up-of-infected-leaf-top-surface-A60HXG.jpg,859e6dc1634dfa24
PlantDoc,train,Potato leaf late blight,train/Potato leaf late blight/potato-late-blight-phytophthora-infestans-lesions-on-potato-foliage-X4XJF4.jpg,828e2c1dff51671c
PlantDoc,train,Potato leaf late blight,train/Potato leaf late blight/potato-late-blight-phytophthora-infestans-lesions-on-potato-foliage-a1w19k.jpg,d77b7948e814b249
PlantDoc,train,Potato leaf late blight,train/Potato leaf late blight/potato-late-blight-phytophthora-infestans-necrotic-disease-lesions-B7DEW3.jpg,c1a73aa4e61bb516
PlantDoc,train,Potato leaf late blight,train/Potato leaf late blight/potato-late-blight-phytophthora-infestans-necrotic-disease-lesions-B7G2EC.jpg,ceb0b31d382eba0b
PlantDoc,train,Potato leaf late blight,train/Potato leaf late blight/potato-late-blight-symptom-on-leaves-PGB5H9.jpg,bbd690886db6528b
PlantDoc,train,Potato leaf late blight,train/Potato leaf late blight/potato-late-blight-symptom-on-leaves-PGB5NJ.jpg,a5b4c8c371bb668c
PlantDoc,train,Potato leaf late blight,train/Potato leaf late blight/potato-solanum-tuberosum-late-blight.jpg,ad2f520d0f9cc378
PlantDoc,train,Potato leaf late blight,train/Potato leaf late blight/potato_late-blight_02_zoom.jpg,96954a7768ab49a5
PlantDoc,train,Potato leaf late blight,train/Potato leaf late blight/potato_late-blight_05_zoom.jpg,8b49f0bc62784eb3
PlantDoc,train,Potato leaf late blight,train/Potato leaf late blight/potato_late-blight_07_zoom.jpg,81be7bf8317870c1
PlantDoc,train,Potato leaf late blight,train/Potato leaf late blight/potato_late-blight_08_zoom.jpg,8082596ca69dc7df
PlantDoc,train,Potato leaf late blight,train/Potato leaf late blight/potato_ocw_botrytis-lateblight.jpg,f266ee40cd43cc4b
PlantDoc,train,Potato leaf late blight,train/Potato leaf late blight/potato_ocw_lateblight-earlyblight.jpg,a0079f1bee3480fd
PlantDoc,train,Potato leaf late blight,train/Potato leaf late blight/potatolb_branchx500.jpg,e1b942c69c7b23cc
PlantDoc,train,Potato leaf late blight,train/Potato leaf late blight/potatolb_symptoms_meg-cornell_300x225.jpg,f8f5c0121f2567d8
PlantDoc,train,Potato leaf late blight,train/Potato leaf late blight/potatolb_upper_leafcux1200.jpg,e1146a19d23d9cf9
PlantDoc,train,Potato leaf late blight,train/Potato leaf late blight/wur-late-blight-in-potato-809.jpg,86b8f6483a4a5fb2
PlantDoc,train,Raspberry leaf,train/Raspberry leaf/1-flowering-raspberry.jpg,96d22227170f6a6f
PlantDoc,train,Raspberry leaf,train/Raspberry leaf/1029980206_21e73f8c57.jpg,d07d2d7e28b59849
PlantDoc,train,Raspberry leaf,train/Raspberry leaf/1200-534476178-bee-pollinate-flower-of-raspberry.jpg,d16d1cf626e94919
PlantDoc,train,Raspberry leaf,train/Raspberry leaf/12972raspberry_leaf.jpg,f393cd0c46946e93
PlantDoc,train,Raspberry leaf,train/Raspberry leaf/140626%20Tiny%20Tree%20frog%20on%20raspberry%20leaf%20%281%29_0.jpg,b47149cf22c68cbb
PlantDoc,train,Raspberry leaf,train/Raspberry leaf/171322132-56a6d3693df78cf7729070d3.jpg,c8322f4c38b93bb5
PlantDoc,train,Raspberry leaf,train/Raspberry leaf/18183295-H.jpg,c34a6ec293776654
PlantDoc,train,Raspberry leaf,train/Raspberry leaf/20130515+008.jpg,80cd65b1cacb3d47
PlantDoc,train,Raspberry leaf,train/Raspberry leaf/24049d1216854408-spots-raspberry-leaves-dscf1561.jpg,bcf3a5f050831f1c
PlantDoc,train,Raspberry leaf,train/Raspberry leaf/2904.jpg,fb7f3cfa05310409
PlantDoc,train,Raspberry leaf,train/Raspberry leaf/2905.jpg,e919d4f79785424c
PlantDoc,train,Raspberry leaf,train/Raspberry leaf/483255d3dc56a615ebaa5b424309913c--raspberry-plants-red-raspberry.jpg,bd90cc7ca733f104
PlantDoc,train,Raspberry leaf,train/Raspberry leaf/4cffdc67492014fcf2c5f34b0565fad7.jpg,ca67e5118e9658f8
PlantDoc,train,Raspberry leaf,train/Raspberry leaf/5-leaf-berry-1-2.jpg,9be55b72cc404ca7
PlantDoc,train,Raspberry leaf,train/Raspberry leaf/53840458-raspberry-leaf.jpg,efb4c04b9c763161
PlantDoc,train,Raspberry leaf,train/Raspberry leaf/579a1aa0c6b3fd0354d1a6b57a40ac42--red-raspberry-medicinal-plants.jpg,c3674d03afe1129d
PlantDoc,train,Raspberry leaf,train/Raspberry leaf/5944718_f1024.jpg,efdba096932e7104
PlantDoc,train,Raspberry leaf,train/Raspberry leaf/608e975059eb73da53ec9bf95362b153.jpg,d6a53887f0bc1e0b
PlantDoc,train,Raspberry leaf,train/Raspberry leaf/800px_COLOURBOX4311119.jpg,af0fc0b0b86d3e0e
PlantDoc,train,Raspberry leaf,train/Raspberry leaf/Bee29A.jpg,d2763d6a7c804ce9
PlantDoc,train,Raspberry leaf,train/Raspberry leaf/Beetles-Berry_3998.jpg,959435d5e4f8f818
PlantDoc,train,Raspberry leaf,train/Raspberry leaf/Black%20raspberry%20late%20leaf%20rust%2008F.JPG.jpg,d00f000f073e3f7f
PlantDoc,train,Raspberry leaf,train/Raspberry leaf/Black%20raspberry%20late%20leaf%20rust%20top%20view05F.JPG.jpg,90e73bdc70ba60a9
PlantDoc,train,Raspberry leaf,train/Raspberry leaf/Blackberry-black-raspberry-1024x707.jpg,9ece7078ea1a64b4
PlantDoc,train,Raspberry leaf,train/Raspberry leaf/Blackberry-black-raspberry1-1024x440.jpg,f3b468db92660636
PlantDoc,train,Raspberry leaf,train/Raspberry leaf/Blackberry-black-raspberry2-1024x606.jpg,816b392bcc3d7817
PlantDoc,train,Raspberry leaf,train/Raspberry leaf/Blackberry-black-raspberry3-1024x665.jpg,b49b3b86c686459b
PlantDoc,train,Raspberry leaf,train/Raspberry leaf/DC77r.jpg,d9d4472f5080776b
PlantDoc,train,Raspberry leaf,train/Raspberry leaf/DSC_0492.JPG.jpg,a53c43c32b3e9ca3
PlantDoc,train,Raspberry leaf,train/Raspberry leaf/FsSYF.jpg,f8f040d9f891959e
PlantDoc,train,Raspberry leaf,train/Raspberry leaf/IMG_0649.JPG.jpg,98843d94a39fb333
PlantDoc,train,Raspberry leaf,train/Raspberry leaf/IMG_1982.jpg,e0bab2c288f5e347
PlantDoc,train,Raspberry leaf,train/Raspberry leaf/IMG_2474.JPG.jpg,89243ceef4b1d10f
PlantDoc,train,Raspberry leaf,train/Raspberry leaf/IMG_7182_original.JPG?1493665266.jpg,a6083b3e70631beb
PlantDoc,train,Raspberry leaf,train/Raspberry leaf/Leaves-of-Mysore-raspberry.jpg,99b0532fc7eca825
PlantDoc,train,Raspberry leaf,train/Raspberry leaf/Lexicon_Raspberry.jpg,ebe2d09a9725a45c
PlantDoc,train,Raspberry leaf,train/Raspberry leaf/P1110947+Rubus+idaeus+fr+St.+Joe+River.JPG.jpg,e1efc7c311b18724
PlantDoc,train,Raspberry leaf,train/Raspberry leaf/Poison_Ivy.jpg,c9df8338261fc0da
PlantDoc,train,Raspberry leaf,train/Raspberry leaf/Raspberry-Suckers1.jpg,c3674d03afe1129d
PlantDoc,train,Raspberry leaf,train/Raspberry leaf/Raspberry-leaf-and-thimbleberry-leaf.jpg,93a86db539d17642
PlantDoc,train,Raspberry leaf,train/Raspberry leaf/Raspberry-leaf-tea-benefits-_-Ayurvedum.jpg,b883c1134f5bae3c
PlantDoc,train,Raspberry leaf,train/Raspberry leaf/Raspberry41.JPG.jpg,c4bc8d4bba4f7501
PlantDoc,train,Raspberry leaf,train/Raspberry leaf/Red-Rasp-Leaf.jpg,d3a4ed1c4fa07b03
PlantDoc,train,Raspberry leaf,train/Raspberry leaf/Rubus_idaeus_leaf.JPG.jpg,d83a8c2c6bec23b6
PlantDoc,train,Raspberry leaf,train/Raspberry leaf/Rubus_occidentalis_leaf.JPG.jpg,8da3357d4b41d9c2
PlantDoc,train,Raspberry leaf,train/Raspberry leaf/a61a6-raspberry_leaf_tea_pregnancy.jpg,ce73cce338cc6330
PlantDoc,train,Raspberry leaf,train/Raspberry leaf/basketofraspberryleaves.jpg,d5d03cfc42947b83
PlantDoc,train,Raspberry leaf,train/Raspberry leaf/benefits-red-raspberry-leaf.jpg,c2ff75462b51d882
PlantDoc,train,Raspberry leaf,train/Raspberry leaf/black-raspberry-01.jpg,c1577132fae476c0
PlantDoc,train,Raspberry leaf,train/Raspberry leaf/black-raspberry-three-leaves-like-poison-ivy.jpg,c45b686d350335f5
PlantDoc,train,Raspberry leaf,train/Raspberry leaf/bramble_leaf_25.JPG.jpg,c30f0d583c9afa72
PlantDoc,train,Raspberry leaf,train/Raspberry leaf/c-204-raspberry.jpg,d605463e18a3337f
PlantDoc,train,Raspberry leaf,train/Raspberry leaf/d8731a01428301a3c46a643d12c6093d.jpg,8cf2261b94ec1afa
PlantDoc,train,Raspberry leaf,train/Raspberry leaf/depositphotos_22512509-stock-photo-raspberry-leaf.jpg,aea5b4ca9334a599
PlantDoc,train,Raspberry leaf,train/Raspberry leaf/dsc_0127.jpg,8e4071abc5b5dcc3
PlantDoc,train,Raspberry leaf,train/Raspberry leaf/ed00fa5f-60af-4767-b8e8-f5405fd6eb44.jpg,b99996e4ca360f1c
PlantDoc,train,Raspberry leaf,train/Raspberry leaf/edible_weeds_raspberry_leaf.jpg,ba9c856dc236cd13
PlantDoc,train,Raspberry leaf,train/Raspberry leaf/feuille-de-framboisier.jpg,fa21875acba4cd26
PlantDoc,train,Raspberry leaf,train/Raspberry leaf/fresh-green-raspberry-leaf-isolated-on-white-background-with-clipping-KH37NJ.jpg,e5e6c69e41d91b81
PlantDoc,train,Raspberry leaf,train/Raspberry leaf/gardening+004.JPG.jpg,8af98a55720faaaa
PlantDoc,train,Raspberry leaf,train/Raspberry leaf/gardening+008.JPG.jpg,ff8168680ce5e3aa
PlantDoc,train,Raspberry leaf,train/Raspberry leaf/green-leaves-cherry-raspberry-isolated-white-backgro-fresh-background-light-veins-close-up-herbarium-75513107.jpg,af66949e439b83e0
PlantDoc,train,Raspberry leaf,train/Raspberry leaf/green-raspberry-leaf-J68BYN.jpg,c5482bad76926aad
PlantDoc,train,Raspberry leaf,train/Raspberry leaf/groovy-raspberry1000x1000.jpg,bdaa663139077ce0
PlantDoc,train,Raspberry leaf,train/Raspberry leaf/groovy-raspberry3_2.jpg,d8651d5d622a6973
PlantDoc,train,Raspberry leaf,train/Raspberry leaf/groovy-raspberry4.jpg,b1966989472f11f5
PlantDoc,train,Raspberry leaf,train/Raspberry leaf/iStock-104258470_4x3.jpg,baed84d6b28f7102
PlantDoc,train,Raspberry leaf,train/Raspberry leaf/img_0509.jpg,b13a2a73b249e1cb
PlantDoc,train,Raspberry leaf,train/Raspberry leaf/img_5342.jpg,960623db4cd9745b
PlantDoc,train,Raspberry leaf,train/Raspberry leaf/img_5426.jpg,9b467e0ce06d474b
PlantDoc,train,Raspberry leaf,train/Raspberry leaf/imgp9968.jpg,8cbc7c51f0cb3645
PlantDoc,train,Raspberry leaf,train/Raspberry leaf/iron-deficiency-symptoms-on-autumn-fruiting-raspberry-leaf-uk-garden-E4W76G.jpg,cb8b3d3e27f43081
PlantDoc,train,Raspberry leaf,train/Raspberry leaf/iron-deficiency-symptoms-on-autumn-fruiting-raspberry-leaf-uk-garden-E4W77P.jpg,951d65a406b35dd6
PlantDoc,train,Raspberry leaf,train/Raspberry leaf/leaf-on-raspberry-bush.jpg,fac3cb3c0c4cc393
PlantDoc,train,Raspberry leaf,train/Raspberry leaf/leaves-of-a-raspberry-stock-photo-1206396.jpg,bfc4d08965b34cb4
PlantDoc,train,Raspberry leaf,train/Raspberry leaf/leaves-of-a-raspberry-stock-photo-1214081.jpg,b4b5a03c73324dce
PlantDoc,train,Raspberry leaf,train/Raspberry leaf/marioncalico2.jpg,dd03f41fc0cdd03a
PlantDoc,train,Raspberry leaf,train/Raspberry leaf/muscari-raspberry-leaf-isolated-white-background-31953078.jpg,ae7c91a14bd3642d
PlantDoc,train,Raspberry leaf,train/Raspberry leaf/organic-herbal-smoke-tea-raspberry-leaf.jpg,c4924b43ed33c736
PlantDoc,train,Raspberry leaf,train/Raspberry leaf/pbsNJ.jpg,95e46a195e99ab43
PlantDoc,train,Raspberry leaf,train/Raspberry leaf/product_red-raspberry-leaf-512x384.jpg,b96cccb187975252
PlantDoc,train,Raspberry leaf,train/Raspberry leaf/raspberry%2Bleaves.jpg,e4c92bd4db58951c
PlantDoc,train,Raspberry leaf,train/Raspberry leaf/raspberry-bush-leaves-on-a-white-background-rubi-idaei-folium-D6NDCJ.jpg,eeb192ca21cc6e95
PlantDoc,train,Raspberry leaf,train/Raspberry leaf/raspberry-green-leaves-isolated-white-background-46020616.jpg,af34c04f9ed89398
PlantDoc,train,Raspberry leaf,train/Raspberry leaf/raspberry-leaf-26572588.jpg,e36696914cca8dec
PlantDoc,train,Raspberry leaf,train/Raspberry leaf/raspberry-leaf-dehydrator.jpg,95d8ded8aaa51598
PlantDoc,train,Raspberry leaf,train/Raspberry leaf/raspberry-leaf-has-traditionally-been-used-during-the-later-stages-raspberry-leaf.jpg,e2c69c69c39239c7
PlantDoc,train,Raspberry leaf,train/Raspberry leaf/raspberry-leaf-ingredient-photo.jpg,bde1865a61a61c2f
PlantDoc,train,Raspberry leaf,train/Raspberry leaf/raspberry-leaf-isolated-white-18415125.jpg,b1b3c66c4fd2340d
PlantDoc,train,Raspberry leaf,train/Raspberry leaf/raspberry-leaves-1024x783.jpg,e2f46233a58c1f93
PlantDoc,train,Raspberry leaf,train/Raspberry leaf/raspberry-leaves-30apr15-sg.jpg,93c1693aacbcdaa8
PlantDoc,train,Raspberry leaf,train/Raspberry leaf/raspberry-leaves-isolated-28028038.jpg,ae3c85c1c8f2b3b8
PlantDoc,train,Raspberry leaf,train/Raspberry leaf/raspberry-leaves-isolated-white-background-15358743.jpg,eeb5936991920ce9
PlantDoc,train,Raspberry leaf,train/Raspberry leaf/raspberry-leaves-stock-picture-3093023.jpg,f53329ec68e849d2
PlantDoc,train,Raspberry leaf,train/Raspberry leaf/raspberry_leaf_full.jpg,c42368a35a5b3f9a
PlantDoc,train,Raspberry leaf,train/Raspberry leaf/raspberry_leaves.JPG.JPG.jpg,ff85f25039392916
PlantDoc,train,Raspberry leaf,train/Raspberry leaf/raspberry_leaves.JPG.jpg,9c37386df1588a56
PlantDoc,train,Raspberry leaf,train/Raspberry leaf/raspberryleafrust1.jpg,9c6c643e75643572
PlantDoc,train,Raspberry leaf,train/Raspberry leaf/red-raspberry-leaf_1.jpg,86e16e398d66d439
PlantDoc,train,Raspberry leaf,train/Raspberry leaf/red-raspberry.jpg,a4cec1389e73c9b2
PlantDoc,train,Raspberry leaf,train/Raspberry leaf/red-rspberry-leaf-help-strengthen-the-uterus-and-the-lining-of-the-uterus.jpg,f637155c1b682d52
PlantDoc,train,Raspberry leaf,train/Raspberry leaf/red_raspberry03.jpg,fee1a0dfaa007c64
PlantDoc,train,Raspberry leaf,train/Raspberry leaf/ripe-raspberry-leaf-white-background-30978897.jpg,bb36c0e91e99213e
PlantDoc,train,Raspberry leaf,train/Raspberry leaf/ripe-raspberry-with-green-leaves-and-flowers-Download-Royalty-free-Vector-File-EPS-10297.jpg,fa2d917384847c9b
PlantDoc,train,Raspberry leaf,train/Raspberry leaf/rubus-idaeus-8280814-9.jpg,82860746f3477c77
PlantDoc,train,Raspberry leaf,train/Raspberry leaf/rubus-idaeus-strigosus-le-ahaines-a.jpg,e6c69619c9b12ec6
PlantDoc,train,Raspberry leaf,train/Raspberry leaf/rubus-idaeus_0714_122911.jpg,84f65ef130139bd2
PlantDoc,train,Raspberry leaf,train/Raspberry leaf/shutterstock_302160662.jpg,b6ebd13676c80718
PlantDoc,train,Raspberry leaf,train/Raspberry leaf/slide10.jpg,84d72742f18d2b6e
PlantDoc,train,Raspberry leaf,train/Raspberry leaf/stock-photo-raspberry-leaf-isolated-on-a-white-background-72329308.jpg,bae3c59c72c249a5
PlantDoc,train,Raspberry leaf,train/Raspberry leaf/village-herbals-bulk-herbs-raspberry-leaves.jpg,91ee5fd4c195c119
PlantDoc,train,Raspberry leaf,train/Raspberry leaf/yellow-raspberry-leaf-chlorosis-nutrient-deficiency-probably-lack-iron-gardening-problem-72461965.jpg,8135af3ae057964e
PlantDoc,train,Soyabean leaf,train/Soyabean leaf/487977347.jpg,c4c9b4ae3a3b1ed0
PlantDoc,train,Soyabean leaf,train/Soyabean leaf/5834652565_6b00a70309_z.jpg,aad5326ae5161e59
PlantDoc,train,Soyabean leaf,train/Soyabean leaf/6.15.12+Soybeans+V3.JPG.jpg,ea093fe01e78c71c
PlantDoc,train,Soyabean leaf,train/Soyabean leaf/6.8.12+Soybean+First+Trifoliate+Leaf.JPG.jpg,c7f7cbc4486a30aa
PlantDoc,train,Soyabean leaf,train/Soyabean leaf/6898762496_5b9b6c22d3_z.jpg,a3e9951f52c20f6c
PlantDoc,train,Soyabean leaf,train/Soyabean leaf/Brown%20Spot%20-%20dark%20spots.jpg,84d254da6aaa6ad7
PlantDoc,train,Soyabean leaf,train/Soyabean leaf/DM-on-soy.jpg,de4e6d68833bc033
PlantDoc,train,Soyabean leaf,train/Soyabean leaf/IMG_1138.jpg,8d33760da5d2a45d
PlantDoc,train,Soyabean leaf,train/Soyabean leaf/IMG_20150714_122008907.jpg,ecc032150f7eaf2c
PlantDoc,train,Soyabean leaf,train/Soyabean leaf/IMG_4780.jpg,f1944cdc57464e93
PlantDoc,train,Soyabean leaf,train/Soyabean leaf/IMG_4810.jpg,cd8d36d1c577184a
PlantDoc,train,Soyabean leaf,train/Soyabean leaf/IMG_fig-4.jpg,fb8e3493b2a065c3
PlantDoc,train,Soyabean leaf,train/Soyabean leaf/KDeficientSoyBean.jpg,c9b26d593b744926
PlantDoc,train,Soyabean leaf,train/Soyabean leaf/Kdefsoybean.JPG.jpg,f4c5878b1a9a8e8b
PlantDoc,train,Soyabean leaf,train/Soyabean leaf/Leaves-of-Soybean.jpg,e2fc19d2ef23841a
PlantDoc,train,Soyabean leaf,train/Soyabean leaf/SOYBEANS_2_1500x1500%253E.JPG?1474027789.jpg,8fd435db70116372
PlantDoc,train,Soyabean leaf,train/Soyabean leaf/Soy-leaves-FAZ050-2015US-IL-Wuerffel-USNQ0F002-28DAB-Plot106b.jpg,fe89956a8536d02e
PlantDoc,train,Soyabean leaf,train/Soyabean leaf/Soybean%20edamame%20leaf.JPG.jpg,f3b1814fcbcca10d
PlantDoc,train,Soyabean leaf,train/Soyabean leaf/Soybean%20oil%20leaf.JPG.jpg,e6069b798746615e
PlantDoc,train,Soyabean leaf,train/Soyabean leaf/Soybean%20oil%20leaf2.JPG.jpg,f3b39d48c7941c4c
PlantDoc,train,Soyabean leaf,train/Soyabean leaf/Soybean%20tofu%20leaf.JPG.jpg,f3f3950fcbc88114
PlantDoc,train,Soyabean leaf,train/Soyabean leaf/Soybean_leaves.jpg,c7d966aaf8a01b26
PlantDoc,train,Soyabean leaf,train/Soyabean leaf/a-mid-season-soybean-plants-leaves-show-virtually-no-insect-damage-cxy77t.jpg,910dbe33e678a354
PlantDoc,train,Soyabean leaf,train/Soyabean leaf/a-mid-season-soybean-plants-leaves-show-virtually-no-insect-damage-cxy78f.jpg,c859fc668c6cb30e
PlantDoc,train,Soyabean leaf,train/Soyabean leaf/agron10.jpg,e1598c6e77571823
PlantDoc,train,Soyabean leaf,train/Soyabean leaf/asoybeanleafcloseup.JPG.jpg,feef98290d63c442
PlantDoc,train,Soyabean leaf,train/Soyabean leaf/close-up-shot-of-soy-leaves-glistening-in-the-sunshine-picture-id157639700?s=612x612.jpg,93cce190eb91bec2
PlantDoc,train,Soyabean leaf,train/Soyabean leaf/depositphotos_15928367-stock-photo-soy-leaf.jpg,eee69518c09719e9
PlantDoc,train,Soyabean leaf,train/Soyabean leaf/detailed-view-single-soybean-leaf-very-green-crop-growing-field-43444691.jpg,c70eea71c56d9924
PlantDoc,train,Soyabean leaf,train/Soyabean leaf/double-crop-soybean-leaves-Aug-19-2013_thumb.jpg,c5075e7a7058339b
PlantDoc,train,Soyabean leaf,train/Soyabean leaf/downy-mildew-on-soybeans-2csq9n7.jpg,fc493f0041f3eea8
PlantDoc,train,Soyabean leaf,train/Soyabean leaf/fresh-soy-leaves-white-46020567.jpg,ef34c0e795d8131a
PlantDoc,train,Soyabean leaf,train/Soyabean leaf/glma4_leaf_001.jpg,818f6d7c34a1a9f8
PlantDoc,train,Soyabean leaf,train/Soyabean leaf/kdeficiency2.jpg,997c69925b64a555
PlantDoc,train,Soyabean leaf,train/Soyabean leaf/kdeficiency4.jpg,c7cc7ea6645030d7
PlantDoc,train,Soyabean leaf,train/Soyabean leaf/soy-964327_960_720.jpg,d8c68d3cf10387f8
PlantDoc,train,Soyabean leaf,train/Soyabean leaf/soy-leaf-27914090.jpg,eee4911a91d21bb9
PlantDoc,train,Soyabean leaf,train/Soyabean leaf/soybean-21357451.jpg,bec7d1709e1cc312
PlantDoc,train,Soyabean leaf,train/Soyabean leaf/soybean-leaf-picture-id136581201?s=612x612.jpg,99d0c70e7caab44e
PlantDoc,train,Soyabean leaf,train/Soyabean leaf/soybean-leaf-single.jpg,c4a163487d1f9b4b
PlantDoc,train,Soyabean leaf,train/Soyabean leaf/soybean-leaves-Aug-19-2013_thumb.jpg,c73f718cf82109b3
PlantDoc,train,Soyabean leaf,train/Soyabean leaf/soybean-magnesium-2.jpg,8966635d76f0c4c3
PlantDoc,train,Soyabean leaf,train/Soyabean leaf/soybean-plant-seedling.jpg,98a8e117a53bf11d
PlantDoc,train,Soyabean leaf,train/Soyabean leaf/soybean-potassium-deficiency-2.jpg,e4a421795c3f194f
PlantDoc,train,Soyabean leaf,train/Soyabean leaf/soybean-seedling-at-vc-stage-cotyledons-and-unifoliate-leaves-fully-J5RK4F.jpg,9b8e6472598d64b3
PlantDoc,train,Soyabean leaf,train/Soyabean leaf/soybean_leaves_01.jpg,d1cd9c82b46e2e9c
PlantDoc,train,Soyabean leaf,train/Soyabean leaf/soybeans-glycine-max-with-leaves-e1hkcy.jpg,bb3bcac9d0941e07
PlantDoc,train,Soyabean leaf,train/Soyabean leaf/soybeans-leaves.jpg,8ad2651e3b99714d
PlantDoc,train,Soyabean leaf,train/Soyabean leaf/stock-photo-fresh-soy-leaves-isolated-on-white-224197243.jpg,ef36c0e795c8131a
PlantDoc,train,Soyabean leaf,train/Soyabean leaf/stock-photo-fresh-soy-leaves-isolated-on-white-93841699.jpg,b11894a6cc4b37b7
PlantDoc,train,Soyabean leaf,train/Soyabean leaf/stock-photo-fresh-soy-leaves-with-dew-isolated-on-white-416036248.jpg,be4e81b7e0cb1c70
PlantDoc,train,Soyabean leaf,train/Soyabean leaf/stock-photo-green-soy-leaves-in-the-field-agricultural-background-31501516.jpg,d19878c71fb6a641
PlantDoc,train,Soyabean leaf,train/Soyabean leaf/stock-photo-green-soy-pods-with-leaves-and-seeds-isolated-on-white-backgraund-310996586.jpg,e4c6d21a9d69c987
PlantDoc,train,Soyabean leaf,train/Soyabean leaf/stock-photo-green-soy-pods-with-leaves-isolated-on-white-backgraund-310996559.jpg,b2f3851f48d0352f
PlantDoc,train,Soyabean leaf,train/Soyabean leaf/stock-photo-green-soybeans-leaf-on-white-background-450572512.jpg,eae2851e78c92dc3
PlantDoc,train,Soyabean leaf,train/Soyabean leaf/stock-photo-soy-plant-isolated-on-white-background-122414239.jpg,ece687985a60994f
PlantDoc,train,Soyabean leaf,train/Soyabean leaf/stock-photo-soybean-on-the-pod-with-leaves-for-healthy-eating-concept-62173117.jpg,ebebd0941ca5618d
PlantDoc,train,Squash Powdery mildew leaf,train/Squash Powdery mildew leaf/100367_max.jpg,dce4233574b1c1ad
PlantDoc,train,Squash Powdery mildew leaf,train/Squash Powdery mildew leaf/100_08631.jpg,d02260857ff069df
PlantDoc,train,Squash Powdery mildew leaf,train/Squash Powdery mildew leaf/10_22-jul-11_f11.jpg,a3a765c8c8dc7836
PlantDoc,train,Squash Powdery mildew leaf,train/Squash Powdery mildew leaf/130813-01-17828-lg.jpg,ceb6710aa5d036cd
PlantDoc,train,Squash Powdery mildew leaf,train/Squash Powdery mildew leaf/15005869179_9f39994957_z.jpg,92e64e915e939d92
PlantDoc,train,Squash Powdery mildew leaf,train/Squash Powdery mildew leaf/16459846140_4f0a2762e3_z.jpg,b0a860d7a91f4fa3
PlantDoc,train,Squash Powdery mildew leaf,train/Squash Powdery mildew leaf/16488048256_f64cfea40e_z.jpg,c5f44ed27ccf2049
PlantDoc,train,Squash Powdery mildew leaf,train/Squash Powdery mildew leaf/16569580047_a720c56ee0_z.jpg,939b1b312b81f7c4
PlantDoc,train,Squash Powdery mildew leaf,train/Squash Powdery mildew leaf/16629068955_3092aa68a5_b.jpg,968e16d5f6f1c228
PlantDoc,train,Squash Powdery mildew leaf,train/Squash Powdery mildew leaf/16775706591_0c1263e4b6_z.jpg,90d25a0b79e9f952
PlantDoc,train,Squash Powdery mildew leaf,train/Squash Powdery mildew leaf/16848460256_9787d1c251_z.jpg,b791ca18971a5f83
PlantDoc,train,Squash Powdery mildew leaf,train/Squash Powdery mildew leaf/16874340125_eb222f747b_z.jpg,99bf694e4ac10ad9
PlantDoc,train,Squash Powdery mildew leaf,train/Squash Powdery mildew leaf/1846.400x400_4.jpeg?itok=845CLslG.jpg,c0e13f69722f3835
PlantDoc,train,Squash Powdery mildew leaf,train/Squash Powdery mildew leaf/1895541545_8cfc6eabee_b.jpg,cc077af61ab6b01c
PlantDoc,train,Squash Powdery mildew leaf,train/Squash Powdery mildew leaf/1895543477_9d19ad5257_b.jpg,87083d2b35b525d7
PlantDoc,train,Squash Powdery mildew leaf,train/Squash Powdery mildew leaf/207.jpg,c09b4ad56ee8364b
PlantDoc,train,Squash Powdery mildew leaf,train/Squash Powdery mildew leaf/3761.400x400_0_0.jpeg.jpg,c4673b3b7838cc1c
PlantDoc,train,Squash Powdery mildew leaf,train/Squash Powdery mildew leaf/4-lagenaria_pdic.jpg,808f3ef474804fbb
PlantDoc,train,Squash Powdery mildew leaf,train/Squash Powdery mildew leaf/4917901551206400.jpeg.jpg,d6c50a506f78f90e
PlantDoc,train,Squash Powdery mildew leaf,train/Squash Powdery mildew leaf/4e55f05d945952cfad9ce97ca444c389.jpg,ada036a3db422d5e
PlantDoc,train,Squash Powdery mildew leaf,train/Squash Powdery mildew leaf/53cf2cffb466d325a61897ef320cfccf.jpg,d5c26c0a3c8ff48e
PlantDoc,train,Squash Powdery mildew leaf,train/Squash Powdery mildew leaf/5HttOvj.jpg,955d8db84d6bab20
PlantDoc,train,Squash Powdery mildew leaf,train/Squash Powdery mildew leaf/628x471.jpg,dcc21dade3835465
PlantDoc,train,Squash Powdery mildew leaf,train/Squash Powdery mildew leaf/6c460a55e7e8607e922d98e1416448d4.jpg,83493ff86037f306
PlantDoc,train,Squash Powdery mildew leaf,train/Squash Powdery mildew leaf/7-17-Powdery-mildew-on-zucchini-LINA.jpg,c2673ff110383d3c
PlantDoc,train,Squash Powdery mildew leaf,train/Squash Powdery mildew leaf/753654f7cda1b097ab6048c5d4b44b8a.jpg,cf39679fd2081326
PlantDoc,train,Squash Powdery mildew leaf,train/Squash Powdery mildew leaf/7e565dd05211332ae896198afc622054.jpg,9fb6b2abb72a4500
PlantDoc,train,Squash Powdery mildew leaf,train/Squash Powdery mildew leaf/8%2BPowdery%2Bmildew%2Bzucchini-1.JPG.jpg,d9f13c0adb0d1572
PlantDoc,train,Squash Powdery mildew leaf,train/Squash Powdery mildew leaf/8-ball-powdery-mildew.jpg,9693c4257ecc96d2
PlantDoc,train,Squash Powdery mildew leaf,train/Squash Powdery mildew leaf/87985926-1-56a349f35f9b58b7d0d14d82.jpg,d51afcc98f7620c2
PlantDoc,train,Squash Powdery mildew leaf,train/Squash Powdery mildew leaf/Aug+16+2010+049.jpg,c7b6780f7730123a
PlantDoc,train,Squash Powdery mildew leaf,train/Squash Powdery mildew leaf/Aug+16+2010+051.jpg,83493ff86037f306
PlantDoc,train,Squash Powdery mildew leaf,train/Squash Powdery mildew leaf/Aug+22+052.jpg,89d36f29782df01c
PlantDoc,train,Squash Powdery mildew leaf,train/Squash Powdery mildew leaf/B9230061-Powdery_Mildew_on_Squash_Leaf-SPL.jpg,812c2ede7d15d835
PlantDoc,train,Squash Powdery mildew leaf,train/Squash Powdery mildew leaf/DIYPowderyMildewSpray.jpg,f0072ea899ff310d
PlantDoc,train,Squash Powdery mildew leaf,train/Squash Powdery mildew leaf/DSC05432.JPG.jpg,9948666e59b46b71
PlantDoc,train,Squash Powdery mildew leaf,train/Squash Powdery mildew leaf/DSC05433.JPG.jpg,b48c4e53137e364b
PlantDoc,train,Squash Powdery mildew leaf,train/Squash Powdery mildew leaf/DSC_0183.JPG.jpg,d48738fcfd003b07
PlantDoc,train,Squash Powdery mildew leaf,train/Squash Powdery mildew leaf/Get-Rid-of-Mold-or-Powdery-Mildew-on-Squash-and-Cucumbers1-1.jpg,cea31c5322cb751e
PlantDoc,train,Squash Powdery mildew leaf,train/Squash Powdery mildew leaf/Get-Rid-of-Mold-or-Powdery-Mildew-on-Squash-and-Cucumbers3-1.jpg,97207dd6a916e51a
PlantDoc,train,Squash Powdery mildew leaf,train/Squash Powdery mildew leaf/Healthy+squash+leaves.jpg,c92a69db3aa39750
PlantDoc,train,Squash Powdery mildew leaf,train/Squash Powdery mildew leaf/IMG_0702.jpg,8a9d2f3b600272fe
PlantDoc,train,Squash Powdery mildew leaf,train/Squash Powdery mildew leaf/IMG_1725.JPG.jpg,d6e81ee09e21b1bc
PlantDoc,train,Squash Powdery mildew leaf,train/Squash Powdery mildew leaf/IMG_1726.JPG.jpg,d8ab79e42f0543e8
PlantDoc,train,Squash Powdery mildew leaf,train/Squash Powdery mildew leaf/IMG_1802-1024x768.jpg,85b758c3ac423b3e
PlantDoc,train,Squash Powdery mildew leaf,train/Squash Powdery mildew leaf/IMG_20150721_144405.jpg,810734867ce4dfbc
PlantDoc,train,Squash Powdery mildew leaf,train/Squash Powdery mildew leaf/IMG_3829-1024x684.jpg,f84f5d180eec65d0
PlantDoc,train,Squash Powdery mildew leaf,train/Squash Powdery mildew leaf/IMG_4003.jpg,ac78c9a653d8247b
PlantDoc,train,Squash Powdery mildew leaf,train/Squash Powdery mildew leaf/IMG_5457.jpg,ce6a1d8981a725f5
PlantDoc,train,Squash Powdery mildew leaf,train/Squash Powdery mildew leaf/IMG_5488.JPG.jpg,903f2385bf382aea
PlantDoc,train,Squash Powdery mildew leaf,train/Squash Powdery mildew leaf/IMG_5606.jpg,90a92fcd65d1e2c3
PlantDoc,train,Squash Powdery mildew leaf,train/Squash Powdery mildew leaf/IMG_5937.jpg,82587ca12f631cbf
PlantDoc,train,Squash Powdery mildew leaf,train/Squash Powdery mildew leaf/IW000047.jpg,8c5f66b91765a252
PlantDoc,train,Squash Powdery mildew leaf,train/Squash Powdery mildew leaf/L1360830copyrightTendingMyGarden.com-first-signs-of-powdery-mildew.jpg,c6fd429fc88b3590
PlantDoc,train,Squash Powdery mildew leaf,train/Squash Powdery mildew leaf/Mildew-on-cucumber-leaf-1024x768.jpg,95a058bdfcdb0389
PlantDoc,train,Squash Powdery mildew leaf,train/Squash Powdery mildew leaf/Moldy-Leaf-Pumpkin-plant.jpg,885f16343eb7b868
PlantDoc,train,Squash Powdery mildew leaf,train/Squash Powdery mildew leaf/P1080620.JPG.jpg,faba7aaaa22042eb
PlantDoc,train,Squash Powdery mildew leaf,train/Squash Powdery mildew leaf/P8230073.JPG.jpg,9fcf305b2e305c26
PlantDoc,train,Squash Powdery mildew leaf,train/Squash Powdery mildew leaf/PMSquashBHedlundHerndonVA2006-1y47tkc.jpg,93d6172b271e5a4a
PlantDoc,train,Squash Powdery mildew leaf,train/Squash Powdery mildew leaf/Pea-leaves-with-powdery-mildew.jpg,b68d3ec28cd29cd2
PlantDoc,train,Squash Powdery mildew leaf,train/Squash Powdery mildew leaf/Powdery+Mildew+Control.jpg,d502026f3a3d3f3a
PlantDoc,train,Squash Powdery mildew leaf,train/Squash Powdery mildew leaf/Powdery+Mildew_00.JPG.jpg,cbb396c0b13c534e
PlantDoc,train,Squash Powdery mildew leaf,train/Squash Powdery mildew leaf/Powdery+Milew+Squash+003.jpg,9fe03f9b7802136c
PlantDoc,train,Squash Powdery mildew leaf,train/Squash Powdery mildew leaf/Powdery-Mildew-Squash.jpg,dc36761bb1e0cec0
PlantDoc,train,Squash Powdery mildew leaf,train/Squash Powdery mildew leaf/Powdery-Mildew-on-Cucumber-Leaf.jpg,83626fa6741e3e68
PlantDoc,train,Squash Powdery mildew leaf,train/Squash Powdery mildew leaf/Powdery-mildew-on-pumpkin-leaf-1024x768.jpg,c52f39813ff04a8d
PlantDoc,train,Squash Powdery mildew leaf,train/Squash Powdery mildew leaf/Powdery-mildew-on-pumpkin-leaf-for-web.jpg,9ebfeff22c1104c0
PlantDoc,train,Squash Powdery mildew leaf,train/Squash Powdery mildew leaf/Powdery1.jpg,afafd53c64a05684
PlantDoc,train,Squash Powdery mildew leaf,train/Squash Powdery mildew leaf/PowderyMildewSquashPlant12010.jpg,cf106c3f8087fcc3
PlantDoc,train,Squash Powdery mildew leaf,train/Squash Powdery mildew leaf/Powdery_Mildew_Squash.jpg,86f8b08d3bd4e82e
PlantDoc,train,Squash Powdery mildew leaf,train/Squash Powdery mildew leaf/Squash_PowderMildew.jpg,d3b86131263abe93
PlantDoc,train,Squash Powdery mildew leaf,train/Squash Powdery mildew leaf/Squash_powdery-mildew.jpg,9e3664c8dd954ae2
PlantDoc,train,Squash Powdery mildew leaf,train/Squash Powdery mildew leaf/_1030395.JPG.jpg,94666a5c3b41b72e
PlantDoc,train,Squash Powdery mildew leaf,train/Squash Powdery mildew leaf/bfb5b4fb0d9a0dbe476ca7002b41fe4d.jpg,d0ad84b1d6d20efa
PlantDoc,train,Squash Powdery mildew leaf,train/Squash Powdery mildew leaf/cucurbit-powdery-mildew-fig-1.jpg,9bbb3c9cb2497203
PlantDoc,train,Squash Powdery mildew leaf,train/Squash Powdery mildew leaf/cucurbit-squash_powdery-mildew-2L.jpg,9cd05fd2d14c7278
PlantDoc,train,Squash Powdery mildew leaf,train/Squash Powdery mildew leaf/curcurbit-powdery-mildew-erysiphe-cichoracearum-showing-development-BMMRPG.jpg,daca2e85613f41f4
PlantDoc,train,Squash Powdery mildew leaf,train/Squash Powdery mildew leaf/curcurbit-powdery-mildew-erysiphe-or-sphaerotheca-on-cucumber-leaf-B5NP51.jpg,aa957582d59a4e2d
PlantDoc,train,Squash Powdery mildew leaf,train/Squash Powdery mildew leaf/dc4cfbd6f94d0435ab166a06acb1cde0.jpg,86ec7e9a68d6c262
PlantDoc,train,Squash Powdery mildew leaf,train/Squash Powdery mildew leaf/dscn2512.jpg,cd72633b188a8f4e
PlantDoc,train,Squash Powdery mildew leaf,train/Squash Powdery mildew leaf/dusty-mildew-on-plants-control-powdery-mildew-identifying-powdery-mildew-plant-spray-powdery-mildew-jade-plant-treatment.jpg,b0e844b1995fe336
PlantDoc,train,Squash Powdery mildew leaf,train/Squash Powdery mildew leaf/dusty-mildew-on-plants-downy-mildew-zucchini-plants-powdery-mildew-treatment-tomato-plants.jpg,d9bd31162e4d6a92
PlantDoc,train,Squash Powdery mildew leaf,train/Squash Powdery mildew leaf/dusty-mildew-on-plants-powdery-mildew-on-a-courgette-leaf-treat-downy-mildew-plants-controlling-powdery-mildew-on-squash-plants.jpg,8ea14b92399e474f
PlantDoc,train,Squash Powdery mildew leaf,train/Squash Powdery mildew leaf/erysiphe-or-spaerotheca-cucurbit-powdery-mildew-on-butternut-squash-f0rh86.jpg,9815ec78b509df4c
PlantDoc,train,Squash Powdery mildew leaf,train/Squash Powdery mildew leaf/file.php?id=16321&t=1.jpg,ffda966a18378160
PlantDoc,train,Squash Powdery mildew leaf,train/Squash Powdery mildew leaf/flora-ivy-plant-food-produce-vegetable-conifer-tree-squash-rock.jpg,c3030f77f4f8189a
PlantDoc,train,Squash Powdery mildew leaf,train/Squash Powdery mildew leaf/garden-stuff-143.jpg,d16168bf5a1f42cc
PlantDoc,train,Squash Powdery mildew leaf,train/Squash Powdery mildew leaf/hqdefault.jpg,d23b691f72272703
PlantDoc,train,Squash Powdery mildew leaf,train/Squash Powdery mildew leaf/img_0853.jpg,97f43dc32c43b258
PlantDoc,train,Squash Powdery mildew leaf,train/Squash Powdery mildew leaf/img_0963.jpg,d01c667858778fe1
PlantDoc,train,Squash Powdery mildew leaf,train/Squash Powdery mildew leaf/mildew-on-leaf.jpg,d02a0173ee936ec7
PlantDoc,train,Squash Powdery mildew leaf,train/Squash Powdery mildew leaf/mildewonbigleafmapleslowres.JPG.jpg,86b57c8a31c71537
PlantDoc,train,Squash Powdery mildew leaf,train/Squash Powdery mildew leaf/mold_web12.16.14.jpg,c8e31f51382d2d2f
PlantDoc,train,Squash Powdery mildew leaf,train/Squash Powdery mildew leaf/p1070482.jpg,8c632f8187b7d2d4
PlantDoc,train,Squash Powdery mildew leaf,train/Squash Powdery mildew leaf/p1070616.jpg,818ef4945027fbf2
PlantDoc,train,Squash Powdery mildew leaf,train/Squash Powdery mildew leaf/photo4.jpg,95e66ec87b3121aa
PlantDoc,train,Squash Powdery mildew leaf,train/Squash Powdery mildew leaf/pm+001.JPG.jpg,9e48758cd2c649ed
PlantDoc,train,Squash Powdery mildew leaf,train/Squash Powdery mildew leaf/pm-001.jpg,c04e2d0b7bb5364e
PlantDoc,train,Squash Powdery mildew leaf,train/Squash Powdery mildew leaf/pm-squash-big.jpg,d9bc02ebc7a63c14
PlantDoc,train,Squash Powdery mildew leaf,train/Squash Powdery mildew leaf/pmild1_600px.jpg,82850fd71d1730fe
PlantDoc,train,Squash Powdery mildew leaf,train/Squash Powdery mildew leaf/powdery%20mildew%20of%20squash.jpg,c7d6610e8b393666
PlantDoc,train,Squash Powdery mildew leaf,train/Squash Powdery mildew leaf/powdery-mildew-1.jpg,91c758aee8bce542
PlantDoc,train,Squash Powdery mildew leaf,train/Squash Powdery mildew leaf/powdery-mildew-erysiphe-plantani-on-young-sycamore-leaves-b0ah25.jpg,f3903d6db20f892c
PlantDoc,train,Squash Powdery mildew leaf,train/Squash Powdery mildew leaf/powdery-mildew-on-squash-plants-you-can-prevent-powdery-mildew-disease-by-avoiding-overhead-sprinkling-and-watering-in-the-morning-rather-than-evening-forum-news-service-file-photo-what-causes-powdery.jpg,a03d33f542c57b89
PlantDoc,train,Squash Powdery mildew leaf,train/Squash Powdery mildew leaf/powdery-mildew-pea-leaf.jpg,8f88f3e9e0e83f08
PlantDoc,train,Squash Powdery mildew leaf,train/Squash Powdery mildew leaf/powdery_mildew.jpg,907d45d85fb117d0
PlantDoc,train,Squash Powdery mildew leaf,train/Squash Powdery mildew leaf/powderymildew-669x578.jpg,83322f12215fb67d
PlantDoc,train,Squash Powdery mildew leaf,train/Squash Powdery mildew leaf/powderymildew-on-squash.jpg,91953e98adf85833
PlantDoc,train,Squash Powdery mildew leaf,train/Squash Powdery mildew leaf/powderymildew_300.jpg,d3cd13a3906c66f2
PlantDoc,train,Squash Powdery mildew leaf,train/Squash Powdery mildew leaf/powderymildewcucurb-jallen.jpg,e0c33272b678a79c
PlantDoc,train,Squash Powdery mildew leaf,train/Squash Powdery mildew leaf/powderymildewpumpkinaiyura6151.jpg,cf912e0ea99aeb0c
PlantDoc,train,Squash Powdery mildew leaf,train/Squash Powdery mildew leaf/powmil.jpg,eb6867be68d8028b
PlantDoc,train,Squash Powdery mildew leaf,train/Squash Powdery mildew leaf/severe%20PM%20at%20MHRI%202013%20%2821%29.JPG.jpg,cb8c38deac3554b8
PlantDoc,train,Squash Powdery mildew leaf,train/Squash Powdery mildew leaf/squash-plant-identification-squash-powdery-mildew-garden-squash-varieties-pictures.jpg,c2982dc8f569faa8
PlantDoc,train,Squash Powdery mildew leaf,train/Squash Powdery mildew leaf/squash-powdery-mildew-2.jpg,d171e4187b2736a9
PlantDoc,train,Squash Powdery mildew leaf,train/Squash Powdery mildew leaf/squash-powdery-mildew-3.jpg,85e93c535f4bc342
PlantDoc,train,Squash Powdery mildew leaf,train/Squash Powdery mildew leaf/squash-powdery-mildew-4.jpg,d859e314f68631a7
PlantDoc,train,Squash Powdery mildew leaf,train/Squash Powdery mildew leaf/squash-powdery-mildew.jpg,c2982dc8f569faa8
PlantDoc,train,Squash Powdery mildew leaf,train/Squash Powdery mildew leaf/squash-with-mildew-2x.jpg,f11e672829f59392
PlantDoc,train,Squash Powdery mildew leaf,train/Squash Powdery mildew leaf/what-is-powdery-mildew-on-plants-mild-powdery-mildew-that-will-appear-on-most-squash-leaves-during-the-mid-summer-powdery-mildew-plant-spray-powdery-mildew-on-tomato-plant-leaves.jpg,c0c0c6cdbdb95ab1
PlantDoc,train,Squash Powdery mildew leaf,train/Squash Powdery mildew leaf/white-mold-on-squash-plants-powdery-mildew-on-plant-leaves-how-to-get-rid-of-white-mold-on-squash-plants-white-mold-on-squash-plants.jpg,95ca3687c2d926a7
PlantDoc,train,Squash Powdery mildew leaf,train/Squash Powdery mildew leaf/white-powdery-mildew-leaves.jpg,dbec3093333ee01a
PlantDoc,train,Squash Powdery mildew leaf,train/Squash Powdery mildew leaf/whitemildew1_l.jpg,982d4b5663cc4de9
PlantDoc,train,Squash Powdery mildew leaf,train/Squash Powdery mildew leaf/woman-cutting-off-yellow-summer-squash-leaves-with-powdery-mildew-eef3dd.jpg,c9bf3216f11b9a41
PlantDoc,train,Strawberry leaf,train/Strawberry leaf/0008003-strawberry-leaf-veiner-large.jpg,ec66c3c4399ba8a5
PlantDoc,train,Strawberry leaf,train/Strawberry leaf/102_0829.JPG.jpg,dacaf5d3e164c818
PlantDoc,train,Strawberry leaf,train/Strawberry leaf/13400strawberry_leaves.jpg,e9c8c4b57ad2498d
PlantDoc,train,Strawberry leaf,train/Strawberry leaf/1534854-a-green-strawberry-leaf-isolated-on-a-white-background.jpg,e686cc3895c17b8d
PlantDoc,train,Strawberry leaf,train/Strawberry leaf/1788724-spring-leaves-of-garden-strawberry-macro-background-isolated.jpg,eb1ac48d98ec8d2d
PlantDoc,train,Strawberry leaf,train/Strawberry leaf/18423_original.jpg,90434ee570dc6d2f
PlantDoc,train,Strawberry leaf,train/Strawberry leaf/270412tglr-wild-strawberry-leaf.jpg,84bd6ef0b3e23a41
PlantDoc,train,Strawberry leaf,train/Strawberry leaf/344d1150577229-strange-strawberry-leaves-unhealthy-maxim.jpg,f89f4a94721c5b38
PlantDoc,train,Strawberry leaf,train/Strawberry leaf/41.jpg,cf0d608773332b3a
PlantDoc,train,Strawberry leaf,train/Strawberry leaf/4719232-strawberry-with-green-leaves-and-flower-isolated-on-white-background.jpg,eac4c339b4339764
PlantDoc,train,Strawberry leaf,train/Strawberry leaf/5787ab74428a5fdc70e3defda7f00f0a4623876d.jpeg.jpg,d5290e37bbc0c1cb
PlantDoc,train,Strawberry leaf,train/Strawberry leaf/7.jpg,ce6325c8b3293ad6
PlantDoc,train,Strawberry leaf,train/Strawberry leaf/7065201-strawberry-leaf.jpg,ee3687ca79914c19
PlantDoc,train,Strawberry leaf,train/Strawberry leaf/DSCN5936.JPG.jpg,d52c6b12b62d35d2
PlantDoc,train,Strawberry leaf,train/Strawberry leaf/F-vesca-leaf1.jpg,851d7fd0316a53e1
PlantDoc,train,Strawberry leaf,train/Strawberry leaf/Fragaria-virginiana-6.jpg,8f645e48b7860fc9
PlantDoc,train,Strawberry leaf,train/Strawberry leaf/IMG_1309.JPG.jpg,ea3cec259c3413e6
PlantDoc,train,Strawberry leaf,train/Strawberry leaf/IMG_2780.jpg,ec93470eb42597a6
PlantDoc,train,Strawberry leaf,train/Strawberry leaf/IMG_4056.JPG.jpg,96493747723ad139
PlantDoc,train,Strawberry leaf,train/Strawberry leaf/IMG_4695.jpg,d17d46136cdab18a
PlantDoc,train,Strawberry leaf,train/Strawberry leaf/IMG_4696.jpg,803b7ac957b30f91
PlantDoc,train,Strawberry leaf,train/Strawberry leaf/IMG_5392.JPG.jpg,823ff0fc67a24c0e
PlantDoc,train,Strawberry leaf,train/Strawberry leaf/IMG_7107.jpg,c4db6a49819dd8ab
PlantDoc,train,Strawberry leaf,train/Strawberry leaf/Leaves%2C_Wild_strawberry_-_Flickr_-_nekonomania.jpg,b8877dec467c1425
PlantDoc,train,Strawberry leaf,train/Strawberry leaf/Leaves-of-Strawberries.jpg,84ec5f82181c7cbf
PlantDoc,train,Strawberry leaf,train/Strawberry leaf/Strawberry+leaves.jpg,838bf2660788f4cf
PlantDoc,train,Strawberry leaf,train/Strawberry leaf/Strawberry-Leaves.jpg,ef35c07ed8c890e2
PlantDoc,train,Strawberry leaf,train/Strawberry leaf/berry-strawberry-leaf-flower-set-isolated-white-background-47595687.jpg,bb3ac8caa68c0e75
PlantDoc,train,Strawberry leaf,train/Strawberry leaf/bfeba4aaa5a042494590b027686e1d16.jpg,9409727e3396696b
PlantDoc,train,Strawberry leaf,train/Strawberry leaf/creeping-cinquefoil-potentilla-reptans-4.jpg,dce60df17218e199
PlantDoc,train,Strawberry leaf,train/Strawberry leaf/depositphotos_1090254-Strawberry-leaves.jpg,d8aa6796f3c9a122
PlantDoc,train,Strawberry leaf,train/Strawberry leaf/depositphotos_164701744-stock-photo-closeup-of-strawberry-leaves.jpg,bbb796c864c13a86
PlantDoc,train,Strawberry leaf,train/Strawberry leaf/depositphotos_3121648-Strawberry-leaf.jpg,aea6c04a179c7ec3
PlantDoc,train,Strawberry leaf,train/Strawberry leaf/depositphotos_40207459-stock-photo-strawberry-leaves-collection-isolated-on.jpg,ab8b907ef0b11cf0
PlantDoc,train,Strawberry leaf,train/Strawberry leaf/depositphotos_6570354-Strawberry-leaf.jpg,baf2854fc929869c
PlantDoc,train,Strawberry leaf,train/Strawberry leaf/depositphotos_6570375-stock-photo-strawberry-leaf.jpg,edc3c21e904ad36d
PlantDoc,train,Strawberry leaf,train/Strawberry leaf/depositphotos_6570387-stock-photo-strawberry-leaf.jpg,bfd2d10fcca4ca18
PlantDoc,train,Strawberry leaf,train/Strawberry leaf/depositphotos_6598542-Single-green-strawberry-leaf-isolated-on-white.jpg,bd90ce6fe248c11d
PlantDoc,train,Strawberry leaf,train/Strawberry leaf/depositphotos_8078382-stock-photo-strawberry-leaf.jpg,ed92c41a9be498cd
PlantDoc,train,Strawberry leaf,train/Strawberry leaf/depositphotos_9274005-stock-photo-strawberry-leaf.jpg,f33c97c2c9c1cc85
PlantDoc,train,Strawberry leaf,train/Strawberry leaf/dew-on-a-leaf-stock-image-1226834.jpg,c5f5224bdd24c23b
PlantDoc,train,Strawberry leaf,train/Strawberry leaf/fragaria-vesca-americana-le-ahaines-c.jpg,8d7b2d12245bf2a9
PlantDoc,train,Strawberry leaf,train/Strawberry leaf/fresh-green-strawberry-leaf-isolated-on-white-background-with-clipping-KH37KY.jpg,efb5c1c21a8d5998
PlantDoc,train,Strawberry leaf,train/Strawberry leaf/giant-leaves.jpg,e21d72de15933525
PlantDoc,train,Strawberry leaf,train/Strawberry leaf/green-strawberry-leaf-isolated-on-white-picture-id623362994?k=6&m=623362994&s=612x612&w=0&h=l350NQvVUUsLkRD1jOeEDnUledIWPjFXi86jd_Uv0OE=.jpg,ed72c0cd95879b09
PlantDoc,train,Strawberry leaf,train/Strawberry leaf/green-strawberry-leaf-isolated-on-white-picture-id654400974?k=6&m=654400974&s=612x612&w=0&h=x97U-8miyZxfXvAUVMbPGGj6_Lt-p35dVXiu1zuBt-Q=.jpg,ae38d40b9ad1c3c7
PlantDoc,train,Strawberry leaf,train/Strawberry leaf/green-strawberry-leaf-isolated-on-white-picture-id692328988?k=6&m=692328988&s=612x612&w=0&h=604VCrDe3mbN0c6LZZSBBvm4iMdWh1wcb3KHDX6CVRE=.jpg,ba90954fcce4846f
PlantDoc,train,Strawberry leaf,train/Strawberry leaf/green-strawberry-leaf-isolated-white-single-background-78801845.jpg,fab4857ac09b86cc
PlantDoc,train,Strawberry leaf,train/Strawberry leaf/green-strawberry-leaf-isolated-white-single-background-78801856.jpg,eee685291adaa781
PlantDoc,train,Strawberry leaf,train/Strawberry leaf/guttation-on-the-leaves-of-a-strawberry-plant-leaf-guttation-BN3DM8.jpg,c2c47ec224ec74b7
PlantDoc,train,Strawberry leaf,train/Strawberry leaf/img_0034.jpg,f96424f2812cee7c
PlantDoc,train,Strawberry leaf,train/Strawberry leaf/img_0164.jpg,b3f3aa1e78a86446
PlantDoc,train,Strawberry leaf,train/Strawberry leaf/img_20110302_170719.jpg,dce90c556e2910fe
PlantDoc,train,Strawberry leaf,train/Strawberry leaf/indian-strawberry-leaf.jpg,97cf34d319634466
PlantDoc,train,Strawberry leaf,train/Strawberry leaf/leaf-wild-strawberry-plant-25253212.jpg,b93d94c24e8f266c
PlantDoc,train,Strawberry leaf,train/Strawberry leaf/leaves_comparison.jpg,eb88209b7cd2acd3
PlantDoc,train,Strawberry leaf,train/Strawberry leaf/single-green-strawberry-leaf-isolated-white-12750533.jpg,af65d0da0a9d1a99
PlantDoc,train,Strawberry leaf,train/Strawberry leaf/stock-photo-fresh-green-strawberry-leaf-isolated-on-white-background-strawberry-leaf-with-clipping-path-630981155.jpg,e6e6911bdaa10c5d
PlantDoc,train,Strawberry leaf,train/Strawberry leaf/stock-photo-green-strawberry-leaf-isolated-on-white-background-clipping-path-458155747.jpg,ae6ed65a94e42199
PlantDoc,train,Strawberry leaf,train/Strawberry leaf/stock-photo-leaf-strawberry-leaf-on-the-white-background-153348767.jpg,bf1f91c0cac1c8c7
PlantDoc,train,Strawberry leaf,train/Strawberry leaf/stock-photo-strawberry-leaf-isolated-on-the-white-background-255533380.jpg,fb93854ec4ec06cc
PlantDoc,train,Strawberry leaf,train/Strawberry leaf/stock-photo-strawberry-leaf-isolated-on-white-background-572055775.jpg,b9e7961ace9069c8
PlantDoc,train,Strawberry leaf,train/Strawberry leaf/stock-photo-strawberry-leaf-isolated-on-white-background-with-clipping-path-568145485.jpg,ef9dc4e09d079238
PlantDoc,train,Strawberry leaf,train/Strawberry leaf/stock-photo-strawberry-leaves-collection-isolated-on-white-159165548.jpg,f865911ad49325de
PlantDoc,train,Strawberry leaf,train/Strawberry leaf/stock-photo-strawberry-leaves-collection-isolated-on-white-163409792.jpg,ae468c3db1d0e1dc
PlantDoc,train,Strawberry leaf,train/Strawberry leaf/stock-photo-strawberry-leaves-isolated-on-white-background-collection-227987416.jpg,ad17e1a793897c50
PlantDoc,train,Strawberry leaf,train/Strawberry leaf/strawberry+leaf+3ds+max+texture.jpg,a31b87a18aeb99d1
PlantDoc,train,Strawberry leaf,train/Strawberry leaf/strawberry+leaf+eila+collage+obsession.jpg,bb7ac197c0c496c5
PlantDoc,train,Strawberry leaf,train/Strawberry leaf/strawberry-005.jpg,a01fccb8ae293ada
PlantDoc,train,Strawberry leaf,train/Strawberry leaf/strawberry-leaf-24988739.jpg,ade4c2291bf61a87
PlantDoc,train,Strawberry leaf,train/Strawberry leaf/strawberry-leaf-isolated-on-white-background-picture-id487562700?k=6&m=487562700&s=612x612&w=0&h=uJYH7WuQOtfgoSp4EKzGuRPXoejL470Pkh_zMoIJYEs=.jpg,ace6f01895e34b2e
PlantDoc,train,Strawberry leaf,train/Strawberry leaf/strawberry-leaf-stock-image-3662904.jpg,ecd9c0e4139f52b4
PlantDoc,train,Strawberry leaf,train/Strawberry leaf/strawberry-leaf-stock-image-3663564.jpg,eceac38d36b13194
PlantDoc,train,Strawberry leaf,train/Strawberry leaf/strawberry-leaf-stock-picture-3646237.jpg,ece78f98319262a6
PlantDoc,train,Strawberry leaf,train/Strawberry leaf/strawberry-leaves-14363881.jpg,e5668e9819d38ccd
PlantDoc,train,Strawberry leaf,train/Strawberry leaf/strawberry-leaves-14363903.jpg,be38c86507c3679c
PlantDoc,train,Strawberry leaf,train/Strawberry leaf/strawberry-leaves-15674632.jpg,b363c79c9862c99c
PlantDoc,train,Strawberry leaf,train/Strawberry leaf/strawberry-leaves-beautiful-shot-white-background-53944290.jpg,a63ed861cfc02d9c
PlantDoc,train,Strawberry leaf,train/Strawberry leaf/strawberry-leaves-close-up.jpg,be5ea871b56cd044
PlantDoc,train,Strawberry leaf,train/Strawberry leaf/strawberry-leaves-stock-picture-1860898.jpg,cdab1ada30bc6097
PlantDoc,train,Strawberry leaf,train/Strawberry leaf/strawberry-plant-leaves-strawberry-red-spots-on-strawberry-plant-leaves.jpg,8aa92552339bb93d
PlantDoc,train,Strawberry leaf,train/Strawberry leaf/strawberry-plant-leaves-the-distorted-wrinkled-leaves-are-showing-signs-of-cold-damage-the-older-and-younger-leaves-around-them-are-normal-looking-strawberry-plant-leaves-turn-red.jpg,e0f3f78c640e5296
PlantDoc,train,Strawberry leaf,train/Strawberry leaf/strawberry-plant.jpg,b7f947d43c20b232
PlantDoc,train,Strawberry leaf,train/Strawberry leaf/strawberry_plant_l1.jpg,95d8181e0ad96baf
PlantDoc,train,Strawberry leaf,train/Strawberry leaf/strawberryleaves-notpi.jpg,fa507506c975b61a
PlantDoc,train,Strawberry leaf,train/Strawberry leaf/wild-strawberry-fragaria-vesca-leaves-with-a-single-flower-KD619N.jpg,82a467b97d95a513
PlantDoc,train,Strawberry leaf,train/Strawberry leaf/wood-strawberry-leaves-700w.jpg,82363f1bec5eb842
PlantDoc,train,Strawberry leaf,train/Strawberry leaf/yellow-strawberry-leaves.jpg.1080x0_q100_crop-scale.jpg,c8e7059b36c8cf19
PlantDoc,train,Tomato Early blight leaf,train/Tomato Early blight leaf/100_46341.jpg,9b1aa2afa9f26852
PlantDoc,train,Tomato Early blight leaf,train/Tomato Early blight leaf/1058_0.jpeg?itok=OQkdtxgv.jpg,b897fc2b21f11a89
PlantDoc,train,Tomato Early blight leaf,train/Tomato Early blight leaf/126689-004-D622CD2F.jpg,cf3b6e813459701e
PlantDoc,train,Tomato Early blight leaf,train/Tomato Early blight leaf/12July_mwnews_3-C.jpg,c74e239d1e588b2d
PlantDoc,train,Tomato Early blight leaf,train/Tomato Early blight leaf/1576389-early%20blight%20symptoms.jpg,caf0bcff0a0b684c
PlantDoc,train,Tomato Early blight leaf,train/Tomato Early blight leaf/20020531-early%20blight%20%20starts%20on%20lower%20leaves.jpg,96c74168e656dac9
PlantDoc,train,Tomato Early blight leaf,train/Tomato Early blight leaf/20080526-_DSC4211.jpg,eb2705caea0699b5
PlantDoc,train,Tomato Early blight leaf,train/Tomato Early blight leaf/2373320.jpg,9f06fa0d865ba255
PlantDoc,train,Tomato Early blight leaf,train/Tomato Early blight leaf/30053_original.jpg,906f121f13cb3bc9
PlantDoc,train,Tomato Early blight leaf,train/Tomato Early blight leaf/3606630.jpg,d492353fb73d4884
PlantDoc,train,Tomato Early blight leaf,train/Tomato Early blight leaf/5086-early.jpg,959371587649bc0f
PlantDoc,train,Tomato Early blight leaf,train/Tomato Early blight leaf/8%20mistakes%204.jpg,c730699de8d27a43
PlantDoc,train,Tomato Early blight leaf,train/Tomato Early blight leaf/8950022d45978228d5e44a35183efdb9--tomatoes-dyi.jpg,c240c64f0fefad29
PlantDoc,train,Tomato Early blight leaf,train/Tomato Early blight leaf/BCH%20medium%20thumbnail%20for%20upload%20%2836%29.jpg,9c136a49b37807be
PlantDoc,train,Tomato Early blight leaf,train/Tomato Early blight leaf/Diseased-Tomato-Plant.jpg,b1d53e1238dd6d03
PlantDoc,train,Tomato Early blight leaf,train/Tomato Early blight leaf/EBTomato.jpg,da6f3ea67a22414c
PlantDoc,train,Tomato Early blight leaf,train/Tomato Early blight leaf/Early+Blight+-+Tomatoes.jpg,aa8bb56eb52b10e8
PlantDoc,train,Tomato Early blight leaf,train/Tomato Early blight leaf/Early-bligh_t.jpg,cc112e5c339ef02f
PlantDoc,train,Tomato Early blight leaf,train/Tomato Early blight leaf/Early-blight-660x440.jpg,eb892cfe12ecd222
PlantDoc,train,Tomato Early blight leaf,train/Tomato Early blight leaf/Early-blight.jpg,cc112e5c339ef02f
PlantDoc,train,Tomato Early blight leaf,train/Tomato Early blight leaf/Early_Blight_of_Tomato1687.jpg,c2470afc169979b5
PlantDoc,train,Tomato Early blight leaf,train/Tomato Early blight leaf/Early_blight_1.jpg?1376579808.jpg,8cde1ead3c9121f8
PlantDoc,train,Tomato Early blight leaf,train/Tomato Early blight leaf/FS547-2-big.jpg,ca13d17c9f62a0ba
PlantDoc,train,Tomato Early blight leaf,train/Tomato Early blight leaf/IMG_0591.jpg,bef8804b7e2998f0
PlantDoc,train,Tomato Early blight leaf,train/Tomato Early blight leaf/IMG_2436w.jpg,8eebeaa19a98b905
PlantDoc,train,Tomato Early blight leaf,train/Tomato Early blight leaf/MPC105550.jpg.rendition.largest.ss.jpg,a19672781ee3c17a
PlantDoc,train,Tomato Early blight leaf,train/Tomato Early blight leaf/Original_e-blight.JPG.rend.hgtvcom.966.725.jpeg.jpg,a6480d0deebd0d6b
PlantDoc,train,Tomato Early blight leaf,train/Tomato Early blight leaf/Tomato%20early%20blight%20target%20like%20leaf%20spot.jpg,cc42b8c4b3ce2779
PlantDoc,train,Tomato Early blight leaf,train/Tomato Early blight leaf/Tomato-Alternaria-Early-Blight.jpg,f1eb791ccc493c06
PlantDoc,train,Tomato Early blight leaf,train/Tomato Early blight leaf/Tomato-Early-Blight-Leaf-Examples-Cornell-University.jpg,eee01293b1f25f05
PlantDoc,train,Tomato Early blight leaf,train/Tomato Early blight leaf/Tomato-Early-Blight-Leaves-Cornell-University.jpg,d089fc86837fd2c8
PlantDoc,train,Tomato Early blight leaf,train/Tomato Early blight leaf/Tomato-Early-Blight-e1513806873934.jpg,def805858f1e036b
PlantDoc,train,Tomato Early blight leaf,train/Tomato Early blight leaf/Tomato-Early-Blight.jpg,dc7d2a9f9aa42341
PlantDoc,train,Tomato Early blight leaf,train/Tomato Early blight leaf/Tomato-blight-large.jpg,979c7a9b613c8721
PlantDoc,train,Tomato Early blight leaf,train/Tomato Early blight leaf/Tomato-diseases-prevention-treatment.-Early-blight..jpg,d0e56c0bcbfa3416
PlantDoc,train,Tomato Early blight leaf,train/Tomato Early blight leaf/Tomato-early-blight_1_1-12wmver.jpg,86287ad17a9d70b5
PlantDoc,train,Tomato Early blight leaf,train/Tomato Early blight leaf/august-11-early-leaf-blight-single-leaf.jpg,bd38c0a52fdad225
PlantDoc,train,Tomato Early blight leaf,train/Tomato Early blight leaf/b54d0e40027ff5e90e8ba7e1e9abf9bd--garden-guide-garden-ideas.jpg,971162d8c7e91a79
PlantDoc,train,Tomato Early blight leaf,train/Tomato Early blight leaf/blog_early_blight_628.jpg,9d9551a6d8230db7
PlantDoc,train,Tomato Early blight leaf,train/Tomato Early blight leaf/confused-bacterial-canker-early-blight-zoom.JPG.jpg,90537c703b6e0f0f
PlantDoc,train,Tomato Early blight leaf,train/Tomato Early blight leaf/droppedImage_3-1.jpg,c76cfc40bf04097b
PlantDoc,train,Tomato Early blight leaf,train/Tomato Early blight leaf/dscn3168.jpg,8dd2212dc36cdb96
PlantDoc,train,Tomato Early blight leaf,train/Tomato Early blight leaf/ealryblight.jpg,97f17062ca88e63e
PlantDoc,train,Tomato Early blight leaf,train/Tomato Early blight leaf/early%20blight%20%283%29.jpg?itok=UMYWI0xr.jpg,c1114f4e8c383faf
PlantDoc,train,Tomato Early blight leaf,train/Tomato Early blight leaf/early%20blight%20%284%29.jpg?itok=gfK5C193.jpg,f1ac37b823498d8d
PlantDoc,train,Tomato Early blight leaf,train/Tomato Early blight leaf/early-blight-2x.jpg,8f1f78b086a7a349
PlantDoc,train,Tomato Early blight leaf,train/Tomato Early blight leaf/early-blight-closeup-sm.jpg,df2d6250e79ce8c0
PlantDoc,train,Tomato Early blight leaf,train/Tomato Early blight leaf/early-blight-in-high-tunnel-tomatoes-19tm74h.jpg,86a16fd8facf1884
PlantDoc,train,Tomato Early blight leaf,train/Tomato Early blight leaf/early-blight-in-tomatoes.jpg,865c3ae14b9169be
PlantDoc,train,Tomato Early blight leaf,train/Tomato Early blight leaf/early-blight-of-tomato-tomato-1.jpg,83a4a877d714d995
PlantDoc,train,Tomato Early blight leaf,train/Tomato Early blight leaf/early-blight-or-target-spot-alternaria-solani-lesions-on-a-tomato-BH3TH0.jpg,d0c0391be739fc31
PlantDoc,train,Tomato Early blight leaf,train/Tomato Early blight leaf/early-blight-or-target-spot-alternaria-solani-lesions-on-a-tomato-BY9J8R.jpg,d4ab649433526dc7
PlantDoc,train,Tomato Early blight leaf,train/Tomato Early blight leaf/early-blight-pp-labeled_orig.jpg,dc923d1fb73d0884
PlantDoc,train,Tomato Early blight leaf,train/Tomato Early blight leaf/early-blight1.jpg,b7d94cc6e80cf035
PlantDoc,train,Tomato Early blight leaf,train/Tomato Early blight leaf/early-tomato-blight.jpg,b79b42e240e45ecd
PlantDoc,train,Tomato Early blight leaf,train/Tomato Early blight leaf/early_blight_spots_l.jpg,f839079f28d8364e
PlantDoc,train,Tomato Early blight leaf,train/Tomato Early blight leaf/early_blight_tomato.jpg,fc603646fa91792a
PlantDoc,train,Tomato Early blight leaf,train/Tomato Early blight leaf/earlyblight.jpg,cc4e4aaed556ab28
PlantDoc,train,Tomato Early blight leaf,train/Tomato Early blight leaf/earlyblightpotato.jpg,9875f2e3f24a8722
PlantDoc,train,Tomato Early blight leaf,train/Tomato Early blight leaf/earlyblightresize.jpg,cea03ab1f81e03de
PlantDoc,train,Tomato Early blight leaf,train/Tomato Early blight leaf/earlyblighttomato.jpg,d24d641fc6b08dcb
PlantDoc,train,Tomato Early blight leaf,train/Tomato Early blight leaf/ebleafb.jpg,d30b4b9d23907d8e
PlantDoc,train,Tomato Early blight leaf,train/Tomato Early blight leaf/eblight5.jpg,8d85525aabb999d1
PlantDoc,train,Tomato Early blight leaf,train/Tomato Early blight leaf/gn201410308259997ar-jpg.jpg,fba70f5c549810f1
PlantDoc,train,Tomato Early blight leaf,train/Tomato Early blight leaf/halleck_tomato_earlyblight__inline-half.jpg,8f9b33f36550e40c
PlantDoc,train,Tomato Early blight leaf,train/Tomato Early blight leaf/p1020083cs.jpg,f2189d6d72b4894e
PlantDoc,train,Tomato Early blight leaf,train/Tomato Early blight leaf/p1020084s.jpg,8c329557e2b6a19d
PlantDoc,train,Tomato Early blight leaf,train/Tomato Early blight leaf/spotonleaf1.jpg,cd7639e15219d2f0
PlantDoc,train,Tomato Early blight leaf,train/Tomato Early blight leaf/tomato-blight-phytophthora-infestans-early-stages-on-tomato-plant-b5n952.jpg,911dd34efb49a44a
PlantDoc,train,Tomato Early blight leaf,train/Tomato Early blight leaf/tomato-blight-soil-treatment-early-tomato-blight-in-a-microcosm-lower-leaves-curl-up-and-die-bulls-eye-lesions-tomato-fungus-soil-treatment.jpg,c2c869b7df496416
PlantDoc,train,Tomato Early blight leaf,train/Tomato Early blight leaf/tomato-early-blight-1.jpg,fe1b60c63bc9214e
PlantDoc,train,Tomato Early blight leaf,train/Tomato Early blight leaf/tomato_D2b-Early-blight---RPitblado_zoom.jpg,90537c323b2e4f0f
PlantDoc,train,Tomato Early blight leaf,train/Tomato Early blight leaf/tomato_blight_early.jpg,eb1df20d8c6294e9
PlantDoc,train,Tomato Early blight leaf,train/Tomato Early blight leaf/tomato_early-blight_02_zoom.jpg,80a71fecd1722d1b
PlantDoc,train,Tomato Early blight leaf,train/Tomato Early blight leaf/tomato_early-blight_03_zoom.jpg,cad225cbd4af8174
PlantDoc,train,Tomato Early blight leaf,train/Tomato Early blight leaf/tomato_q1hq-early-blight-5052_zoom.jpg,a857b52bd625d960
PlantDoc,train,Tomato Early blight leaf,train/Tomato Early blight leaf/tomatoblight.jpg,da6f3ea67a22414c
PlantDoc,train,Tomato Early blight leaf,train/Tomato Early blight leaf/tomatoearlyblight.jpg,a63666cc719d1cc5
PlantDoc,train,Tomato Early blight leaf,train/Tomato Early blight leaf/web1_copy_early-blight-6-_0.jpg,d54c2bd007b38ce7
PlantDoc,train,Tomato Septoria leaf spot,train/Tomato Septoria leaf spot/128110613-56a6d3633df78cf7729070ad.jpg,fc2101ac36e7c6ea
PlantDoc,train,Tomato Septoria leaf spot,train/Tomato Septoria leaf spot/140714+%2811%29.JPG.jpg,c0993f8d11d93a76
PlantDoc,train,Tomato Septoria leaf spot,train/Tomato Septoria leaf spot/1b.jpg,c085d89e1efa70f8
PlantDoc,train,Tomato Septoria leaf spot,train/Tomato Septoria leaf spot/1c421500ddd390c90596ad2cf12d5429.jpg,eeb0c1bbb09984f8
PlantDoc,train,Tomato Septoria leaf spot,train/Tomato Septoria leaf spot/2010-jul-5-jul-9-03.jpg,fcf8881d84b6d236
PlantDoc,train,Tomato Septoria leaf spot,train/Tomato Septoria leaf spot/20100824septoria.jpg,d43569297d286f58
PlantDoc,train,Tomato Septoria leaf spot,train/Tomato Septoria leaf spot/2014-08-27%2B-%2BCloser%2BView%2Bof%2BSeptoria%2BLeaf%2BSpot.jpg,f7d287c2e80c8d99
PlantDoc,train,Tomato Septoria leaf spot,train/Tomato Septoria leaf spot/20809116-standard.jpg,ce736d304659e48d
PlantDoc,train,Tomato Septoria leaf spot,train/Tomato Septoria leaf spot/28018723549_3a16c1467b_b.jpg,e6c4bcad2784c2ae
PlantDoc,train,Tomato Septoria leaf spot,train/Tomato Septoria leaf spot/3-septoria-leaf-blight-n.jpg,bfb8c0bf1be840c2
PlantDoc,train,Tomato Septoria leaf spot,train/Tomato Septoria leaf spot/32-Septoria-leaf-spot.jpg,951e7ab021e7696a
PlantDoc,train,Tomato Septoria leaf spot,train/Tomato Septoria leaf spot/3893.jpg,d4692bb46bc22f0e
PlantDoc,train,Tomato Septoria leaf spot,train/Tomato Septoria leaf spot/46-Septoria-leaf-spot.jpg,b7f2c60ccf0af10c
PlantDoc,train,Tomato Septoria leaf spot,train/Tomato Septoria leaf spot/4853086777_bc41d29801.jpg,c76f2ee0078cb08f
PlantDoc,train,Tomato Septoria leaf spot,train/Tomato Septoria leaf spot/49-Septoria-leaf-spot.jpg,ae87c0f931dc928b
PlantDoc,train,Tomato Septoria leaf spot,train/Tomato Septoria leaf spot/5008922249_880e15c21f.jpg,aae0c58f9e919a99
PlantDoc,train,Tomato Septoria leaf spot,train/Tomato Septoria leaf spot/5315825271570432-600x272.jpeg.jpg,93d6138873f86237
PlantDoc,train,Tomato Septoria leaf spot,train/Tomato Septoria leaf spot/5315825271570432.jpeg.jpg,d4626d299bdf9290
PlantDoc,train,Tomato Septoria leaf spot,train/Tomato Septoria leaf spot/5336411888680960-600x272.jpeg.jpg,a318bf1a10f5575c
PlantDoc,train,Tomato Septoria leaf spot,train/Tomato Septoria leaf spot/5454635393351680.jpeg.jpg,94d87a686fee210e
PlantDoc,train,Tomato Septoria leaf spot,train/Tomato Septoria leaf spot/5516100468998144-600x272.jpeg.jpg,d4c659bdc8594c36
PlantDoc,train,Tomato Septoria leaf spot,train/Tomato Septoria leaf spot/5516100468998144.jpeg.jpg,c0c2297936d6b97c
PlantDoc,train,Tomato Septoria leaf spot,train/Tomato Septoria leaf spot/5579e3247db73.image.jpg,aae897349816cee9
PlantDoc,train,Tomato Septoria leaf spot,train/Tomato Septoria leaf spot/5775225744523264-600x272.jpeg.jpg,ce81c3fc01d27e53
PlantDoc,train,Tomato Septoria leaf spot,train/Tomato Septoria leaf spot/5775225744523264.jpeg.jpg,8b33737ece898189
PlantDoc,train,Tomato Septoria leaf spot,train/Tomato Septoria leaf spot/5866245865865216.jpeg.jpg,c3fd1c837e5ce005
PlantDoc,train,Tomato Septoria leaf spot,train/Tomato Septoria leaf spot/5c77186a4ea326e5495c9d03cd89ce16.jpg,d9ecb998536d6098
PlantDoc,train,Tomato Septoria leaf spot,train/Tomato Septoria leaf spot/6+1+09+019.jpg,84adfaf1c5470c1b
PlantDoc,train,Tomato Septoria leaf spot,train/Tomato Septoria leaf spot/6078710516023296-600x272.jpeg.jpg,c4d8f7bce30f3801
PlantDoc,train,Tomato Septoria leaf spot,train/Tomato Septoria leaf spot/6078710516023296.jpeg.jpg,c7d8770f00d1cf94
PlantDoc,train,Tomato Septoria leaf spot,train/Tomato Septoria leaf spot/6134794031202304-600x272.jpeg.jpg,86beb404130d7fe9
PlantDoc,train,Tomato Septoria leaf spot,train/Tomato Septoria leaf spot/6242739939180544.jpeg.jpg,c8b111799993d49f
PlantDoc,train,Tomato Septoria leaf spot,train/Tomato Septoria leaf spot/6336392950972416.jpeg.jpg,cfc160f907d1e5a1
PlantDoc,train,Tomato Septoria leaf spot,train/Tomato Septoria leaf spot/66e7583ebe11cf0bd06435e4167bd4fd.jpg,9e42c8de214e6bce
PlantDoc,train,Tomato Septoria leaf spot,train/Tomato Septoria leaf spot/BCH%20medium%20thumbnail%20for%20upload%20%2861%29.jpg,d4e1a5cf98c4aa4d
PlantDoc,train,Tomato Septoria leaf spot,train/Tomato Septoria leaf spot/Bean-rust-on-leaves.jpg,d0273fe8e24b4437
PlantDoc,train,Tomato Septoria leaf spot,train/Tomato Septoria leaf spot/EPP-7625Fig-5-143x300.jpg,e86d85c79e1a9338
PlantDoc,train,Tomato Septoria leaf spot,train/Tomato Septoria leaf spot/IMG_0312_original.jpg,de732eb19c764a20
PlantDoc,train,Tomato Septoria leaf spot,train/Tomato Septoria leaf spot/IMG_0863_1500x1500%253E.jpg,d3f3746b0a602de4
PlantDoc,train,Tomato Septoria leaf spot,train/Tomato Septoria leaf spot/IMG_3175.jpg,ee0c86c301d5bbc7
PlantDoc,train,Tomato Septoria leaf spot,train/Tomato Septoria leaf spot/IMG_4452_1500x1500%253E.JPG?1407883119.jpg,923c65f1906dcdcc
PlantDoc,train,Tomato Septoria leaf spot,train/Tomato Septoria leaf spot/Leaf%20spot.jpg,d4692f680e7b183e
PlantDoc,train,Tomato Septoria leaf spot,train/Tomato Septoria leaf spot/MPC105550.jpg.rendition.largest.550.jpg,a19672781ee3c17a
PlantDoc,train,Tomato Septoria leaf spot,train/Tomato Septoria leaf spot/PHOTO_1333642732277.jpg,c05f3d383f0c33cc
PlantDoc,train,Tomato Septoria leaf spot,train/Tomato Septoria leaf spot/PHOTO_1333642740144.jpg,c39de0ccccd67624
PlantDoc,train,Tomato Septoria leaf spot,train/Tomato Septoria leaf spot/Sept9-300x225.jpg,d7b969c77000baa5
PlantDoc,train,Tomato Septoria leaf spot,train/Tomato Septoria leaf spot/Septoria%2Bleaf%2Bspot.tomato.JPG.jpg,fa4cbc835a3e8a83
PlantDoc,train,Tomato Septoria leaf spot,train/Tomato Septoria leaf spot/Septoria+Leaf+Spot.jpg,8761789e67689369
PlantDoc,train,Tomato Septoria leaf spot,train/Tomato Septoria leaf spot/Septoria-461x346.jpg,e6c384c3926d996e
PlantDoc,train,Tomato Septoria leaf spot,train/Tomato Septoria leaf spot/Septoria-Tomato.jpg,e924155af0cf4e36
PlantDoc,train,Tomato Septoria leaf spot,train/Tomato Septoria leaf spot/Septoria-leaf-spot-hc.jpg,8787cd3e30c6669a
PlantDoc,train,Tomato Septoria leaf spot,train/Tomato Septoria leaf spot/Septoria-leaf-spot-on-tomato-FOR-WEB.jpg,d54e219f141bde29
PlantDoc,train,Tomato Septoria leaf spot,train/Tomato Septoria leaf spot/SeptoriaLeaf_T3.jpg,cb1f35c6aba69007
PlantDoc,train,Tomato Septoria leaf spot,train/Tomato Septoria leaf spot/SeptoriaTomato-B.jpg,8ef097e8354a513d
PlantDoc,train,Tomato Septoria leaf spot,train/Tomato Septoria leaf spot/Septoria_Leaf_Spot.jpg,f6e6cc1c82f95b04
PlantDoc,train,Tomato Septoria leaf spot,train/Tomato Septoria leaf spot/Septoria_Leaf_Spot_of_Tomato186.jpg,9dfa2090e7a15d63
PlantDoc,train,Tomato Septoria leaf spot,train/Tomato Septoria leaf spot/Septoria_Leaf_Spot_of_Tomato187.jpg,843e7da161d74cd8
PlantDoc,train,Tomato Septoria leaf spot,train/Tomato Septoria leaf spot/Septoria_Leaf_Spot_of_Tomato2241-450x300.jpg,c9bf7a5a50133ac1
PlantDoc,train,Tomato Septoria leaf spot,train/Tomato Septoria leaf spot/Septoria_leaf_spot_tomato.jpg,bb9bed789264d820
PlantDoc,train,Tomato Septoria leaf spot,train/Tomato Septoria leaf spot/Septoria_tomato_Margaret%20B_p8170755_0002_25004.jpg,98e396194f713b70
PlantDoc,train,Tomato Septoria leaf spot,train/Tomato Septoria leaf spot/Tom_Sept1.jpg,8cb75a4d8e633938
PlantDoc,train,Tomato Septoria leaf spot,train/Tomato Septoria leaf spot/Tom_Sept4.jpg,fc58836d97493643
PlantDoc,train,Tomato Septoria leaf spot,train/Tomato Septoria leaf spot/Tomato%20bacterial%20spot%20closeup-050S.JPG.jpg,972150732be2cc9f
PlantDoc,train,Tomato Septoria leaf spot,train/Tomato Septoria leaf spot/Tomato+Problems+Septoria+Leaf+Spot.jpg,8ee1f1bfe108f00e
PlantDoc,train,Tomato Septoria leaf spot,train/Tomato Septoria leaf spot/Tomato+leaf+spot2.jpg,85c838a5253d373f
PlantDoc,train,Tomato Septoria leaf spot,train/Tomato Septoria leaf spot/TomatoDisease_IMG_2744_2016Jul01_original.JPG?1472858324.jpg,8b9c7ee6c3212dc2
PlantDoc,train,Tomato Septoria leaf spot,train/Tomato Septoria leaf spot/Tomato_Septoria_Leaf_Spot.jpg,d0ca07afb035e6d4
PlantDoc,train,Tomato Septoria leaf spot,train/Tomato Septoria leaf spot/b54d0e40027ff5e90e8ba7e1e9abf9bd.jpg,971162d8c7e91a79
PlantDoc,train,Tomato Septoria leaf spot,train/Tomato Septoria leaf spot/b6ca3f80-cc10-4d4f-be0d-771deb9a4969.jpeg.jpg,c04a3f97f6a805ba
PlantDoc,train,Tomato Septoria leaf spot,train/Tomato Septoria leaf spot/bd0b83af4c5e4b739ccc6c36fa66f141.jpg,e1bd599e234db160
PlantDoc,train,Tomato Septoria leaf spot,train/Tomato Septoria leaf spot/bed-4-tomatoes-23jun13.jpg,9dc74a2443f465b9
PlantDoc,train,Tomato Septoria leaf spot,train/Tomato Septoria leaf spot/bigseptoria01.jpg,8fba30d905291afe
PlantDoc,train,Tomato Septoria leaf spot,train/Tomato Septoria leaf spot/bnX8Q.jpg,9ccab3919aa1d3a5
PlantDoc,train,Tomato Septoria leaf spot,train/Tomato Septoria leaf spot/caf212ccf4696675469a0beaa9e57213.jpg,8bd7345d23ec2564
PlantDoc,train,Tomato Septoria leaf spot,train/Tomato Septoria leaf spot/classic-septoria.jpg,8250b8eab8bad32f
PlantDoc,train,Tomato Septoria leaf spot,train/Tomato Septoria leaf spot/closeup-of-tomato-leaf-y4af51-1024x768.jpg,8e15d5488d2fb437
PlantDoc,train,Tomato Septoria leaf spot,train/Tomato Septoria leaf spot/confused-early-blight-septoria-zoom.jpg,c07d82df42b92de8
PlantDoc,train,Tomato Septoria leaf spot,train/Tomato Septoria leaf spot/early+blight+on+leaf+yel+halo+IMG_2313.JPG.jpg,81b50f34cb66e9e4
PlantDoc,train,Tomato Septoria leaf spot,train/Tomato Septoria leaf spot/early-blight-septoria-ls-fig-3.jpg,c88b5ce37fa88057
PlantDoc,train,Tomato Septoria leaf spot,train/Tomato Septoria leaf spot/eb56b488e349c2de423ab6afbcc4bd5b.jpg,d9ecb998536d6098
PlantDoc,train,Tomato Septoria leaf spot,train/Tomato Septoria leaf spot/gray-leaf-spot.jpg,9001fcf89fbc9552
PlantDoc,train,Tomato Septoria leaf spot,train/Tomato Septoria leaf spot/img_6564.jpg,cda3c42ce6e6f029
PlantDoc,train,Tomato Septoria leaf spot,train/Tomato Septoria leaf spot/leafspot-5aba8283642dca003687f6fa.jpg,87b846c2fae09cf2
PlantDoc,train,Tomato Septoria leaf spot,train/Tomato Septoria leaf spot/septoria+leaf+spota.jpg,8fb192121597d778
PlantDoc,train,Tomato Septoria leaf spot,train/Tomato Septoria leaf spot/septoria+on+rudbeckia.jpg,85a4d0dadc6dac74
PlantDoc,train,Tomato Septoria leaf spot,train/Tomato Septoria leaf spot/septoria+tomato.jpg,80c6296cf4c7b68f
PlantDoc,train,Tomato Septoria leaf spot,train/Tomato Septoria leaf spot/septoria-leaf-spot-2.jpg,edaac4c4b2374b58
PlantDoc,train,Tomato Septoria leaf spot,train/Tomato Septoria leaf spot/septoria-leaf-spot-in-tomatoes.jpg,9ec38d37c29c2339
PlantDoc,train,Tomato Septoria leaf spot,train/Tomato Septoria leaf spot/septoria-leaf-spot-on-tomato-1.jpg,bc0adbb1d6cc5055
PlantDoc,train,Tomato Septoria leaf spot,train/Tomato Septoria leaf spot/septoria-leaf-spot-tomato-1.jpg,f6b42441a5fde88a
PlantDoc,train,Tomato Septoria leaf spot,train/Tomato Septoria leaf spot/septoria-leaf-spot-tomatoes1x2400-17g2jzo.jpg,a2abd469876e6ac1
PlantDoc,train,Tomato Septoria leaf spot,train/Tomato Septoria leaf spot/septoria-leaf-spot-tomatoes2x2400-202yoxg.jpg,8997c26e366c3c78
PlantDoc,train,Tomato Septoria leaf spot,train/Tomato Septoria leaf spot/septoria-leaf-spot-treatment-leaf-spot-septoria-leaf-spot-soil-treatment-septoria-leaf-spot-tomato-organic-treatment.jpg,83a4d1c6fa477551
PlantDoc,train,Tomato Septoria leaf spot,train/Tomato Septoria leaf spot/septoria-leafspot-on-tomato-leaf-rp-c.jpg,c057a2da29dcbdc4
PlantDoc,train,Tomato Septoria leaf spot,train/Tomato Septoria leaf spot/septoria-lycopersici-ascomycota-common-fungal-leaf-disease-of-tomato-picture-id128110611.jpg,d9d77862e0e0a38e
PlantDoc,train,Tomato Septoria leaf spot,train/Tomato Septoria leaf spot/septoria-tomato-leaf.jpg,c1e02f1fb4d84a2f
PlantDoc,train,Tomato Septoria leaf spot,train/Tomato Septoria leaf spot/septoria2_600px.jpg,f69dd5c1c0a44ac7
PlantDoc,train,Tomato Septoria leaf spot,train/Tomato Septoria leaf spot/septoria3.jpg,9736dfb08a1dc826
PlantDoc,train,Tomato Septoria leaf spot,train/Tomato Septoria leaf spot/septoria5.jpg,863731c3e21c7f64
PlantDoc,train,Tomato Septoria leaf spot,train/Tomato Septoria leaf spot/septoria_leaf_spot_of_tomato-1500x750.jpg,d8c761833e701ebc
PlantDoc,train,Tomato Septoria leaf spot,train/Tomato Septoria leaf spot/septoria_tom_leaves1x1200.jpg,966930120ffdb8cd
PlantDoc,train,Tomato Septoria leaf spot,train/Tomato Septoria leaf spot/septoria_tom_seedlings2x1200.jpg,aa3c3fb06473cd11
PlantDoc,train,Tomato Septoria leaf spot,train/Tomato Septoria leaf spot/septoria_tom_seedlings5x1200.jpg,907ee3e38215c736
PlantDoc,train,Tomato Septoria leaf spot,train/Tomato Septoria leaf spot/septoria_tomato.jpg,ed2d135725cf1c21
PlantDoc,train,Tomato Septoria leaf spot,train/Tomato Septoria leaf spot/septorialeafspot.jpg,fe7c60e03f69a418
PlantDoc,train,Tomato Septoria leaf spot,train/Tomato Septoria leaf spot/septorialeafspot2.jpg,bbe09706de03d81b
PlantDoc,train,Tomato Septoria leaf spot,train/Tomato Septoria leaf spot/septorialycopersici_small.jpg,bf8194dacac9a545
PlantDoc,train,Tomato Septoria leaf spot,train/Tomato Septoria leaf spot/slide21-n.jpg,bcc7ca989bcbc302
PlantDoc,train,Tomato Septoria leaf spot,train/Tomato Septoria leaf spot/sls1.jpg,966ef006ff22ad06
PlantDoc,train,Tomato Septoria leaf spot,train/Tomato Septoria leaf spot/tomato%2Bseptoria%2Bleaf%2Bspot2.JPG.jpg,a528d2f75cf2e430
PlantDoc,train,Tomato Septoria leaf spot,train/Tomato Septoria leaf spot/tomato-badleaves.jpg,d98fbe7437543210
PlantDoc,train,Tomato Septoria leaf spot,train/Tomato Septoria leaf spot/tomato-blight-treatment-blight.jpg,aa88551ea7efe828
PlantDoc,train,Tomato Septoria leaf spot,train/Tomato Septoria leaf spot/tomato-disease-septoria-leaf-spot-d7e1x9.jpg,da4372c5830edb3a
PlantDoc,train,Tomato Septoria leaf spot,train/Tomato Septoria leaf spot/tomato-disease-septoria-leaf-spot-d7e1xe.jpg,d8e0ea48e71fec41
PlantDoc,train,Tomato Septoria leaf spot,train/Tomato Septoria leaf spot/tomato-disease-septoria-leaf-spot-d7e1xm.jpg,9a0df552a013ea7e
PlantDoc,train,Tomato Septoria leaf spot,train/Tomato Septoria leaf spot/tomato-diseases-1-638.jpg,f7aec8d097912c26
PlantDoc,train,Tomato Septoria leaf spot,train/Tomato Septoria leaf spot/tomato-early-blight-e1437503226856.jpg,d6a56a46786a791a
PlantDoc,train,Tomato Septoria leaf spot,train/Tomato Septoria leaf spot/tomato-leaf-spot-septoria-lycopersici-leaf-spotting-on-tomato-at9jap.jpg,9b4d7118e563e436
PlantDoc,train,Tomato Septoria leaf spot,train/Tomato Septoria leaf spot/tomato-leaf-spot-septoria-lycopersici-on-a-tomato-leaflet-acg9j5.jpg,9a936c1db66ce164
PlantDoc,train,Tomato Septoria leaf spot,train/Tomato Septoria leaf spot/tomato-plant-is-infected-with-septoria-leaf-spot-1.jpg,a59c11defa6a2c29
PlantDoc,train,Tomato Septoria leaf spot,train/Tomato Septoria leaf spot/tomato-plant-is-infected-with-septoria-leaf-spot.jpg,c90f84780befd6a8
PlantDoc,train,Tomato Septoria leaf spot,train/Tomato Septoria leaf spot/tomato-septoria-3-500x384.jpg,802e81defd19e33c
PlantDoc,train,Tomato Septoria leaf spot,train/Tomato Septoria leaf spot/tomato-septoria-3.jpg,802e81defd19e33c
PlantDoc,train,Tomato Septoria leaf spot,train/Tomato Septoria leaf spot/tomato-septoria-5-500x384.jpg,d0244d7c278d1b9f
PlantDoc,train,Tomato Septoria leaf spot,train/Tomato Septoria leaf spot/tomato-septoria-5.jpg,d0244d7c278d1b9f
PlantDoc,train,Tomato Septoria leaf spot,train/Tomato Septoria leaf spot/tomato-septoria-leaf-spot--.jpg,b6d658bb1889872e
PlantDoc,train,Tomato Septoria leaf spot,train/Tomato Septoria leaf spot/tomato-septoria-leaf-spot-.jpg,b746663a70d38da4
PlantDoc,train,Tomato Septoria leaf spot,train/Tomato Septoria leaf spot/tomato-septoria-leaf-spot-600.jpg,e8a23d837a1eb38c
PlantDoc,train,Tomato Septoria leaf spot,train/Tomato Septoria leaf spot/tomato-septoria-leaf-spot.jpg,fc08436f133336ba
PlantDoc,train,Tomato Septoria leaf spot,train/Tomato Septoria leaf spot/tomato_V8.jpg,fe78e19452839cc6
PlantDoc,train,Tomato Septoria leaf spot,train/Tomato Septoria leaf spot/tomato_leaf_spots_1500x1500%253E.jpg,dc8361790765f6a2
PlantDoc,train,Tomato Septoria leaf spot,train/Tomato Septoria leaf spot/tomato_leaves_300x300%2523.jpg,80823f3e3cbcdb62
PlantDoc,train,Tomato Septoria leaf spot,train/Tomato Septoria leaf spot/tomato_septoria_05_zoom.jpg,cb36272165e8745b
PlantDoc,train,Tomato Septoria leaf spot,train/Tomato Septoria leaf spot/tomato_septoria_alternaria_1.jpg,a1c30fbc0d5df027
PlantDoc,train,Tomato Septoria leaf spot,train/Tomato Septoria leaf spot/tomatofactsheet.png.png,e9241558f1cf4e36
PlantDoc,train,Tomato Septoria leaf spot,train/Tomato Septoria leaf spot/tomatoseptorialeafspotjpg-788d20798a3c74e7.jpg,dcdd2de0367c3250
PlantDoc,train,Tomato Septoria leaf spot,train/Tomato Septoria leaf spot/vdu-tomato-sept-eb-285x300.jpg,ca53ea8b8dece144
PlantDoc,train,Tomato Septoria leaf spot,train/Tomato Septoria leaf spot/web1_copy_tomato-septoria-leaf-spot4.jpg,e187e15fbe2c9520
PlantDoc,train,Tomato Septoria leaf spot,train/Tomato Septoria leaf spot/x3-most-common-types-tomato-blight.jpg.pagespeed.ic.5cLJi6TXEi.jpg,d13a70906ad5aee6
PlantDoc,train,Tomato Septoria leaf spot,train/Tomato Septoria leaf spot/xgray-leaf-spot.jpg.pagespeed.ic.ltF8KfKtQ1.jpg,9001fcf89fbc9552
PlantDoc,train,Tomato leaf,train/Tomato leaf/003.JPG.jpg,ad2d4cabc849769a
PlantDoc,train,Tomato leaf,train/Tomato leaf/009-e1373768789869.jpg,bf14cb5f48da6822
PlantDoc,train,Tomato leaf,train/Tomato leaf/100_8283.jpg,c671c6713696278d
PlantDoc,train,Tomato leaf,train/Tomato leaf/15481477375.jpg,95149cb3a96c6373
PlantDoc,train,Tomato leaf,train/Tomato leaf/1686.jpg,8ac5fce4b7b0830b
PlantDoc,train,Tomato leaf,train/Tomato leaf/1688.jpg,9d874d8bb348a695
PlantDoc,train,Tomato leaf,train/Tomato leaf/17371378-tomato-leaf.jpg,b3c7ce388c99c919
PlantDoc,train,Tomato leaf,train/Tomato leaf/2013-08-20-03.jpg,999a2ddc32a086df
PlantDoc,train,Tomato leaf,train/Tomato leaf/2013-08-20-04.jpg,c40e69f84beb8764
PlantDoc,train,Tomato leaf,train/Tomato leaf/20130609_151253_zpsc7d93f62.jpg,ab8b1d709e681dc9
PlantDoc,train,Tomato leaf,train/Tomato leaf/20140818-tomato-sauce-vicky-wasik-1.jpg,d5d1396f2cd8c283
PlantDoc,train,Tomato leaf,train/Tomato leaf/2015-09-17-01.jpg,d13260564ecd0ff9
PlantDoc,train,Tomato leaf,train/Tomato leaf/20160428_080421.jpg,d3f02f903629fc51
PlantDoc,train,Tomato leaf,train/Tomato leaf/9bfac1dea7f401e3b379dab33f535bb4.jpg,ea2c5a42b59394dd
PlantDoc,train,Tomato leaf,train/Tomato leaf/Bacterial-leaf-spot-transplants1.jpg,9271b1751eda720b
PlantDoc,train,Tomato leaf,train/Tomato leaf/Basil%2Binfected%2Bby%2BTomato%2BSpotted%2BWilt%2BVirus.jpg,a5d826bf9ab22519
PlantDoc,train,Tomato leaf,train/Tomato leaf/CTG514794.jpg,c49012da3f356be6
PlantDoc,train,Tomato leaf,train/Tomato leaf/DSCN1016.JPG.jpg,91f4080f09b57e9f
PlantDoc,train,Tomato leaf,train/Tomato leaf/Fig-2.jpg,ba552ab5d0a11ef2
PlantDoc,train,Tomato leaf,train/Tomato leaf/IMG_2061.JPG.jpg,efd6023478632bb4
PlantDoc,train,Tomato leaf,train/Tomato leaf/IMG_3011.jpg,fd852ca6905a56b9
PlantDoc,train,Tomato leaf,train/Tomato leaf/IMG_3192.JPG.jpg,b8b5165a4fc6da60
PlantDoc,train,Tomato leaf,train/Tomato leaf/L.peruv-assort.jpg,abf4b089c7537036
PlantDoc,train,Tomato leaf,train/Tomato leaf/Leaves-of-Tomato.jpg,c3c63f356483968d
PlantDoc,train,Tomato leaf,train/Tomato leaf/PxWBE.jpg,f19c2da42f0f7492
PlantDoc,train,Tomato leaf,train/Tomato leaf/Tomato%2Bleaf.jpg,c8cb42d2973fc9c2
PlantDoc,train,Tomato leaf,train/Tomato leaf/curling-issues.jpg,995b8935c9496e96
PlantDoc,train,Tomato leaf,train/Tomato leaf/depositphotos_120361722-stock-photo-tomato-leaf-closeup.jpg,afcbc0929724cd2d
PlantDoc,train,Tomato leaf,train/Tomato leaf/depositphotos_143371585-stock-photo-tomato-leaf-closeup-isolated-on.jpg,bcc2c4bc73813dca
PlantDoc,train,Tomato leaf,train/Tomato leaf/depositphotos_7182856-stock-photo-tomato-leaf.jpg,ec3b85c1921c3f33
PlantDoc,train,Tomato leaf,train/Tomato leaf/flies.jpg,db245ba61e961e92
PlantDoc,train,Tomato leaf,train/Tomato leaf/fpls-08-01602-g001.jpg,b6b3c30a855c97a9
PlantDoc,train,Tomato leaf,train/Tomato leaf/happier-inside.jpg,8dc70df8e61c70e4
PlantDoc,train,Tomato leaf,train/Tomato leaf/img_1028.jpg,c4b8d5da1166d9a6
PlantDoc,train,Tomato leaf,train/Tomato leaf/img_6635.jpg,c5dd4a0e73e6190b
PlantDoc,train,Tomato leaf,train/Tomato leaf/late_blight_tomato_leaf4x1200.jpg,9fd1a10c1c5dfc91
PlantDoc,train,Tomato leaf,train/Tomato leaf/mortgage-lifter-yellow-leaves-2.jpg,8f97bf85184ab885
PlantDoc,train,Tomato leaf,train/Tomato leaf/p1011399.jpg,bcf17480b3be3898
PlantDoc,train,Tomato leaf,train/Tomato leaf/russian-2-319-dt-2010-leaves-high-tunnel-9-29-2014-c.jpg,d1b6b0e15e7116d4
PlantDoc,train,Tomato leaf,train/Tomato leaf/single-a-green-leaf-of-tomato-picture-id496662675?k=6&m=496662675&s=612x612&w=0&h=6zKfv022H_9cLQSIR_kpcOAlTeg1eIVtLBbc80PQA7Y=.jpg,e43995c6da96851b
PlantDoc,train,Tomato leaf,train/Tomato leaf/stock-photo-leaves-of-tomato-plant-isolated-on-white-12085288.jpg,ebb5c48b37d202a6
PlantDoc,train,Tomato leaf,train/Tomato leaf/stock-photo-tomato-leaf-isolated-on-white-background-580281301.jpg,b16c9cd34e2c3cb2
PlantDoc,train,Tomato leaf,train/Tomato leaf/stock-photo-tomato-leaves-close-up-macro-shot-isolated-on-white-background-78796204.jpg,ee9ca40dd9c293b2
PlantDoc,train,Tomato leaf,train/Tomato leaf/stock-vector-set-of-vector-elements-for-your-design-red-ripe-tomatoes-with-water-drops-tomato-leaves-and-tomato-203297116.jpg,be5a9167e294b126
PlantDoc,train,Tomato leaf,train/Tomato leaf/tomato-leaf-20728368.jpg,e8bc966a85c363b4
PlantDoc,train,Tomato leaf,train/Tomato leaf/tomato-leaf-26180166.jpg,bb94816f96f04995
PlantDoc,train,Tomato leaf,train/Tomato leaf/tomato-leaf-6291945.jpg,b733d14e0ccc9cd1
PlantDoc,train,Tomato leaf,train/Tomato leaf/tomato-leaf-6424287.jpg,b4339a9cc3cd3c19
PlantDoc,train,Tomato leaf,train/Tomato leaf/tomato-leaf-close-up.jpg,b5d265330543d99e
PlantDoc,train,Tomato leaf,train/Tomato leaf/tomato-leaf-isolated-white-34309524.jpg,b6b0d10f8ec66726
PlantDoc,train,Tomato leaf,train/Tomato leaf/tomato-leaf.jpg,bc98c06f87e30f8c
PlantDoc,train,Tomato leaf,train/Tomato leaf/tomato-leaves-17427786.jpg,fb2ec45ad0b119cc
PlantDoc,train,Tomato leaf,train/Tomato leaf/tomato-leaves-9025906.jpg,eb6c83e31c98c6c5
PlantDoc,train,Tomato leaf,train/Tomato leaf/tomato-leaves.jpg,a99c3c612b6cb66c
PlantDoc,train,Tomato leaf,train/Tomato leaf/tomato-vine-ripe-leaves-isolated-against-white-34863029.jpg,a71fd0e2cd1932cc
PlantDoc,train,Tomato leaf bacterial spot,train/Tomato leaf bacterial spot/05-069f1.jpg,9b837d7d20254567
PlantDoc,train,Tomato leaf bacterial spot,train/Tomato leaf bacterial spot/05-069f12.jpg,c07e03c82f887dee
PlantDoc,train,Tomato leaf bacterial spot,train/Tomato leaf bacterial spot/05-069f9.jpg,c5bf28708735e48b
PlantDoc,train,Tomato leaf bacterial spot,train/Tomato leaf bacterial spot/10-3-bacterial-speck-on-tomato-RON.jpg,ce11137e664b9995
PlantDoc,train,Tomato leaf bacterial spot,train/Tomato leaf bacterial spot/110608-01-8356c-lg.jpg,cb095e166e53acd2
PlantDoc,train,Tomato leaf bacterial spot,train/Tomato leaf bacterial spot/13582051_f520.jpg,aca6430f5737254b
PlantDoc,train,Tomato leaf bacterial spot,train/Tomato leaf bacterial spot/250?cb=20100819110637.jpg,e5249a9859b957a6
PlantDoc,train,Tomato leaf bacterial spot,train/Tomato leaf bacterial spot/266914753eb19d87b80567baed1a0f66.jpg,d4563cd038873f0f
PlantDoc,train,Tomato leaf bacterial spot,train/Tomato leaf bacterial spot/30290.jpg,8b077f7e68107cb0
PlantDoc,train,Tomato leaf bacterial spot,train/Tomato leaf bacterial spot/3182.jpg,8e920d150fabd5f8
PlantDoc,train,Tomato leaf bacterial spot,train/Tomato leaf bacterial spot/38849847120_7ae02bd6c3_b.jpg,9fcf09b25ad100fc
PlantDoc,train,Tomato leaf bacterial spot,train/Tomato leaf bacterial spot/39765006175_e2f0da764d_b.jpg,95976f70279146c5
PlantDoc,train,Tomato leaf bacterial spot,train/Tomato leaf bacterial spot/3bacterial-canker1.jpg,fd8e32d564ae9091
PlantDoc,train,Tomato leaf bacterial spot,train/Tomato leaf bacterial spot/4-6%20Keep%20bacterial%20diseasesMARY%20-%20D.jpg,cbde72c42e349932
PlantDoc,train,Tomato leaf bacterial spot,train/Tomato leaf bacterial spot/5114949114265600-600x272.jpeg.jpg,eff0fc696810f809
PlantDoc,train,Tomato leaf bacterial spot,train/Tomato leaf bacterial spot/59380.jpg,a1e847fac5b0dc07
PlantDoc,train,Tomato leaf bacterial spot,train/Tomato leaf bacterial spot/71c944d61b08f6373a9a38d3c250cb2e.jpg,834e5da78b24bf06
PlantDoc,train,Tomato leaf bacterial spot,train/Tomato leaf bacterial spot/BCH%20medium%20thumbnail%20for%20upload%20%2814%29.jpg,a90a6252de73a9da
PlantDoc,train,Tomato leaf bacterial spot,train/Tomato leaf bacterial spot/BCH%20small%20thumbnail%20for%20upload%20%2814%29.jpg,a90a6252de73a9da
PlantDoc,train,Tomato leaf bacterial spot,train/Tomato leaf bacterial spot/Bacterial+Speck+-+Tomatoes.jpg,abc91cc01becf436
PlantDoc,train,Tomato leaf bacterial spot,train/Tomato leaf bacterial spot/Bacterial+Spot+-+Tomatoes.jpg,a72fc3c0f8b494b1
PlantDoc,train,Tomato leaf bacterial spot,train/Tomato leaf bacterial spot/Bacterial-Leaf-Spot-2.jpg,a6f53c5c67422327
PlantDoc,train,Tomato leaf bacterial spot,train/Tomato leaf bacterial spot/Bacterial-Spot-of-Tomato-Img-2.jpg,cce42ca3332cbd69
PlantDoc,train,Tomato leaf bacterial spot,train/Tomato leaf bacterial spot/Bacterial-speck-tomato-leaves.jpg,c203af4fad6a5a94
PlantDoc,train,Tomato leaf bacterial spot,train/Tomato leaf bacterial spot/Bacterial-spot-on-tomato-leaves.jpg,8c4ca02eb3736cbd
PlantDoc,train,Tomato leaf bacterial spot,train/Tomato leaf bacterial spot/Bacterial-spot-tomato.jpg,929283697b3aaaba
PlantDoc,train,Tomato leaf bacterial spot,train/Tomato leaf bacterial spot/BacterialSpot06.jpg,ddb29fad0f181115
PlantDoc,train,Tomato leaf bacterial spot,train/Tomato leaf bacterial spot/BacterialSpot07.jpg,9b80e0ed9f1e9931
PlantDoc,train,Tomato leaf bacterial spot,train/Tomato leaf bacterial spot/Bacterial_spots1300.jpg,df0765c8a0606dd7
PlantDoc,train,Tomato leaf bacterial spot,train/Tomato leaf bacterial spot/Bacterial_spots2276.jpg,858f64b2d2e18eb6
PlantDoc,train,Tomato leaf bacterial spot,train/Tomato leaf bacterial spot/Bacterial_spots2277.jpg,d33e2c0bd0d89f85
PlantDoc,train,Tomato leaf bacterial spot,train/Tomato leaf bacterial spot/Bacterial_spots562.jpg,eea1b44b8351e9b1
PlantDoc,train,Tomato leaf bacterial spot,train/Tomato leaf bacterial spot/Bacterial_spots586.jpg,a235fd780ccda526
PlantDoc,train,Tomato leaf bacterial spot,train/Tomato leaf bacterial spot/Canker-GHTom-CAG-leaf-collapse-copy-50-QUALITY-1ur7cyk.jpg,c25d37619076b353
PlantDoc,train,Tomato leaf bacterial spot,train/Tomato leaf bacterial spot/CankerFoliar-copy-50-QUALITY-122b09b.jpg,8fe3d79090b73a05
PlantDoc,train,Tomato leaf bacterial spot,train/Tomato leaf bacterial spot/CankerRhiemsFiring1-copy-50-QUALITY-16lcw30.jpg,85d5137339535bc2
PlantDoc,train,Tomato leaf bacterial spot,train/Tomato leaf bacterial spot/FS547-4-big.jpg,d7b969c77000baa5
PlantDoc,train,Tomato leaf bacterial spot,train/Tomato leaf bacterial spot/Figure-1-6.jpg,c395492dad7e0c66
PlantDoc,train,Tomato leaf bacterial spot,train/Tomato leaf bacterial spot/Figure-3-7.jpg,d2436b7ba0c60fa5
PlantDoc,train,Tomato leaf bacterial spot,train/Tomato leaf bacterial spot/IMG_2348.jpg,a5ec3dc93c88d90b
PlantDoc,train,Tomato leaf bacterial spot,train/Tomato leaf bacterial spot/IN0335.jpg,943fcc0c5b8347a7
PlantDoc,train,Tomato leaf bacterial spot,train/Tomato leaf bacterial spot/Jeter%20Mtn%20Farm_7053.JPG.jpg,80cd1e7872674f36
PlantDoc,train,Tomato leaf bacterial spot,train/Tomato leaf bacterial spot/Leaf%2Bspot%2B1000.jpg,83010bfdfb95f094
PlantDoc,train,Tomato leaf bacterial spot,train/Tomato leaf bacterial spot/Leaf%2Bsymptoms%2BMDA.jpg,b8cf1e2d52e42974
PlantDoc,train,Tomato leaf bacterial spot,train/Tomato leaf bacterial spot/Leaf-Spot-300x253.jpg,fafa22e2b99b1901
PlantDoc,train,Tomato leaf bacterial spot,train/Tomato leaf bacterial spot/Leaf-spots-on-tomato-leaves-Credits-Hank-Dankers_Q320.jpg,871f17b9ea4426c5
PlantDoc,train,Tomato leaf bacterial spot,train/Tomato leaf bacterial spot/Leafspotx450xBugwood.jpg,ba92bda36358511d
PlantDoc,train,Tomato leaf bacterial spot,train/Tomato leaf bacterial spot/LyraEDISServlet.jpg,9c96165e5ba86a5c
PlantDoc,train,Tomato leaf bacterial spot,train/Tomato leaf bacterial spot/Paret-Fig-1-tomato-bacterial-leaf-spot.jpg,dc6b267022ec9b47
PlantDoc,train,Tomato leaf bacterial spot,train/Tomato leaf bacterial spot/Pest2371.jpg,dc657a331b8b0687
PlantDoc,train,Tomato leaf bacterial spot,train/Tomato leaf bacterial spot/RyBx7MH.jpg,972150732be2cc9f
PlantDoc,train,Tomato leaf bacterial spot,train/Tomato leaf bacterial spot/TC3.jpg,d16934c0ce95f35a
PlantDoc,train,Tomato leaf bacterial spot,train/Tomato leaf bacterial spot/TC6-300x194.jpg,d41f782771c71b84
PlantDoc,train,Tomato leaf bacterial spot,train/Tomato leaf bacterial spot/Tomato%20bacterial%20canker.JPG.jpg,813e2e325f6b50da
PlantDoc,train,Tomato leaf bacterial spot,train/Tomato leaf bacterial spot/Tomato%20greenhouse%20phythotoxicity03F.JPG.jpg,85cb5d29d0e43c37
PlantDoc,train,Tomato leaf bacterial spot,train/Tomato leaf bacterial spot/Tomato-Canker-Marginal-Necrosis-Leaf-GH-Guat-50-QUALITY-10e6dzu.jpg,9604dd5ccd13a793
PlantDoc,train,Tomato leaf bacterial spot,train/Tomato leaf bacterial spot/Tomato2_original.JPG?1472597932.jpg,8ed55c8e6d930a69
PlantDoc,train,Tomato leaf bacterial spot,train/Tomato leaf bacterial spot/TomatoBacterialSpot2.jpg,e07e438a5b4d4dd4
PlantDoc,train,Tomato leaf bacterial spot,train/Tomato leaf bacterial spot/a3fb24f84fe70e5d37352d13106531d6.jpg,ee97706e8338864b
PlantDoc,train,Tomato leaf bacterial spot,train/Tomato leaf bacterial spot/alter_cank2-150x150.jpg,979c5657479f0780
PlantDoc,train,Tomato leaf bacterial spot,train/Tomato leaf bacterial spot/b-speck.jpg,a395075ba0af685b
PlantDoc,train,Tomato leaf bacterial spot,train/Tomato leaf bacterial spot/bac-canker.jpg,b8d424e76965fc28
PlantDoc,train,Tomato leaf bacterial spot,train/Tomato leaf bacterial spot/bac-spot.jpg,d49b3dc3185731c5
PlantDoc,train,Tomato leaf bacterial spot,train/Tomato leaf bacterial spot/bac.jpg,b124b33a3b2a2a9f
PlantDoc,train,Tomato leaf bacterial spot,train/Tomato leaf bacterial spot/bac_spot1-300x298.jpg,a4e6da168349e95e
PlantDoc,train,Tomato leaf bacterial spot,train/Tomato leaf bacterial spot/bac_spot_tomato_leaf_l.jpg,dec329b59a2e1742
PlantDoc,train,Tomato leaf bacterial spot,train/Tomato leaf bacterial spot/bact-spot-leaf-big.jpg,c07f428a4b4f4dd5
PlantDoc,train,Tomato leaf bacterial spot,train/Tomato leaf bacterial spot/bacterial%20leaf%20spot.jpg,ba16dea6d026d5a1
PlantDoc,train,Tomato leaf bacterial spot,train/Tomato leaf bacterial spot/bacterial-canker3x2400-2ia1kgd.jpg,945158da4c76e2f6
PlantDoc,train,Tomato leaf bacterial spot,train/Tomato leaf bacterial spot/bacterial-canker4x640-1nz1vm7.jpg,dcdc615ecce608b4
PlantDoc,train,Tomato leaf bacterial spot,train/Tomato leaf bacterial spot/bacterial-leaf-spot.jpg,c1f548813f651f6c
PlantDoc,train,Tomato leaf bacterial spot,train/Tomato leaf bacterial spot/bacterial-speck-tomato-2.jpg,c77540038f17e54f
PlantDoc,train,Tomato leaf bacterial spot,train/Tomato leaf bacterial spot/bacterial-speck-tomato-3.jpg,dbaf22b4e43d48a4
PlantDoc,train,Tomato leaf bacterial spot,train/Tomato leaf bacterial spot/bacterial-speck-tomato1x2400-275mmny.jpg,b19ff56c08f8c312
PlantDoc,train,Tomato leaf bacterial spot,train/Tomato leaf bacterial spot/bacterial-spot-of-tomato-6-638.jpg,ebb3b464956ac84c
PlantDoc,train,Tomato leaf bacterial spot,train/Tomato leaf bacterial spot/bacterial-spot-of-tomato-7-638.jpg,ebe4b46bc81d4998
PlantDoc,train,Tomato leaf bacterial spot,train/Tomato leaf bacterial spot/bacterialLeafSpot04-xqxm03.jpg,d99866673b0964ec
PlantDoc,train,Tomato leaf bacterial spot,train/Tomato leaf bacterial spot/bacterialLeafSpot07-2jqdlmz.jpg,f79a0707646da629
PlantDoc,train,Tomato leaf bacterial spot,train/Tomato leaf bacterial spot/bacterialSpeck03510339f27656b-1scmgh1.jpg,85b2aff90509f654
PlantDoc,train,Tomato leaf bacterial spot,train/Tomato leaf bacterial spot/bacterialspottomato2.jpg,9ff048036b0afaad
PlantDoc,train,Tomato leaf bacterial spot,train/Tomato leaf bacterial spot/bc34aec4ea7f60a64e380fda44c2f380.jpg,996530890efe1de3
PlantDoc,train,Tomato leaf bacterial spot,train/Tomato leaf bacterial spot/beg.jpg,a5cdd2aa8b54aaaa
PlantDoc,train,Tomato leaf bacterial spot,train/Tomato leaf bacterial spot/clothes014.jpg,c112fce38b7e2895
PlantDoc,train,Tomato leaf bacterial spot,train/Tomato leaf bacterial spot/droppedImage_3.jpg,d1c75afde2309324
PlantDoc,train,Tomato leaf bacterial spot,train/Tomato leaf bacterial spot/image3_original.JPG?1472755422.jpg,f9d82b3a34d4c784
PlantDoc,train,Tomato leaf bacterial spot,train/Tomato leaf bacterial spot/image5_300x300%2523.JPG?1472755422.jpg,8d3c3d1aca1b167c
PlantDoc,train,Tomato leaf bacterial spot,train/Tomato leaf bacterial spot/kg32-beefsteak-tomatoes-08_lg.jpg,d73f4584617079c3
PlantDoc,train,Tomato leaf bacterial spot,train/Tomato leaf bacterial spot/latest?cb=20100808132744.jpg,ee31a5c495cc9e1a
PlantDoc,train,Tomato leaf bacterial spot,train/Tomato leaf bacterial spot/leaf-spot3-big.jpg,91ca7ecda331e6c0
PlantDoc,train,Tomato leaf bacterial spot,train/Tomato leaf bacterial spot/my-plant-has-brown-spots-leaf-spot-and-canker-on-dogwood.jpg,b4233c6f5ec66462
PlantDoc,train,Tomato leaf bacterial spot,train/Tomato leaf bacterial spot/patarea-bacteriana-frunzelor-pseudomonas-syringae-maculicola-31_5_2.jpg,febafce800f808b4
PlantDoc,train,Tomato leaf bacterial spot,train/Tomato leaf bacterial spot/pddl-highlights-fig-1-bact-spot.jpg,ceb1c4e69d443db0
PlantDoc,train,Tomato leaf bacterial spot,train/Tomato leaf bacterial spot/photo-1.jpg,cec3f19006ed1e2e
PlantDoc,train,Tomato leaf bacterial spot,train/Tomato leaf bacterial spot/photo-764060.JPG.jpg,a81b37ea19daa296
PlantDoc,train,Tomato leaf bacterial spot,train/Tomato leaf bacterial spot/pp1244-05.jpeg.jpg,eae8d34b0b14fcc2
PlantDoc,train,Tomato leaf bacterial spot,train/Tomato leaf bacterial spot/stock-photo-bacterial-spot-on-tomato-559799107.jpg,bb85b26aad72901d
PlantDoc,train,Tomato leaf bacterial spot,train/Tomato leaf bacterial spot/tomato-plant-diseases-identification-leaf-spot-tomato-disease-tomato-plant-fungus-identification.jpg,aee1a83ef2111ad6
PlantDoc,train,Tomato leaf bacterial spot,train/Tomato leaf bacterial spot/tomato-plant-leaves-brown-spots-tomato-leaves-older-ones-with-spots.jpg,c78335e69794c2a5
PlantDoc,train,Tomato leaf bacterial spot,train/Tomato leaf bacterial spot/tomato1A.jpg,f46852af5152ebe0
PlantDoc,train,Tomato leaf bacterial spot,train/Tomato leaf bacterial spot/tomato_bacterial-speck_03_zoom.jpg,85c00f2b59bbead2
PlantDoc,train,Tomato leaf bacterial spot,train/Tomato leaf bacterial spot/tomato_xanthomonas_foliage.jpg,c2981f37dcc5e486
PlantDoc,train,Tomato leaf late blight,train/Tomato leaf late blight/118A_Tom_Late.jpg,a8f61d018d6c5aeb
PlantDoc,train,Tomato leaf late blight,train/Tomato leaf late blight/20150619d.jpg,8e0593da957aad43
PlantDoc,train,Tomato leaf late blight,train/Tomato leaf late blight/2017-08-27%2B-%2BLate%2BBlight%2Bon%2BGypsy%2B1.jpg,e99227caa4033cf7
PlantDoc,train,Tomato leaf late blight,train/Tomato leaf late blight/5816170621_e1cce08736_z.jpg,c84d7fb6b1881ec1
PlantDoc,train,Tomato leaf late blight,train/Tomato leaf late blight/600.jpg,e883ce4dd6339e60
PlantDoc,train,Tomato leaf late blight,train/Tomato leaf late blight/7262-drought.jpg,81a74c37e34f2e2c
PlantDoc,train,Tomato leaf late blight,train/Tomato leaf late blight/924977LateBlightLeaf.jpg,e2e21df848c6bc1b
PlantDoc,train,Tomato leaf late blight,train/Tomato leaf late blight/August-17-2012-Supplemental-6.jpg,8e9726c09f6e23b4
PlantDoc,train,Tomato leaf late blight,train/Tomato leaf late blight/F%294.jpg,8c34369a92e7e956
PlantDoc,train,Tomato leaf late blight,train/Tomato leaf late blight/FS547-6-big.jpg,eec294edb0d650a5
PlantDoc,train,Tomato leaf late blight,train/Tomato leaf late blight/Fig.%2014_opta.jpg,c24f6f5f3e248590
PlantDoc,train,Tomato leaf late blight,train/Tomato leaf late blight/IMG_1526.jpg,eb1e8826f15f1e28
PlantDoc,train,Tomato leaf late blight,train/Tomato leaf late blight/IMG_2254.JPG.jpg,e3fa6c0b2809bb8b
PlantDoc,train,Tomato leaf late blight,train/Tomato leaf late blight/IMG_4182.JPG.jpg,98bdf5815319e92c
PlantDoc,train,Tomato leaf late blight,train/Tomato leaf late blight/IMG_5360.jpg,8e0593da957aad43
PlantDoc,train,Tomato leaf late blight,train/Tomato leaf late blight/IMG_5368.jpg,ef56c02c96529b8d
PlantDoc,train,Tomato leaf late blight,train/Tomato leaf late blight/IMG_5813.jpg,f8980c4dc03ed4df
PlantDoc,train,Tomato leaf late blight,train/Tomato leaf late blight/LB-2-225x300.jpg,cb327482d0d58afe
PlantDoc,train,Tomato leaf late blight,train/Tomato leaf late blight/LBleaf2INIA_0.jpg,d6969ed0f10cc86e
PlantDoc,train,Tomato leaf late blight,train/Tomato leaf late blight/Late%20blight%20tomato1.jpg,e100781fce833ff1
PlantDoc,train,Tomato leaf late blight,train/Tomato leaf late blight/Late-Blight-A.jpg,c8b7236807333bf8
PlantDoc,train,Tomato leaf late blight,train/Tomato leaf late blight/Late-Blight-on-Tomato-4JDill.jpg,b7f56051865c9c8e
PlantDoc,train,Tomato leaf late blight,train/Tomato leaf late blight/Late-blight-foliar-leasion-on-tomato.jpg,99844759a71d82df
PlantDoc,train,Tomato leaf late blight,train/Tomato leaf late blight/Late-blight-on-a-tomato-leaf.jpg,81427ddaac457a57
PlantDoc,train,Tomato leaf late blight,train/Tomato leaf late blight/Late-blight-symptoms-on-tomato-leaves-1r3uhy2.jpg,c5f1f3e0c4193587
PlantDoc,train,Tomato leaf late blight,train/Tomato leaf late blight/Late-blight-tomato-leaf-VikramBisht-MBag.jpg,dff0b01c649394f4
PlantDoc,train,Tomato leaf late blight,train/Tomato leaf late blight/LateBlight-Leaflet-Large-Spot_9005-ROTATED-sbzntn.jpg,d4a52b4cb59552d9
PlantDoc,train,Tomato leaf late blight,train/Tomato leaf late blight/LateBlight-Tomato-JJ-2009-17nxg4q.jpg,9398010307dfcff3
PlantDoc,train,Tomato leaf late blight,train/Tomato leaf late blight/LateBlightLeaf.jpg,e2e21df848c6bc1b
PlantDoc,train,Tomato leaf late blight,train/Tomato leaf late blight/LateBlt09_05.jpg,a7fe6e52e324184a
PlantDoc,train,Tomato leaf late blight,train/Tomato leaf late blight/LateBlt_FromRusinek.jpg,f080e989f35614f7
PlantDoc,train,Tomato leaf late blight,train/Tomato leaf late blight/Late_Blight_2.jpg,e4463cda92396d95
PlantDoc,train,Tomato leaf late blight,train/Tomato leaf late blight/Late_blight_on_tomato_leaf_%287871756748%29.jpg,95b772c26e6a5384
PlantDoc,train,Tomato leaf late blight,train/Tomato leaf late blight/Pest2369.jpg,fc7c83a0cc93c42f
PlantDoc,train,Tomato leaf late blight,train/Tomato leaf late blight/TOMATO%20LATE%20BLIGHT%20ON%20LEAF.jpg,c6236ed1bd09d235
PlantDoc,train,Tomato leaf late blight,train/Tomato leaf late blight/ToamtoLateBlight3-Version-3-oohvze.jpg,d52a6e9d9a54d88a
PlantDoc,train,Tomato leaf late blight,train/Tomato leaf late blight/Tomato%20late%20blight%20lesion%20closeup%2013F.JPG.jpg,c7003bfe481770cf
PlantDoc,train,Tomato leaf late blight,train/Tomato leaf late blight/Tomato-Late-BlightBM.jpg,d3b00fd4f96a9095
PlantDoc,train,Tomato leaf late blight,train/Tomato leaf late blight/Tomato-late-blight-leaf-Margaret-McGrath-Cornell-Bugwood.jpg,d8c635ca74897639
PlantDoc,train,Tomato leaf late blight,train/Tomato leaf late blight/TomatoBlight.JPG.jpg,8ecc2f6d2a02f56a
PlantDoc,train,Tomato leaf late blight,train/Tomato leaf late blight/TomatoLateBlight-3-Underside-2ebj05b-300x225.jpg,d54b4a4d93a685b3
PlantDoc,train,Tomato leaf late blight,train/Tomato leaf late blight/TomatoLateBlightTop.jpg,fac2963cc933e40b
PlantDoc,train,Tomato leaf late blight,train/Tomato leaf late blight/Tomato_Blight_Leaves.JPG.jpg,e17e76e39b8050e8
PlantDoc,train,Tomato leaf late blight,train/Tomato leaf late blight/a7710b5901ba1f8e9759ef7576cd9f09.jpg,9cd870fcdc0636d1
PlantDoc,train,Tomato leaf late blight,train/Tomato leaf late blight/dsc_4621c.jpg,dd1fa10e4897e887
PlantDoc,train,Tomato leaf late blight,train/Tomato leaf late blight/dsc_4624s.jpg,9d62655b9ead3824
PlantDoc,train,Tomato leaf late blight,train/Tomato leaf late blight/dsc_8140cs.jpg,8cc94aad73b2964d
PlantDoc,train,Tomato leaf late blight,train/Tomato leaf late blight/gardening-moisture-lateblight-tomato-leaf.jpg,829ddc6c627454fa
PlantDoc,train,Tomato leaf late blight,train/Tomato leaf late blight/late-blight-TomC2-10.jpg,be9881742b3d6671
PlantDoc,train,Tomato leaf late blight,train/Tomato leaf late blight/late-blight-fungicides.jpg,fd698b2d70e035d0
PlantDoc,train,Tomato leaf late blight,train/Tomato leaf late blight/late-blight-phytophthora-infestans-damage-to-tomato-leaves-and-fruit-cmnxnf.jpg,8fe0744ea339ba26
PlantDoc,train,Tomato leaf late blight,train/Tomato leaf late blight/late-blight-tom-leaf.jpg,f14c8fa696994c33
PlantDoc,train,Tomato leaf late blight,train/Tomato leaf late blight/late-blight-tomato-leaf.jpg,aa3592fadaed8601
PlantDoc,train,Tomato leaf late blight,train/Tomato leaf late blight/late-blight-tomato.jpg,d2a71e183f58f306
PlantDoc,train,Tomato leaf late blight,train/Tomato leaf late blight/late_blight1.jpg,d41778c2675867cc
PlantDoc,train,Tomato leaf late blight,train/Tomato leaf late blight/late_blight_2013_longisland1x1200.jpg,a9931ed2e4ac319e
PlantDoc,train,Tomato leaf late blight,train/Tomato leaf late blight/late_blight_2013_longisland2x1200.jpg,d7b668c0b84aaf0b
PlantDoc,train,Tomato leaf late blight,train/Tomato leaf late blight/late_blight_drought_leaves1x1200.jpg,ed85c0f8dee92341
PlantDoc,train,Tomato leaf late blight,train/Tomato leaf late blight/late_blight_drought_leavescuux1200.jpg,a5f2929e3991c347
PlantDoc,train,Tomato leaf late blight,train/Tomato leaf late blight/late_blight_tomato_leaf.jpg,9f3b1b926a0dc4e1
PlantDoc,train,Tomato leaf late blight,train/Tomato leaf late blight/late_blight_tomato_leaf1x1200.jpg,cd32099837badd70
PlantDoc,train,Tomato leaf late blight,train/Tomato leaf late blight/late_blight_tomato_leaf5x12001-650x305.jpg,81c4513c6e379abb
PlantDoc,train,Tomato leaf late blight,train/Tomato leaf late blight/late_blight_tomato_leaf5x12001.jpg,91e5741ba5821d3f
PlantDoc,train,Tomato leaf late blight,train/Tomato leaf late blight/late_blight_tomato_leaf_.jpg,ca8f326b81cd22f3
PlantDoc,train,Tomato leaf late blight,train/Tomato leaf late blight/late_blight_tomato_leaf_sporex1200.jpg,f4b4247e2661495f
PlantDoc,train,Tomato leaf late blight,train/Tomato leaf late blight/late_blight_tomato_leavesx500.jpg,96f1b8238734c9b6
PlantDoc,train,Tomato leaf late blight,train/Tomato leaf late blight/late_blight_tomato_transplant2x1200.jpg,d2b6793837194e13
PlantDoc,train,Tomato leaf late blight,train/Tomato leaf late blight/late_blight_tomato_unusual-symptomsx1200.jpg,c5a388b4b74299dd
PlantDoc,train,Tomato leaf late blight,train/Tomato leaf late blight/lateblight2.jpg,9fe82d9463b14ca6
PlantDoc,train,Tomato leaf late blight,train/Tomato leaf late blight/lateblightTom_lesion.jpg,c897f5d1554c6e09
PlantDoc,train,Tomato leaf late blight,train/Tomato leaf late blight/lateblightTom_lesion3.jpg,887238853ef476ba
PlantDoc,train,Tomato leaf late blight,train/Tomato leaf late blight/lb2.jpg,f936cb3392dd2184
PlantDoc,train,Tomato leaf late blight,train/Tomato leaf late blight/lb_leaf_lesions2x1200.jpg,d2e1346b615769a6
PlantDoc,train,Tomato leaf late blight,train/Tomato leaf late blight/lb_leaf_lesions3x1200.jpg,c0f00d91bce672ed
PlantDoc,train,Tomato leaf late blight,train/Tomato leaf late blight/lb_leaf_lesions4x1200.jpg,c7e322f614dcab03
PlantDoc,train,Tomato leaf late blight,train/Tomato leaf late blight/lbleaf.jpg,c5fe46b01c782717
PlantDoc,train,Tomato leaf late blight,train/Tomato leaf late blight/p1020076cs.jpg,eb0593b7396a608d
PlantDoc,train,Tomato leaf late blight,train/Tomato leaf late blight/photo-2.jpg,c6193f6130b9a5d6
PlantDoc,train,Tomato leaf late blight,train/Tomato leaf late blight/photo-9.jpg,da302f2f79a52171
PlantDoc,train,Tomato leaf late blight,train/Tomato leaf late blight/stock-photo-tomato-plants-infected-by-the-late-blight-plant-pathogen-phytophthora-infestans-macro-539209615.jpg,9859705c9763cd5a
PlantDoc,train,Tomato leaf late blight,train/Tomato leaf late blight/symptoms_of_late_blight.jpg2__0.jpg,d54b4a4d93a685b3
PlantDoc,train,Tomato leaf late blight,train/Tomato leaf late blight/symptoms_of_late_blight_0.jpg,837f42aaf32354e4
PlantDoc,train,Tomato leaf late blight,train/Tomato leaf late blight/tomato+blight.jpg,feb98419fa8e60e0
PlantDoc,train,Tomato leaf late blight,train/Tomato leaf late blight/tomato-blight-phytophthora-infestans-close-up-of-infected-leaf-b5n95x.jpg,d5dfa104fc0ad07c
PlantDoc,train,Tomato leaf late blight,train/Tomato leaf late blight/tomato-late-blight-conn-2015-137c.jpg,dde2475af0c11e2c
PlantDoc,train,Tomato leaf late blight,train/Tomato leaf late blight/tomato-late-blight-conn-2015-139rcs.jpg,dbb693e03cc31c83
PlantDoc,train,Tomato leaf late blight,train/Tomato leaf late blight/tomato-late-blight-foliar-lesions_Scot-Nelson_CC-BY-SA-2.0.jpg,cfc3708b92570ba5
PlantDoc,train,Tomato leaf late blight,train/Tomato leaf late blight/tomato-late-blight-leaf-61-3x32.jpg,dfdf2b1a842d08a6
PlantDoc,train,Tomato leaf late blight,train/Tomato leaf late blight/tomato-late-blight-phytophthora-infestans-lesions-and-damage-on-tomato-bh3w9j.jpg,9751704bbe5ee051
PlantDoc,train,Tomato leaf late blight,train/Tomato leaf late blight/tomato-late-blight-phytophthora-infestans-lesions-on-greenhouse-grown-ATA11J.jpg,ed930fbcd3871481
PlantDoc,train,Tomato leaf late blight,train/Tomato leaf late blight/tomato-late-blight-phytophthora-infestans-mycelium-and-lesions-on-a15yr2.jpg,c29a6d67a76d8c12
PlantDoc,train,Tomato leaf late blight,train/Tomato leaf late blight/tomato-late-blight-phytophthora-infestans-necrosis-sporulation-on-a-tomato-leaf-underside-X5YDDP.jpg,948c4e1a7ee4cb96
PlantDoc,train,Tomato leaf late blight,train/Tomato leaf late blight/tomato-late-blight-phytophthora-infestans-necrosis-sporulation-on-a-tomato-leaf-underside-XA233C.jpg,dfbf6c694a068d01
PlantDoc,train,Tomato leaf late blight,train/Tomato leaf late blight/tomato-late-blight-phytophthora-infestans-on-tomato-leaves-a15ym0.jpg,d243ee4cb526ec1a
PlantDoc,train,Tomato leaf late blight,train/Tomato leaf late blight/tomato-late-blight-sporulation-on-a-tomato-leaflet-picture-id81781370?s=612x612.jpg,de192960c3979f49
PlantDoc,train,Tomato leaf late blight,train/Tomato leaf late blight/tomato.early.blightH.jpg,918aafe33864b27c
PlantDoc,train,Tomato leaf late blight,train/Tomato leaf late blight/tomato_D33a-Late-blight-015-OMAFHRT_zoom.jpg,c82333c6ad4c16fb
PlantDoc,train,Tomato leaf late blight,train/Tomato leaf late blight/tomato_late-blight_01_zoom.jpg,8dac37edf182ec40
PlantDoc,train,Tomato leaf late blight,train/Tomato leaf late blight/tomato_late-blight_03_zoom.jpg,ce0f653213791573
PlantDoc,train,Tomato leaf late blight,train/Tomato leaf late blight/tomato_late-blight_04_zoom.jpg,8c329557e2b6a19d
PlantDoc,train,Tomato leaf late blight,train/Tomato leaf late blight/tomato_late-blight_05_zoom.jpg,9ab4d2934b460f1f
PlantDoc,train,Tomato leaf mosaic virus,train/Tomato leaf mosaic virus/1422_0.jpeg.jpg,c4ad072a76f23d25
PlantDoc,train,Tomato leaf mosaic virus,train/Tomato leaf mosaic virus/3-tomato-mosaic-virus_web.jpg,c35747772d402937
PlantDoc,train,Tomato leaf mosaic virus,train/Tomato leaf mosaic virus/4b0bfd_df5a85f728c74cecbe908a24feadab02.jpg,b5b4664f87ec0788
PlantDoc,train,Tomato leaf mosaic virus,train/Tomato leaf mosaic virus/51196-004-61703A1B.jpg,dd6baa352ce1611c
PlantDoc,train,Tomato leaf mosaic virus,train/Tomato leaf mosaic virus/5Tomato+Mosaic+Virus.jpg,e6e6a48dd94e1e84
PlantDoc,train,Tomato leaf mosaic virus,train/Tomato leaf mosaic virus/DSC02246.JPG.jpg,8f308485f7c6d6c9
PlantDoc,train,Tomato leaf mosaic virus,train/Tomato leaf mosaic virus/TMV-3.jpg,daa996a15ab4ca66
PlantDoc,train,Tomato leaf mosaic virus,train/Tomato leaf mosaic virus/TNRV2.jpg,fac5bef840484b4d
PlantDoc,train,Tomato leaf mosaic virus,train/Tomato leaf mosaic virus/Tomato%2Bmosaic%2Bvirus.jpg,f34e7cd11b0505f2
PlantDoc,train,Tomato leaf mosaic virus,train/Tomato leaf mosaic virus/Tomato+mosaic+virus.jpg,d186631e26394cfd
PlantDoc,train,Tomato leaf mosaic virus,train/Tomato leaf mosaic virus/Tomato-brown-rugose-fruit-virus-ToBRFV-infected-tomato-Solanum-lycopersicum-plants_Q320.jpg,af80b5046981f7b7
PlantDoc,train,Tomato leaf mosaic virus,train/Tomato leaf mosaic virus/ab40cce958c60d8b6e0ec2e4fdb8f526.jpg,f2f48c4289a67b99
PlantDoc,train,Tomato leaf mosaic virus,train/Tomato leaf mosaic virus/d41c86a650e49b8066d6b347d8e9d3ad.jpg,a7a32238cd66be38
PlantDoc,train,Tomato leaf mosaic virus,train/Tomato leaf mosaic virus/dahliaviralsymptoms2lowresjpg.jpg,92d419e47da6545b
PlantDoc,train,Tomato leaf mosaic virus,train/Tomato leaf mosaic virus/dummen-tmv.jpg,c3f5fa06f8450f30
PlantDoc,train,Tomato leaf mosaic virus,train/Tomato leaf mosaic virus/fig1-2k11-163-165.jpg,a9b8d46e5e9882f4
PlantDoc,train,Tomato leaf mosaic virus,train/Tomato leaf mosaic virus/fig2-2k11-1-12.jpg,aa4bb3546d43a569
PlantDoc,train,Tomato leaf mosaic virus,train/Tomato leaf mosaic virus/image018.jpg,cf496abf5498152a
PlantDoc,train,Tomato leaf mosaic virus,train/Tomato leaf mosaic virus/image022.jpg,9951a52729697e59
PlantDoc,train,Tomato leaf mosaic virus,train/Tomato leaf mosaic virus/image024.jpg,8bd5ab7e01fe3280
PlantDoc,train,Tomato leaf mosaic virus,train/Tomato leaf mosaic virus/mosaic-virus-foliage.jpg,9fcd2eb1c023e945
PlantDoc,train,Tomato leaf mosaic virus,train/Tomato leaf mosaic virus/mosaic_virus_tomato.jpg,8de257bdd0659131
PlantDoc,train,Tomato leaf mosaic virus,train/Tomato leaf mosaic virus/mosaic_virus_tomato_small.jpg,ca983f47ec5928e1
PlantDoc,train,Tomato leaf mosaic virus,train/Tomato leaf mosaic virus/mosiac-virus3.jpg,b5e7fa05165143ac
PlantDoc,train,Tomato leaf mosaic virus,train/Tomato leaf mosaic virus/stock-photo-tomato-mosaic-virus-disease-on-tomato-559799668.jpg,d505c11abe4bcb53
PlantDoc,train,Tomato leaf mosaic virus,train/Tomato leaf mosaic virus/thumb-500.jpg,d8bbc835d0ae0d8b
PlantDoc,train,Tomato leaf mosaic virus,train/Tomato leaf mosaic virus/tmv-tomato-16.jpg,8dd255b25f85a718
PlantDoc,train,Tomato leaf mosaic virus,train/Tomato leaf mosaic virus/tomato-fern-leaf-a-symptom-of-tmv-cmv-or-pepmv-virus-on-tomato-plants-h6ey8w.jpg,a5a2586db6129f1e
PlantDoc,train,Tomato leaf mosaic virus,train/Tomato leaf mosaic virus/tomato-leaf-herbicide-damage.jpg,ba54b3a54e23495b
PlantDoc,train,Tomato leaf mosaic virus,train/Tomato leaf mosaic virus/tomato-leaves-260nw-670831669.jpg,d862af09b215c65f
PlantDoc,train,Tomato leaf mosaic virus,train/Tomato leaf mosaic virus/tomato-mosaic-virus-1.jpg,890bc3f9d185738e
PlantDoc,train,Tomato leaf mosaic virus,train/Tomato leaf mosaic virus/tomato-mosaic-virus-F0BA26.jpg,be8450fa892db1b5
PlantDoc,train,Tomato leaf mosaic virus,train/Tomato leaf mosaic virus/tomato-mosaic-virus-disease-on-260nw-559799638.jpg,d4c4a953ce0ece36
PlantDoc,train,Tomato leaf mosaic virus,train/Tomato leaf mosaic virus/tomato-mosaic-virus-disease-on-260nw-625499771.jpg,8963f435e018f33e
PlantDoc,train,Tomato leaf mosaic virus,train/Tomato leaf mosaic virus/tomato-mosaic-virus-disease-on-260nw-625499777.jpg,8e24be13f90ba27a
PlantDoc,train,Tomato leaf mosaic virus,train/Tomato leaf mosaic virus/tomato-mosaic-virus-disease-on-260nw-625499780.jpg,fc69fd7898248166
PlantDoc,train,Tomato leaf mosaic virus,train/Tomato leaf mosaic virus/tomato-mosaic-virus-leaf.jpg,e93094e3474feae0
PlantDoc,train,Tomato leaf mosaic virus,train/Tomato leaf mosaic virus/tomato-mosaic-virus.jpg,ed9328aef19d1309
PlantDoc,train,Tomato leaf mosaic virus,train/Tomato leaf mosaic virus/tomato_leaf_curl_ND_on_luffah_KC3701030-3.jpg,97932595e09ce41f
PlantDoc,train,Tomato leaf mosaic virus,train/Tomato leaf mosaic virus/tomato_mosaic_virus.jpg,f815c6bb8982f585
PlantDoc,train,Tomato leaf mosaic virus,train/Tomato leaf mosaic virus/tomato_virus_01_zoom.jpg,cc454c0adc3c99fd
PlantDoc,train,Tomato leaf mosaic virus,train/Tomato leaf mosaic virus/tomato_virus_06_zoom.jpg,f9807a6b83567459
PlantDoc,train,Tomato leaf mosaic virus,train/Tomato leaf mosaic virus/tomatodisease001sm.jpg,8e2aa3399794ccf4
PlantDoc,train,Tomato leaf mosaic virus,train/Tomato leaf mosaic virus/wd0phb4.jpg,add996a59896894b
PlantDoc,train,Tomato leaf yellow virus,train/Tomato leaf yellow virus/072.jpg,943aa1596ab4adae
PlantDoc,train,Tomato leaf yellow virus,train/Tomato leaf yellow virus/1342017-162221-44540.jpg,dbcea835d2c82695
PlantDoc,train,Tomato leaf yellow virus,train/Tomato leaf yellow virus/14456.img.jpg,c50b6ea5322e2e3d
PlantDoc,train,Tomato leaf yellow virus,train/Tomato leaf yellow virus/18071.img.jpg,815e67cf9a668c70
PlantDoc,train,Tomato leaf yellow virus,train/Tomato leaf yellow virus/2.--Virused-tomato-leaves-versus.jpg,a3c8339df14cc437
PlantDoc,train,Tomato leaf yellow virus,train/Tomato leaf yellow virus/28619919393_7ef44acccc_b.jpg,a783d4928b859cf3
PlantDoc,train,Tomato leaf yellow virus,train/Tomato leaf yellow virus/29994445671_b6914b44d0_b.jpg,d65b3ab585c15153
PlantDoc,train,Tomato leaf yellow virus,train/Tomato leaf yellow virus/36ca1410e232eec4a8003fe411246820.jpg,98aa6df0c5e343a5
PlantDoc,train,Tomato leaf yellow virus,train/Tomato leaf yellow virus/5146.jpg,d69da8f3352548a6
PlantDoc,train,Tomato leaf yellow virus,train/Tomato leaf yellow virus/534ddf3a932e62dd929a3ac1b29bfa29.jpg,d8d5328221775dea
PlantDoc,train,Tomato leaf yellow virus,train/Tomato leaf yellow virus/7585001780_4b89e826b7.jpg,dc93487635a43b59
PlantDoc,train,Tomato leaf yellow virus,"train/Tomato leaf yellow virus/8.--Virus-Damaged-foliage-at-top-versus-healthy,-non-infected-bottom-foliage.jpg",c47b19327d638dc4
PlantDoc,train,Tomato leaf yellow virus,train/Tomato leaf yellow virus/8226402609_62d16884a7_b.jpg,c2ac70dcad970f68
PlantDoc,train,Tomato leaf yellow virus,train/Tomato leaf yellow virus/8227475116_0d40e8f21c_b.jpg,962bb13b2766a9a4
PlantDoc,train,Tomato leaf yellow virus,train/Tomato leaf yellow virus/8e60bae9f613f360403943f108a03083.jpg,a2d7c8491f6b621d
PlantDoc,train,Tomato leaf yellow virus,train/Tomato leaf yellow virus/DSC01999.JPG.jpg,c9ef34969dc69070
PlantDoc,train,Tomato leaf yellow virus,train/Tomato leaf yellow virus/DSC02006.JPG.jpg,faf6208b0fc849e5
PlantDoc,train,Tomato leaf yellow virus,train/Tomato leaf yellow virus/DSC02007.JPG.jpg,d687a94852dad617
PlantDoc,train,Tomato leaf yellow virus,train/Tomato leaf yellow virus/DSC_3019_320x209.jpg,85e238253bf9158f
PlantDoc,train,Tomato leaf yellow virus,train/Tomato leaf yellow virus/Figure-4.jpg,fa11f378ade42125
PlantDoc,train,Tomato leaf yellow virus,train/Tomato leaf yellow virus/IMG_2684.JPG.jpg,a6834318dd83fc4f
PlantDoc,train,Tomato leaf yellow virus,train/Tomato leaf yellow virus/IMG_2686.JPG.jpg,fdcc60a9b199d149
PlantDoc,train,Tomato leaf yellow virus,train/Tomato leaf yellow virus/IMG_2687.JPG.jpg,9eb1a9dce04fc3a0
PlantDoc,train,Tomato leaf yellow virus,train/Tomato leaf yellow virus/IU-TYLCV_img_6.jpg,997712a9cf1329e8
PlantDoc,train,Tomato leaf yellow virus,train/Tomato leaf yellow virus/IU-TYLCV_img_8.jpg,801f25f86b11deab
PlantDoc,train,Tomato leaf yellow virus,train/Tomato leaf yellow virus/TYLCV-tomate-DB-441-170.jpg,961c2d16c23fe1cb
PlantDoc,train,Tomato leaf yellow virus,train/Tomato leaf yellow virus/TYLCV-tomate-DB-442-167.jpg,f6d5a90a8819f1da
PlantDoc,train,Tomato leaf yellow virus,train/Tomato leaf yellow virus/TYLCV-tomate-DB-445-171.jpg,b0b53b9bd1e0cf01
PlantDoc,train,Tomato leaf yellow virus,train/Tomato leaf yellow virus/TYLCV1.jpg,a4d85e26199af2ce
PlantDoc,train,Tomato leaf yellow virus,train/Tomato leaf yellow virus/TYLCV2.jpg,c09e3a07e9e4cfe0
PlantDoc,train,Tomato leaf yellow virus,train/Tomato leaf yellow virus/TYLCV4.jpg,a8fa3e2572f1d103
PlantDoc,train,Tomato leaf yellow virus,train/Tomato leaf yellow virus/TYLCVDFerrinlr.jpg,86c8f1c1fd710772
PlantDoc,train,Tomato leaf yellow virus,train/Tomato leaf yellow virus/Tomato2.jpg,f2f4cc4289a66b99
PlantDoc,train,Tomato leaf yellow virus,train/Tomato leaf yellow virus/art_15017325188173_a24a66.jpg,890e78516eacb69b
PlantDoc,train,Tomato leaf yellow virus,train/Tomato leaf yellow virus/dscn1652cropped.jpg,c2dee8675038f507
PlantDoc,train,Tomato leaf yellow virus,train/Tomato leaf yellow virus/illustration-thematique-urbino-fig5.plante%20tylcv.jpg,9c6b723131466fa6
PlantDoc,train,Tomato leaf yellow virus,train/Tomato leaf yellow virus/latest?cb=20100719124603.jpg,89795de486bd3a21
PlantDoc,train,Tomato leaf yellow virus,train/Tomato leaf yellow virus/leaf%20curl_3.jpg,d9d76891322a7752
PlantDoc,train,Tomato leaf yellow virus,train/Tomato leaf yellow virus/leaves-curling-on-tomato-plant-characteristic-symptoms-tomato-plants-leaves-curling-down-on-tomato-plant.jpg,efdd508831581b9e
PlantDoc,train,Tomato leaf yellow virus,train/Tomato leaf yellow virus/leaves-on-tomato-plant-turning-yellow-what-does-it-mean-when-your-plant-leaves-turn-yellow-tomato-leaf-problems-a-guide-to-leaves-tomato-plant-turning-yellow.jpg,f3914be4442b95cb
PlantDoc,train,Tomato leaf yellow virus,train/Tomato leaf yellow virus/psyllid-yellows.jpg,9c0833e7633c2b7a
PlantDoc,train,Tomato leaf yellow virus,train/Tomato leaf yellow virus/r_tomato.jpg,82c1735b5b2c07eb
PlantDoc,train,Tomato leaf yellow virus,train/Tomato leaf yellow virus/role-of-whitefly-in-plant-virus-transmission-by-pmanikandan-13-638.jpg,bb90c1c6c467957a
PlantDoc,train,Tomato leaf yellow virus,train/Tomato leaf yellow virus/role-of-whitefly-in-plant-virus-transmission-by-pmanikandan-25-638.jpg,ebd0948dc11eb43b
PlantDoc,train,Tomato leaf yellow virus,train/Tomato leaf yellow virus/s-prasanth-kumar-young-scientist-awarded-presentation-2-728.jpg,c18e1bf1a485e7e8
PlantDoc,train,Tomato leaf yellow virus,train/Tomato leaf yellow virus/tj5itxzunn3k.jpg,84b9738c71a674e3
PlantDoc,train,Tomato leaf yellow virus,train/Tomato leaf yellow virus/tlcv-tomato-leaf-curl-virus-symptoms-on-a-glasshouse-tomato-plant-ACGAG6.jpg,d2cce58308e53bd9
PlantDoc,train,Tomato leaf yellow virus,train/Tomato leaf yellow virus/tlcv-tomato-leaf-curl-virus-symptoms-on-a-glasshouse-tomato-plant-bmyh62.jpg,f492b417b4568b17
PlantDoc,train,Tomato leaf yellow virus,train/Tomato leaf yellow virus/tomato-plant-virus-tomato-yellow-leaf-curl-virus-tomato-plant-disease-mosaic-virus.jpg,86c8f1c1fd710756
PlantDoc,train,Tomato leaf yellow virus,train/Tomato leaf yellow virus/tomato-yellow-closeup-2.jpg,98f32d0c68a7f0cd
PlantDoc,train,Tomato leaf yellow virus,train/Tomato leaf yellow virus/tomato-yellow-closeup-3.jpg,85f22e835f1482fd
PlantDoc,train,Tomato leaf yellow virus,train/Tomato leaf yellow virus/tomato-yellow-closeup-4.jpg,9b6db81663e38d42
PlantDoc,train,Tomato leaf yellow virus,train/Tomato leaf yellow virus/tomato-yellow-leaf-curl-disease-260nw-1006958086.jpg,d471f256fd08c513
PlantDoc,train,Tomato leaf yellow virus,train/Tomato leaf yellow virus/tomato-yellow-leaf-curl-disease-260nw-1072448252.jpg,f0e0a127e622fc7c
PlantDoc,train,Tomato leaf yellow virus,train/Tomato leaf yellow virus/tomato-yellow-leaf-curl-disease.jpg,a25dfb240df76409
PlantDoc,train,Tomato leaf yellow virus,train/Tomato leaf yellow virus/tomato-yellow-leaf-curl-virus-pdf-78kb.jpg,ef14c03d976a8539
PlantDoc,train,Tomato leaf yellow virus,train/Tomato leaf yellow virus/tomato-yellow-leaf-curl-virus-symptoms-on-tomato-leaves-on-plants-ACGAME.jpg,c3985ef927d321c2
PlantDoc,train,Tomato leaf yellow virus,train/Tomato leaf yellow virus/tomato-yellow-leaf-curl-virus-symptoms-on-tomato-leaves-on-plants-AXKWFY.jpg,ed1a72f433633a90
PlantDoc,train,Tomato leaf yellow virus,train/Tomato leaf yellow virus/tomato-yellow-leaf-curl-virus-tomato-1.jpg,95aef505bd4107e4
PlantDoc,train,Tomato leaf yellow virus,train/Tomato leaf yellow virus/tomato-yellow-leaf-curl-virus-tylcv_950983.jpg,cb5f3762e81d9814
PlantDoc,train,Tomato leaf yellow virus,train/Tomato leaf yellow virus/tomato-yellow-leaf-curl-virus-tylvcv-symptoms-on-a-tomato-plant-under-BMYHXY.jpg,d0896dd23d0eb39c
PlantDoc,train,Tomato leaf yellow virus,train/Tomato leaf yellow virus/tomato_leaf_roll.JPG.jpg,82d5920d63e3a5af
PlantDoc,train,Tomato leaf yellow virus,train/Tomato leaf yellow virus/tomato_yellow_leaf_curl_virus.jpg,90cdc0b41d735af9
PlantDoc,train,Tomato leaf yellow virus,train/Tomato leaf yellow virus/tomatoyellowleafcurlcropped.jpg,94ce66316f381d53
PlantDoc,train,Tomato leaf yellow virus,train/Tomato leaf yellow virus/tylcv-seminar-1-638.jpg,9be4e61d081bf0b6
PlantDoc,train,Tomato leaf yellow virus,train/Tomato leaf yellow virus/tylcv.jpg,8ecb7ee8c179024d
PlantDoc,train,Tomato leaf yellow virus,train/Tomato leaf yellow virus/tylcv1-.jpg,c49e3b2db71b1033
PlantDoc,train,Tomato leaf yellow virus,train/Tomato leaf yellow virus/virus1.jpg,b99236c936373634
PlantDoc,train,Tomato leaf yellow virus,train/Tomato leaf yellow virus/virus2.jpg,db064d5a702ac377
PlantDoc,train,Tomato leaf yellow virus,train/Tomato leaf yellow virus/yellowing.JPG.jpg,d4c97cfd2d0185b8
PlantDoc,train,Tomato mold leaf,train/Tomato mold leaf/100_4542.jpg,87c96d32df703524
PlantDoc,train,Tomato mold leaf,train/Tomato mold leaf/119B_Tom_Mold.jpg,dd0c39d3255aad4c
PlantDoc,train,Tomato mold leaf,train/Tomato mold leaf/2195890.jpg,87e637d321b144ab
PlantDoc,train,Tomato mold leaf,train/Tomato mold leaf/23600077_1572609202782510_2145699867_o.jpg,81de3442dead7370
PlantDoc,train,Tomato mold leaf,train/Tomato mold leaf/23601051_1572608349449262_2029169498_o.jpg,c4cabc252d0f2b97
PlantDoc,train,Tomato mold leaf,train/Tomato mold leaf/23633262_1572609386115825_1396180255_o.jpg,f2b8624678e639c3
PlantDoc,train,Tomato mold leaf,train/Tomato mold leaf/4118c92ffde66d327ee14e4023320bf7.jpg,881b3786ce78e2d3
PlantDoc,train,Tomato mold leaf,train/Tomato mold leaf/5830204360_757cd7fdfc_z.jpg,999c75f36623660c
PlantDoc,train,Tomato mold leaf,train/Tomato mold leaf/603-116-0.jpg,c844379fdd44f603
PlantDoc,train,Tomato mold leaf,train/Tomato mold leaf/6032331.JPG.jpg,83d1996446f3517d
PlantDoc,train,Tomato mold leaf,train/Tomato mold leaf/607-155-0.jpg,89d23c3de362c746
PlantDoc,train,Tomato mold leaf,train/Tomato mold leaf/607-155-1.jpg,eb807182667fb856
PlantDoc,train,Tomato mold leaf,train/Tomato mold leaf/8915974546_00664cefe3_z.jpg,bbc2e0e1963c1f13
PlantDoc,train,Tomato mold leaf,train/Tomato mold leaf/ArticleImage.aspx?imgid=4987.jpg,b772170e3d01478f
PlantDoc,train,Tomato mold leaf,train/Tomato mold leaf/B%29-Leafunsidecladosp-envez.jpg,b47aa0e1814b4fbb
PlantDoc,train,Tomato mold leaf,train/Tomato mold leaf/BlackLeafMold2.jpg,d4c9124f7983a5f1
PlantDoc,train,Tomato mold leaf,train/Tomato mold leaf/Botrytis-Tomato-Seedlings-2-copy-50QUALITY-17wck0d.jpg,e64aa3d53cd0d1c3
PlantDoc,train,Tomato mold leaf,train/Tomato mold leaf/DSCN2697.jpg,c8f375ecca103e0e
PlantDoc,train,Tomato mold leaf,train/Tomato mold leaf/Fig.%2015_opta.jpg,d790fb424c73e924
PlantDoc,train,Tomato mold leaf,train/Tomato mold leaf/Fig.%2016_opt.jpg,df33b565054cfc80
PlantDoc,train,Tomato mold leaf,train/Tomato mold leaf/GIVXB.jpg,cb2a21ad59e58dd2
PlantDoc,train,Tomato mold leaf,train/Tomato mold leaf/HighTunnel_TLM5.jpg,9e64397e6145e2e4
PlantDoc,train,Tomato mold leaf,train/Tomato mold leaf/HighTunnel_TLM6.jpg,d82631d27dd49a9c
PlantDoc,train,Tomato mold leaf,train/Tomato mold leaf/IMG_1261.jpg,c09b2f393f60e1c6
PlantDoc,train,Tomato mold leaf,train/Tomato mold leaf/IMG_7442%20resized_0.preview.jpg,9e78dce4e1a78483
PlantDoc,train,Tomato mold leaf,train/Tomato mold leaf/Leaf+Mold+lower+leaf+surface+spores+%28conidia%29.jpg,fbc59096e349c43a
PlantDoc,train,Tomato mold leaf,train/Tomato mold leaf/Leaf+Mold+upper+leaf+surface.jpg,fee281a4af956a48
PlantDoc,train,Tomato mold leaf,train/Tomato mold leaf/Leaf+mold+tomato+%25282%2529.JPG.jpg,c12fb4052d83f379
PlantDoc,train,Tomato mold leaf,train/Tomato mold leaf/Leaf+mold+tomato+%25283%2529.JPG.jpg,cc6c20fbf8033787
PlantDoc,train,Tomato mold leaf,train/Tomato mold leaf/Leaf-mold-caused-by-the-fungal-pathogen-Passalore-fulva-in-tomatoes.jpg,8a2c39676427077f
PlantDoc,train,Tomato mold leaf,train/Tomato mold leaf/Leaf-mold-web.jpg,d34b2c2734356c7c
PlantDoc,train,Tomato mold leaf,train/Tomato mold leaf/Leaf-mold3.jpg,f8d63349161fc12b
PlantDoc,train,Tomato mold leaf,train/Tomato mold leaf/OLU13.jpg,85e56feb0b9584e0
PlantDoc,train,Tomato mold leaf,train/Tomato mold leaf/Ormvn.jpg,a5d71a594d3456e8
PlantDoc,train,Tomato mold leaf,train/Tomato mold leaf/P1020365.jpg,dea51c8ef0815ce9
PlantDoc,train,Tomato mold leaf,train/Tomato mold leaf/Problem-2a.jpg,a2a7aca7bca4e096
PlantDoc,train,Tomato mold leaf,train/Tomato mold leaf/Tomato%20greenhouse%20leaf%20edema%20and%20distortion2F.JPG.jpg,bfe0845b6e38618e
PlantDoc,train,Tomato mold leaf,train/Tomato mold leaf/Tomato+leaf+mold.jpg,e0580716e0fa3ff4
PlantDoc,train,Tomato mold leaf,train/Tomato mold leaf/TomatoLeafMold1-50QUALITY-16lgkq6.jpg,811df9e203878f9e
PlantDoc,train,Tomato mold leaf,train/Tomato mold leaf/TomatoLeafMold2-50QUALITY-1b89zfs.jpg,86b86e4374cff08c
PlantDoc,train,Tomato mold leaf,train/Tomato mold leaf/black%20leaf%20mold%20%283%29.JPG?itok=u5TDHCSM.jpg,859b66436a6e31ae
PlantDoc,train,Tomato mold leaf,train/Tomato mold leaf/black%20leaf%20mold%20%284%29.JPG?itok=DIIUw9JU.jpg,d46f2b7235420fc5
PlantDoc,train,Tomato mold leaf,train/Tomato mold leaf/d-to-tylv-fo005-14496A31BE70553130A.jpg,8eaf7d3261e864c4
PlantDoc,train,Tomato mold leaf,train/Tomato mold leaf/dscf2712.jpg,d30e69f2e043075f
PlantDoc,train,Tomato mold leaf,train/Tomato mold leaf/dscn6690.jpg,d5db60d2bdb39201
PlantDoc,train,Tomato mold leaf,train/Tomato mold leaf/gray-leaf-spot-300x225.jpg,9f752782bcc144e5
PlantDoc,train,Tomato mold leaf,train/Tomato mold leaf/gray-mold-on-tomato-leaf.jpg,df0908780ffc01fe
PlantDoc,train,Tomato mold leaf,train/Tomato mold leaf/grey-mould-botrytis-cinerea-on-bottom-of-a-tomato-leaf-late-in-the-AFRDAN.jpg,ff0e85ed5ee040c2
PlantDoc,train,Tomato mold leaf,train/Tomato mold leaf/image233.jpg,b0c79d074b989f89
PlantDoc,train,Tomato mold leaf,train/Tomato mold leaf/latest?cb=20100723105221.jpg,d99fc1611e4ae0ec
PlantDoc,train,Tomato mold leaf,train/Tomato mold leaf/leaf%2Binf%2B800%2B1.jpg,b8ec07b5dc789107
PlantDoc,train,Tomato mold leaf,train/Tomato mold leaf/leaf_mold1.jpg,e61559c9616a9b9a
PlantDoc,train,Tomato mold leaf,train/Tomato mold leaf/leaf_mold2.jpg,e398a6f8fe80e0a5
PlantDoc,train,Tomato mold leaf,train/Tomato mold leaf/leaf_mold_nightshade1x500.jpg,94d84f6b3e407a4b
PlantDoc,train,Tomato mold leaf,train/Tomato mold leaf/leaf_mold_nightshade2x500.jpg,9d5a5e52380b694f
PlantDoc,train,Tomato mold leaf,train/Tomato mold leaf/leaf_mold_tomato1x1200.jpg,c0cc5b193a3dbd92
PlantDoc,train,Tomato mold leaf,train/Tomato mold leaf/leaf_mold_tomato2x1200.jpg,f9852982a93e39d5
PlantDoc,train,Tomato mold leaf,train/Tomato mold leaf/leaf_mold_tomato3x1200.jpg,bfa841717469472d
PlantDoc,train,Tomato mold leaf,train/Tomato mold leaf/leaf_mold_tomato4x1200.jpg,99886e247d417f6a
PlantDoc,train,Tomato mold leaf,train/Tomato mold leaf/leaf_mold_tomato5x1200.jpg,95a47295091d1fde
PlantDoc,train,Tomato mold leaf,train/Tomato mold leaf/leaf_mold_tomato6x1200.jpg,98ea8798c31697d6
PlantDoc,train,Tomato mold leaf,train/Tomato mold leaf/leaf_mold_tomato7x1200.jpg,84417e597309e69f
PlantDoc,train,Tomato mold leaf,train/Tomato mold leaf/leafmold.jpg,f44b2ff3c852071a
PlantDoc,train,Tomato mold leaf,train/Tomato mold leaf/leafmoldtomato1.jpg,93a9537469662fc2
PlantDoc,train,Tomato mold leaf,train/Tomato mold leaf/leafmoldtomato2.jpg,c4ad275a25644f6d
PlantDoc,train,Tomato mold leaf,train/Tomato mold leaf/pm3.jpg,85bba9918bd994c9
PlantDoc,train,Tomato mold leaf,train/Tomato mold leaf/tdisease12.jpg,b30f8d52a6738d4a
PlantDoc,train,Tomato mold leaf,train/Tomato mold leaf/tdisease6.jpg,d1b618722f8fe162
PlantDoc,train,Tomato mold leaf,train/Tomato mold leaf/tdisease7.jpg,d13f1a4379e10d99
PlantDoc,train,Tomato mold leaf,train/Tomato mold leaf/tomato-gray-leaf-spot.jpg,c0ecb3d84c2eb5d2
PlantDoc,train,Tomato mold leaf,train/Tomato mold leaf/tomato-leaf-2.jpg,94cd5e806e92cd5e
PlantDoc,train,Tomato mold leaf,train/Tomato mold leaf/tomato-leaf-mold-2.jpg,8f5b7c382d717062
PlantDoc,train,Tomato mold leaf,train/Tomato mold leaf/tomato-leaf-mold-infection-on-a-leaf-top-and-underside-picture-id81781575?s=612x612.jpg,c38e6c2795d99ab0
PlantDoc,train,Tomato mold leaf,train/Tomato mold leaf/tomato-leaf-mold.jpg,d5d5b27622ca988d
PlantDoc,train,Tomato mold leaf,train/Tomato mold leaf/tomato.jpg,adca3fc2cb34ca48
PlantDoc,train,Tomato mold leaf,train/Tomato mold leaf/tomato_Leaf-roll-physiological-7059-SLoewen_thm.jpg,fed83948ba0e7912
PlantDoc,train,Tomato mold leaf,train/Tomato mold leaf/tomato_fulvia.jpg,d6252a55163d6b8e
PlantDoc,train,Tomato mold leaf,train/Tomato mold leaf/tomato_fulvia2.jpg,8a7d2b747fe0a282
PlantDoc,train,Tomato mold leaf,train/Tomato mold leaf/tomato_leaf-mold_01_zoom.jpg,8407739b788cce67
PlantDoc,train,Tomato mold leaf,train/Tomato mold leaf/tomato_leaf-mold_02_zoom.jpg,8e0d78f686f29899
PlantDoc,train,Tomato mold leaf,train/Tomato mold leaf/tomato_leaf-mold_03_zoom.jpg,d70b7ff438c09581
PlantDoc,train,Tomato mold leaf,train/Tomato mold leaf/tomato_leaf-mold_04_zoom.jpg,849b2db8710e7dd1
PlantDoc,train,Tomato mold leaf,train/Tomato mold leaf/tomato_plants_1_original.JPG?1407178095.jpg,dac9a94c9175ed21
PlantDoc,train,Tomato mold leaf,train/Tomato mold leaf/top-leaf-mold-Fulva-fulvea-WN.jpg,c7ce326d94a13353
PlantDoc,train,Tomato mold leaf,train/Tomato mold leaf/tylc.jpg,a25dfb240df76409
PlantDoc,train,Tomato two spotted spider mites leaf,train/Tomato two spotted spider mites leaf/SpotSpeckBlightMite-1l4v879.jpg,b303e9cf38391cc9
PlantDoc,train,Tomato two spotted spider mites leaf,train/Tomato two spotted spider mites leaf/comparing-diseases-4-canker-tomato-1y51ejs.jpg,b123cdf43a3914ce
PlantDoc,train,grape leaf,train/grape leaf/000g.jpg,8d9074ac3b69f88d
PlantDoc,train,grape leaf,train/grape leaf/0g.jpg,d65456ef81d18cc3
PlantDoc,train,grape leaf,train/grape leaf/10178grape_leaf.jpg,bf8fe0270fb84831
PlantDoc,train,grape leaf,train/grape leaf/4635766-green-grapevine-leaves.jpg,bd87c0f1c71c3833
PlantDoc,train,grape leaf,train/grape leaf/6cy5kMMEi.jpg,ddc14815471f3b36
PlantDoc,train,grape leaf,train/grape leaf/GrapeLeaf.jpg,85f33f82c24e5ed0
PlantDoc,train,grape leaf,train/grape leaf/Grape_leaf_01.jpg,bb9c8166c7691eb0
PlantDoc,train,grape leaf,train/grape leaf/Grolleau_noir_leaves.jpg,850736ddba21e14f
PlantDoc,train,grape leaf,train/grape leaf/IMG_20150511_095517.jpg,838c4cd3d6b22df1
PlantDoc,train,grape leaf,train/grape leaf/IMG_20150511_111942.jpg,fc43c13ec33e25e0
PlantDoc,train,grape leaf,train/grape leaf/IMG_2666.jpg,8cb42d69b91fe868
PlantDoc,train,grape leaf,train/grape leaf/P1130239.jpg,9ce05b8d0f676265
PlantDoc,train,grape leaf,train/grape leaf/WildGrapeLeaf_cutout.jpg,ee5884add8e599c2
PlantDoc,train,grape leaf,train/grape leaf/Wild_Grape_Leaf.jpg,d08235b73e253f38
PlantDoc,train,grape leaf,train/grape leaf/blue-grape-cluster-leaves-3323887.jpg,b36cc493194cc7d5
PlantDoc,train,grape leaf,train/grape leaf/dc9rk7rKi.jpg,d43db6e431ec902e
PlantDoc,train,grape leaf,train/grape leaf/depositphotos_6812535-stock-photo-grape-leaves.jpg,fb7b7858c8948623
PlantDoc,train,grape leaf,train/grape leaf/dsc00849.jpg,b2b8f08e9dbd1344
PlantDoc,train,grape leaf,train/grape leaf/grape+leaves.JPG.jpg,af9bbc2ca41e7068
PlantDoc,train,grape leaf,train/grape leaf/grape-leaf-15796930.jpg,bfb3d02c0b4e3cb0
PlantDoc,train,grape leaf,train/grape leaf/grape-leaf-19616502.jpg,e8a5957a92855b99
PlantDoc,train,grape leaf,train/grape leaf/grape-leaf-blossoming-buds-spring-macro-31132897.jpg,aab5054abd6e9227
PlantDoc,train,grape leaf,train/grape leaf/grape-leaf-detail-1457175.jpg,afb3a942834ed50d
PlantDoc,train,grape leaf,train/grape leaf/grape-leaf-dew-465884.jpg,8715f46ad07c9a2b
PlantDoc,train,grape leaf,train/grape leaf/grape-leaf-isolated-cut-out-on-white-background-picture-id172320164?s=612x612.jpg,fb2384d84e8e5b64
PlantDoc,train,grape leaf,train/grape leaf/grape-leaf-with-water-drops-41813-1920x1080.jpg,80a129d73dca9eb5
PlantDoc,train,grape leaf,train/grape leaf/grape-leave-clipping-path-3817989.jpg,e1699c9649dc9696
PlantDoc,train,grape leaf,train/grape leaf/grape-leaves-03-1103349.jpg,e16996c6199a6e69
PlantDoc,train,grape leaf,train/grape leaf/grape-leaves-1.jpg,910e5b993b67654c
PlantDoc,train,grape leaf,train/grape leaf/grape-leaves-19091-1920x1200.jpg,899b184ffb0d6ce0
PlantDoc,train,grape leaf,train/grape leaf/grape-leaves-2.jpg,99c2f0eac7889e95
PlantDoc,train,grape leaf,train/grape leaf/grape-leaves-21658567.jpg,fa6985943af0236b
PlantDoc,train,grape leaf,train/grape leaf/grape-leaves-3368435.jpg,b727040c677170f7
PlantDoc,train,grape leaf,train/grape leaf/grape-leaves-878629.jpg,b636c1f10e8b9ac6
PlantDoc,train,grape leaf,train/grape leaf/grape-leaves-picture-id108483523?k=6&m=108483523&s=612x612&w=0&h=hBDI-YPeBffgjjZzbHsAaCfARsflsveT1NbcncLft5Y=.jpg,ba62c89c9fb0cca3
PlantDoc,train,grape leaf,train/grape leaf/grape-leaves-up-close.jpg,fe80e98d3b613887
PlantDoc,train,grape leaf,train/grape leaf/grape-leaves1.jpg,dc81638607f4bcb5
PlantDoc,train,grape leaf,train/grape leaf/grape-leaves2.jpg,c0694ffe3d311bc0
PlantDoc,train,grape leaf,train/grape leaf/grape-vine-1238367.jpg,f459cbec9a9a3230
PlantDoc,train,grape leaf,train/grape leaf/grape-vine-leaf-1327453.jpg,9b6969c666966499
PlantDoc,train,grape leaf,train/grape leaf/grape-vines-3876069.jpg,b36c86f3cd1c3069
PlantDoc,train,grape leaf,train/grape leaf/grape2b.jpg,d5e62a94ea99a271
PlantDoc,train,grape leaf,train/grape leaf/grape_leaf_1_bg_20090621.jpg,c35136169c7ecc39
PlantDoc,train,grape leaf,train/grape leaf/grapeleaf4.JPG.jpg,b7e7d04919dd0591
PlantDoc,train,grape leaf,train/grape leaf/grapes+003.JPG.jpg,94fd7e9744304fa0
PlantDoc,train,grape leaf,train/grape leaf/iisland-grape-leaves.jpg,eeb6c132596a9742
PlantDoc,train,grape leaf,train/grape leaf/img_0389.jpg,e9cbc6b44e0e4963
PlantDoc,train,grape leaf,train/grape leaf/img_20160701_155626898_hdr.jpg,d44f52302abf253d
PlantDoc,train,grape leaf,train/grape leaf/img_4534.jpg,8f90908f3cbda58e
PlantDoc,train,grape leaf,train/grape leaf/mourvedre3.jpg,d0f0c7c33e81f81d
PlantDoc,train,grape leaf,train/grape leaf/muscadine-leaves-762506.JPG.jpg,84bbb2b6cba859c4
PlantDoc,train,grape leaf,train/grape leaf/nature-plant-grape-vine-wine-fruit-food-green-produce-agriculture-grapevine-vines-shrub-grapes-winegrowing-rebstock-flowering-plant-vitis-grape-leaves-green-grapes-swiss-francs-land-plant-grapevine-family-556232.jpg,82b35f7b38a043cb
PlantDoc,train,grape leaf,train/grape leaf/p1010008.jpg,a1eab0ad27883cf9
PlantDoc,train,grape leaf,train/grape leaf/stock-photo-grapes-leaf-isolated-on-white-background-108448556.jpg,eba4d0b11f934ac3
PlantDoc,train,grape leaf,train/grape leaf/trim-the-stem.jpg,df3fd0c22c50e0e5
PlantDoc,train,grape leaf,train/grape leaf/vine-leaves-10824119.jpg,ae3ae1c790f8274a
PlantDoc,train,grape leaf,train/grape leaf/young-fresh-grape-leaf-picture-id183867740?k=6&m=183867740&s=612x612&w=0&h=Q8_s3Yw7p_VKQjda-mZPl9rN4lDmpVjjbMUk95HtVFk=.jpg,b4c3cf34996c39c4
PlantDoc,train,grape leaf black rot,train/grape leaf black rot/000gb.jpg,ee13a61b94af9894
PlantDoc,train,grape leaf black rot,train/grape leaf black rot/00gb.jpg,d33853419c6abcad
PlantDoc,train,grape leaf black rot,train/grape leaf black rot/01gb.jpg,ede497e01e426559
PlantDoc,train,grape leaf black rot,train/grape leaf black rot/02gb.jpg,e13023cc1b9697e7
PlantDoc,train,grape leaf black rot,train/grape leaf black rot/072109%20Hartman%20Grape%20black%20rot-fruit%20&%20lvs.JPG.jpg,965ab7b0a639f01a
PlantDoc,train,grape leaf black rot,train/grape leaf black rot/0gb.jpg,da3d755a8c752a48
PlantDoc,train,grape leaf black rot,train/grape leaf black rot/150px-Plasmopara_viticola_000.jpg,af29c4cc93c79a13
PlantDoc,train,grape leaf black rot,train/grape leaf black rot/2009+06+069+Downy+mildew.jpg,d63ce5a11b2e2699
PlantDoc,train,grape leaf black rot,train/grape leaf black rot/2009+07+034+black+rot+leaf+and+berry.jpg,e2ad10ea14cbc78f
PlantDoc,train,grape leaf black rot,train/grape leaf black rot/220px-Guignardia_bidwellii_08.jpg,c61e3ec8b3c93961
PlantDoc,train,grape leaf black rot,train/grape leaf black rot/35327886795_6f608e0eaa_b.jpg,91cb6cbcd4365a16
PlantDoc,train,grape leaf black rot,train/grape leaf black rot/3_21_14-Caption-Black-Rot-leaf-infection.-265x265.jpg,93e8b049b6cb0f87
PlantDoc,train,grape leaf black rot,train/grape leaf black rot/3_21_14-Caption-Black-Rot-leaf-infection..jpg,93e59349b0c97c1e
PlantDoc,train,grape leaf black rot,train/grape leaf black rot/6-14-11%20ANNEMIEK%20blkRotSp.jpg,8fc119d15b9493d5
PlantDoc,train,grape leaf black rot,train/grape leaf black rot/8-21-Anthracnose-shotholing-ANNEMIEK.jpg,b13361969735785c
PlantDoc,train,grape leaf black rot,train/grape leaf black rot/80111791.jpg,db9346c8bc129937
PlantDoc,train,grape leaf black rot,train/grape leaf black rot/Black_Rot_of_Grapes1153.jpg,a586d04a67a76736
PlantDoc,train,grape leaf black rot,train/grape leaf black rot/Black_Rot_of_Grapes1154.jpg,acead58794147a35
PlantDoc,train,grape leaf black rot,train/grape leaf black rot/Black_Rot_of_Grapes1155.jpg,e5fc9486cb1f1c28
PlantDoc,train,grape leaf black rot,train/grape leaf black rot/Black_Rot_of_Grapes1157.jpg,fcf065813b1bf085
PlantDoc,train,grape leaf black rot,train/grape leaf black rot/Black_Rot_of_Grapes1166.jpg,87c279a1e9748a76
PlantDoc,train,grape leaf black rot,train/grape leaf black rot/Black_Rot_of_Grapes1167.jpg,ca79604b7fe54c12
PlantDoc,train,grape leaf black rot,train/grape leaf black rot/Black_Rot_of_Grapes1168.jpg,890e733ca693f287
PlantDoc,train,grape leaf black rot,train/grape leaf black rot/Black_Rot_of_Grapes1317.jpg,91b134b52735c79a
PlantDoc,train,grape leaf black rot,train/grape leaf black rot/Black_Rot_of_Grapes151.jpg,bf73d3c8aa82c03c
PlantDoc,train,grape leaf black rot,train/grape leaf black rot/Black_Rot_of_Grapes152.jpg,aa4eaec1a86c73c5
PlantDoc,train,grape leaf black rot,train/grape leaf black rot/Black_rot_on_grape_leaves5.jpg,efa98256b41e299a
PlantDoc,train,grape leaf black rot,train/grape leaf black rot/Concord-Grapes.jpg,a74e96ab9890b595
PlantDoc,train,grape leaf black rot,train/grape leaf black rot/DCDl_p8UQAAf2hP.jpg,828d533f631bf1a1
PlantDoc,train,grape leaf black rot,train/grape leaf black rot/DSCN1228.jpg,8a184e1dfb6f302b
PlantDoc,train,grape leaf black rot,train/grape leaf black rot/Guignardia-vigne44.jpg,cc761ec23513313f
PlantDoc,train,grape leaf black rot,train/grape leaf black rot/Guignardia_bidwellii_%28black_rot%29_on_grape_1.jpg,aebd20df690e6489
PlantDoc,train,grape leaf black rot,train/grape leaf black rot/Guignardia_bidwellii_%28black_rot%29_on_grape_4.jpg,bfe6c119b41cc899
PlantDoc,train,grape leaf black rot,train/grape leaf black rot/IMG_0830_original.JPG?1472588083.jpg,fb834d3c8b663330
PlantDoc,train,grape leaf black rot,train/grape leaf black rot/PLPATH-FRU-24_Fig1-black-rot-spots-on-grape-leaf_Page_1.jpg,91d87a872d27a936
PlantDoc,train,grape leaf black rot,train/grape leaf black rot/apr-2016_bryan_black-rot-leaf.jpg,81361f8b37ddc81c
PlantDoc,train,grape leaf black rot,train/grape leaf black rot/bad_grapes21.jpg,cf1560608b493dbf
PlantDoc,train,grape leaf black rot,train/grape leaf black rot/black%20spot%20%2819%29.JPG?itok=mf4II8zq.jpg,d099bdbd947a5860
PlantDoc,train,grape leaf black rot,train/grape leaf black rot/black-rot-guignardia-bidwellii-leaf-spot-lesions-on-muscadine-grape-BY9J7B.jpg,c4b03b1b7c6ccd45
PlantDoc,train,grape leaf black rot,train/grape leaf black rot/black-rot-guignardia-bidwellii-leaf-spot-lesions-on-muscadine-grape-x85jjd.jpg,8e06b31df947cc46
PlantDoc,train,grape leaf black rot,train/grape leaf black rot/black-rot-leaves.jpg,aa2a916bc69d7893
PlantDoc,train,grape leaf black rot,train/grape leaf black rot/black-rot-of-grape_figure-1.jpg,9d61366b25a5fa14
PlantDoc,train,grape leaf black rot,train/grape leaf black rot/black_rot-grape_leaf.jpeg.jpg,8b0d2cf609e7f03c
PlantDoc,train,grape leaf black rot,train/grape leaf black rot/black_rot_1.jpg,80926f077be7215b
PlantDoc,train,grape leaf black rot,train/grape leaf black rot/br-ocw-dm.jpg,e24ace40b965e5b3
PlantDoc,train,grape leaf black rot,train/grape leaf black rot/br-ocw-phom.jpg,fc44e064c7686e97
PlantDoc,train,grape leaf black rot,train/grape leaf black rot/brshoot2_zoom.jpg,a7ca5903ee1a79c8
PlantDoc,train,grape leaf black rot,train/grape leaf black rot/fungus_rust.jpg,81172ff13d87b2b0
PlantDoc,train,grape leaf black rot,train/grape leaf black rot/grape%20black%20rot%20on%20leaf_DSC0336.jpg,dd240fde58636aa8
PlantDoc,train,grape leaf black rot,train/grape leaf black rot/guignardia-bidwellii-05.jpg,e0a3cd30cf64d758
PlantDoc,train,grape leaf black rot,train/grape leaf black rot/image66.jpg,c23c3bc0ecc3bc33
PlantDoc,train,grape leaf black rot,train/grape leaf black rot/image_original.jpeg?1495058317.jpg,a5a5e5545b8a7435
PlantDoc,train,grape leaf black rot,train/grape leaf black rot/image_original.jpeg?1495058318.jpg,f8b7620a4e5b9097
PlantDoc,train,grape leaf black rot,train/grape leaf black rot/june-9-0181.jpg,ff3f94c1307e3240
PlantDoc,train,grape leaf black rot,train/grape leaf black rot/muscals2.jpg,c23c3bc0ecc3bc33
PlantDoc,train,grape leaf black rot,train/grape leaf black rot/p_319.jpg,e8b5c34e964b3c61
