source_revision,original_upstream_path,materialized_relative_path,source_sha256,materialized_sha256,file_size,width,height,mode,split,class,collision_group,materialization_status,notes
5467f6012d78d1c446145d5f582da6096f852ae8,test/Apple Scab Leaf/052609%20Hartman%20Crabapple%20scab%20single%20leaf.JPG.jpg,data/raw/plantdoc/test/Apple Scab Leaf/052609%20Hartman%20Crabapple%20scab%20single%20leaf.JPG.jpg,13cfeac779b23fa433e92498086f19b1768b84cab23bc9d25e5b33cbe7ca17db,13cfeac779b23fa433e92498086f19b1768b84cab23bc9d25e5b33cbe7ca17db,84481,496,348,RGB,test,Apple Scab Leaf,,materialized,
5467f6012d78d1c446145d5f582da6096f852ae8,test/Apple Scab Leaf/1b321015-6e33-4f18-aade-888f4383fe92.jpeg.jpg,data/raw/plantdoc/test/Apple Scab Leaf/1b321015-6e33-4f18-aade-888f4383fe92.jpeg.jpg,7af1a2678a7114632f0274947888e29794321fc9e5edc25dd78d16d42017d685,7af1a2678a7114632f0274947888e29794321fc9e5edc25dd78d16d42017d685,100303,768,514,RGB,test,Apple Scab Leaf,,materialized,
5467f6012d78d1c446145d5f582da6096f852ae8,test/Apple Scab Leaf/28-500x375.jpg,data/raw/plantdoc/test/Apple Scab Leaf/28-500x375.jpg,5fb95aeef21638c09143a6f15c39c65eb7be22e7c752730c648ed7b60c6d50d8,5fb95aeef21638c09143a6f15c39c65eb7be22e7c752730c648ed7b60c6d50d8,25490,500,375,RGB,test,Apple Scab Leaf,,materialized,
5467f6012d78d1c446145d5f582da6096f852ae8,test/Apple Scab Leaf/816.jpg,data/raw/plantdoc/test/Apple Scab Leaf/816.jpg,ffc0df6903deff23117a8517a8365d729b073b272d3e6dfb97d414b1f736ddf5,ffc0df6903deff23117a8517a8365d729b073b272d3e6dfb97d414b1f736ddf5,9044,330,275,RGB,test,Apple Scab Leaf,,materialized,
5467f6012d78d1c446145d5f582da6096f852ae8,test/Apple Scab Leaf/apple%20scab%20leaf.jpg,data/raw/plantdoc/test/Apple Scab Leaf/apple%20scab%20leaf.jpg,9fc6c998582e99696112bc79e2ce2f20f023641323d2642489b772f43073f3cf,9fc6c998582e99696112bc79e2ce2f20f023641323d2642489b772f43073f3cf,74044,239,398,RGB,test,Apple Scab Leaf,,materialized,
5467f6012d78d1c446145d5f582da6096f852ae8,test/Apple Scab Leaf/apple%20scabnew.jpg,data/raw/plantdoc/test/Apple Scab Leaf/apple%20scabnew.jpg,6caf2ad458a695a73f9d890934f38628ad47e1fc395e5219ce0ee1caf57242d8,6caf2ad458a695a73f9d890934f38628ad47e1fc395e5219ce0ee1caf57242d8,286420,490,392,RGB,test,Apple Scab Leaf,,materialized,
5467f6012d78d1c446145d5f582da6096f852ae8,test/Apple Scab Leaf/apple-scab-5366820.jpg,data/raw/plantdoc/test/Apple Scab Leaf/apple-scab-5366820.jpg,1eaebcb9926515196f0e5499ed932bffe2dd1897e8bad55da41c4100cbc4f1b2,1eaebcb9926515196f0e5499ed932bffe2dd1897e8bad55da41c4100cbc4f1b2,80592,460,373,RGB,test,Apple Scab Leaf,,materialized,
5467f6012d78d1c446145d5f582da6096f852ae8,test/Apple Scab Leaf/apples_apple-scab_01_zoom.jpg,data/raw/plantdoc/test/Apple Scab Leaf/apples_apple-scab_01_zoom.jpg,b47288fa0e351c4483d62ff1bd6db178e3fba89137407726e6f2890cf7a5d248,b47288fa0e351c4483d62ff1bd6db178e3fba89137407726e6f2890cf7a5d248,115924,900,692,RGB,test,Apple Scab Leaf,,materialized,
5467f6012d78d1c446145d5f582da6096f852ae8,test/Apple Scab Leaf/apples_apple-scab_02_thm.jpg,data/raw/plantdoc/test/Apple Scab Leaf/apples_apple-scab_02_thm.jpg,f91a6ba2e60144bd62175891872170b57a3e1bfd642a7816b018b86db76257f7,f91a6ba2e60144bd62175891872170b57a3e1bfd642a7816b018b86db76257f7,7806,115,85,RGB,test,Apple Scab Leaf,,materialized,
5467f6012d78d1c446145d5f582da6096f852ae8,test/Apple Scab Leaf/apples_apple-scab_10_zoom.jpg,data/raw/plantdoc/test/Apple Scab Leaf/apples_apple-scab_10_zoom.jpg,0b32e3e7a5a1b37b7f9a18721cb2674260f6ac3246c690879d82345c9c576f76,0b32e3e7a5a1b37b7f9a18721cb2674260f6ac3246c690879d82345c9c576f76,701358,900,675,RGB,test,Apple Scab Leaf,,materialized,
5467f6012d78d1c446145d5f582da6096f852ae8,test/Apple leaf/20180511_090912-14gtw8a-e1526047952754.jpg,data/raw/plantdoc/test/Apple leaf/20180511_090912-14gtw8a-e1526047952754.jpg,93eaedfb1c29ec24e347500fa9e1e5556ba94af539254caac79c8b471d11b8df,93eaedfb1c29ec24e347500fa9e1e5556ba94af539254caac79c8b471d11b8df,1872287,2988,5312,RGB,test,Apple leaf,,materialized,
5467f6012d78d1c446145d5f582da6096f852ae8,test/Apple leaf/20180511_091133-24l1vhg-e1526047988236.jpg,data/raw/plantdoc/test/Apple leaf/20180511_091133-24l1vhg-e1526047988236.jpg,646de55f7314f6994e453a8b5306fdf63e7b8f66a28b29fa9274be3b4d763883,646de55f7314f6994e453a8b5306fdf63e7b8f66a28b29fa9274be3b4d763883,1722834,2988,5312,RGB,test,Apple leaf,,materialized,
5467f6012d78d1c446145d5f582da6096f852ae8,test/Apple leaf/20180511_091252-1gy5xf5-e1526048000596.jpg,data/raw/plantdoc/test/Apple leaf/20180511_091252-1gy5xf5-e1526048000596.jpg,aa297cdf285ef4fd70ef7561b0f80f212d169a075ab01e6ea15a39b49788d4bb,aa297cdf285ef4fd70ef7561b0f80f212d169a075ab01e6ea15a39b49788d4bb,1813672,2988,5312,RGB,test,Apple leaf,,materialized,
5467f6012d78d1c446145d5f582da6096f852ae8,test/Apple leaf/4120978-single-green-leaf-of-apple-tree.jpg,data/raw/plantdoc/test/Apple leaf/4120978-single-green-leaf-of-apple-tree.jpg,86ae7cf7e63818282f1e6c217a50ddd0bc2399c677d29268c5603bc0869f8192,86ae7cf7e63818282f1e6c217a50ddd0bc2399c677d29268c5603bc0869f8192,74215,800,594,RGB,test,Apple leaf,,materialized,
5467f6012d78d1c446145d5f582da6096f852ae8,test/Apple leaf/Apple-Leaf-Wallpaper-17.jpg,data/raw/plantdoc/test/Apple leaf/Apple-Leaf-Wallpaper-17.jpg,632220da09aa65fcd78c805f778511125c99639b3894170f4d9c8a94f7f32ddb,632220da09aa65fcd78c805f778511125c99639b3894170f4d9c8a94f7f32ddb,2008264,3840,2160,RGB,test,Apple leaf,,materialized,
5467f6012d78d1c446145d5f582da6096f852ae8,test/Apple leaf/apple-leaf-14319997.jpg,data/raw/plantdoc/test/Apple leaf/apple-leaf-14319997.jpg,ee31497d152703df4f9581a32796cc272181cc0b2bd7be22d5e10ee0f40cac9d,ee31497d152703df4f9581a32796cc272181cc0b2bd7be22d5e10ee0f40cac9d,173644,1300,1174,RGB,test,Apple leaf,,materialized,
5467f6012d78d1c446145d5f582da6096f852ae8,test/Apple leaf/apple-leaf-9834637.jpg,data/raw/plantdoc/test/Apple leaf/apple-leaf-9834637.jpg,56a414ce3976cfbd137ebabac52ca2faba093d9a865368d129eae5bae0ac14e8,56a414ce3976cfbd137ebabac52ca2faba093d9a865368d129eae5bae0ac14e8,111435,1300,957,RGB,test,Apple leaf,,materialized,
5467f6012d78d1c446145d5f582da6096f852ae8,test/Apple leaf/apple-leaf-closeup-37636177.jpg,data/raw/plantdoc/test/Apple leaf/apple-leaf-closeup-37636177.jpg,8d345ef55e8b6b13407264385e8076101c8f3711b908c6c2f8eb32a16ae78864,8d345ef55e8b6b13407264385e8076101c8f3711b908c6c2f8eb32a16ae78864,172274,1300,957,RGB,test,Apple leaf,,materialized,
5467f6012d78d1c446145d5f582da6096f852ae8,test/Apple leaf/apple-leaf-isolated-white-background-56631026.jpg,data/raw/plantdoc/test/Apple leaf/apple-leaf-isolated-white-background-56631026.jpg,4742bf7d38d0b0d9042cb3430d6f703d9877fc1bc5703977da24d48fb001df82,4742bf7d38d0b0d9042cb3430d6f703d9877fc1bc5703977da24d48fb001df82,101601,800,692,RGB,test,Apple leaf,,materialized,
5467f6012d78d1c446145d5f582da6096f852ae8,test/Apple rust leaf/02.-Rust-2017-207u24s.jpg,data/raw/plantdoc/test/Apple rust leaf/02.-Rust-2017-207u24s.jpg,f1b4f0ef38724290a0f896de850871f302aa12eac89625705233f77b0bd52797,f1b4f0ef38724290a0f896de850871f302aa12eac89625705233f77b0bd52797,4916332,5312,2988,RGB,test,Apple rust leaf,,materialized,
5467f6012d78d1c446145d5f582da6096f852ae8,test/Apple rust leaf/0605_Rust-induced_leafspot.jpg,data/raw/plantdoc/test/Apple rust leaf/0605_Rust-induced_leafspot.jpg,9773123c2caf06b5b574c406894ed37fff53638d2b826343603504b1d69595b1,9773123c2caf06b5b574c406894ed37fff53638d2b826343603504b1d69595b1,87480,341,188,RGB,test,Apple rust leaf,,materialized,
5467f6012d78d1c446145d5f582da6096f852ae8,test/Apple rust leaf/185161-004-EAF28842.jpg,data/raw/plantdoc/test/Apple rust leaf/185161-004-EAF28842.jpg,93337329613ae06077f080ee91254267039c1fb27e04eb090e6c81f99a90fda2,93337329613ae06077f080ee91254267039c1fb27e04eb090e6c81f99a90fda2,44053,424,450,RGB,test,Apple rust leaf,,materialized,
5467f6012d78d1c446145d5f582da6096f852ae8,test/Apple rust leaf/2011-011.jpg,data/raw/plantdoc/test/Apple rust leaf/2011-011.jpg,0902a4df3831c69d0580f0b746a8ea277d317e358dcd05d5304c13ac539996e7,0902a4df3831c69d0580f0b746a8ea277d317e358dcd05d5304c13ac539996e7,12608,500,375,RGB,test,Apple rust leaf,,materialized,
5467f6012d78d1c446145d5f582da6096f852ae8,test/Apple rust leaf/20130519cedarapplerust.jpg,data/raw/plantdoc/test/Apple rust leaf/20130519cedarapplerust.jpg,20adb414a8162e2dfd875b16ab9ba78b80713e62242d2a57497d1cbf22f621c1,20adb414a8162e2dfd875b16ab9ba78b80713e62242d2a57497d1cbf22f621c1,253998,575,431,RGB,test,Apple rust leaf,,materialized,
5467f6012d78d1c446145d5f582da6096f852ae8,test/Apple rust leaf/20130610_110514.jpg,data/raw/plantdoc/test/Apple rust leaf/20130610_110514.jpg,326ddb5fd0ec65489a154a583d968dc63177c9e244f82f12a55f42c2eada807f,326ddb5fd0ec65489a154a583d968dc63177c9e244f82f12a55f42c2eada807f,1575194,3264,2448,RGB,test,Apple rust leaf,,materialized,
5467f6012d78d1c446145d5f582da6096f852ae8,test/Apple rust leaf/20130802_111632.jpg,data/raw/plantdoc/test/Apple rust leaf/20130802_111632.jpg,b383d0ba58fbd71926956fe38016ef2cb1de8dd1cf09534c289b6d00b9a1e6bb,b383d0ba58fbd71926956fe38016ef2cb1de8dd1cf09534c289b6d00b9a1e6bb,1938294,3264,2448,RGB,test,Apple rust leaf,,materialized,
5467f6012d78d1c446145d5f582da6096f852ae8,test/Apple rust leaf/4-apple-rust2_19011_matt-bertone.jpg,data/raw/plantdoc/test/Apple rust leaf/4-apple-rust2_19011_matt-bertone.jpg,ea6f3c7dfbba1e7089ccb48ca2421249c9b8c96405668369963c723f8a136011,ea6f3c7dfbba1e7089ccb48ca2421249c9b8c96405668369963c723f8a136011,28477,600,400,RGB,test,Apple rust leaf,,materialized,
5467f6012d78d1c446145d5f582da6096f852ae8,test/Apple rust leaf/9343310-small.jpg,data/raw/plantdoc/test/Apple rust leaf/9343310-small.jpg,b1572c5a942ed6485bcf2d41c2b8aaa6d6a42041fc19b0f5e9f212ff8f10210c,b1572c5a942ed6485bcf2d41c2b8aaa6d6a42041fc19b0f5e9f212ff8f10210c,9997,155,206,RGB,test,Apple rust leaf,,materialized,
5467f6012d78d1c446145d5f582da6096f852ae8,test/Apple rust leaf/99e886623c2080c22f6519b0e708c531.jpg,data/raw/plantdoc/test/Apple rust leaf/99e886623c2080c22f6519b0e708c531.jpg,33d5438707e6c733eef23f55d2ca20c455a847cbdaa6055e986c7601b0cd8d23,33d5438707e6c733eef23f55d2ca20c455a847cbdaa6055e986c7601b0cd8d23,18208,425,284,RGB,test,Apple rust leaf,,materialized,
5467f6012d78d1c446145d5f582da6096f852ae8,test/Bell_pepper leaf spot/00.jpg,data/raw/plantdoc/test/Bell_pepper leaf spot/00.jpg,092fd6fa8208f5c46f10899a8c58543949ad3ee3c7621a4e760d685bfd9f610a,092fd6fa8208f5c46f10899a8c58543949ad3ee3c7621a4e760d685bfd9f610a,57046,480,360,RGB,test,Bell_pepper leaf spot,,materialized,
5467f6012d78d1c446145d5f582da6096f852ae8,test/Bell_pepper leaf spot/000.jpg,data/raw/plantdoc/test/Bell_pepper leaf spot/000.jpg,428e8aa1e9ea0e344c1fc50c26734079f7d4eb0d76c5709a9b4a3cf6d1f559cb,428e8aa1e9ea0e344c1fc50c26734079f7d4eb0d76c5709a9b4a3cf6d1f559cb,192682,1024,768,RGB,test,Bell_pepper leaf spot,,materialized,
5467f6012d78d1c446145d5f582da6096f852ae8,test/Bell_pepper leaf spot/01.jpg,data/raw/plantdoc/test/Bell_pepper leaf spot/01.jpg,993f8bea1f19f3bc3334636badfe6e05d1206d7e338d2138cff7392fba6ff9d9,993f8bea1f19f3bc3334636badfe6e05d1206d7e338d2138cff7392fba6ff9d9,65060,638,479,RGB,test,Bell_pepper leaf spot,,materialized,
5467f6012d78d1c446145d5f582da6096f852ae8,test/Bell_pepper leaf spot/Bacterial-spot-pepper2.jpg,data/raw/plantdoc/test/Bell_pepper leaf spot/Bacterial-spot-pepper2.jpg,f17a668a59155565f613ffc6352a4de92be0153e90ed86d48a4443c2492c5128,f17a668a59155565f613ffc6352a4de92be0153e90ed86d48a4443c2492c5128,6508,221,166,RGB,test,Bell_pepper leaf spot,,materialized,
5467f6012d78d1c446145d5f582da6096f852ae8,test/Bell_pepper leaf spot/CMVpepperLeafShock-copy-50QUALITY-1ge8umw.jpg,data/raw/plantdoc/test/Bell_pepper leaf spot/CMVpepperLeafShock-copy-50QUALITY-1ge8umw.jpg,cda914f54adfddcc5bce2771d0aa908e9497602645a27281c30dacaca836905e,cda914f54adfddcc5bce2771d0aa908e9497602645a27281c30dacaca836905e,41429,667,500,RGB,test,Bell_pepper leaf spot,,materialized,
5467f6012d78d1c446145d5f582da6096f852ae8,test/Bell_pepper leaf spot/H5w92.jpg,data/raw/plantdoc/test/Bell_pepper leaf spot/H5w92.jpg,ea4730d34e5117cea5a252f952381393ccb22938680b33ae952a39f2a4771c68,ea4730d34e5117cea5a252f952381393ccb22938680b33ae952a39f2a4771c68,550998,2448,3264,RGB,test,Bell_pepper leaf spot,,materialized,
5467f6012d78d1c446145d5f582da6096f852ae8,test/Bell_pepper leaf spot/bacterial_leaf_spot_pepper_l.jpg,data/raw/plantdoc/test/Bell_pepper leaf spot/bacterial_leaf_spot_pepper_l.jpg,f92092c55bfd2a95571995f5b38bd8e784da25440b5e146b98644494f3425728,f92092c55bfd2a95571995f5b38bd8e784da25440b5e146b98644494f3425728,21544,400,300,RGB,test,Bell_pepper leaf spot,,materialized,
5467f6012d78d1c446145d5f582da6096f852ae8,test/Bell_pepper leaf spot/pepper-spot.jpg,data/raw/plantdoc/test/Bell_pepper leaf spot/pepper-spot.jpg,a5a5f34a7c50efbbbc3f680af9f277b7a016b4e145f60b6a0eafb7de39b3bb5f,a5a5f34a7c50efbbbc3f680af9f277b7a016b4e145f60b6a0eafb7de39b3bb5f,97492,351,209,RGB,test,Bell_pepper leaf spot,,materialized,
5467f6012d78d1c446145d5f582da6096f852ae8,test/Bell_pepper leaf spot/pepper_bacterial-spot_03_zoom.jpg,data/raw/plantdoc/test/Bell_pepper leaf spot/pepper_bacterial-spot_03_zoom.jpg,aec0b49214e20a168593766a67f93a22b310be6b36a6c518a9916e5055bece8e,aec0b49214e20a168593766a67f93a22b310be6b36a6c518a9916e5055bece8e,136692,900,599,RGB,test,Bell_pepper leaf spot,,materialized,
5467f6012d78d1c446145d5f582da6096f852ae8,test/Bell_pepper leaf/10148582-green-leaf-of-pepper.jpg,data/raw/plantdoc/test/Bell_pepper leaf/10148582-green-leaf-of-pepper.jpg,18d27a2f69525db1028494ad8d3a54871f431133017ebcc2fa432da18bb50205,18d27a2f69525db1028494ad8d3a54871f431133017ebcc2fa432da18bb50205,73702,800,582,RGB,test,Bell_pepper leaf,,materialized,
5467f6012d78d1c446145d5f582da6096f852ae8,test/Bell_pepper leaf/4825902504_5fa80b65b8_z.jpg,data/raw/plantdoc/test/Bell_pepper leaf/4825902504_5fa80b65b8_z.jpg,31bf779ab58fdb35b249d94105c47a57f372302b7158f9c26bbfb2d3c1e580de,31bf779ab58fdb35b249d94105c47a57f372302b7158f9c26bbfb2d3c1e580de,126854,640,434,RGB,test,Bell_pepper leaf,,materialized,
5467f6012d78d1c446145d5f582da6096f852ae8,test/Bell_pepper leaf/GREEN%20BELL%20PLANT%20YELLOW%20LEAF.JPG.jpg,data/raw/plantdoc/test/Bell_pepper leaf/GREEN%20BELL%20PLANT%20YELLOW%20LEAF.JPG.jpg,7d0741e7826cfcb6ee50a0c78215ab42a66128b2db342e0d6d104bfcff2c370f,7d0741e7826cfcb6ee50a0c78215ab42a66128b2db342e0d6d104bfcff2c370f,108849,800,600,RGB,test,Bell_pepper leaf,,materialized,
5467f6012d78d1c446145d5f582da6096f852ae8,test/Bell_pepper leaf/IMG_1629.JPG?1507122477.jpg,data/raw/plantdoc/test/Bell_pepper leaf/IMG_1629.JPG?1507122477.jpg,7ae7d000d7730a008e6bf53dfc78c207859c4569c2bad0eee22675129058256b,7ae7d000d7730a008e6bf53dfc78c207859c4569c2bad0eee22675129058256b,135678,600,800,RGB,test,Bell_pepper leaf,,materialized,
5467f6012d78d1c446145d5f582da6096f852ae8,test/Bell_pepper leaf/RnGnC.jpg,data/raw/plantdoc/test/Bell_pepper leaf/RnGnC.jpg,13b8b10d2b5ac884239a21da79d04911ea3128094aed4ee22a52b7a85c05e893,13b8b10d2b5ac884239a21da79d04911ea3128094aed4ee22a52b7a85c05e893,414381,2147,1432,RGB,test,Bell_pepper leaf,,materialized,
5467f6012d78d1c446145d5f582da6096f852ae8,test/Bell_pepper leaf/e33155.jpg,data/raw/plantdoc/test/Bell_pepper leaf/e33155.jpg,dd6526f15640c67223a9d40b4cd34e9522732deea2b09df09dc9c2eb08099047,dd6526f15640c67223a9d40b4cd34e9522732deea2b09df09dc9c2eb08099047,111556,800,600,RGB,test,Bell_pepper leaf,,materialized,
5467f6012d78d1c446145d5f582da6096f852ae8,test/Bell_pepper leaf/pepper_leaf.jpg,data/raw/plantdoc/test/Bell_pepper leaf/pepper_leaf.jpg,a651cf2765e927ffc2c865cdd0a68876f4df8e6ba5f3a2483dcb13754a02c4b9,a651cf2765e927ffc2c865cdd0a68876f4df8e6ba5f3a2483dcb13754a02c4b9,39141,300,400,RGB,test,Bell_pepper leaf,,materialized,
5467f6012d78d1c446145d5f582da6096f852ae8,test/Bell_pepper leaf/why-are-my-pepper-plants-yellow-yellow-pepper-plants-yellow-leaves-green-veins-pepper-plants-yellow-veins.jpg,data/raw/plantdoc/test/Bell_pepper leaf/why-are-my-pepper-plants-yellow-yellow-pepper-plants-yellow-leaves-green-veins-pepper-plants-yellow-veins.jpg,bfc4393571e4be68819bd2f8835dfdb82015a9a160ce6fb186b0197da4de32ce,bfc4393571e4be68819bd2f8835dfdb82015a9a160ce6fb186b0197da4de32ce,50581,421,750,RGB,test,Bell_pepper leaf,,materialized,
5467f6012d78d1c446145d5f582da6096f852ae8,test/Blueberry leaf/P1200665+Vaccinium+alaskaense+vs+ovalifolium+leaf+and++twig+cr.jpg,data/raw/plantdoc/test/Blueberry leaf/P1200665+Vaccinium+alaskaense+vs+ovalifolium+leaf+and++twig+cr.jpg,f16930fbfab4042fbabc2966fb8a7f9cfe00c1029b7f768e3afdf322c98f09e2,f16930fbfab4042fbabc2966fb8a7f9cfe00c1029b7f768e3afdf322c98f09e2,185310,1600,1148,RGB,test,Blueberry leaf,,materialized,
5467f6012d78d1c446145d5f582da6096f852ae8,test/Blueberry leaf/P1200701+Vaccinium+ovalifolium+Oval-leaf+Blueberry+leaf+margin+Heather+Meadows+cr.jpg,data/raw/plantdoc/test/Blueberry leaf/P1200701+Vaccinium+ovalifolium+Oval-leaf+Blueberry+leaf+margin+Heather+Meadows+cr.jpg,59c1b790426d06c2b119456b682f898453c9dcc3aac7d77627455d6b4c6c0cf2,59c1b790426d06c2b119456b682f898453c9dcc3aac7d77627455d6b4c6c0cf2,797763,1012,1376,RGB,test,Blueberry leaf,,materialized,
5467f6012d78d1c446145d5f582da6096f852ae8,test/Blueberry leaf/blueberry-leaves-normal-above-and-iron-deficient-below-bgahf8.jpg,data/raw/plantdoc/test/Blueberry leaf/blueberry-leaves-normal-above-and-iron-deficient-below-bgahf8.jpg,07b9b0a3395d6643e0033f5327c188305479c20a67b9e0081efec85139d63306,07b9b0a3395d6643e0033f5327c188305479c20a67b9e0081efec85139d63306,59840,390,540,RGB,test,Blueberry leaf,,materialized,
5467f6012d78d1c446145d5f582da6096f852ae8,test/Blueberry leaf/blueberrysilverleaf16-1372b.jpg,data/raw/plantdoc/test/Blueberry leaf/blueberrysilverleaf16-1372b.jpg,09a3f4807d7d79b399e19da63d212e271fb0ecb4be8a90d0629b62c483403d0a,09a3f4807d7d79b399e19da63d212e271fb0ecb4be8a90d0629b62c483403d0a,2033764,1846,1392,RGB,test,Blueberry leaf,,materialized,
5467f6012d78d1c446145d5f582da6096f852ae8,test/Blueberry leaf/leaf-blueberry-15281271.jpg,data/raw/plantdoc/test/Blueberry leaf/leaf-blueberry-15281271.jpg,c80d8c6ad4eab11f18540936ed92cc607269612ed4915780268f6bd584de3a2d,c80d8c6ad4eab11f18540936ed92cc607269612ed4915780268f6bd584de3a2d,109549,1300,1060,RGB,test,Blueberry leaf,,materialized,
5467f6012d78d1c446145d5f582da6096f852ae8,test/Blueberry leaf/northern-highbush-blueberry-blue-huckleberry-vaccinium-corymbosum-EHNXRR.jpg,data/raw/plantdoc/test/Blueberry leaf/northern-highbush-blueberry-blue-huckleberry-vaccinium-corymbosum-EHNXRR.jpg,9825a869d66d0aa4fa812dac3233a95372c0c37d963b894eb7a7baa83cb9bf0c,9825a869d66d0aa4fa812dac3233a95372c0c37d963b894eb7a7baa83cb9bf0c,135581,865,1390,RGB,test,Blueberry leaf,,materialized,
5467f6012d78d1c446145d5f582da6096f852ae8,test/Blueberry leaf/stock-photo-blueberry-leaf-closeup-isolated-on-white-306486470.jpg,data/raw/plantdoc/test/Blueberry leaf/stock-photo-blueberry-leaf-closeup-isolated-on-white-306486470.jpg,5e31b852c76e429e3fe2981d6b383b655618a8c9d04b8c29451de26a6780e9a8,5e31b852c76e429e3fe2981d6b383b655618a8c9d04b8c29451de26a6780e9a8,23566,450,320,RGB,test,Blueberry leaf,,materialized,
5467f6012d78d1c446145d5f582da6096f852ae8,test/Blueberry leaf/stock-photo-green-blueberry-leaf-isolated-with-clipping-path-550344304.jpg,data/raw/plantdoc/test/Blueberry leaf/stock-photo-green-blueberry-leaf-isolated-with-clipping-path-550344304.jpg,9f252ca961c41ade2ecc1baab912a309d173397db1acd6b8701c4268f6fb370c,9f252ca961c41ade2ecc1baab912a309d173397db1acd6b8701c4268f6fb370c,51529,335,470,RGB,test,Blueberry leaf,,materialized,
5467f6012d78d1c446145d5f582da6096f852ae8,test/Blueberry leaf/stock-photo-two-sides-of-blueberry-leaf-isolated-on-white-15582232.jpg,data/raw/plantdoc/test/Blueberry leaf/stock-photo-two-sides-of-blueberry-leaf-isolated-on-white-15582232.jpg,5012fc4eac7e81d6030083fad12253182bc00365c46a4ea72d682ed31b7bc35c,5012fc4eac7e81d6030083fad12253182bc00365c46a4ea72d682ed31b7bc35c,468338,1500,1345,RGB,test,Blueberry leaf,,materialized,
5467f6012d78d1c446145d5f582da6096f852ae8,test/Blueberry leaf/vaccinium-angustifolium-low-bush-blueberry_0830_124221.jpg,data/raw/plantdoc/test/Blueberry leaf/vaccinium-angustifolium-low-bush-blueberry_0830_124221.jpg,a230f0f7f35b6f2c1473259c429f68537a9332545bac2a59c5940620cae3ff4c,a230f0f7f35b6f2c1473259c429f68537a9332545bac2a59c5940620cae3ff4c,67019,720,540,RGB,test,Blueberry leaf,,materialized,
5467f6012d78d1c446145d5f582da6096f852ae8,test/Blueberry leaf/vaccinium_angustifolium_leaf2.JPG.jpg,data/raw/plantdoc/test/Blueberry leaf/vaccinium_angustifolium_leaf2.JPG.jpg,ce7c810c3188f547ec5f77ff917fff685adb9d61fa46e3d4e31124cccc555cb8,ce7c810c3188f547ec5f77ff917fff685adb9d61fa46e3d4e31124cccc555cb8,503597,1440,2160,RGB,test,Blueberry leaf,,materialized,
5467f6012d78d1c446145d5f582da6096f852ae8,test/Cherry leaf/d7b79dbc0bca0eb3e63fbe5dfb256ccd53d90a4eb1413_1260x1260.jpg,data/raw/plantdoc/test/Cherry leaf/d7b79dbc0bca0eb3e63fbe5dfb256ccd53d90a4eb1413_1260x1260.jpg,c8558de1281f269c91d394fbaf4fd06fb2c0a04dd3125cad4d5fcec2be3a5891,c8558de1281f269c91d394fbaf4fd06fb2c0a04dd3125cad4d5fcec2be3a5891,113168,1056,1260,RGB,test,Cherry leaf,,materialized,
5467f6012d78d1c446145d5f582da6096f852ae8,test/Cherry leaf/e52bbb9a08ede2948ba0c006f02fe7b053ad7831d1df6_1260x1260.jpg,data/raw/plantdoc/test/Cherry leaf/e52bbb9a08ede2948ba0c006f02fe7b053ad7831d1df6_1260x1260.jpg,58b9ab22b87542a82c76f4ccdc24c7a2a7979a26b59d2a1ed051edfd036760b6,58b9ab22b87542a82c76f4ccdc24c7a2a7979a26b59d2a1ed051edfd036760b6,161062,1056,1260,RGB,test,Cherry leaf,,materialized,
5467f6012d78d1c446145d5f582da6096f852ae8,test/Cherry leaf/ed12ff77ce021883de241830dee55e2e53d2c93231699_1260x1260.jpg,data/raw/plantdoc/test/Cherry leaf/ed12ff77ce021883de241830dee55e2e53d2c93231699_1260x1260.jpg,0a26a3e226bdd6d34416e19bbc4e168a034f201ce5effa5fb46e6896ad877334,0a26a3e226bdd6d34416e19bbc4e168a034f201ce5effa5fb46e6896ad877334,164525,1056,1260,RGB,test,Cherry leaf,,materialized,
5467f6012d78d1c446145d5f582da6096f852ae8,test/Cherry leaf/fc729af279e9087d00bd32d89a1552a756a3ad9de7f2b_1260x1260.jpg,data/raw/plantdoc/test/Cherry leaf/fc729af279e9087d00bd32d89a1552a756a3ad9de7f2b_1260x1260.jpg,acda7a4b63745a43b2da5195eb7d16f36f5933f6b23bd7ebe60cb285176d1bf7,acda7a4b63745a43b2da5195eb7d16f36f5933f6b23bd7ebe60cb285176d1bf7,165014,1056,1260,RGB,test,Cherry leaf,,materialized,
5467f6012d78d1c446145d5f582da6096f852ae8,test/Cherry leaf/five-cherry-tree-green-leaves-white-isolated-background-34493587.jpg,data/raw/plantdoc/test/Cherry leaf/five-cherry-tree-green-leaves-white-isolated-background-34493587.jpg,5a5df8b7b4a21e5edae671379674afa0e3b958466893f7d9cabacb085670f336,5a5df8b7b4a21e5edae671379674afa0e3b958466893f7d9cabacb085670f336,159208,1032,1300,RGB,test,Cherry leaf,,materialized,
5467f6012d78d1c446145d5f582da6096f852ae8,test/Cherry leaf/prunsero_leaf1.jpg,data/raw/plantdoc/test/Cherry leaf/prunsero_leaf1.jpg,edcfea2e7632ee23e48a545f941b4ff6b2bcc26995f953501e3d5079ba1ee768,edcfea2e7632ee23e48a545f941b4ff6b2bcc26995f953501e3d5079ba1ee768,853214,2000,3008,RGB,test,Cherry leaf,,materialized,
5467f6012d78d1c446145d5f582da6096f852ae8,test/Cherry leaf/prunsero_leaf2.jpg,data/raw/plantdoc/test/Cherry leaf/prunsero_leaf2.jpg,b24b1b75df677567d96f6fa00ff0530afe4512cd647efa860ac7e625da706d5a,b24b1b75df677567d96f6fa00ff0530afe4512cd647efa860ac7e625da706d5a,1082391,2000,3008,RGB,test,Cherry leaf,,materialized,
5467f6012d78d1c446145d5f582da6096f852ae8,test/Cherry leaf/prunus-virginiana-le-gmittelhauser.jpg,data/raw/plantdoc/test/Cherry leaf/prunus-virginiana-le-gmittelhauser.jpg,2fd622275560e03ed0880b393d9f888c9776184ce842e530fc51aea2b1525a0c,2fd622275560e03ed0880b393d9f888c9776184ce842e530fc51aea2b1525a0c,249020,751,1000,RGB,test,Cherry leaf,,materialized,
5467f6012d78d1c446145d5f582da6096f852ae8,test/Cherry leaf/red-cherry-tree-leaf-isolated-crisp-white-background-35742030.jpg,data/raw/plantdoc/test/Cherry leaf/red-cherry-tree-leaf-isolated-crisp-white-background-35742030.jpg,281c7ac4550ab84d66c8bb2caedddf25bfe6ece1e743cf02027dcaaaa006b3d5,281c7ac4550ab84d66c8bb2caedddf25bfe6ece1e743cf02027dcaaaa006b3d5,83223,1300,1065,RGB,test,Cherry leaf,,materialized,
5467f6012d78d1c446145d5f582da6096f852ae8,test/Cherry leaf/three-vibrant-leaves-bird-cherry-tree-13905898.jpg,data/raw/plantdoc/test/Cherry leaf/three-vibrant-leaves-bird-cherry-tree-13905898.jpg,f0dacd9900802e97ca97d7931308959993c3a09d3cecbaa8de051af5a1dfb3d1,f0dacd9900802e97ca97d7931308959993c3a09d3cecbaa8de051af5a1dfb3d1,71748,1300,972,RGB,test,Cherry leaf,,materialized,
5467f6012d78d1c446145d5f582da6096f852ae8,test/Corn Gray leaf spot/IMG_42231.jpg,data/raw/plantdoc/test/Corn Gray leaf spot/IMG_42231.jpg,ee3838e2249e671b7b4510b0d3831f30882e2bcbf20c9c8c42ee8f4e1b95fcce,ee3838e2249e671b7b4510b0d3831f30882e2bcbf20c9c8c42ee8f4e1b95fcce,1577792,3264,2448,RGB,test,Corn Gray leaf spot,,materialized,
5467f6012d78d1c446145d5f582da6096f852ae8,test/Corn Gray leaf spot/rsz0803Figure6.jpg,data/raw/plantdoc/test/Corn Gray leaf spot/rsz0803Figure6.jpg,723b0d272e745f3d81f205fc60dcfc989cb7698e3d48087aa63f904001ff9101,723b0d272e745f3d81f205fc60dcfc989cb7698e3d48087aa63f904001ff9101,34226,350,230,RGB,test,Corn Gray leaf spot,,materialized,
5467f6012d78d1c446145d5f582da6096f852ae8,"test/Corn Gray leaf spot/show_picture.asp?id=aaaaaaaaaaogcqq&w2=420&h2=378&clip=center,420,378&meta=0.jpg","data/raw/plantdoc/test/Corn Gray leaf spot/show_picture.asp?id=aaaaaaaaaaogcqq&w2=420&h2=378&clip=center,420,378&meta=0.jpg",09be2f9958acdcd1cc32b43cb3f9b6196815f6ee9103077861a10f78f2a5978c,09be2f9958acdcd1cc32b43cb3f9b6196815f6ee9103077861a10f78f2a5978c,35562,420,378,RGB,test,Corn Gray leaf spot,,materialized,
5467f6012d78d1c446145d5f582da6096f852ae8,test/Corn Gray leaf spot/strom5.jpg,data/raw/plantdoc/test/Corn Gray leaf spot/strom5.jpg,d335de0aeb36d5127592a6c5b33cc02e5e9e9bff688500e71cd338736329cf1c,d335de0aeb36d5127592a6c5b33cc02e5e9e9bff688500e71cd338736329cf1c,107831,480,320,RGB,test,Corn Gray leaf spot,,materialized,
5467f6012d78d1c446145d5f582da6096f852ae8,test/Corn leaf blight/02c.jpg,data/raw/plantdoc/test/Corn leaf blight/02c.jpg,0a7d472d5da53b9436775feb479598e0c8067eae96dfd06c7ebdaecee79af473,0a7d472d5da53b9436775feb479598e0c8067eae96dfd06c7ebdaecee79af473,67199,960,540,RGB,test,Corn leaf blight,,materialized,
5467f6012d78d1c446145d5f582da6096f852ae8,test/Corn leaf blight/0796.20graylssymt.jpg,data/raw/plantdoc/test/Corn leaf blight/0796.20graylssymt.jpg,3b616d93a4aa72ad932f05dd2ff1a0392139ce355a1b9d24f0e78cf71405a62c,3b616d93a4aa72ad932f05dd2ff1a0392139ce355a1b9d24f0e78cf71405a62c,30479,432,350,RGB,test,Corn leaf blight,,materialized,
5467f6012d78d1c446145d5f582da6096f852ae8,test/Corn leaf blight/07c.jpg,data/raw/plantdoc/test/Corn leaf blight/07c.jpg,4713b10521040b12bd472f7d83aca182cb240f99d6a214ec2c904cca3316e30a,4713b10521040b12bd472f7d83aca182cb240f99d6a214ec2c904cca3316e30a,83607,675,414,RGB,test,Corn leaf blight,,materialized,
5467f6012d78d1c446145d5f582da6096f852ae8,test/Corn leaf blight/0c.jpg,data/raw/plantdoc/test/Corn leaf blight/0c.jpg,9b17c3e4a9dacb6144f7c6ae7e69366b5966f8bdc49bd5ac175450a9c2f60dcf,9b17c3e4a9dacb6144f7c6ae7e69366b5966f8bdc49bd5ac175450a9c2f60dcf,179797,1170,501,RGB,test,Corn leaf blight,,materialized,
5467f6012d78d1c446145d5f582da6096f852ae8,test/Corn leaf blight/1321189.jpg,data/raw/plantdoc/test/Corn leaf blight/1321189.jpg,0269c07a3081df41e9e8e5a7ee3c18394bb81fd8b0c6bff78b610d993b72a14d,0269c07a3081df41e9e8e5a7ee3c18394bb81fd8b0c6bff78b610d993b72a14d,106355,590,200,RGB,test,Corn leaf blight,,materialized,
5467f6012d78d1c446145d5f582da6096f852ae8,test/Corn leaf blight/160314_web.jpg,data/raw/plantdoc/test/Corn leaf blight/160314_web.jpg,23fb26f404234f8f4a24641c038cac24dade2a9fa70c5da27c6aa2328a8270cd,23fb26f404234f8f4a24641c038cac24dade2a9fa70c5da27c6aa2328a8270cd,32963,400,533,RGB,test,Corn leaf blight,,materialized,
5467f6012d78d1c446145d5f582da6096f852ae8,test/Corn leaf blight/2013Corn_GrayLeafSpot_0815_0003.JPG.jpg,data/raw/plantdoc/test/Corn leaf blight/2013Corn_GrayLeafSpot_0815_0003.JPG.jpg,366cac0649df317e9cdfbc64ec11c8b3da8e15aa7db164a9bf84db5c6236dfa3,366cac0649df317e9cdfbc64ec11c8b3da8e15aa7db164a9bf84db5c6236dfa3,389397,1600,1200,RGB,test,Corn leaf blight,,materialized,
5467f6012d78d1c446145d5f582da6096f852ae8,test/Corn leaf blight/2015070295153021.jpg,data/raw/plantdoc/test/Corn leaf blight/2015070295153021.jpg,6e777d1b6829140e66573f918c0f1681ca4cd2979859c37435c84977153ec223,6e777d1b6829140e66573f918c0f1681ca4cd2979859c37435c84977153ec223,225240,1224,1632,RGB,test,Corn leaf blight,,materialized,
5467f6012d78d1c446145d5f582da6096f852ae8,test/Corn leaf blight/Common%20Diseases%20Figure%201.JPG.jpg,data/raw/plantdoc/test/Corn leaf blight/Common%20Diseases%20Figure%201.JPG.jpg,248c90ff324974883bc2a6547f5946f1fb26349186618d6f961e5cd1979e4abf,248c90ff324974883bc2a6547f5946f1fb26349186618d6f961e5cd1979e4abf,14451,188,317,RGB,test,Corn leaf blight,,materialized,
5467f6012d78d1c446145d5f582da6096f852ae8,test/Corn leaf blight/Corn-SCLB-2017-1.jpg,data/raw/plantdoc/test/Corn leaf blight/Corn-SCLB-2017-1.jpg,deef0c607d0a5decdae484b0d1d92633ba4fe0ab15595d33e36222f62313f58e,deef0c607d0a5decdae484b0d1d92633ba4fe0ab15595d33e36222f62313f58e,2256589,3456,5184,RGB,test,Corn leaf blight,,materialized,
5467f6012d78d1c446145d5f582da6096f852ae8,test/Corn leaf blight/corn-disease-update-fig-3-gray-leaf-spot.jpg,data/raw/plantdoc/test/Corn leaf blight/corn-disease-update-fig-3-gray-leaf-spot.jpg,440c5caae1739af7a4e8530fd16cf3a5d450a376ce315fbe0ccab2e326139606,440c5caae1739af7a4e8530fd16cf3a5d450a376ce315fbe0ccab2e326139606,631528,1500,1125,RGB,test,Corn leaf blight,,materialized,
5467f6012d78d1c446145d5f582da6096f852ae8,test/Corn leaf blight/corn-gray-leaf-spot-f4.jpg,data/raw/plantdoc/test/Corn leaf blight/corn-gray-leaf-spot-f4.jpg,9120578a76fd8539da220def6e0609ebb2435decc7a9c34b949e46e86e794c8d,9120578a76fd8539da220def6e0609ebb2435decc7a9c34b949e46e86e794c8d,652989,672,832,RGB,test,Corn leaf blight,,materialized,
5467f6012d78d1c446145d5f582da6096f852ae8,test/Corn rust leaf/0796.39maizerust.jpg,data/raw/plantdoc/test/Corn rust leaf/0796.39maizerust.jpg,74f5150ebe2ad2efc2288e5d8764852c8616ae96b9cd0486b72e48c08fb3dc55,74f5150ebe2ad2efc2288e5d8764852c8616ae96b9cd0486b72e48c08fb3dc55,33414,432,287,RGB,test,Corn rust leaf,,materialized,
5467f6012d78d1c446145d5f582da6096f852ae8,test/Corn rust leaf/0796.40comrust.jpg,data/raw/plantdoc/test/Corn rust leaf/0796.40comrust.jpg,d81099827be9eea9fd64d18771a60680255ea1fa9a2d2dd9247d55c97df59556,d81099827be9eea9fd64d18771a60680255ea1fa9a2d2dd9247d55c97df59556,33671,432,268,RGB,test,Corn rust leaf,,materialized,
5467f6012d78d1c446145d5f582da6096f852ae8,test/Corn rust leaf/0796.47southrust.jpg,data/raw/plantdoc/test/Corn rust leaf/0796.47southrust.jpg,9d3bbdb56a902458d4bb09c2b16a117173048eb2f9dac5a25adaf5b87a32782e,9d3bbdb56a902458d4bb09c2b16a117173048eb2f9dac5a25adaf5b87a32782e,38824,432,252,RGB,test,Corn rust leaf,,materialized,
5467f6012d78d1c446145d5f582da6096f852ae8,test/Corn rust leaf/0796.52srusttelia.jpg,data/raw/plantdoc/test/Corn rust leaf/0796.52srusttelia.jpg,d551e7c75cb72e01ddb13abdc7cc996e7727c54bb21556a552b82bebcd81f825,d551e7c75cb72e01ddb13abdc7cc996e7727c54bb21556a552b82bebcd81f825,37960,432,309,RGB,test,Corn rust leaf,,materialized,
5467f6012d78d1c446145d5f582da6096f852ae8,test/Corn rust leaf/12-19striprustJIM.jpg,data/raw/plantdoc/test/Corn rust leaf/12-19striprustJIM.jpg,3072867b4b451739759fa7b4e26de9018e72e9f85ea5069b8bd2179dc20a4694,3072867b4b451739759fa7b4e26de9018e72e9f85ea5069b8bd2179dc20a4694,19641,185,500,RGB,test,Corn rust leaf,,materialized,
5467f6012d78d1c446145d5f582da6096f852ae8,test/Corn rust leaf/1355.50commonrust.jpg,data/raw/plantdoc/test/Corn rust leaf/1355.50commonrust.jpg,376de5dfd4c5f0385e483a9a9e8b64d58c271787b9c0f72da2713cfb08ab702d,376de5dfd4c5f0385e483a9a9e8b64d58c271787b9c0f72da2713cfb08ab702d,23587,288,419,RGB,test,Corn rust leaf,,materialized,
5467f6012d78d1c446145d5f582da6096f852ae8,test/Corn rust leaf/2256-body-1501555581-1.jpg,data/raw/plantdoc/test/Corn rust leaf/2256-body-1501555581-1.jpg,851941010e7f34ff324b3891139d55c9615272153e26a570732b81cd5f8b4930,851941010e7f34ff324b3891139d55c9615272153e26a570732b81cd5f8b4930,468393,3264,2448,RGB,test,Corn rust leaf,,materialized,
5467f6012d78d1c446145d5f582da6096f852ae8,test/Corn rust leaf/393.jpg,data/raw/plantdoc/test/Corn rust leaf/393.jpg,35371942d3914e29adc6ce0247d6e9aff2c04820d58f2168ea42c515a33e32a6,35371942d3914e29adc6ce0247d6e9aff2c04820d58f2168ea42c515a33e32a6,35155,590,393,RGB,test,Corn rust leaf,,materialized,
5467f6012d78d1c446145d5f582da6096f852ae8,test/Corn rust leaf/5496239405_d95bdb97d1_z.jpg,data/raw/plantdoc/test/Corn rust leaf/5496239405_d95bdb97d1_z.jpg,1236a199431c6c7b4798310cfb847faa4c4b9047b62149de91674989b1ed76b9,1236a199431c6c7b4798310cfb847faa4c4b9047b62149de91674989b1ed76b9,177428,640,480,RGB,test,Corn rust leaf,,materialized,
5467f6012d78d1c446145d5f582da6096f852ae8,test/Corn rust leaf/80104747.jpg,data/raw/plantdoc/test/Corn rust leaf/80104747.jpg,10e15f1c88ceda5b126d25f64ca4ec09229e2359b58ed8b0d39381df3dffd883,10e15f1c88ceda5b126d25f64ca4ec09229e2359b58ed8b0d39381df3dffd883,278872,613,700,RGB,test,Corn rust leaf,,materialized,
5467f6012d78d1c446145d5f582da6096f852ae8,test/Peach leaf/00pe.jpg,data/raw/plantdoc/test/Peach leaf/00pe.jpg,efe7103184ba7b526b7958d11ece9922d3a7110b20603860b3225e1dbeb4db82,efe7103184ba7b526b7958d11ece9922d3a7110b20603860b3225e1dbeb4db82,93367,720,1000,RGB,test,Peach leaf,,materialized,
5467f6012d78d1c446145d5f582da6096f852ae8,test/Peach leaf/7190f27ead55c0f6e3ff8b982972810a5446a9713a49d_1260x1260.jpg,data/raw/plantdoc/test/Peach leaf/7190f27ead55c0f6e3ff8b982972810a5446a9713a49d_1260x1260.jpg,2b42bfdb7b7422f0229cf8049232f8f38acf1e3df5070ef79b343ed1515c5ed1,2b42bfdb7b7422f0229cf8049232f8f38acf1e3df5070ef79b343ed1515c5ed1,117335,1056,1260,RGB,test,Peach leaf,,materialized,
5467f6012d78d1c446145d5f582da6096f852ae8,test/Peach leaf/depositphotos_3786198-Peach-leaf.jpg,data/raw/plantdoc/test/Peach leaf/depositphotos_3786198-Peach-leaf.jpg,512ff2f4d94b3d8047719b056442ff695406ddc3d09509949812c599cf988101,512ff2f4d94b3d8047719b056442ff695406ddc3d09509949812c599cf988101,64784,1024,1024,RGB,test,Peach leaf,,materialized,
5467f6012d78d1c446145d5f582da6096f852ae8,test/Peach leaf/peach-leaf-10223898.jpg,data/raw/plantdoc/test/Peach leaf/peach-leaf-10223898.jpg,160f181cf8b1db9892696a724d3bbfc3f271f7eae0cbd6a76e7c165f54c341ef,160f181cf8b1db9892696a724d3bbfc3f271f7eae0cbd6a76e7c165f54c341ef,77869,957,1300,RGB,test,Peach leaf,,materialized,
5467f6012d78d1c446145d5f582da6096f852ae8,test/Peach leaf/peach-leaf-16690421.jpg,data/raw/plantdoc/test/Peach leaf/peach-leaf-16690421.jpg,d50fe7bece6375221f16b2d8f1547416d4384f6bbaf57580ef16fe81daf7f65e,d50fe7bece6375221f16b2d8f1547416d4384f6bbaf57580ef16fe81daf7f65e,89039,1300,954,RGB,test,Peach leaf,,materialized,
5467f6012d78d1c446145d5f582da6096f852ae8,test/Peach leaf/peach-leaf-isolated-white-background-42295220.jpg,data/raw/plantdoc/test/Peach leaf/peach-leaf-isolated-white-background-42295220.jpg,c33f72012a661f5aea0244a0312f66485d90a7dd819bd27f4656852c8b215975,c33f72012a661f5aea0244a0312f66485d90a7dd819bd27f4656852c8b215975,96292,1300,994,RGB,test,Peach leaf,,materialized,
5467f6012d78d1c446145d5f582da6096f852ae8,test/Peach leaf/rose_tree_220430.jpg,data/raw/plantdoc/test/Peach leaf/rose_tree_220430.jpg,cec29697c55ee511861de7246d98948525e0b25876d2cbf0b36fe15d45c9664b,cec29697c55ee511861de7246d98948525e0b25876d2cbf0b36fe15d45c9664b,55246,500,500,RGB,test,Peach leaf,,materialized,
5467f6012d78d1c446145d5f582da6096f852ae8,test/Peach leaf/stock-photo-peach-leaf-isolated-on-white-background-281097503.jpg,data/raw/plantdoc/test/Peach leaf/stock-photo-peach-leaf-isolated-on-white-background-281097503.jpg,9e6ed3aeaadb6670be4740a4bf977c5e6166f24ffa03953988b51985322f2ebb,9e6ed3aeaadb6670be4740a4bf977c5e6166f24ffa03953988b51985322f2ebb,313256,1500,912,RGB,test,Peach leaf,,materialized,
5467f6012d78d1c446145d5f582da6096f852ae8,test/Peach leaf/stock-photo-peach-tree-leaf-isolated-over-white-background-back-side-64472731.jpg,data/raw/plantdoc/test/Peach leaf/stock-photo-peach-tree-leaf-isolated-over-white-background-back-side-64472731.jpg,3b0dab3c5cdff9da949bbe6fa10f6e4e7422a1c9715ff5451a89427f1abf5224,3b0dab3c5cdff9da949bbe6fa10f6e4e7422a1c9715ff5451a89427f1abf5224,320079,1500,1600,RGB,test,Peach leaf,,materialized,
5467f6012d78d1c446145d5f582da6096f852ae8,test/Potato leaf early blight/3023.jpg,data/raw/plantdoc/test/Potato leaf early blight/3023.jpg,4e8b82493c841d55dc0c3d43ae6dde79e03beaaf5cb1f425acaa44cffd8f1c99,4e8b82493c841d55dc0c3d43ae6dde79e03beaaf5cb1f425acaa44cffd8f1c99,131200,1024,768,RGB,test,Potato leaf early blight,,materialized,
5467f6012d78d1c446145d5f582da6096f852ae8,test/Potato leaf early blight/backus-056-potato-blight.jpg,data/raw/plantdoc/test/Potato leaf early blight/backus-056-potato-blight.jpg,64c0f7b5701e815769bad881c0834ffb3b58018233fc3af42c3a1b7968f86973,64c0f7b5701e815769bad881c0834ffb3b58018233fc3af42c3a1b7968f86973,1477148,2848,2136,RGB,test,Potato leaf early blight,,materialized,
5467f6012d78d1c446145d5f582da6096f852ae8,test/Potato leaf early blight/early-blight-alternaria-alternata-leaf-spotting-on-potato-leaf-X91XJE.jpg,data/raw/plantdoc/test/Potato leaf early blight/early-blight-alternaria-alternata-leaf-spotting-on-potato-leaf-X91XJE.jpg,53410fa233b049b9d1ccf632a0295969427b799a1b807a16b324166e0b73131a,53410fa233b049b9d1ccf632a0295969427b799a1b807a16b324166e0b73131a,222008,1300,1199,RGB,test,Potato leaf early blight,,materialized,
5467f6012d78d1c446145d5f582da6096f852ae8,test/Potato leaf early blight/early-blight-or-target-spot-alternaria-solani-lesions-on-a-tomato-AXK6AY.jpg,data/raw/plantdoc/test/Potato leaf early blight/early-blight-or-target-spot-alternaria-solani-lesions-on-a-tomato-AXK6AY.jpg,c256a583dacb5c2747393b2820b4e5fb5aec08c54f930ad76ef3422d2153f48e,c256a583dacb5c2747393b2820b4e5fb5aec08c54f930ad76ef3422d2153f48e,146352,1300,1069,RGB,test,Potato leaf early blight,,materialized,
5467f6012d78d1c446145d5f582da6096f852ae8,test/Potato leaf early blight/earlyblightpotato.jpg,data/raw/plantdoc/test/Potato leaf early blight/earlyblightpotato.jpg,c339100d52667a90c43b2f7f36d969e5894849f621b1bbc4a5ba5cf6817b8cbe,c339100d52667a90c43b2f7f36d969e5894849f621b1bbc4a5ba5cf6817b8cbe,158063,465,350,RGB,test,Potato leaf early blight,,materialized,
5467f6012d78d1c446145d5f582da6096f852ae8,test/Potato leaf early blight/potato-blight-phytophthora-infestans-close-up-of-upper-surface-of-BMMRXC.jpg,data/raw/plantdoc/test/Potato leaf early blight/potato-blight-phytophthora-infestans-close-up-of-upper-surface-of-BMMRXC.jpg,908640f63872eb893ca69db7ddd5297a1f7e5489f2fd9dcd5e3192efefe0f28c,908640f63872eb893ca69db7ddd5297a1f7e5489f2fd9dcd5e3192efefe0f28c,108060,1300,956,RGB,test,Potato leaf early blight,,materialized,
5467f6012d78d1c446145d5f582da6096f852ae8,test/Potato leaf early blight/potato-early-blight-alternaria-alternata-lesion-on-a-potato-leaf-a1w1em.jpg,data/raw/plantdoc/test/Potato leaf early blight/potato-early-blight-alternaria-alternata-lesion-on-a-potato-leaf-a1w1em.jpg,b21f34ffc768f1aa57a1922e87c6816b9a5556a06fd89d6d4051d59fe6410db8,b21f34ffc768f1aa57a1922e87c6816b9a5556a06fd89d6d4051d59fe6410db8,90130,589,540,RGB,test,Potato leaf early blight,,materialized,
5467f6012d78d1c446145d5f582da6096f852ae8,test/Potato leaf early blight/potatobd001.jpg,data/raw/plantdoc/test/Potato leaf early blight/potatobd001.jpg,01431bdbb52ca18d4dfb15f10b99d1b3370f0ac00650b0afdad8a00be24e11b3,01431bdbb52ca18d4dfb15f10b99d1b3370f0ac00650b0afdad8a00be24e11b3,12143,230,150,RGB,test,Potato leaf early blight,,materialized,
5467f6012d78d1c446145d5f582da6096f852ae8,test/Potato leaf late blight/1421_0.jpeg?itok=FMtmgePj.jpg,data/raw/plantdoc/test/Potato leaf late blight/1421_0.jpeg?itok=FMtmgePj.jpg,c53ad8d40c38debfbc0b79a87d0f3649c20b933a65f5b78a6931f59d06aad498,c53ad8d40c38debfbc0b79a87d0f3649c20b933a65f5b78a6931f59d06aad498,59758,640,480,RGB,test,Potato leaf late blight,,materialized,
5467f6012d78d1c446145d5f582da6096f852ae8,test/Potato leaf late blight/20090710-lateblight.jpg,data/raw/plantdoc/test/Potato leaf late blight/20090710-lateblight.jpg,2f6afbd158df153a151b3b0e543d24268b902c541520c1c4fb0ee0b34fce0cce,2f6afbd158df153a151b3b0e543d24268b902c541520c1c4fb0ee0b34fce0cce,69917,500,364,RGB,test,Potato leaf late blight,,materialized,
5467f6012d78d1c446145d5f582da6096f852ae8,test/Potato leaf late blight/2540_600.jpg,data/raw/plantdoc/test/Potato leaf late blight/2540_600.jpg,64f8a9c1c9ca88b4f82e655a9c7ac2eb7f5f34ce9916d244cc9fb21c5d5e8407,64f8a9c1c9ca88b4f82e655a9c7ac2eb7f5f34ce9916d244cc9fb21c5d5e8407,29235,400,473,RGB,test,Potato leaf late blight,,materialized,
5467f6012d78d1c446145d5f582da6096f852ae8,test/Potato leaf late blight/5816740026_d42ef24413_Phytophthora-Infestans.jpg,data/raw/plantdoc/test/Potato leaf late blight/5816740026_d42ef24413_Phytophthora-Infestans.jpg,a981ee59e5e1dcafd0d225f74369a05969200352c17743318c31987083ab6f4c,a981ee59e5e1dcafd0d225f74369a05969200352c17743318c31987083ab6f4c,98347,333,500,RGB,test,Potato leaf late blight,,materialized,
5467f6012d78d1c446145d5f582da6096f852ae8,test/Potato leaf late blight/B2750109-Late_blight_on_a_potato_plant-SPL.jpg,data/raw/plantdoc/test/Potato leaf late blight/B2750109-Late_blight_on_a_potato_plant-SPL.jpg,c1bd41ada257040720bf59326a146b777fb1d495cd76a91325e84840ebafa48c,c1bd41ada257040720bf59326a146b777fb1d495cd76a91325e84840ebafa48c,106256,539,800,RGB,test,Potato leaf late blight,,materialized,
5467f6012d78d1c446145d5f582da6096f852ae8,test/Potato leaf late blight/LateBlight04.jpg,data/raw/plantdoc/test/Potato leaf late blight/LateBlight04.jpg,ce65c731160136a6f3c4c90b8de8ce50780ada4fe63a14184afba62c78e047fa,ce65c731160136a6f3c4c90b8de8ce50780ada4fe63a14184afba62c78e047fa,35773,350,233,RGB,test,Potato leaf late blight,,materialized,
5467f6012d78d1c446145d5f582da6096f852ae8,test/Potato leaf late blight/irish-blight-symptoms-on-potato-leaves-atmf8b.jpg,data/raw/plantdoc/test/Potato leaf late blight/irish-blight-symptoms-on-potato-leaves-atmf8b.jpg,9dd93b4217495fbb725cfdded86d3dc5f98955c9616fff5323be1a00df17be8b,9dd93b4217495fbb725cfdded86d3dc5f98955c9616fff5323be1a00df17be8b,56066,640,437,RGB,test,Potato leaf late blight,,materialized,
5467f6012d78d1c446145d5f582da6096f852ae8,test/Potato leaf late blight/potato-late-blight.jpg,data/raw/plantdoc/test/Potato leaf late blight/potato-late-blight.jpg,227457fb9c8f3169fc7fde40362d8dad348e255a0fc4462db1a8fcbae4d12233,227457fb9c8f3169fc7fde40362d8dad348e255a0fc4462db1a8fcbae4d12233,24849,490,390,RGB,test,Potato leaf late blight,,materialized,
5467f6012d78d1c446145d5f582da6096f852ae8,test/Raspberry leaf/Raspberry-leaf.jpg,data/raw/plantdoc/test/Raspberry leaf/Raspberry-leaf.jpg,145fa84daca79846d3703b5c4992a4f24555067750e7ef2a329500f77e72dc3c,145fa84daca79846d3703b5c4992a4f24555067750e7ef2a329500f77e72dc3c,119671,1200,801,RGB,test,Raspberry leaf,,materialized,
5467f6012d78d1c446145d5f582da6096f852ae8,test/Raspberry leaf/depositphotos_1323264-Raspberry-leaf-on-white.jpg,data/raw/plantdoc/test/Raspberry leaf/depositphotos_1323264-Raspberry-leaf-on-white.jpg,1cfceb41b043427b272f96d110dda31beba1ba51d4854573cd82d268cfa3e7ef,1cfceb41b043427b272f96d110dda31beba1ba51d4854573cd82d268cfa3e7ef,123837,1024,772,RGB,test,Raspberry leaf,,materialized,
5467f6012d78d1c446145d5f582da6096f852ae8,test/Raspberry leaf/depositphotos_1323551-stock-photo-raspberry-leaves.jpg,data/raw/plantdoc/test/Raspberry leaf/depositphotos_1323551-stock-photo-raspberry-leaves.jpg,7b7ce0877a26f90c92e21e9821ee8f51d8a3aba15282e7f8f3f0ab676593f023,7b7ce0877a26f90c92e21e9821ee8f51d8a3aba15282e7f8f3f0ab676593f023,107473,985,1024,RGB,test,Raspberry leaf,,materialized,
5467f6012d78d1c446145d5f582da6096f852ae8,test/Raspberry leaf/depositphotos_2795312-stock-photo-green-raspberry-leaf.jpg,data/raw/plantdoc/test/Raspberry leaf/depositphotos_2795312-stock-photo-green-raspberry-leaf.jpg,a8e2b6196a3ccb3f8e0bb83bb8bc3d66d3c7fb3500745c12fde98912e5701c31,a8e2b6196a3ccb3f8e0bb83bb8bc3d66d3c7fb3500745c12fde98912e5701c31,88313,1024,768,RGB,test,Raspberry leaf,,materialized,
5467f6012d78d1c446145d5f582da6096f852ae8,test/Raspberry leaf/iron-deficiency-raspberry-leaf-chlorosis-isolated-32457798.jpg,data/raw/plantdoc/test/Raspberry leaf/iron-deficiency-raspberry-leaf-chlorosis-isolated-32457798.jpg,7bec837ba4b297e24eb52da79bb1227840701f6713e7ef1403be2c847ae5b182,7bec837ba4b297e24eb52da79bb1227840701f6713e7ef1403be2c847ae5b182,170873,1121,1300,RGB,test,Raspberry leaf,,materialized,
5467f6012d78d1c446145d5f582da6096f852ae8,test/Raspberry leaf/leaves-of-raspberry-stock-picture-2529053.jpg,data/raw/plantdoc/test/Raspberry leaf/leaves-of-raspberry-stock-picture-2529053.jpg,bb2c865c8688a236110436a43f8c337c6ac62cfda91668e27d1fdaa8e821fd3a,bb2c865c8688a236110436a43f8c337c6ac62cfda91668e27d1fdaa8e821fd3a,230849,1101,1392,RGB,test,Raspberry leaf,,materialized,
5467f6012d78d1c446145d5f582da6096f852ae8,test/Raspberry leaf/three-raspberry-green-leaves-isolated-white-background-62022932.jpg,data/raw/plantdoc/test/Raspberry leaf/three-raspberry-green-leaves-isolated-white-background-62022932.jpg,01857adfcb9d90567d2a688211ed216f057d5b230bc386ddd020665acb74d2fa,01857adfcb9d90567d2a688211ed216f057d5b230bc386ddd020665acb74d2fa,157711,1190,1300,RGB,test,Raspberry leaf,,materialized,
5467f6012d78d1c446145d5f582da6096f852ae8,test/Soyabean leaf/07feb_ma_sbr3.JPG.jpg,data/raw/plantdoc/test/Soyabean leaf/07feb_ma_sbr3.JPG.jpg,8224271e90dba7b9bad497190ce77adbb394984e90890256f12bf78a785b392f,8224271e90dba7b9bad497190ce77adbb394984e90890256f12bf78a785b392f,102822,1296,864,RGB,test,Soyabean leaf,,materialized,
5467f6012d78d1c446145d5f582da6096f852ae8,test/Soyabean leaf/Soybean%20edamame%20leaf1.JPG.jpg,data/raw/plantdoc/test/Soyabean leaf/Soybean%20edamame%20leaf1.JPG.jpg,80beb9f77638e075ef045dd0235d0b5c6beb7093bb3cb065b655901035cf1a21,80beb9f77638e075ef045dd0235d0b5c6beb7093bb3cb065b655901035cf1a21,1590895,4048,3040,RGB,test,Soyabean leaf,,materialized,
5467f6012d78d1c446145d5f582da6096f852ae8,test/Soyabean leaf/fresh-soy-leaves-isolated-on-260nw-667193923.jpg,data/raw/plantdoc/test/Soyabean leaf/fresh-soy-leaves-isolated-on-260nw-667193923.jpg,75648ab5449cbf6a7551d0620e0b19e6de95c42dbf06c7e14979a0665b35a527,75648ab5449cbf6a7551d0620e0b19e6de95c42dbf06c7e14979a0665b35a527,7892,317,280,RGB,test,Soyabean leaf,,materialized,
5467f6012d78d1c446145d5f582da6096f852ae8,test/Soyabean leaf/leaf-raspberry-isolated-on-a-white-stock-photography-image-10106222-1625198.jpg,data/raw/plantdoc/test/Soyabean leaf/leaf-raspberry-isolated-on-a-white-stock-photography-image-10106222-1625198.jpg,11fb9e1e3000b8a2757c1c1c5b86f2d98383362397ebe9d865b5e32ac8b9ed0f,11fb9e1e3000b8a2757c1c1c5b86f2d98383362397ebe9d865b5e32ac8b9ed0f,157745,1252,1300,RGB,test,Soyabean leaf,,materialized,
5467f6012d78d1c446145d5f582da6096f852ae8,test/Soyabean leaf/resistance1c.jpg,data/raw/plantdoc/test/Soyabean leaf/resistance1c.jpg,cf2b890efa23dc50f8782b78bba353d4c1d9c295b2f0ff233519c8a1d5f56c75,cf2b890efa23dc50f8782b78bba353d4c1d9c295b2f0ff233519c8a1d5f56c75,116261,447,682,RGB,test,Soyabean leaf,,materialized,
5467f6012d78d1c446145d5f582da6096f852ae8,test/Soyabean leaf/stock-photo-fresh-soy-leaves-isolated-on-white-94266130.jpg,data/raw/plantdoc/test/Soyabean leaf/stock-photo-fresh-soy-leaves-isolated-on-white-94266130.jpg,d63b89ea66ff5e235452b7f053fea1fea662137af04fdcf21a5691e2058760a2,d63b89ea66ff5e235452b7f053fea1fea662137af04fdcf21a5691e2058760a2,23449,329,470,RGB,test,Soyabean leaf,,materialized,
5467f6012d78d1c446145d5f582da6096f852ae8,test/Soyabean leaf/stock-photo-fresh-soy-leaves-isolated-on-white-94700095.jpg,data/raw/plantdoc/test/Soyabean leaf/stock-photo-fresh-soy-leaves-isolated-on-white-94700095.jpg,16fcddded95b475317ef2713402c00bf2388d5e02f3e29aa6f775b8403e00d69,16fcddded95b475317ef2713402c00bf2388d5e02f3e29aa6f775b8403e00d69,37766,450,466,RGB,test,Soyabean leaf,,materialized,
5467f6012d78d1c446145d5f582da6096f852ae8,test/Soyabean leaf/stock-photo-soy-leaf-isolated-on-white-background-120961801.jpg,data/raw/plantdoc/test/Soyabean leaf/stock-photo-soy-leaf-isolated-on-white-background-120961801.jpg,f011a2eec5088bbd45ba547f60f718703b562c1ceb5c2732910bc3da18375a1b,f011a2eec5088bbd45ba547f60f718703b562c1ceb5c2732910bc3da18375a1b,530918,1500,1372,RGB,test,Soyabean leaf,,materialized,
5467f6012d78d1c446145d5f582da6096f852ae8,test/Squash Powdery mildew leaf/Powdery-Mildew-on-squash.jpg,data/raw/plantdoc/test/Squash Powdery mildew leaf/Powdery-Mildew-on-squash.jpg,0439b496676027f8849c588c6bc5422196ff322b7e8c5748a09a456c0c0f257d,0439b496676027f8849c588c6bc5422196ff322b7e8c5748a09a456c0c0f257d,101996,800,598,RGB,test,Squash Powdery mildew leaf,,materialized,
5467f6012d78d1c446145d5f582da6096f852ae8,test/Squash Powdery mildew leaf/powdery-mildew-erysiphe-plantani-on-young-sycamore-leaves-b774tm.jpg,data/raw/plantdoc/test/Squash Powdery mildew leaf/powdery-mildew-erysiphe-plantani-on-young-sycamore-leaves-b774tm.jpg,d67d991266f922355cb4e3f9c45ef875cac7767bd3918d3ae324dac37ea2e14b,d67d991266f922355cb4e3f9c45ef875cac7767bd3918d3ae324dac37ea2e14b,98257,516,540,RGB,test,Squash Powdery mildew leaf,,materialized,
5467f6012d78d1c446145d5f582da6096f852ae8,test/Squash Powdery mildew leaf/powdery-mildew-on-pumpkin-leaves-close-up-2.jpg,data/raw/plantdoc/test/Squash Powdery mildew leaf/powdery-mildew-on-pumpkin-leaves-close-up-2.jpg,3be3664ce890bc311ed008a168f435ddcfdfab5e967016aaf8f03374b0447de6,3be3664ce890bc311ed008a168f435ddcfdfab5e967016aaf8f03374b0447de6,103276,576,432,RGB,test,Squash Powdery mildew leaf,,materialized,
5467f6012d78d1c446145d5f582da6096f852ae8,test/Squash Powdery mildew leaf/powdery-mildew-sphaerotheca-fuliginea-infection-on-pumpkin-leaves-ajdkkx.jpg,data/raw/plantdoc/test/Squash Powdery mildew leaf/powdery-mildew-sphaerotheca-fuliginea-infection-on-pumpkin-leaves-ajdkkx.jpg,8376d9a89830912317ce9aeb81cb87707fbb2d727bf0658692e293074a214dd6,8376d9a89830912317ce9aeb81cb87707fbb2d727bf0658692e293074a214dd6,56827,448,320,RGB,test,Squash Powdery mildew leaf,,materialized,
5467f6012d78d1c446145d5f582da6096f852ae8,test/Squash Powdery mildew leaf/squash-leave-w-powd-mild.jpg,data/raw/plantdoc/test/Squash Powdery mildew leaf/squash-leave-w-powd-mild.jpg,1a99306b14c3f304aa673b7f63b2a1b054f8a57a91fdea1ed3cabaf2b70a964f,1a99306b14c3f304aa673b7f63b2a1b054f8a57a91fdea1ed3cabaf2b70a964f,2919517,4000,3000,RGB,test,Squash Powdery mildew leaf,,materialized,
5467f6012d78d1c446145d5f582da6096f852ae8,test/Squash Powdery mildew leaf/surface.jpg,data/raw/plantdoc/test/Squash Powdery mildew leaf/surface.jpg,f10b4168449157a72bdf544c72d8e6cccf316772218e2669a496fb1bd6d0891c,f10b4168449157a72bdf544c72d8e6cccf316772218e2669a496fb1bd6d0891c,47842,432,332,RGB,test,Squash Powdery mildew leaf,,materialized,
5467f6012d78d1c446145d5f582da6096f852ae8,test/Strawberry leaf/strawberry-leaf--stock-photo-1431216.jpg,data/raw/plantdoc/test/Strawberry leaf/strawberry-leaf--stock-photo-1431216.jpg,2b1e04fb0167cda6984a1f168ec887d6898551642686e63935cc533069c0ab9e,2b1e04fb0167cda6984a1f168ec887d6898551642686e63935cc533069c0ab9e,266072,1300,1248,RGB,test,Strawberry leaf,,materialized,
5467f6012d78d1c446145d5f582da6096f852ae8,test/Strawberry leaf/strawberry-leaf-22360816.jpg,data/raw/plantdoc/test/Strawberry leaf/strawberry-leaf-22360816.jpg,cdef75f85823e13c782ab13417945edafd68f2253f13e1f35d7b86116cca3bcc,cdef75f85823e13c782ab13417945edafd68f2253f13e1f35d7b86116cca3bcc,171605,1300,1185,RGB,test,Strawberry leaf,,materialized,
5467f6012d78d1c446145d5f582da6096f852ae8,test/Strawberry leaf/strawberry-leaves-collection-white-background-36684676.jpg,data/raw/plantdoc/test/Strawberry leaf/strawberry-leaves-collection-white-background-36684676.jpg,fd8e2d007ab7d6895f447cb48ae48db10c7bab6d6c18134df241fb6f9f945f23,fd8e2d007ab7d6895f447cb48ae48db10c7bab6d6c18134df241fb6f9f945f23,76062,800,571,RGB,test,Strawberry leaf,,materialized,
5467f6012d78d1c446145d5f582da6096f852ae8,test/Strawberry leaf/strawberry-leaves-isolated-white-17473157.jpg,data/raw/plantdoc/test/Strawberry leaf/strawberry-leaves-isolated-white-17473157.jpg,aea238ab644bf26dfde18e6c62abedcb90ed03af78df7f5dc0751b6fe58dfc42,aea238ab644bf26dfde18e6c62abedcb90ed03af78df7f5dc0751b6fe58dfc42,178753,1274,1300,RGB,test,Strawberry leaf,,materialized,
5467f6012d78d1c446145d5f582da6096f852ae8,test/Strawberry leaf/strawberry-leaves-isolated-white-34722259.jpg,data/raw/plantdoc/test/Strawberry leaf/strawberry-leaves-isolated-white-34722259.jpg,71fe6863521c8342592f98ab3c43ac349dd17263efa11bc528e41010557f2244,71fe6863521c8342592f98ab3c43ac349dd17263efa11bc528e41010557f2244,164539,1300,1390,RGB,test,Strawberry leaf,,materialized,
5467f6012d78d1c446145d5f582da6096f852ae8,test/Strawberry leaf/strawberry-leaves-stock-image-948674.jpg,data/raw/plantdoc/test/Strawberry leaf/strawberry-leaves-stock-image-948674.jpg,55c83b9af55c51d9fe59e6a4d76a46bcc11dbf29cca5425cdd5444c2ee8073ae,55c83b9af55c51d9fe59e6a4d76a46bcc11dbf29cca5425cdd5444c2ee8073ae,223162,1300,1035,RGB,test,Strawberry leaf,,materialized,
5467f6012d78d1c446145d5f582da6096f852ae8,test/Strawberry leaf/strawberry-leaves-stock-picture-948708.jpg,data/raw/plantdoc/test/Strawberry leaf/strawberry-leaves-stock-picture-948708.jpg,3d4dc882286ba25f66c6adb5d8066cdbbf31a377277699c1b35efe652fee93e0,3d4dc882286ba25f66c6adb5d8066cdbbf31a377277699c1b35efe652fee93e0,159264,1300,1035,RGB,test,Strawberry leaf,,materialized,
5467f6012d78d1c446145d5f582da6096f852ae8,test/Strawberry leaf/wild-strawberry-leaf-top-view-rotated-KTBXCY.jpg,data/raw/plantdoc/test/Strawberry leaf/wild-strawberry-leaf-top-view-rotated-KTBXCY.jpg,f9143045c9180ab7ae754421d4f5400971995ae7c92a81cabbedb8f4cbfd7366,f9143045c9180ab7ae754421d4f5400971995ae7c92a81cabbedb8f4cbfd7366,137542,1300,1145,RGB,test,Strawberry leaf,,materialized,
5467f6012d78d1c446145d5f582da6096f852ae8,test/Tomato Early blight leaf/039b47d574bc4bb8a14259a1cd96a741.jpg,data/raw/plantdoc/test/Tomato Early blight leaf/039b47d574bc4bb8a14259a1cd96a741.jpg,7d9c5c6947554d5fc6e98df5fbc1beb6363255128bd56446960e29a73242c02e,7d9c5c6947554d5fc6e98df5fbc1beb6363255128bd56446960e29a73242c02e,37998,638,479,RGB,test,Tomato Early blight leaf,,materialized,
5467f6012d78d1c446145d5f582da6096f852ae8,test/Tomato Early blight leaf/100983448.jpg,data/raw/plantdoc/test/Tomato Early blight leaf/100983448.jpg,98d52f733e1e23c5f5059f3ce57c762a1e0fc26028abf8750105d0250c29f670,98d52f733e1e23c5f5059f3ce57c762a1e0fc26028abf8750105d0250c29f670,33832,448,448,RGB,test,Tomato Early blight leaf,,materialized,
5467f6012d78d1c446145d5f582da6096f852ae8,test/Tomato Early blight leaf/1234080-Early-Blight.jpg,data/raw/plantdoc/test/Tomato Early blight leaf/1234080-Early-Blight.jpg,236d96cdae7b29039c3d93147f447394c78a077fec42ce5aadbd0506a0aca0cb,236d96cdae7b29039c3d93147f447394c78a077fec42ce5aadbd0506a0aca0cb,480134,768,768,RGB,test,Tomato Early blight leaf,,materialized,
5467f6012d78d1c446145d5f582da6096f852ae8,test/Tomato Early blight leaf/Shoemaker_7068.JPG.jpg,data/raw/plantdoc/test/Tomato Early blight leaf/Shoemaker_7068.JPG.jpg,7885910ac8d584a706d6448390c24f77e4e36ada4a75ae58b354a5642d0448b4,7885910ac8d584a706d6448390c24f77e4e36ada4a75ae58b354a5642d0448b4,50718,600,450,RGB,test,Tomato Early blight leaf,,materialized,
5467f6012d78d1c446145d5f582da6096f852ae8,test/Tomato Early blight leaf/bugs-and-blight-061.jpg,data/raw/plantdoc/test/Tomato Early blight leaf/bugs-and-blight-061.jpg,55570c32bf51ea713ee2dc293078ce3008986ad281a8cce626fbb264e0b44679,55570c32bf51ea713ee2dc293078ce3008986ad281a8cce626fbb264e0b44679,1434983,2576,1932,RGB,test,Tomato Early blight leaf,,materialized,
5467f6012d78d1c446145d5f582da6096f852ae8,test/Tomato Early blight leaf/dscn3175.jpg,data/raw/plantdoc/test/Tomato Early blight leaf/dscn3175.jpg,375244fd47978c73c1c7da2afb50df359e8b496cb20500f09ed02fa984e3ad62,375244fd47978c73c1c7da2afb50df359e8b496cb20500f09ed02fa984e3ad62,614450,2592,1944,RGB,test,Tomato Early blight leaf,,materialized,
5467f6012d78d1c446145d5f582da6096f852ae8,test/Tomato Early blight leaf/early_blight1-150x150.jpg,data/raw/plantdoc/test/Tomato Early blight leaf/early_blight1-150x150.jpg,9650bd867d436b35710a6c8e5142baf3744910eee250372efe547f23d514980a,9650bd867d436b35710a6c8e5142baf3744910eee250372efe547f23d514980a,8704,150,150,RGB,test,Tomato Early blight leaf,,materialized,
5467f6012d78d1c446145d5f582da6096f852ae8,test/Tomato Early blight leaf/earlyblight21_.jpg,data/raw/plantdoc/test/Tomato Early blight leaf/earlyblight21_.jpg,33051105a7999fd6346911a9de67485f5678af4af738076308b1edafada1bfe7,33051105a7999fd6346911a9de67485f5678af4af738076308b1edafada1bfe7,690712,1704,2272,RGB,test,Tomato Early blight leaf,,materialized,
5467f6012d78d1c446145d5f582da6096f852ae8,test/Tomato Early blight leaf/tomato_early-blight_01_zoom.jpg,data/raw/plantdoc/test/Tomato Early blight leaf/tomato_early-blight_01_zoom.jpg,7571d72639461cc8de512dd2087c63cc1877322ae1954f7b4521756789c362c9,7571d72639461cc8de512dd2087c63cc1877322ae1954f7b4521756789c362c9,31316,257,378,RGB,test,Tomato Early blight leaf,,materialized,
5467f6012d78d1c446145d5f582da6096f852ae8,test/Tomato Septoria leaf spot/0.jpg,data/raw/plantdoc/test/Tomato Septoria leaf spot/0.jpg,c7e82b8ce320acec30c35a89e73490618e425c76d3c80d2d88a3053d39e9709e,c7e82b8ce320acec30c35a89e73490618e425c76d3c80d2d88a3053d39e9709e,20364,480,360,RGB,test,Tomato Septoria leaf spot,,materialized,
5467f6012d78d1c446145d5f582da6096f852ae8,test/Tomato Septoria leaf spot/2STEM.jpg,data/raw/plantdoc/test/Tomato Septoria leaf spot/2STEM.jpg,a8844aed418d61e8db0e2ef68c9da1ede9c0e3800e0756b6fbf02e0247ad1b7c,a8844aed418d61e8db0e2ef68c9da1ede9c0e3800e0756b6fbf02e0247ad1b7c,200887,367,640,RGB,test,Tomato Septoria leaf spot,,materialized,
5467f6012d78d1c446145d5f582da6096f852ae8,test/Tomato Septoria leaf spot/2septoria-tomato.jpg,data/raw/plantdoc/test/Tomato Septoria leaf spot/2septoria-tomato.jpg,b3404b141d9bda7cea19fa8dff6cef38da2a6e3f0a38fb6778713118578c13fc,b3404b141d9bda7cea19fa8dff6cef38da2a6e3f0a38fb6778713118578c13fc,34536,430,290,RGB,test,Tomato Septoria leaf spot,,materialized,
5467f6012d78d1c446145d5f582da6096f852ae8,test/Tomato Septoria leaf spot/55830b60a7cf2.image.jpg,data/raw/plantdoc/test/Tomato Septoria leaf spot/55830b60a7cf2.image.jpg,9dbcc935858b4fcc4b4f6c895c48045735b1f577959e995f2941bf761e42390a,9dbcc935858b4fcc4b4f6c895c48045735b1f577959e995f2941bf761e42390a,279542,1173,1766,RGB,test,Tomato Septoria leaf spot,,materialized,
5467f6012d78d1c446145d5f582da6096f852ae8,test/Tomato Septoria leaf spot/6134794031202304.jpeg.jpg,data/raw/plantdoc/test/Tomato Septoria leaf spot/6134794031202304.jpeg.jpg,5fc6710f54773260cd3d3f1444e1a3aa29a9b55c64065ab8eb12851bd4b9b9c5,5fc6710f54773260cd3d3f1444e1a3aa29a9b55c64065ab8eb12851bd4b9b9c5,163932,600,800,RGB,test,Tomato Septoria leaf spot,,materialized,
5467f6012d78d1c446145d5f582da6096f852ae8,test/Tomato Septoria leaf spot/636227737977191231-septoria-leaf-spot-VT.jpg,data/raw/plantdoc/test/Tomato Septoria leaf spot/636227737977191231-septoria-leaf-spot-VT.jpg,519210b5c98e67f1ec0a0705b12ed0b28625e2e514b472c86d8d3d1ba7256365,519210b5c98e67f1ec0a0705b12ed0b28625e2e514b472c86d8d3d1ba7256365,49149,534,401,RGB,test,Tomato Septoria leaf spot,,materialized,
5467f6012d78d1c446145d5f582da6096f852ae8,test/Tomato Septoria leaf spot/6447731_orig.jpg,data/raw/plantdoc/test/Tomato Septoria leaf spot/6447731_orig.jpg,2d87a16ce8325e687e246afc29a9b6468cddc7841d113ac7d4948b0fefee6197,2d87a16ce8325e687e246afc29a9b6468cddc7841d113ac7d4948b0fefee6197,39540,500,332,RGB,test,Tomato Septoria leaf spot,,materialized,
5467f6012d78d1c446145d5f582da6096f852ae8,test/Tomato Septoria leaf spot/7-17-Photo3_Septoria-MARY.jpg,data/raw/plantdoc/test/Tomato Septoria leaf spot/7-17-Photo3_Septoria-MARY.jpg,c80add2c370abf75ee50396e7dec72b686732c7474df5bbba02343ae504751c9,c80add2c370abf75ee50396e7dec72b686732c7474df5bbba02343ae504751c9,58149,450,359,RGB,test,Tomato Septoria leaf spot,,materialized,
5467f6012d78d1c446145d5f582da6096f852ae8,test/Tomato Septoria leaf spot/RARZ4.jpg,data/raw/plantdoc/test/Tomato Septoria leaf spot/RARZ4.jpg,2005cb2706dc299ac16e5be8b42e705da41d4aae2d6fe17f24e87466a6a856fa,2005cb2706dc299ac16e5be8b42e705da41d4aae2d6fe17f24e87466a6a856fa,651323,6000,4000,RGB,test,Tomato Septoria leaf spot,,materialized,
5467f6012d78d1c446145d5f582da6096f852ae8,test/Tomato Septoria leaf spot/early-blight-septoria-ls-fig-3.jpg,data/raw/plantdoc/test/Tomato Septoria leaf spot/early-blight-septoria-ls-fig-3.jpg,93c989d8551209bf34d4002ee9fae48ddbf6ab66fc3c27466c0473bcc7c0a2b7,93c989d8551209bf34d4002ee9fae48ddbf6ab66fc3c27466c0473bcc7c0a2b7,1178259,1500,1125,RGB,test,Tomato Septoria leaf spot,,materialized,
5467f6012d78d1c446145d5f582da6096f852ae8,test/Tomato Septoria leaf spot/sept4disease-019.jpg,data/raw/plantdoc/test/Tomato Septoria leaf spot/sept4disease-019.jpg,3398df03c7b73de34b61da8df99de69a7f2448b800356be6809fa9edddc6abce,3398df03c7b73de34b61da8df99de69a7f2448b800356be6809fa9edddc6abce,694339,1903,1444,RGB,test,Tomato Septoria leaf spot,,materialized,
5467f6012d78d1c446145d5f582da6096f852ae8,test/Tomato leaf bacterial spot/%2320+Bacterial+Spot+and+Speck.jpg,data/raw/plantdoc/test/Tomato leaf bacterial spot/%2320+Bacterial+Spot+and+Speck.jpg,b609929106ab0044de24717ceb091163e7630ec3460ec18c6d9c7bf2b996121c,b609929106ab0044de24717ceb091163e7630ec3460ec18c6d9c7bf2b996121c,101734,960,720,RGB,test,Tomato leaf bacterial spot,,materialized,
5467f6012d78d1c446145d5f582da6096f852ae8,test/Tomato leaf bacterial spot/07.17.18-Common_Tomato_Diseases_Canker-258x300.jpg,data/raw/plantdoc/test/Tomato leaf bacterial spot/07.17.18-Common_Tomato_Diseases_Canker-258x300.jpg,d9e9aa3d8e0e58d5875c4b9bb17b19327a5b004e91e20942d7a528a8c52f4eeb,d9e9aa3d8e0e58d5875c4b9bb17b19327a5b004e91e20942d7a528a8c52f4eeb,117880,258,300,RGB,test,Tomato leaf bacterial spot,,materialized,
5467f6012d78d1c446145d5f582da6096f852ae8,test/Tomato leaf bacterial spot/Bacterial_spots563.jpg,data/raw/plantdoc/test/Tomato leaf bacterial spot/Bacterial_spots563.jpg,f8a309c930537862201f172a32c48db8558e0f3e119757ec85a5dc22d9e96e7f,f8a309c930537862201f172a32c48db8558e0f3e119757ec85a5dc22d9e96e7f,59098,800,600,RGB,test,Tomato leaf bacterial spot,,materialized,
5467f6012d78d1c446145d5f582da6096f852ae8,test/Tomato leaf bacterial spot/Tom_Bact3.jpg,data/raw/plantdoc/test/Tomato leaf bacterial spot/Tom_Bact3.jpg,abe1259ccd33542f7cd9c14ecef8a995b601272c0808b52daade7f153fdc5b66,abe1259ccd33542f7cd9c14ecef8a995b601272c0808b52daade7f153fdc5b66,14838,400,230,RGB,test,Tomato leaf bacterial spot,,materialized,
5467f6012d78d1c446145d5f582da6096f852ae8,test/Tomato leaf bacterial spot/Tom_Bact7.jpg,data/raw/plantdoc/test/Tomato leaf bacterial spot/Tom_Bact7.jpg,07d8f5a4a18746daf367d85b9254364ace2824ce5c31dfacefb0d00b89d99ac8,07d8f5a4a18746daf367d85b9254364ace2824ce5c31dfacefb0d00b89d99ac8,29211,400,268,RGB,test,Tomato leaf bacterial spot,,materialized,
5467f6012d78d1c446145d5f582da6096f852ae8,test/Tomato leaf bacterial spot/Tomato%2BBacterial%2BSpot%2Bon%2BLeaves.jpg,data/raw/plantdoc/test/Tomato leaf bacterial spot/Tomato%2BBacterial%2BSpot%2Bon%2BLeaves.jpg,98d1b4229761f914476b63c2b7c70a4bd5a23681bf9b4622b642c3dc09cac8ce,98d1b4229761f914476b63c2b7c70a4bd5a23681bf9b4622b642c3dc09cac8ce,45487,500,263,RGB,test,Tomato leaf bacterial spot,,materialized,
5467f6012d78d1c446145d5f582da6096f852ae8,test/Tomato leaf bacterial spot/bact-spot-fig-1.jpg,data/raw/plantdoc/test/Tomato leaf bacterial spot/bact-spot-fig-1.jpg,04de396dcc709310361f017f4b290e8994ba258685a0725607169e2c16bb5877,04de396dcc709310361f017f4b290e8994ba258685a0725607169e2c16bb5877,205339,1226,817,RGB,test,Tomato leaf bacterial spot,,materialized,
5467f6012d78d1c446145d5f582da6096f852ae8,test/Tomato leaf bacterial spot/tomato_V8.jpg,data/raw/plantdoc/test/Tomato leaf bacterial spot/tomato_V8.jpg,e23a29c94b58aac28e92f57f95eb6f53e99c874323cb2b90ebd327085721574e,e23a29c94b58aac28e92f57f95eb6f53e99c874323cb2b90ebd327085721574e,14032,350,260,RGB,test,Tomato leaf bacterial spot,,materialized,
5467f6012d78d1c446145d5f582da6096f852ae8,test/Tomato leaf bacterial spot/tomato_bacterial-speck_01_zoom.jpg,data/raw/plantdoc/test/Tomato leaf bacterial spot/tomato_bacterial-speck_01_zoom.jpg,18ce26ad83522efb7d2721582f0bd6f2a7d047f313e969442af25da038f6a2ec,18ce26ad83522efb7d2721582f0bd6f2a7d047f313e969442af25da038f6a2ec,127207,900,675,RGB,test,Tomato leaf bacterial spot,,materialized,
5467f6012d78d1c446145d5f582da6096f852ae8,test/Tomato leaf late blight/110822-206-Tomato-blight.jpg,data/raw/plantdoc/test/Tomato leaf late blight/110822-206-Tomato-blight.jpg,fd87cea75ee543ab40c76fb94cbc40e42d1c848e5f5dd7756e56f44d0367c734,fd87cea75ee543ab40c76fb94cbc40e42d1c848e5f5dd7756e56f44d0367c734,169278,750,499,RGB,test,Tomato leaf late blight,,materialized,
5467f6012d78d1c446145d5f582da6096f852ae8,test/Tomato leaf late blight/18c.jpg,data/raw/plantdoc/test/Tomato leaf late blight/18c.jpg,1a33cccc63bbb630a1c07cc04a1caa2ee0bbfb8f855529328076b3e725950afc,1a33cccc63bbb630a1c07cc04a1caa2ee0bbfb8f855529328076b3e725950afc,22562,350,255,RGB,test,Tomato leaf late blight,,materialized,
5467f6012d78d1c446145d5f582da6096f852ae8,test/Tomato leaf late blight/636368370164094909-late-blight-15-.jpg,data/raw/plantdoc/test/Tomato leaf late blight/636368370164094909-late-blight-15-.jpg,d306bef21e5a4d9ddd57401a7b047a74a260f92096f443c786986cebf0402159,d306bef21e5a4d9ddd57401a7b047a74a260f92096f443c786986cebf0402159,34334,540,405,RGB,test,Tomato leaf late blight,,materialized,
5467f6012d78d1c446145d5f582da6096f852ae8,test/Tomato leaf late blight/70.jpg,data/raw/plantdoc/test/Tomato leaf late blight/70.jpg,26eb8199defc993cacb48533b22628d8eb5cfd092b5dbc10b8d9db509aad848a,26eb8199defc993cacb48533b22628d8eb5cfd092b5dbc10b8d9db509aad848a,34575,490,492,RGB,test,Tomato leaf late blight,,materialized,
5467f6012d78d1c446145d5f582da6096f852ae8,test/Tomato leaf late blight/E%29Tomato-late-blight-foliar.jpg,data/raw/plantdoc/test/Tomato leaf late blight/E%29Tomato-late-blight-foliar.jpg,1146802ff74c97a511dedcb6bf204d3029e13734bb2d0fcc9a44bce50d2311f2,1146802ff74c97a511dedcb6bf204d3029e13734bb2d0fcc9a44bce50d2311f2,17319,400,300,RGB,test,Tomato leaf late blight,,materialized,
5467f6012d78d1c446145d5f582da6096f852ae8,test/Tomato leaf late blight/IMG_5808.jpg,data/raw/plantdoc/test/Tomato leaf late blight/IMG_5808.jpg,f77f5a7245b8a2ff0e3640693e679ac52b036ab639bbfef405d7de4ed4768536,f77f5a7245b8a2ff0e3640693e679ac52b036ab639bbfef405d7de4ed4768536,1960797,4000,3000,RGB,test,Tomato leaf late blight,,materialized,
5467f6012d78d1c446145d5f582da6096f852ae8,test/Tomato leaf late blight/LateBlt09_06.jpg,data/raw/plantdoc/test/Tomato leaf late blight/LateBlt09_06.jpg,69526a0f4413d8f8e786650a8264e460496e41e0a794747b8358c7d4074dfee6,69526a0f4413d8f8e786650a8264e460496e41e0a794747b8358c7d4074dfee6,15801,400,268,RGB,test,Tomato leaf late blight,,materialized,
5467f6012d78d1c446145d5f582da6096f852ae8,test/Tomato leaf late blight/dsc_8148cs.jpg,data/raw/plantdoc/test/Tomato leaf late blight/dsc_8148cs.jpg,0024d2b0e3bd578375ffb676d5c5a20c3f6d82d335f8758a215a539ac3a27ff6,0024d2b0e3bd578375ffb676d5c5a20c3f6d82d335f8758a215a539ac3a27ff6,805641,1299,1267,RGB,test,Tomato leaf late blight,,materialized,
5467f6012d78d1c446145d5f582da6096f852ae8,test/Tomato leaf late blight/image.jpg,data/raw/plantdoc/test/Tomato leaf late blight/image.jpg,85f650d777a583a5a3f528fa7c356d8b673bc8c76f635cbf9dfdae773ea446a8,85f650d777a583a5a3f528fa7c356d8b673bc8c76f635cbf9dfdae773ea446a8,93863,490,490,RGB,test,Tomato leaf late blight,,materialized,
5467f6012d78d1c446145d5f582da6096f852ae8,test/Tomato leaf late blight/late_blight_tomato_leaf_spore1x1200.jpg,data/raw/plantdoc/test/Tomato leaf late blight/late_blight_tomato_leaf_spore1x1200.jpg,3d2fdce4dd866c8db1a76996e0115dec623b25cfa90a98e8259d6fabc038b3d2,3d2fdce4dd866c8db1a76996e0115dec623b25cfa90a98e8259d6fabc038b3d2,317530,1200,914,RGB,test,Tomato leaf late blight,,materialized,
5467f6012d78d1c446145d5f582da6096f852ae8,test/Tomato leaf mosaic virus/9511.img.jpg,data/raw/plantdoc/test/Tomato leaf mosaic virus/9511.img.jpg,114ad00502e682078ccbed196422c3092e017a3d11078ebd439f9825a57e1fa2,114ad00502e682078ccbed196422c3092e017a3d11078ebd439f9825a57e1fa2,49474,540,400,RGB,test,Tomato leaf mosaic virus,,materialized,
5467f6012d78d1c446145d5f582da6096f852ae8,test/Tomato leaf mosaic virus/D%29AlfMov.jpg,data/raw/plantdoc/test/Tomato leaf mosaic virus/D%29AlfMov.jpg,1dd06a9e3bd48713bb445a8588d8c38dec7643435e5c8b0652f584ac4eff64c1,1dd06a9e3bd48713bb445a8588d8c38dec7643435e5c8b0652f584ac4eff64c1,15592,400,317,RGB,test,Tomato leaf mosaic virus,,materialized,
5467f6012d78d1c446145d5f582da6096f852ae8,test/Tomato leaf mosaic virus/Tomato-Mosaic-1wdr2jx-300x225.jpg,data/raw/plantdoc/test/Tomato leaf mosaic virus/Tomato-Mosaic-1wdr2jx-300x225.jpg,4e1e9dd3e151f41b1a610024c4ca401a7c052f970723faf8b137edce24102e41,4e1e9dd3e151f41b1a610024c4ca401a7c052f970723faf8b137edce24102e41,5281,130,69,RGB,test,Tomato leaf mosaic virus,,materialized,
5467f6012d78d1c446145d5f582da6096f852ae8,test/Tomato leaf mosaic virus/everystockphoto-21099455-l.jpg,data/raw/plantdoc/test/Tomato leaf mosaic virus/everystockphoto-21099455-l.jpg,3be8d7001035234d99b56906f4b1d0d0037b22b785396889d3b9ce6eaa7d15cc,3be8d7001035234d99b56906f4b1d0d0037b22b785396889d3b9ce6eaa7d15cc,139743,500,375,RGB,test,Tomato leaf mosaic virus,,materialized,
5467f6012d78d1c446145d5f582da6096f852ae8,test/Tomato leaf mosaic virus/ill-tomato-of-tomato-mosaic-virus-DBE17N.jpg,data/raw/plantdoc/test/Tomato leaf mosaic virus/ill-tomato-of-tomato-mosaic-virus-DBE17N.jpg,fd47dc830e0dbbd0120d2a6777741dabbd9b4f6f296e31bc063b40568310250d,fd47dc830e0dbbd0120d2a6777741dabbd9b4f6f296e31bc063b40568310250d,164161,1300,956,RGB,test,Tomato leaf mosaic virus,,materialized,
5467f6012d78d1c446145d5f582da6096f852ae8,test/Tomato leaf mosaic virus/page_2.jpg,data/raw/plantdoc/test/Tomato leaf mosaic virus/page_2.jpg,995ada04ba135f89218ddc3f17617e59411b63ae5167c25ded94284aeda9d7e8,995ada04ba135f89218ddc3f17617e59411b63ae5167c25ded94284aeda9d7e8,118205,960,774,RGB,test,Tomato leaf mosaic virus,,materialized,
5467f6012d78d1c446145d5f582da6096f852ae8,test/Tomato leaf mosaic virus/tmv-tomato-34.jpg,data/raw/plantdoc/test/Tomato leaf mosaic virus/tmv-tomato-34.jpg,d4ced16a63bfb55865541775dfa1311bc76c6714659af4443d9154297bf41ff0,d4ced16a63bfb55865541775dfa1311bc76c6714659af4443d9154297bf41ff0,2291117,3648,2736,RGB,test,Tomato leaf mosaic virus,,materialized,
5467f6012d78d1c446145d5f582da6096f852ae8,test/Tomato leaf mosaic virus/tmv-tomato-9.jpg,data/raw/plantdoc/test/Tomato leaf mosaic virus/tmv-tomato-9.jpg,c5d7e06ccd83c8b15a0102d343fb9bfecfb36c4cf83acfdf92c2b88c18899f5f,c5d7e06ccd83c8b15a0102d343fb9bfecfb36c4cf83acfdf92c2b88c18899f5f,2099909,3648,2736,RGB,test,Tomato leaf mosaic virus,,materialized,
5467f6012d78d1c446145d5f582da6096f852ae8,test/Tomato leaf mosaic virus/toma_TMV.jpg,data/raw/plantdoc/test/Tomato leaf mosaic virus/toma_TMV.jpg,6314256efc354bde93065b70bd0044361644e866604b12ecd1cb762307405428,6314256efc354bde93065b70bd0044361644e866604b12ecd1cb762307405428,133789,907,605,RGB,test,Tomato leaf mosaic virus,,materialized,
5467f6012d78d1c446145d5f582da6096f852ae8,test/Tomato leaf mosaic virus/tomato_virus_04_zoom.jpg,data/raw/plantdoc/test/Tomato leaf mosaic virus/tomato_virus_04_zoom.jpg,300516de60912443a4b013d2588e35bcbab6705561e04ba421eec3a7070f2148,300516de60912443a4b013d2588e35bcbab6705561e04ba421eec3a7070f2148,118971,900,675,RGB,test,Tomato leaf mosaic virus,,materialized,
5467f6012d78d1c446145d5f582da6096f852ae8,test/Tomato leaf yellow virus/11-40580_5.jpg,data/raw/plantdoc/test/Tomato leaf yellow virus/11-40580_5.jpg,1f62f0f3eabfd7d955f212d852f4143e8f0bb49077e9350f641696749f595d01,1f62f0f3eabfd7d955f212d852f4143e8f0bb49077e9350f641696749f595d01,112996,400,200,RGB,test,Tomato leaf yellow virus,,materialized,
5467f6012d78d1c446145d5f582da6096f852ae8,test/Tomato leaf yellow virus/17fc47.jpg,data/raw/plantdoc/test/Tomato leaf yellow virus/17fc47.jpg,e75892c6833fde9fddcf03d8d0529863c2827c91f971ac18b92d8dc2546a769d,e75892c6833fde9fddcf03d8d0529863c2827c91f971ac18b92d8dc2546a769d,228890,768,1024,RGB,test,Tomato leaf yellow virus,,materialized,
5467f6012d78d1c446145d5f582da6096f852ae8,test/Tomato leaf yellow virus/8226402877_9abf151b5b_b.jpg,data/raw/plantdoc/test/Tomato leaf yellow virus/8226402877_9abf151b5b_b.jpg,3f9a9d33fdcdd8e091a878416ddf9360148a7c9b7a28293339c83402b480b1e0,3f9a9d33fdcdd8e091a878416ddf9360148a7c9b7a28293339c83402b480b1e0,229422,1024,683,RGB,test,Tomato leaf yellow virus,,materialized,
5467f6012d78d1c446145d5f582da6096f852ae8,test/Tomato leaf yellow virus/fwa2013313115151.jpg,data/raw/plantdoc/test/Tomato leaf yellow virus/fwa2013313115151.jpg,9ac4376dfcbf51d037888a2183aa8984cf60ec0227fe82dcdd7b49275df6d38a,9ac4376dfcbf51d037888a2183aa8984cf60ec0227fe82dcdd7b49275df6d38a,19674,320,240,RGB,test,Tomato leaf yellow virus,,materialized,
5467f6012d78d1c446145d5f582da6096f852ae8,test/Tomato leaf yellow virus/glyphosate.jpg,data/raw/plantdoc/test/Tomato leaf yellow virus/glyphosate.jpg,fa18a5b4f6d307b52db63d16e7fa0cdcda2804c4316631273df9470819dac16f,fa18a5b4f6d307b52db63d16e7fa0cdcda2804c4316631273df9470819dac16f,46532,788,362,RGB,test,Tomato leaf yellow virus,,materialized,
5467f6012d78d1c446145d5f582da6096f852ae8,test/Tomato leaf yellow virus/tylcv-seminar-1-638.jpg,data/raw/plantdoc/test/Tomato leaf yellow virus/tylcv-seminar-1-638.jpg,3c52144e19e95cc3d4170407eaf729d0981b934615eaa183f7f5aa29d8ef265a,3c52144e19e95cc3d4170407eaf729d0981b934615eaa183f7f5aa29d8ef265a,69933,638,479,RGB,test,Tomato leaf yellow virus,,materialized,
5467f6012d78d1c446145d5f582da6096f852ae8,test/Tomato leaf/1684.jpg,data/raw/plantdoc/test/Tomato leaf/1684.jpg,bc0ec6abdabe070a8e98749360809fc8cca196e21661f93a038d75b45e13b18d,bc0ec6abdabe070a8e98749360809fc8cca196e21661f93a038d75b45e13b18d,34789,563,631,RGB,test,Tomato leaf,,materialized,
5467f6012d78d1c446145d5f582da6096f852ae8,test/Tomato leaf/2013-08-20-06.jpg,data/raw/plantdoc/test/Tomato leaf/2013-08-20-06.jpg,f462b769606f79703c44a2c595f57269924bb41ea335b94cbff099bc5c2525a2,f462b769606f79703c44a2c595f57269924bb41ea335b94cbff099bc5c2525a2,250402,1600,1200,RGB,test,Tomato leaf,,materialized,
5467f6012d78d1c446145d5f582da6096f852ae8,test/Tomato leaf/90e2c0.jpg,data/raw/plantdoc/test/Tomato leaf/90e2c0.jpg,e990d6c955434857b52b7904fdcc48893ff0b0cebcbc839db143bc301ec7b191,e990d6c955434857b52b7904fdcc48893ff0b0cebcbc839db143bc301ec7b191,152951,1000,1333,RGB,test,Tomato leaf,,materialized,
5467f6012d78d1c446145d5f582da6096f852ae8,test/Tomato leaf/DSCN1015.JPG.jpg,data/raw/plantdoc/test/Tomato leaf/DSCN1015.JPG.jpg,66e581feb1714e0cfd3e2afdc8f90dcf0394b897886233aa515b7dea1390da1a,66e581feb1714e0cfd3e2afdc8f90dcf0394b897886233aa515b7dea1390da1a,329457,1600,1200,RGB,test,Tomato leaf,,materialized,
5467f6012d78d1c446145d5f582da6096f852ae8,test/Tomato leaf/IMG_1246.jpg,data/raw/plantdoc/test/Tomato leaf/IMG_1246.jpg,d119deb0673b049551857318a686c6ecab5c2aa2607fc349ac25424d4ce636c2,d119deb0673b049551857318a686c6ecab5c2aa2607fc349ac25424d4ce636c2,527789,1600,1200,RGB,test,Tomato leaf,,materialized,
5467f6012d78d1c446145d5f582da6096f852ae8,test/Tomato leaf/Tomato59.JPG.jpg,data/raw/plantdoc/test/Tomato leaf/Tomato59.JPG.jpg,36d4cf67739d3d7b079eed20331535674781886f75abbf7f010999a45b00980f,36d4cf67739d3d7b079eed20331535674781886f75abbf7f010999a45b00980f,293562,1600,1205,RGB,test,Tomato leaf,,materialized,
5467f6012d78d1c446145d5f582da6096f852ae8,test/Tomato leaf/Tomato_leaf.jpg,data/raw/plantdoc/test/Tomato leaf/Tomato_leaf.jpg,9cffe92d5f898fa2bb96e78f63ef46059b710a0f2d97054f1e534a5619778b13,9cffe92d5f898fa2bb96e78f63ef46059b710a0f2d97054f1e534a5619778b13,1708931,2144,2143,RGB,test,Tomato leaf,,materialized,
5467f6012d78d1c446145d5f582da6096f852ae8,test/Tomato leaf/main-qimg-d9c2a93f60568485c989670d9bbf703b.jpg,data/raw/plantdoc/test/Tomato leaf/main-qimg-d9c2a93f60568485c989670d9bbf703b.jpg,66d8d18b9bf9c8d83efd3a0cf09c53fbbd575795a518b57a66bc338c11c07069,66d8d18b9bf9c8d83efd3a0cf09c53fbbd575795a518b57a66bc338c11c07069,70973,602,462,RGB,test,Tomato leaf,,materialized,
5467f6012d78d1c446145d5f582da6096f852ae8,test/Tomato mold leaf/49%20Leafmold%20Bottom.jpg,data/raw/plantdoc/test/Tomato mold leaf/49%20Leafmold%20Bottom.jpg,3c831e06fae662ff4a0351be082f516545b537c4df5fad003eeb1c623fd160d1,3c831e06fae662ff4a0351be082f516545b537c4df5fad003eeb1c623fd160d1,15861,252,137,RGB,test,Tomato mold leaf,,materialized,
5467f6012d78d1c446145d5f582da6096f852ae8,test/Tomato mold leaf/50%20Leafmold%20Top.jpg,data/raw/plantdoc/test/Tomato mold leaf/50%20Leafmold%20Top.jpg,038898eee33130b1e02ecee95413923d4c51b9f81bd0277c29381a479bf53f2c,038898eee33130b1e02ecee95413923d4c51b9f81bd0277c29381a479bf53f2c,15242,252,162,RGB,test,Tomato mold leaf,,materialized,
5467f6012d78d1c446145d5f582da6096f852ae8,test/Tomato mold leaf/BIGSD.jpg,data/raw/plantdoc/test/Tomato mold leaf/BIGSD.jpg,4d61613d92bdb576e294d12be4e4c8a78fd92c683eed9cdaf8f43b2eaa9bdad5,4d61613d92bdb576e294d12be4e4c8a78fd92c683eed9cdaf8f43b2eaa9bdad5,24071,450,253,RGB,test,Tomato mold leaf,,materialized,
5467f6012d78d1c446145d5f582da6096f852ae8,test/Tomato mold leaf/black_leaf_mold_in_zina_tina.jpg,data/raw/plantdoc/test/Tomato mold leaf/black_leaf_mold_in_zina_tina.jpg,555167747a5a251e3df7053d441bedf96d9707027d572d606313bf4f71483ef5,555167747a5a251e3df7053d441bedf96d9707027d572d606313bf4f71483ef5,65940,900,675,RGB,test,Tomato mold leaf,,materialized,
5467f6012d78d1c446145d5f582da6096f852ae8,test/Tomato mold leaf/dscn6689.jpg,data/raw/plantdoc/test/Tomato mold leaf/dscn6689.jpg,e64cf32592c83208ed72d4e5ccee2f3bbfe5aec8f108d3f3db9a43cce7ea95fb,e64cf32592c83208ed72d4e5ccee2f3bbfe5aec8f108d3f3db9a43cce7ea95fb,168383,1024,768,RGB,test,Tomato mold leaf,,materialized,
5467f6012d78d1c446145d5f582da6096f852ae8,test/Tomato mold leaf/fungus-univ-of-minnesoeta.jpg,data/raw/plantdoc/test/Tomato mold leaf/fungus-univ-of-minnesoeta.jpg,bfdd82a0f88aab850f5f214c7104d42d4266c11400b47285563b18693b4aa9f8,bfdd82a0f88aab850f5f214c7104d42d4266c11400b47285563b18693b4aa9f8,110134,800,600,RGB,test,Tomato mold leaf,,materialized,
5467f6012d78d1c446145d5f582da6096f852ae8,test/grape leaf black rot/03gb.jpg,data/raw/plantdoc/test/grape leaf black rot/03gb.jpg,e8468522aba52f73e8e919658fa833130602633a98aa3033dba6dd1595bc8718,e8468522aba52f73e8e919658fa833130602633a98aa3033dba6dd1595bc8718,22839,479,302,RGB,test,grape leaf black rot,,materialized,
5467f6012d78d1c446145d5f582da6096f852ae8,test/grape leaf black rot/35589125035_662dd5b258_b.jpg,data/raw/plantdoc/test/grape leaf black rot/35589125035_662dd5b258_b.jpg,d20cc643fdfbb07db3616a50de0a2280383e134fa8f06ca5522e07c0cfc25aa9,d20cc643fdfbb07db3616a50de0a2280383e134fa8f06ca5522e07c0cfc25aa9,147502,574,765,RGB,test,grape leaf black rot,,materialized,
5467f6012d78d1c446145d5f582da6096f852ae8,test/grape leaf black rot/5-29black-rot-chardRR.jpg,data/raw/plantdoc/test/grape leaf black rot/5-29black-rot-chardRR.jpg,404fd83fecf8cb839ab7c76ac90e2a9e1906d2c4a62acf86568b3ef037b88f41,404fd83fecf8cb839ab7c76ac90e2a9e1906d2c4a62acf86568b3ef037b88f41,44255,450,302,RGB,test,grape leaf black rot,,materialized,
5467f6012d78d1c446145d5f582da6096f852ae8,test/grape leaf black rot/Black%20rot%20on%20foliage.jpg,data/raw/plantdoc/test/grape leaf black rot/Black%20rot%20on%20foliage.jpg,e64969c324e6981d478bfff5c9099da715e0bdd974b2ea7a7acd62fa8ee63af0,e64969c324e6981d478bfff5c9099da715e0bdd974b2ea7a7acd62fa8ee63af0,219424,1060,795,RGB,test,grape leaf black rot,,materialized,
5467f6012d78d1c446145d5f582da6096f852ae8,test/grape leaf black rot/Black%20rot%20on%20foliage2.jpg,data/raw/plantdoc/test/grape leaf black rot/Black%20rot%20on%20foliage2.jpg,99c0a3a63c127e376a4120007fcc81797ec8248cf95a8020510e46f602590335,99c0a3a63c127e376a4120007fcc81797ec8248cf95a8020510e46f602590335,268431,1060,795,RGB,test,grape leaf black rot,,materialized,
5467f6012d78d1c446145d5f582da6096f852ae8,test/grape leaf black rot/brleaf2_zoom.jpg,data/raw/plantdoc/test/grape leaf black rot/brleaf2_zoom.jpg,09f5a6a0ded0e8f811d4a6c10f479c5fecb09f41b713eb729d381de12bd4ac01,09f5a6a0ded0e8f811d4a6c10f479c5fecb09f41b713eb729d381de12bd4ac01,149284,900,675,RGB,test,grape leaf black rot,,materialized,
5467f6012d78d1c446145d5f582da6096f852ae8,test/grape leaf black rot/grape_F15a.jpg,data/raw/plantdoc/test/grape leaf black rot/grape_F15a.jpg,2309bc80cdef703d4923dee780d5d840ec67e8d83118915b2014053de3a2a6c9,2309bc80cdef703d4923dee780d5d840ec67e8d83118915b2014053de3a2a6c9,7490,350,263,RGB,test,grape leaf black rot,,materialized,
5467f6012d78d1c446145d5f582da6096f852ae8,test/grape leaf black rot/piano%20gully%20spray%20seed%20damage%2006%20%289%29.JPG.jpg,data/raw/plantdoc/test/grape leaf black rot/piano%20gully%20spray%20seed%20damage%2006%20%289%29.JPG.jpg,4949d0f81b7c1ec21b55e51ccbdcce34eec213d02c58f9f9121660552be6cd7c,4949d0f81b7c1ec21b55e51ccbdcce34eec213d02c58f9f9121660552be6cd7c,895100,1600,1200,RGB,test,grape leaf black rot,,materialized,
5467f6012d78d1c446145d5f582da6096f852ae8,test/grape leaf/0000.jpg,data/raw/plantdoc/test/grape leaf/0000.jpg,420433aad07a69dbba27df1b1db4693058daef37698b93f0461724bb8767ba6d,420433aad07a69dbba27df1b1db4693058daef37698b93f0461724bb8767ba6d,140651,1000,1000,RGB,test,grape leaf,,materialized,
5467f6012d78d1c446145d5f582da6096f852ae8,test/grape leaf/730-grape-leaf-2560x1600-nature-wallpaper.jpg,data/raw/plantdoc/test/grape leaf/730-grape-leaf-2560x1600-nature-wallpaper.jpg,468f656f6c89d8f241f07246300acb790a11f3e288e9c3750dac1b4da9405577,468f656f6c89d8f241f07246300acb790a11f3e288e9c3750dac1b4da9405577,1237175,2560,1600,RGB,test,grape leaf,,materialized,
5467f6012d78d1c446145d5f582da6096f852ae8,test/grape leaf/DSCN7317.JPG.jpg,data/raw/plantdoc/test/grape leaf/DSCN7317.JPG.jpg,650324392a33c2c1e1ca4a076176d6b060b86ae62fbe098756b052b5546d9240,650324392a33c2c1e1ca4a076176d6b060b86ae62fbe098756b052b5546d9240,244843,1530,1600,RGB,test,grape leaf,,materialized,
5467f6012d78d1c446145d5f582da6096f852ae8,test/grape leaf/P1130286.jpg,data/raw/plantdoc/test/grape leaf/P1130286.jpg,499dc9edb0c55b3c4344111aa83a4e49023a78cbde05e0092c86f3e0e5168366,499dc9edb0c55b3c4344111aa83a4e49023a78cbde05e0092c86f3e0e5168366,413214,1536,2048,RGB,test,grape leaf,,materialized,
5467f6012d78d1c446145d5f582da6096f852ae8,test/grape leaf/depositphotos_3443387-stock-photo-the-green-grape-leaf-on.jpg,data/raw/plantdoc/test/grape leaf/depositphotos_3443387-stock-photo-the-green-grape-leaf-on.jpg,94af80a5965f800fc0b878eb4091d7c1af7e25d90011ee02a8d768639f0a38d4,94af80a5965f800fc0b878eb4091d7c1af7e25d90011ee02a8d768639f0a38d4,76013,1024,768,RGB,test,grape leaf,,materialized,
5467f6012d78d1c446145d5f582da6096f852ae8,test/grape leaf/depositphotos_6898486-stock-photo-grape-leaves.jpg,data/raw/plantdoc/test/grape leaf/depositphotos_6898486-stock-photo-grape-leaves.jpg,d6d169bb7c76997d2e58a2864842cd4747f2a6b98daf106bf322be4b0467eff0,d6d169bb7c76997d2e58a2864842cd4747f2a6b98daf106bf322be4b0467eff0,87325,1023,751,RGB,test,grape leaf,,materialized,
5467f6012d78d1c446145d5f582da6096f852ae8,test/grape leaf/grape-leaf-14309623.jpg,data/raw/plantdoc/test/grape leaf/grape-leaf-14309623.jpg,4ffafa5924ddbabf1b460680417ac978efb7cc54de78bbfe031fbabd2c8db221,4ffafa5924ddbabf1b460680417ac978efb7cc54de78bbfe031fbabd2c8db221,270878,1369,1300,RGB,test,grape leaf,,materialized,
5467f6012d78d1c446145d5f582da6096f852ae8,test/grape leaf/grape-leaf-picture-id119212425?k=6&m=119212425&s=612x612&w=0&h=8RZBWGcvXe4tAwhhvYZVFzWyRyiN5iTxKfWBpPT1FcU=.jpg,data/raw/plantdoc/test/grape leaf/grape-leaf-picture-id119212425?k=6&m=119212425&s=612x612&w=0&h=8RZBWGcvXe4tAwhhvYZVFzWyRyiN5iTxKfWBpPT1FcU=.jpg,533765ed2041617bd33411f448db7b567665d4439078bfbfa0701a92a9b1425e,533765ed2041617bd33411f448db7b567665d4439078bfbfa0701a92a9b1425e,39374,470,612,RGB,test,grape leaf,,materialized,
5467f6012d78d1c446145d5f582da6096f852ae8,test/grape leaf/grapes-leaves.jpg,data/raw/plantdoc/test/grape leaf/grapes-leaves.jpg,4154590f1c69e97f554ebbbbd9b84e0e191d4c706dce1036d9f1fa5630286076,4154590f1c69e97f554ebbbbd9b84e0e191d4c706dce1036d9f1fa5630286076,115543,1024,768,RGB,test,grape leaf,,materialized,
5467f6012d78d1c446145d5f582da6096f852ae8,test/grape leaf/grapevine-leaf-7466071.jpg,data/raw/plantdoc/test/grape leaf/grapevine-leaf-7466071.jpg,c8c261b0a733913fcc6a120739bf46f52bbe26bfaa5a75582184ef45e3fac6b8,c8c261b0a733913fcc6a120739bf46f52bbe26bfaa5a75582184ef45e3fac6b8,144416,1219,1300,RGB,test,grape leaf,,materialized,
5467f6012d78d1c446145d5f582da6096f852ae8,test/grape leaf/latest?cb=20100621160325.jpg,data/raw/plantdoc/test/grape leaf/latest?cb=20100621160325.jpg,7013d4ba8af2ad9de143f47732b28a7315480f359b6f48f225e11a91af6599e5,7013d4ba8af2ad9de143f47732b28a7315480f359b6f48f225e11a91af6599e5,102000,530,700,RGB,test,grape leaf,,materialized,
5467f6012d78d1c446145d5f582da6096f852ae8,test/grape leaf/vitis-riparia-le-ahaines-b.jpg,data/raw/plantdoc/test/grape leaf/vitis-riparia-le-ahaines-b.jpg,bee75e5955d643b47cb6ad64d31421c685c282093f726d01ebea0744f2218292,bee75e5955d643b47cb6ad64d31421c685c282093f726d01ebea0744f2218292,203908,1000,812,RGB,test,grape leaf,,materialized,
5467f6012d78d1c446145d5f582da6096f852ae8,train/Apple Scab Leaf/01Apple-scab-2-Venturia-inaequalis.ashx?w=600&h=408&bc=ffffff.jpg,data/raw/plantdoc/train/Apple Scab Leaf/01Apple-scab-2-Venturia-inaequalis.ashx?w=600&h=408&bc=ffffff.jpg,542ade26992d14b6f98ca21dfa2317248497efc80e0e5e329a20deb958bd092c,542ade26992d14b6f98ca21dfa2317248497efc80e0e5e329a20deb958bd092c,89421,549,355,RGB,train,Apple Scab Leaf,,materialized,
5467f6012d78d1c446145d5f582da6096f852ae8,train/Apple Scab Leaf/11NovMW_W4-A_4b.jpg,data/raw/plantdoc/train/Apple Scab Leaf/11NovMW_W4-A_4b.jpg,360dc32f40ba91703f03cbd53b9081583c3a471eba5152d061833db4892f7033,360dc32f40ba91703f03cbd53b9081583c3a471eba5152d061833db4892f7033,256115,990,743,RGB,train,Apple Scab Leaf,,materialized,
5467f6012d78d1c446145d5f582da6096f852ae8,train/Apple Scab Leaf/12-20_apple_scab1.jpg,data/raw/plantdoc/train/Apple Scab Leaf/12-20_apple_scab1.jpg,c3073d29893f6d4e1c4d469726bdcd888ac957a3c4dc2b43fa3b5ad76b4b38ae,c3073d29893f6d4e1c4d469726bdcd888ac957a3c4dc2b43fa3b5ad76b4b38ae,6331,225,154,RGB,train,Apple Scab Leaf,,materialized,
5467f6012d78d1c446145d5f582da6096f852ae8,train/Apple Scab Leaf/500_F_125294801_k0A2teQwKxZfTV1pcaerZFf9Th04F04q.jpg,data/raw/plantdoc/train/Apple Scab Leaf/500_F_125294801_k0A2teQwKxZfTV1pcaerZFf9Th04F04q.jpg,4586105daaf02368426cd4b708e2278d0b7f8c0b48f952ccdd188e2d33312129,4586105daaf02368426cd4b708e2278d0b7f8c0b48f952ccdd188e2d33312129,94808,500,333,RGB,train,Apple Scab Leaf,,materialized,
5467f6012d78d1c446145d5f582da6096f852ae8,train/Apple Scab Leaf/6A642AA3-1DB1-4413-B0B6-7FBB68A5904A_original.jpeg?1528657579.jpg,data/raw/plantdoc/train/Apple Scab Leaf/6A642AA3-1DB1-4413-B0B6-7FBB68A5904A_original.jpeg?1528657579.jpg,2d2a97c41c74c3d84702c6f1e61d2a9b480e22baff6994ff4d89944e8ff05f9b,2d2a97c41c74c3d84702c6f1e61d2a9b480e22baff6994ff4d89944e8ff05f9b,3660960,3024,4032,RGB,train,Apple Scab Leaf,,materialized,
5467f6012d78d1c446145d5f582da6096f852ae8,train/Apple Scab Leaf/Apple%20scab%20-%20early%20infection%20on%20leaves.JPG.jpg,data/raw/plantdoc/train/Apple Scab Leaf/Apple%20scab%20-%20early%20infection%20on%20leaves.JPG.jpg,adb60674ce7fe20fa880e813d8904f8354d3db13cf3b666484f7656b65146b99,adb60674ce7fe20fa880e813d8904f8354d3db13cf3b666484f7656b65146b99,1387997,1712,1368,RGB,train,Apple Scab Leaf,,materialized,
5467f6012d78d1c446145d5f582da6096f852ae8,train/Apple Scab Leaf/Apple%20scab%20-%20late%20season%20infection%20on%20petiole%20and%20leaf%20underside.JPG.jpg,data/raw/plantdoc/train/Apple Scab Leaf/Apple%20scab%20-%20late%20season%20infection%20on%20petiole%20and%20leaf%20underside.JPG.jpg,7b630b5a6d1ade43a3d85085fde4c6f958d2fe8f26aa93e3da7225fc12f22bc2,7b630b5a6d1ade43a3d85085fde4c6f958d2fe8f26aa93e3da7225fc12f22bc2,227827,745,497,RGB,train,Apple Scab Leaf,,materialized,
5467f6012d78d1c446145d5f582da6096f852ae8,train/Apple Scab Leaf/Apple-Scab-Mulrooney.jpg,data/raw/plantdoc/train/Apple Scab Leaf/Apple-Scab-Mulrooney.jpg,417e20e9c5721805f9669566405f97162045321c90a653f3ae1d32c290b70874,417e20e9c5721805f9669566405f97162045321c90a653f3ae1d32c290b70874,333375,600,898,RGB,train,Apple Scab Leaf,,materialized,
5467f6012d78d1c446145d5f582da6096f852ae8,train/Apple Scab Leaf/Apple-Scab-image-01.jpg,data/raw/plantdoc/train/Apple Scab Leaf/Apple-Scab-image-01.jpg,aa577d05d1b89f0bebbfdb93d73590d5058dee5f197b82111ee4f25e369aa43b,aa577d05d1b89f0bebbfdb93d73590d5058dee5f197b82111ee4f25e369aa43b,449407,800,600,RGB,train,Apple Scab Leaf,,materialized,
5467f6012d78d1c446145d5f582da6096f852ae8,train/Apple Scab Leaf/Apple-Scab-image-02.jpg,data/raw/plantdoc/train/Apple Scab Leaf/Apple-Scab-image-02.jpg,34d2cc48ced7ec7faaaf67a3a50593531c4acc38af762289487a15b16e738dc4,34d2cc48ced7ec7faaaf67a3a50593531c4acc38af762289487a15b16e738dc4,401399,800,600,RGB,train,Apple Scab Leaf,,materialized,
5467f6012d78d1c446145d5f582da6096f852ae8,train/Apple Scab Leaf/Apple-Scab.jpg,data/raw/plantdoc/train/Apple Scab Leaf/Apple-Scab.jpg,553408307413a551b96ec8a40798e9e02c6064de8ddec61513b4ca502648937e,553408307413a551b96ec8a40798e9e02c6064de8ddec61513b4ca502648937e,17306,200,200,RGB,train,Apple Scab Leaf,,materialized,
5467f6012d78d1c446145d5f582da6096f852ae8,train/Apple Scab Leaf/Apple-Scab1.jpg,data/raw/plantdoc/train/Apple Scab Leaf/Apple-Scab1.jpg,543670df5dc360f673b99f155a8672eb5661451bca9ef2137cf11940be8426eb,543670df5dc360f673b99f155a8672eb5661451bca9ef2137cf11940be8426eb,8917,279,181,RGB,train,Apple Scab Leaf,,materialized,
5467f6012d78d1c446145d5f582da6096f852ae8,train/Apple Scab Leaf/Apple-Scab_1_1.jpg,data/raw/plantdoc/train/Apple Scab Leaf/Apple-Scab_1_1.jpg,6b152dc1fcb524189247c28e4dd4d1e75740b0ff78cc2ad2ad5276683ed2c0f7,6b152dc1fcb524189247c28e4dd4d1e75740b0ff78cc2ad2ad5276683ed2c0f7,97548,800,533,RGB,train,Apple Scab Leaf,,materialized,
5467f6012d78d1c446145d5f582da6096f852ae8,train/Apple Scab Leaf/Apple-scab-on-crab-apple.jpg,data/raw/plantdoc/train/Apple Scab Leaf/Apple-scab-on-crab-apple.jpg,60b766ca36fda336b789801752087e9f5085c2e0787410734d6b81c21aa5c7e7,60b766ca36fda336b789801752087e9f5085c2e0787410734d6b81c21aa5c7e7,2406311,4000,3000,RGB,train,Apple Scab Leaf,,materialized,
5467f6012d78d1c446145d5f582da6096f852ae8,train/Apple Scab Leaf/AppleScab.JPG.jpg,data/raw/plantdoc/train/Apple Scab Leaf/AppleScab.JPG.jpg,6178da10736f1d7137599e6da5d23e51b25fd595545a36539920add126513527,6178da10736f1d7137599e6da5d23e51b25fd595545a36539920add126513527,49764,336,448,RGB,train,Apple Scab Leaf,,materialized,
5467f6012d78d1c446145d5f582da6096f852ae8,train/Apple Scab Leaf/AppleScab02.jpg,data/raw/plantdoc/train/Apple Scab Leaf/AppleScab02.jpg,10b9837a099553374867b2450a095df16d7092f3df4187f65e3a70975a509e9c,10b9837a099553374867b2450a095df16d7092f3df4187f65e3a70975a509e9c,337851,904,318,RGB,train,Apple Scab Leaf,,materialized,
5467f6012d78d1c446145d5f582da6096f852ae8,train/Apple Scab Leaf/AppleScab03.jpg,data/raw/plantdoc/train/Apple Scab Leaf/AppleScab03.jpg,7ed19d33429f28d2e4c5631c14f9d4410d74e9cdff369af43327182c2294e3fb,7ed19d33429f28d2e4c5631c14f9d4410d74e9cdff369af43327182c2294e3fb,30646,480,310,RGB,train,Apple Scab Leaf,,materialized,
5467f6012d78d1c446145d5f582da6096f852ae8,train/Apple Scab Leaf/AppleScab14.jpg,data/raw/plantdoc/train/Apple Scab Leaf/AppleScab14.jpg,d8a9ca5a9192195bfd939e45a47f9024cd6f10b6ef2e42621af78c3c099d310d,d8a9ca5a9192195bfd939e45a47f9024cd6f10b6ef2e42621af78c3c099d310d,28257,480,320,RGB,train,Apple Scab Leaf,,materialized,
5467f6012d78d1c446145d5f582da6096f852ae8,train/Apple Scab Leaf/Apple_Scab163.jpg,data/raw/plantdoc/train/Apple Scab Leaf/Apple_Scab163.jpg,11813484d19dccaecb3a41332959b4785d99fd18523cfb98cb3b6d8d95c98ea2,11813484d19dccaecb3a41332959b4785d99fd18523cfb98cb3b6d8d95c98ea2,42318,800,600,RGB,train,Apple Scab Leaf,,materialized,
5467f6012d78d1c446145d5f582da6096f852ae8,train/Apple Scab Leaf/Apple_scab.jpg?t=1473441220256&width=300&height=200&name=Apple_scab.jpg,data/raw/plantdoc/train/Apple Scab Leaf/Apple_scab.jpg?t=1473441220256&width=300&height=200&name=Apple_scab.jpg,5d6b6e28d40f85adb631d7984f5ecda27ca63dd4eed2f819b0eeaec37fed69e4,5d6b6e28d40f85adb631d7984f5ecda27ca63dd4eed2f819b0eeaec37fed69e4,28901,300,200,RGB,train,Apple Scab Leaf,,materialized,
5467f6012d78d1c446145d5f582da6096f852ae8,train/Apple Scab Leaf/Apple_scab_symptoms_on_leaf.jpg,data/raw/plantdoc/train/Apple Scab Leaf/Apple_scab_symptoms_on_leaf.jpg,904dd8eece3ccf406b74955d508fa88016173e3316ccabe184b1c4a43b0de87b,904dd8eece3ccf406b74955d508fa88016173e3316ccabe184b1c4a43b0de87b,51968,800,720,RGB,train,Apple Scab Leaf,,materialized,
5467f6012d78d1c446145d5f582da6096f852ae8,train/Apple Scab Leaf/DSC00005.JPG.jpg,data/raw/plantdoc/train/Apple Scab Leaf/DSC00005.JPG.jpg,1ee0c9aaeabb5719384627444150515cc56553e5cf37f78ee95038b1329b2416,1ee0c9aaeabb5719384627444150515cc56553e5cf37f78ee95038b1329b2416,45942,400,265,RGB,train,Apple Scab Leaf,,materialized,
5467f6012d78d1c446145d5f582da6096f852ae8,train/Apple Scab Leaf/DSCF1248-1gz1wpc.jpg,data/raw/plantdoc/train/Apple Scab Leaf/DSCF1248-1gz1wpc.jpg,8e939241d8233e0821e0344a3f79a343f40b17ec305c6694f74c1adda824e7c7,8e939241d8233e0821e0344a3f79a343f40b17ec305c6694f74c1adda824e7c7,1994564,3296,2472,RGB,train,Apple Scab Leaf,,materialized,
5467f6012d78d1c446145d5f582da6096f852ae8,train/Apple Scab Leaf/IMG_3166_1500x1500%253E.JPG?1473520197.jpg,data/raw/plantdoc/train/Apple Scab Leaf/IMG_3166_1500x1500%253E.JPG?1473520197.jpg,7e5de8b54be60250f24808715d7226ef0323e2f903e32e352df1ad8892700f31,7e5de8b54be60250f24808715d7226ef0323e2f903e32e352df1ad8892700f31,946465,1500,1500,RGB,train,Apple Scab Leaf,,materialized,
5467f6012d78d1c446145d5f582da6096f852ae8,train/Apple Scab Leaf/IMG_3455-xjgwni-1024x1024.jpg,data/raw/plantdoc/train/Apple Scab Leaf/IMG_3455-xjgwni-1024x1024.jpg,4c0fe5bde156dcf9634b3779fd1f6c08bbc34dea3f1a484c0df7407965c64d3d,4c0fe5bde156dcf9634b3779fd1f6c08bbc34dea3f1a484c0df7407965c64d3d,108141,1024,1024,RGB,train,Apple Scab Leaf,,materialized,
5467f6012d78d1c446145d5f582da6096f852ae8,train/Apple Scab Leaf/Malus-Scab-disease-225x300.jpg,data/raw/plantdoc/train/Apple Scab Leaf/Malus-Scab-disease-225x300.jpg,1be602a32fc5516084769176607954b93d140746304ed6a0192f1bb12521d52a,1be602a32fc5516084769176607954b93d140746304ed6a0192f1bb12521d52a,23206,225,300,RGB,train,Apple Scab Leaf,,materialized,
5467f6012d78d1c446145d5f582da6096f852ae8,train/Apple Scab Leaf/Scab+close-up5846.jpg,data/raw/plantdoc/train/Apple Scab Leaf/Scab+close-up5846.jpg,38517c807875e9110a8a2b8da31d0b02ca05cfd58ceb75b3ff97b73c028192e1,38517c807875e9110a8a2b8da31d0b02ca05cfd58ceb75b3ff97b73c028192e1,80541,565,943,RGB,train,Apple Scab Leaf,,materialized,
5467f6012d78d1c446145d5f582da6096f852ae8,train/Apple Scab Leaf/acfsca026527.jpg,data/raw/plantdoc/train/Apple Scab Leaf/acfsca026527.jpg,5539ac1c5485f841147bfcb18208102145c90366f95857fbb0c6af8ade2439b5,5539ac1c5485f841147bfcb18208102145c90366f95857fbb0c6af8ade2439b5,11052,504,330,RGB,train,Apple Scab Leaf,,materialized,
5467f6012d78d1c446145d5f582da6096f852ae8,train/Apple Scab Leaf/apple%20scab%20MF821.JPG.jpg,data/raw/plantdoc/train/Apple Scab Leaf/apple%20scab%20MF821.JPG.jpg,a59cb20d58b23d240fb3b6341531bedb4419b0471e3955344167c13d18446362,a59cb20d58b23d240fb3b6341531bedb4419b0471e3955344167c13d18446362,1039099,2592,1944,RGB,train,Apple Scab Leaf,,materialized,
5467f6012d78d1c446145d5f582da6096f852ae8,train/Apple Scab Leaf/apple-scab-disease-tree-fungus-906x391.jpg,data/raw/plantdoc/train/Apple Scab Leaf/apple-scab-disease-tree-fungus-906x391.jpg,a70fede1dd6a400652b8ee881d511435f0d5b5a4a0fc446cf644c9c179ee0a0b,a70fede1dd6a400652b8ee881d511435f0d5b5a4a0fc446cf644c9c179ee0a0b,48795,906,391,RGB,train,Apple Scab Leaf,,materialized,
5467f6012d78d1c446145d5f582da6096f852ae8,train/Apple Scab Leaf/apple-scab-disease.jpg,data/raw/plantdoc/train/Apple Scab Leaf/apple-scab-disease.jpg,670fe7c9f78d10755d655d532c4807eccad55505f9beb489d64413e50cd1b96e,670fe7c9f78d10755d655d532c4807eccad55505f9beb489d64413e50cd1b96e,436656,990,743,RGB,train,Apple Scab Leaf,,materialized,
5467f6012d78d1c446145d5f582da6096f852ae8,train/Apple Scab Leaf/apple-scab-leaf-big.jpg,data/raw/plantdoc/train/Apple Scab Leaf/apple-scab-leaf-big.jpg,4090bd9db7eb935abe7a78288a8dafe790834498777373a4b073a96685cb88f2,4090bd9db7eb935abe7a78288a8dafe790834498777373a4b073a96685cb88f2,334871,768,576,RGB,train,Apple Scab Leaf,,materialized,
5467f6012d78d1c446145d5f582da6096f852ae8,train/Apple Scab Leaf/apple-scab-obst-krankheit-m7akxy.jpg,data/raw/plantdoc/train/Apple Scab Leaf/apple-scab-obst-krankheit-m7akxy.jpg,52b12dd7f9ccf5367fbdb343589114bed2a3f345f1368480cf45378121e86e49,52b12dd7f9ccf5367fbdb343589114bed2a3f345f1368480cf45378121e86e49,254928,1200,1390,RGB,train,Apple Scab Leaf,,materialized,
5467f6012d78d1c446145d5f582da6096f852ae8,train/Apple Scab Leaf/apple-scab-venturia-inaequalis-early-leaf-infection-and-mycelium-AW0TTX.jpg,data/raw/plantdoc/train/Apple Scab Leaf/apple-scab-venturia-inaequalis-early-leaf-infection-and-mycelium-AW0TTX.jpg,27d71dc41a8a482373b19b242942130b2b25fc6f6b2839c16940c15c26538d76,27d71dc41a8a482373b19b242942130b2b25fc6f6b2839c16940c15c26538d76,304561,1188,1390,RGB,train,Apple Scab Leaf,,materialized,
5467f6012d78d1c446145d5f582da6096f852ae8,train/Apple Scab Leaf/apple-scab-venturia-inaequalis-early-leaf-infection-and-mycelium-bxbd0k.jpg,data/raw/plantdoc/train/Apple Scab Leaf/apple-scab-venturia-inaequalis-early-leaf-infection-and-mycelium-bxbd0k.jpg,02306072820c86f5f5bbd739d22a8d582794a3c54df5b698bf0fb2fe2ff73e8c,02306072820c86f5f5bbd739d22a8d582794a3c54df5b698bf0fb2fe2ff73e8c,86915,604,540,RGB,train,Apple Scab Leaf,,materialized,
5467f6012d78d1c446145d5f582da6096f852ae8,train/Apple Scab Leaf/apple-scab-venturia-inaequalis-early-leaf-infection-and-mycelium-bxbd23.jpg,data/raw/plantdoc/train/Apple Scab Leaf/apple-scab-venturia-inaequalis-early-leaf-infection-and-mycelium-bxbd23.jpg,8258bf7d75705b00135a8901725011be38d54f06a8aa2d88203b0d73b6ac9713,8258bf7d75705b00135a8901725011be38d54f06a8aa2d88203b0d73b6ac9713,85539,615,540,RGB,train,Apple Scab Leaf,,materialized,
5467f6012d78d1c446145d5f582da6096f852ae8,train/Apple Scab Leaf/apple-scab-venturia-inaequalis-germinated-from-a-spore-shower-on-an-apple-leaf-X31BGG.jpg,data/raw/plantdoc/train/Apple Scab Leaf/apple-scab-venturia-inaequalis-germinated-from-a-spore-shower-on-an-apple-leaf-X31BGG.jpg,ecdaa5fbd2e79f02989f8e7d29068f082a038f02e317f42363437d10f92f696f,ecdaa5fbd2e79f02989f8e7d29068f082a038f02e317f42363437d10f92f696f,210532,1300,1294,RGB,train,Apple Scab Leaf,,materialized,
5467f6012d78d1c446145d5f582da6096f852ae8,train/Apple Scab Leaf/apple-scab-venturia-inaequalis-germinated-from-a-spore-shower-on-an-aw08hw.jpg,data/raw/plantdoc/train/Apple Scab Leaf/apple-scab-venturia-inaequalis-germinated-from-a-spore-shower-on-an-aw08hw.jpg,597220b696e2327c31ef86c95805da99ffebd316b640294f10049e2b0d6dc399,597220b696e2327c31ef86c95805da99ffebd316b640294f10049e2b0d6dc399,72805,561,540,RGB,train,Apple Scab Leaf,,materialized,
5467f6012d78d1c446145d5f582da6096f852ae8,train/Apple Scab Leaf/apple-scab-venturia-inaequalis-leaf-symptoms-on-tree-dark-fungal-pustules-aceg6b.jpg,data/raw/plantdoc/train/Apple Scab Leaf/apple-scab-venturia-inaequalis-leaf-symptoms-on-tree-dark-fungal-pustules-aceg6b.jpg,3ec1c4fcba02e910cf21ca649d21512058329bd30a2dd76b820437102b231232,3ec1c4fcba02e910cf21ca649d21512058329bd30a2dd76b820437102b231232,102100,640,508,RGB,train,Apple Scab Leaf,,materialized,
5467f6012d78d1c446145d5f582da6096f852ae8,train/Apple Scab Leaf/apple-scab-venturia-inaequalis-lesions-mycelium-on-leaves-a8h9nb.jpg,data/raw/plantdoc/train/Apple Scab Leaf/apple-scab-venturia-inaequalis-lesions-mycelium-on-leaves-a8h9nb.jpg,7b7f9f61a112013d660cc4ea5c74113cfbb01956842bd0dd8c35f003d2b9eef6,7b7f9f61a112013d660cc4ea5c74113cfbb01956842bd0dd8c35f003d2b9eef6,47095,450,312,RGB,train,Apple Scab Leaf,,materialized,
5467f6012d78d1c446145d5f582da6096f852ae8,train/Apple Scab Leaf/apple-scab_figure-2.jpg,data/raw/plantdoc/train/Apple Scab Leaf/apple-scab_figure-2.jpg,97944355cb3fd879e5fa5f553b6d3b8d6df7a4d891490358d13f2bbc53cfe29e,97944355cb3fd879e5fa5f553b6d3b8d6df7a4d891490358d13f2bbc53cfe29e,579235,1500,1125,RGB,train,Apple Scab Leaf,,materialized,
5467f6012d78d1c446145d5f582da6096f852ae8,train/Apple Scab Leaf/apple_scab.jpg,data/raw/plantdoc/train/Apple Scab Leaf/apple_scab.jpg,74015b467f489d78473499490b0d26447c14da380123f5af46b4d241c827cbe2,74015b467f489d78473499490b0d26447c14da380123f5af46b4d241c827cbe2,22670,300,360,RGB,train,Apple Scab Leaf,,materialized,
5467f6012d78d1c446145d5f582da6096f852ae8,train/Apple Scab Leaf/apple_scab1.jpg,data/raw/plantdoc/train/Apple Scab Leaf/apple_scab1.jpg,4b17d7e6dad69d8e73213316d50bc96cc24b8cc7525f16394552ec8dd0171417,4b17d7e6dad69d8e73213316d50bc96cc24b8cc7525f16394552ec8dd0171417,9537,275,193,RGB,train,Apple Scab Leaf,,materialized,
5467f6012d78d1c446145d5f582da6096f852ae8,train/Apple Scab Leaf/apple_scab2.jpg,data/raw/plantdoc/train/Apple Scab Leaf/apple_scab2.jpg,2165fc0c988c272e1e56a7b7323b9aacd92763afdd0e66b618d7755f0de9d79e,2165fc0c988c272e1e56a7b7323b9aacd92763afdd0e66b618d7755f0de9d79e,12981,252,258,RGB,train,Apple Scab Leaf,,materialized,
5467f6012d78d1c446145d5f582da6096f852ae8,train/Apple Scab Leaf/apple_scab_1465_180.jpg,data/raw/plantdoc/train/Apple Scab Leaf/apple_scab_1465_180.jpg,df27c006db99cea5c11f16f242ac3994f3017e67f81fac096c381e4c46ceaf20,df27c006db99cea5c11f16f242ac3994f3017e67f81fac096c381e4c46ceaf20,5007,180,269,RGB,train,Apple Scab Leaf,,materialized,
5467f6012d78d1c446145d5f582da6096f852ae8,train/Apple Scab Leaf/apple_scab_early_jc_sm.jpg,data/raw/plantdoc/train/Apple Scab Leaf/apple_scab_early_jc_sm.jpg,33e81d42b051353813ad434e08dba087ce3ed332f075011ae61595bfd0d1ea1d,33e81d42b051353813ad434e08dba087ce3ed332f075011ae61595bfd0d1ea1d,128032,378,288,RGB,train,Apple Scab Leaf,,materialized,
5467f6012d78d1c446145d5f582da6096f852ae8,train/Apple Scab Leaf/apples-severely-affected-by-apple-scab-venturia-inaequalis-dgk11a.jpg,data/raw/plantdoc/train/Apple Scab Leaf/apples-severely-affected-by-apple-scab-venturia-inaequalis-dgk11a.jpg,cff95e1ed84b079546f5de75f8b473daccaf355d7c90ebcac1ea0b6c0e2e1a0b,cff95e1ed84b079546f5de75f8b473daccaf355d7c90ebcac1ea0b6c0e2e1a0b,76683,640,446,RGB,train,Apple Scab Leaf,,materialized,
5467f6012d78d1c446145d5f582da6096f852ae8,train/Apple Scab Leaf/apples_apple-scab_02_zoom.jpg,data/raw/plantdoc/train/Apple Scab Leaf/apples_apple-scab_02_zoom.jpg,d400afbfd7824e8c4f53819a77e868e910e812336ad77a4539dbe7ed13529c57,d400afbfd7824e8c4f53819a77e868e910e812336ad77a4539dbe7ed13529c57,172986,900,692,RGB,train,Apple Scab Leaf,,materialized,
5467f6012d78d1c446145d5f582da6096f852ae8,train/Apple Scab Leaf/apples_apple-scab_03_zoom.jpg,data/raw/plantdoc/train/Apple Scab Leaf/apples_apple-scab_03_zoom.jpg,e6c45ecdafac34873aa4aef25fb1ed7084713c458a67ccef8bd6cfd016523575,e6c45ecdafac34873aa4aef25fb1ed7084713c458a67ccef8bd6cfd016523575,126472,900,692,RGB,train,Apple Scab Leaf,,materialized,
5467f6012d78d1c446145d5f582da6096f852ae8,train/Apple Scab Leaf/applescab-500x383.jpg,data/raw/plantdoc/train/Apple Scab Leaf/applescab-500x383.jpg,18c11b0143ef4532782a536e204c6aa6fecaf1cb64d6a46fc9b8f028b13a7a23,18c11b0143ef4532782a536e204c6aa6fecaf1cb64d6a46fc9b8f028b13a7a23,35254,500,383,RGB,train,Apple Scab Leaf,,materialized,
5467f6012d78d1c446145d5f582da6096f852ae8,train/Apple Scab Leaf/applescab.jpg,data/raw/plantdoc/train/Apple Scab Leaf/applescab.jpg,d46084bf18335b75d62302ecd7aa9e42a827c9ce505b2ede5ea5427bf1835b4d,d46084bf18335b75d62302ecd7aa9e42a827c9ce505b2ede5ea5427bf1835b4d,23556,500,325,RGB,train,Apple Scab Leaf,,materialized,
5467f6012d78d1c446145d5f582da6096f852ae8,train/Apple Scab Leaf/applescab004.jpg,data/raw/plantdoc/train/Apple Scab Leaf/applescab004.jpg,25e2fba8401566d16905c234ac94aa77fc5f7b03a52edf4b3e1f4271a93f569f,25e2fba8401566d16905c234ac94aa77fc5f7b03a52edf4b3e1f4271a93f569f,344884,1024,768,RGB,train,Apple Scab Leaf,,materialized,
5467f6012d78d1c446145d5f582da6096f852ae8,train/Apple Scab Leaf/applescab2.jpg,data/raw/plantdoc/train/Apple Scab Leaf/applescab2.jpg,76bfd5a9b4ec094bd4ee0f4396e0c3b67af39a17d48e61ed4e7e3df4875de3af,76bfd5a9b4ec094bd4ee0f4396e0c3b67af39a17d48e61ed4e7e3df4875de3af,207207,400,300,RGB,train,Apple Scab Leaf,,materialized,
5467f6012d78d1c446145d5f582da6096f852ae8,train/Apple Scab Leaf/applescab_lf.jpg,data/raw/plantdoc/train/Apple Scab Leaf/applescab_lf.jpg,37332e378fa9e9530925b54ad4956526f04963db4446cfc0dbe6ba8927f35f2d,37332e378fa9e9530925b54ad4956526f04963db4446cfc0dbe6ba8927f35f2d,15538,269,202,RGB,train,Apple Scab Leaf,,materialized,
5467f6012d78d1c446145d5f582da6096f852ae8,train/Apple Scab Leaf/applescableaf-pcd.jpg,data/raw/plantdoc/train/Apple Scab Leaf/applescableaf-pcd.jpg,68125c161e57e097890cfb5dfce62a4703191ee8d905816d2c6366117aadfe01,68125c161e57e097890cfb5dfce62a4703191ee8d905816d2c6366117aadfe01,129853,454,306,RGB,train,Apple Scab Leaf,,materialized,
5467f6012d78d1c446145d5f582da6096f852ae8,train/Apple Scab Leaf/applescableaf.jpg,data/raw/plantdoc/train/Apple Scab Leaf/applescableaf.jpg,19ee285adf2a1a2da14beaf81c044c15511d537a5e274ececc1a0650388eb66e,19ee285adf2a1a2da14beaf81c044c15511d537a5e274ececc1a0650388eb66e,85126,1450,970,RGB,train,Apple Scab Leaf,,materialized,
5467f6012d78d1c446145d5f582da6096f852ae8,train/Apple Scab Leaf/applescabmalus1.jpg,data/raw/plantdoc/train/Apple Scab Leaf/applescabmalus1.jpg,aa36a7c6d64c2a0721470b93fb32578dc013cc9fe8bacba91377384b5491a857,aa36a7c6d64c2a0721470b93fb32578dc013cc9fe8bacba91377384b5491a857,70901,600,450,RGB,train,Apple Scab Leaf,,materialized,
5467f6012d78d1c446145d5f582da6096f852ae8,train/Apple Scab Leaf/appletree%20leaf.jpg,data/raw/plantdoc/train/Apple Scab Leaf/appletree%20leaf.jpg,03b9e101d574d35ab52376b88b750fbc2a6e1398672ba8c5a7f70c533eaf5bcd,03b9e101d574d35ab52376b88b750fbc2a6e1398672ba8c5a7f70c533eaf5bcd,137470,800,526,RGB,train,Apple Scab Leaf,,materialized,
5467f6012d78d1c446145d5f582da6096f852ae8,train/Apple Scab Leaf/appscab.jpg,data/raw/plantdoc/train/Apple Scab Leaf/appscab.jpg,268d01db1411fed3a7c0cfd0ab26d4ab3975aa82a53d1944c906c8ce38175a76,268d01db1411fed3a7c0cfd0ab26d4ab3975aa82a53d1944c906c8ce38175a76,8396,275,150,RGB,train,Apple Scab Leaf,,materialized,
5467f6012d78d1c446145d5f582da6096f852ae8,train/Apple Scab Leaf/branch-with-ill-leaf-of-apple-scab-disease-picture-id928917010?k=6&m=928917010&s=612x612&w=0&h=UY6EBbnGkTzVcp4Tm8myYO7KoIOtrZo3VRDrd91qslo=.jpg,data/raw/plantdoc/train/Apple Scab Leaf/branch-with-ill-leaf-of-apple-scab-disease-picture-id928917010?k=6&m=928917010&s=612x612&w=0&h=UY6EBbnGkTzVcp4Tm8myYO7KoIOtrZo3VRDrd91qslo=.jpg,f566ae728e3af90a88fcc76ba2db8d8486c1b91cbf82a3a11928b22bf6377f23,f566ae728e3af90a88fcc76ba2db8d8486c1b91cbf82a3a11928b22bf6377f23,40266,612,459,RGB,train,Apple Scab Leaf,,materialized,
5467f6012d78d1c446145d5f582da6096f852ae8,train/Apple Scab Leaf/crabapple%20scab%20Snowdrift%201%20Crab%206-24-16.JPG.jpg,data/raw/plantdoc/train/Apple Scab Leaf/crabapple%20scab%20Snowdrift%201%20Crab%206-24-16.JPG.jpg,3cd55f46ed452e877318eb18368ddf6332e50f9b5d4f02494ce9deac3b52a6e9,3cd55f46ed452e877318eb18368ddf6332e50f9b5d4f02494ce9deac3b52a6e9,1036288,1600,1200,RGB,train,Apple Scab Leaf,,materialized,
5467f6012d78d1c446145d5f582da6096f852ae8,train/Apple Scab Leaf/disease-on-fruit-scab-on-apple-tree-j1r0jp.jpg,data/raw/plantdoc/train/Apple Scab Leaf/disease-on-fruit-scab-on-apple-tree-j1r0jp.jpg,c08960aee3abe99a748b799365910f6bd077e0a228941c896ffe9d0531bad85f,c08960aee3abe99a748b799365910f6bd077e0a228941c896ffe9d0531bad85f,36356,348,540,RGB,train,Apple Scab Leaf,,materialized,
5467f6012d78d1c446145d5f582da6096f852ae8,train/Apple Scab Leaf/early-symptoms-of-scab-venturia-inaequalis-on-apple-leaves-AW051N.jpg,data/raw/plantdoc/train/Apple Scab Leaf/early-symptoms-of-scab-venturia-inaequalis-on-apple-leaves-AW051N.jpg,d84178dbcd8743aea350d26f7f3c3b4e222d66ea894a7cae1e339864b5fb4d3f,d84178dbcd8743aea350d26f7f3c3b4e222d66ea894a7cae1e339864b5fb4d3f,229646,1300,1270,RGB,train,Apple Scab Leaf,,materialized,
5467f6012d78d1c446145d5f582da6096f852ae8,train/Apple Scab Leaf/early_symptoms_of_crabapple_scab_on_prairifire.jpg,data/raw/plantdoc/train/Apple Scab Leaf/early_symptoms_of_crabapple_scab_on_prairifire.jpg,98293fba1f4000384d9ea1a55c009d2457f647f31793e204a282b632e5858125,98293fba1f4000384d9ea1a55c009d2457f647f31793e204a282b632e5858125,58872,550,412,RGB,train,Apple Scab Leaf,,materialized,
5467f6012d78d1c446145d5f582da6096f852ae8,train/Apple Scab Leaf/image0002.jpg,data/raw/plantdoc/train/Apple Scab Leaf/image0002.jpg,cdd174e30b256b50b18d4a6e3127d3a0e40c23985cfde460344b254584b91848,cdd174e30b256b50b18d4a6e3127d3a0e40c23985cfde460344b254584b91848,1065990,3872,2592,RGB,train,Apple Scab Leaf,,materialized,
5467f6012d78d1c446145d5f582da6096f852ae8,train/Apple Scab Leaf/image005.jpg,data/raw/plantdoc/train/Apple Scab Leaf/image005.jpg,7e5909611da43d1ea4d95c333381b1c81dc90d03693e8806b5bebaaa2c329019,7e5909611da43d1ea4d95c333381b1c81dc90d03693e8806b5bebaaa2c329019,16857,329,220,RGB,train,Apple Scab Leaf,,materialized,
5467f6012d78d1c446145d5f582da6096f852ae8,train/Apple Scab Leaf/img_1916.jpg,data/raw/plantdoc/train/Apple Scab Leaf/img_1916.jpg,0458948b6424b4ab4a4f40a64a04a87aac6e663b5c816e8719c593e8384fd54c,0458948b6424b4ab4a4f40a64a04a87aac6e663b5c816e8719c593e8384fd54c,352048,5184,3888,RGB,train,Apple Scab Leaf,,materialized,
5467f6012d78d1c446145d5f582da6096f852ae8,train/Apple Scab Leaf/img_1920.jpg,data/raw/plantdoc/train/Apple Scab Leaf/img_1920.jpg,5623040460cb4af532f355cf759b2108e127e4f478c8a6f909d2098ca20924c6,5623040460cb4af532f355cf759b2108e127e4f478c8a6f909d2098ca20924c6,310518,3888,5184,RGB,train,Apple Scab Leaf,,materialized,
5467f6012d78d1c446145d5f582da6096f852ae8,train/Apple Scab Leaf/img_6415.jpg,data/raw/plantdoc/train/Apple Scab Leaf/img_6415.jpg,ab296dd76b9bbe506226ca4de5d482731ec51b205afe435cfb007d06c9c93dd8,ab296dd76b9bbe506226ca4de5d482731ec51b205afe435cfb007d06c9c93dd8,714747,2048,1536,RGB,train,Apple Scab Leaf,,materialized,
5467f6012d78d1c446145d5f582da6096f852ae8,train/Apple Scab Leaf/inaequalis1a.jpg,data/raw/plantdoc/train/Apple Scab Leaf/inaequalis1a.jpg,f5123514d192d8ae3a15c82ab8fde83b24c2d102e695f8dd82053519f9c46a62,f5123514d192d8ae3a15c82ab8fde83b24c2d102e695f8dd82053519f9c46a62,176578,375,426,RGB,train,Apple Scab Leaf,,materialized,
5467f6012d78d1c446145d5f582da6096f852ae8,train/Apple Scab Leaf/inaequalis1b.jpg,data/raw/plantdoc/train/Apple Scab Leaf/inaequalis1b.jpg,bee6e8f540f8ca5eaad6f0ed4cbad1e0a951e713cea647c6708c207cdb511f8c,bee6e8f540f8ca5eaad6f0ed4cbad1e0a951e713cea647c6708c207cdb511f8c,178909,382,426,RGB,train,Apple Scab Leaf,,materialized,
5467f6012d78d1c446145d5f582da6096f852ae8,train/Apple Scab Leaf/s-l300.jpg,data/raw/plantdoc/train/Apple Scab Leaf/s-l300.jpg,d21972fab56f9dcc140544ca93264c131c0bd9ab1c9c068f380c7fce848c02a4,d21972fab56f9dcc140544ca93264c131c0bd9ab1c9c068f380c7fce848c02a4,13924,300,253,RGB,train,Apple Scab Leaf,,materialized,
5467f6012d78d1c446145d5f582da6096f852ae8,train/Apple Scab Leaf/scab-apple-leaf.jpg,data/raw/plantdoc/train/Apple Scab Leaf/scab-apple-leaf.jpg,c36efa96e728d4f821a655b29a70132b0dd79261c25422fc932859c01bed6483,c36efa96e728d4f821a655b29a70132b0dd79261c25422fc932859c01bed6483,41741,520,340,RGB,train,Apple Scab Leaf,,materialized,
5467f6012d78d1c446145d5f582da6096f852ae8,train/Apple Scab Leaf/scab-disease-apple-leaf-macro-62212448.jpg,data/raw/plantdoc/train/Apple Scab Leaf/scab-disease-apple-leaf-macro-62212448.jpg,27d9a4dc3bbfa547199bd1d8c16582634cb564d35d3a3cd6a45c37f59157cf27,27d9a4dc3bbfa547199bd1d8c16582634cb564d35d3a3cd6a45c37f59157cf27,14524,240,160,RGB,train,Apple Scab Leaf,,materialized,
5467f6012d78d1c446145d5f582da6096f852ae8,train/Apple Scab Leaf/scab-disease-small.jpg,data/raw/plantdoc/train/Apple Scab Leaf/scab-disease-small.jpg,e047e65979e339fe220f96dcd066788ca6274028a5f026d0bac6c877502c9605,e047e65979e339fe220f96dcd066788ca6274028a5f026d0bac6c877502c9605,10402,239,299,RGB,train,Apple Scab Leaf,,materialized,
5467f6012d78d1c446145d5f582da6096f852ae8,train/Apple Scab Leaf/scab-on-foliage-300x259.jpg,data/raw/plantdoc/train/Apple Scab Leaf/scab-on-foliage-300x259.jpg,38afb6f5adb123625aa6e2fc46eb348bea3cfafe27d4252adc849ccbd8895fff,38afb6f5adb123625aa6e2fc46eb348bea3cfafe27d4252adc849ccbd8895fff,14461,300,259,RGB,train,Apple Scab Leaf,,materialized,
5467f6012d78d1c446145d5f582da6096f852ae8,train/Apple Scab Leaf/scab-on-tall-spindle-apple-tree-d3phw6.jpg,data/raw/plantdoc/train/Apple Scab Leaf/scab-on-tall-spindle-apple-tree-d3phw6.jpg,325078d97bf9c3eb8e6d2e3fd48228796dcc4c463fd111901d9564ddbb573337,325078d97bf9c3eb8e6d2e3fd48228796dcc4c463fd111901d9564ddbb573337,85420,640,444,RGB,train,Apple Scab Leaf,,materialized,
5467f6012d78d1c446145d5f582da6096f852ae8,train/Apple Scab Leaf/scab-venturia-inaequalis-development-of-disease-on-the-stem-upper-B359MJ.jpg,data/raw/plantdoc/train/Apple Scab Leaf/scab-venturia-inaequalis-development-of-disease-on-the-stem-upper-B359MJ.jpg,c0ae8a80935402019958c2028363b550f6f4113eca04d78b064d9362d61267b9,c0ae8a80935402019958c2028363b550f6f4113eca04d78b064d9362d61267b9,142842,1300,960,RGB,train,Apple Scab Leaf,,materialized,
5467f6012d78d1c446145d5f582da6096f852ae8,train/Apple Scab Leaf/scab_large.jpg,data/raw/plantdoc/train/Apple Scab Leaf/scab_large.jpg,aa7c3abdc10f615356782c04af35a6cbd28db693bab86dea5aedee2ea2a54222,aa7c3abdc10f615356782c04af35a6cbd28db693bab86dea5aedee2ea2a54222,130504,914,1200,RGB,train,Apple Scab Leaf,,materialized,
5467f6012d78d1c446145d5f582da6096f852ae8,train/Apple Scab Leaf/scab_on_leaf.jpg,data/raw/plantdoc/train/Apple Scab Leaf/scab_on_leaf.jpg,3971421e55a4e29d5e0db7584f2cd61938aa3099cdd78b14b57af9dad7ca9b36,3971421e55a4e29d5e0db7584f2cd61938aa3099cdd78b14b57af9dad7ca9b36,21884,119,200,RGB,train,Apple Scab Leaf,,materialized,
5467f6012d78d1c446145d5f582da6096f852ae8,train/Apple Scab Leaf/schurft.jpg,data/raw/plantdoc/train/Apple Scab Leaf/schurft.jpg,a11471891ea35fee4f273686e720125e6f16a677fe5fe4d76ac56e71a2a12937,a11471891ea35fee4f273686e720125e6f16a677fe5fe4d76ac56e71a2a12937,80170,460,321,RGB,train,Apple Scab Leaf,,materialized,
5467f6012d78d1c446145d5f582da6096f852ae8,train/Apple Scab Leaf/seriously-unwell-apple-tree-fruit-brown-and-split-yellow-spots-on-leaves-scab-P67H27.jpg,data/raw/plantdoc/train/Apple Scab Leaf/seriously-unwell-apple-tree-fruit-brown-and-split-yellow-spots-on-leaves-scab-P67H27.jpg,77897137f315bfa1db155e18e4b0030bac773c4c239ef80602ab646753fa8945,77897137f315bfa1db155e18e4b0030bac773c4c239ef80602ab646753fa8945,135120,1300,1203,RGB,train,Apple Scab Leaf,,materialized,
5467f6012d78d1c446145d5f582da6096f852ae8,train/Apple Scab Leaf/venturia.jpg,data/raw/plantdoc/train/Apple Scab Leaf/venturia.jpg,da179947710785cca1e21fbc6dea1019743553a651a5fbddef50a62b855ef713,da179947710785cca1e21fbc6dea1019743553a651a5fbddef50a62b855ef713,369783,640,430,RGB,train,Apple Scab Leaf,,materialized,
5467f6012d78d1c446145d5f582da6096f852ae8,train/Apple leaf/20130519yellowingappleleaves.jpg,data/raw/plantdoc/train/Apple leaf/20130519yellowingappleleaves.jpg,042c494d1269cbd01f19abac55767e331b6c70f9e45b4a56918fcb734ead4cc3,042c494d1269cbd01f19abac55767e331b6c70f9e45b4a56918fcb734ead4cc3,130091,400,300,RGB,train,Apple leaf,,materialized,
5467f6012d78d1c446145d5f582da6096f852ae8,train/Apple leaf/2017-09-23-07-48-04.jpg,data/raw/plantdoc/train/Apple leaf/2017-09-23-07-48-04.jpg,49c89db2ce84744a9c75dfbdd5ced9908adbe058a69b469db9ee73acda29a06d,49c89db2ce84744a9c75dfbdd5ced9908adbe058a69b469db9ee73acda29a06d,254361,2016,1344,RGB,train,Apple leaf,,materialized,
5467f6012d78d1c446145d5f582da6096f852ae8,train/Apple leaf/4633813-sweet-apple-with-leaf.jpg,data/raw/plantdoc/train/Apple leaf/4633813-sweet-apple-with-leaf.jpg,b212583a13116214c67291bd9c56dc8f06fdda1a941a50e07003a2478945ba83,b212583a13116214c67291bd9c56dc8f06fdda1a941a50e07003a2478945ba83,71495,800,640,RGB,train,Apple leaf,,materialized,
5467f6012d78d1c446145d5f582da6096f852ae8,train/Apple leaf/Apple-Leaves-Diabetes.jpg,data/raw/plantdoc/train/Apple leaf/Apple-Leaves-Diabetes.jpg,25d36f499f8e21d58710e83d534eae8946bd651c85dc05f2913b96c5bc1e058a,25d36f499f8e21d58710e83d534eae8946bd651c85dc05f2913b96c5bc1e058a,70413,800,571,RGB,train,Apple leaf,,materialized,
5467f6012d78d1c446145d5f582da6096f852ae8,train/Apple leaf/AppleLeavesInRain.jpg,data/raw/plantdoc/train/Apple leaf/AppleLeavesInRain.jpg,5cf8134d8eb0f1f67e47084ea2ce4d901534cf2131c0cc4e5164eb2af44c7999,5cf8134d8eb0f1f67e47084ea2ce4d901534cf2131c0cc4e5164eb2af44c7999,263202,800,1025,RGB,train,Apple leaf,,materialized,
5467f6012d78d1c446145d5f582da6096f852ae8,train/Apple leaf/Apple_tree_leaf_J1.jpg,data/raw/plantdoc/train/Apple leaf/Apple_tree_leaf_J1.jpg,126f2d942d19ea9ed330dad07edfd04d99f875b5335cd66bc17d1a0c490f31de,126f2d942d19ea9ed330dad07edfd04d99f875b5335cd66bc17d1a0c490f31de,8881116,3940,2720,RGB,train,Apple leaf,,materialized,
5467f6012d78d1c446145d5f582da6096f852ae8,train/Apple leaf/CRABAPPLE2_leaves.jpg,data/raw/plantdoc/train/Apple leaf/CRABAPPLE2_leaves.jpg,656da038e40c40317431febc37a8f550854ec27aa9f2a9e9c291ed74a89bfd2c,656da038e40c40317431febc37a8f550854ec27aa9f2a9e9c291ed74a89bfd2c,100089,802,602,RGB,train,Apple leaf,,materialized,
5467f6012d78d1c446145d5f582da6096f852ae8,train/Apple leaf/CRABAPPLE3_leaves.jpg,data/raw/plantdoc/train/Apple leaf/CRABAPPLE3_leaves.jpg,e6d5b7a4028836ae2d19145999485c68c3b10e3e30b645dde1a06ad09105bb44,e6d5b7a4028836ae2d19145999485c68c3b10e3e30b645dde1a06ad09105bb44,90705,802,602,RGB,train,Apple leaf,,materialized,
5467f6012d78d1c446145d5f582da6096f852ae8,train/Apple leaf/CRABAPPLE_leaves.jpg,data/raw/plantdoc/train/Apple leaf/CRABAPPLE_leaves.jpg,b41352bb861923bd3916f1b53f33e786e5f23530c23b9e1ffa2932cbbccfdb45,b41352bb861923bd3916f1b53f33e786e5f23530c23b9e1ffa2932cbbccfdb45,94835,802,602,RGB,train,Apple leaf,,materialized,
5467f6012d78d1c446145d5f582da6096f852ae8,train/Apple leaf/Crab-Apple-%28Malus-Sylvestris%29-Leaf.jpg,data/raw/plantdoc/train/Apple leaf/Crab-Apple-%28Malus-Sylvestris%29-Leaf.jpg,4fba8727e6bc885592cdea47865f6eb4a1371cf52a3a96e5fd5e2b7f0b66830e,4fba8727e6bc885592cdea47865f6eb4a1371cf52a3a96e5fd5e2b7f0b66830e,150009,1000,1000,RGB,train,Apple leaf,,materialized,
5467f6012d78d1c446145d5f582da6096f852ae8,train/Apple leaf/Dwarf-Apple-Pink-Lady-2545.jpeg.jpg,data/raw/plantdoc/train/Apple leaf/Dwarf-Apple-Pink-Lady-2545.jpeg.jpg,1a683b051f9a76d5ebac4578af1a853ce7fd4272801f5015d1c1d6a3b6adb794,1a683b051f9a76d5ebac4578af1a853ce7fd4272801f5015d1c1d6a3b6adb794,64899,448,600,RGB,train,Apple leaf,,materialized,
5467f6012d78d1c446145d5f582da6096f852ae8,train/Apple leaf/June%2B2010%2B022.JPG.jpg,data/raw/plantdoc/train/Apple leaf/June%2B2010%2B022.JPG.jpg,7fdc317e6da7505dcb46754b12dfd1063bf02a85e9d96917d1fe37fbf9b41edf,7fdc317e6da7505dcb46754b12dfd1063bf02a85e9d96917d1fe37fbf9b41edf,107265,1063,1600,RGB,train,Apple leaf,,materialized,
5467f6012d78d1c446145d5f582da6096f852ae8,train/Apple leaf/Malus+sylvestris+-+Crab+Apple+04.jpg,data/raw/plantdoc/train/Apple leaf/Malus+sylvestris+-+Crab+Apple+04.jpg,768acc5648de8bb113af22bd64e784281363d84d7551c2d463acf22fcc9ec746,768acc5648de8bb113af22bd64e784281363d84d7551c2d463acf22fcc9ec746,302128,1440,1484,RGB,train,Apple leaf,,materialized,
5467f6012d78d1c446145d5f582da6096f852ae8,train/Apple leaf/apple-tree-branch-blossom-plant-fruit-berry-leaf-flower-food-green-produce-evergreen-flora-sad-shrub-apples-branch-with-apples-flowering-plant-rose-family-acerola-malpighia-woody-plant-land-plant-928225.jpg,data/raw/plantdoc/train/Apple leaf/apple-tree-branch-blossom-plant-fruit-berry-leaf-flower-food-green-produce-evergreen-flora-sad-shrub-apples-branch-with-apples-flowering-plant-rose-family-acerola-malpighia-woody-plant-land-plant-928225.jpg,e52a82c951cc29dbc07eeadaa8044a57977acf0f3cfd95df6cda85ecc7dd427e,e52a82c951cc29dbc07eeadaa8044a57977acf0f3cfd95df6cda85ecc7dd427e,4020157,2848,4288,RGB,train,Apple leaf,,materialized,
5467f6012d78d1c446145d5f582da6096f852ae8,train/Apple leaf/apple-tree-branch-green-leaves-fresh-isolated-white-background-33032922.jpg,data/raw/plantdoc/train/Apple leaf/apple-tree-branch-green-leaves-fresh-isolated-white-background-33032922.jpg,8d2406c62b85ce77c5f8b4365f199394e2dc0b381776c891d88130f158e06c4d,8d2406c62b85ce77c5f8b4365f199394e2dc0b381776c891d88130f158e06c4d,137045,966,1300,RGB,train,Apple leaf,,materialized,
5467f6012d78d1c446145d5f582da6096f852ae8,train/Apple leaf/apple-tree-branch-green-leaves-fresh-isolated-white-background-33032924.jpg,data/raw/plantdoc/train/Apple leaf/apple-tree-branch-green-leaves-fresh-isolated-white-background-33032924.jpg,f9904c551eb30a96346267050895d8e46e6ae7be454d63a80c74c0c7de5b32b3,f9904c551eb30a96346267050895d8e46e6ae7be454d63a80c74c0c7de5b32b3,184124,1300,957,RGB,train,Apple leaf,,materialized,
5467f6012d78d1c446145d5f582da6096f852ae8,train/Apple leaf/apple-tree-branch-plant-fruit-leaf-flower-food-green-produce-flora-immature-apple-tree-flowering-plant-wild-apple-tree-apple-gear-land-plant-606389.jpg,data/raw/plantdoc/train/Apple leaf/apple-tree-branch-plant-fruit-leaf-flower-food-green-produce-flora-immature-apple-tree-flowering-plant-wild-apple-tree-apple-gear-land-plant-606389.jpg,af5db389e972445416fc4c5acb49588b268bc2c57082993dd88ff5b230a59a47,af5db389e972445416fc4c5acb49588b268bc2c57082993dd88ff5b230a59a47,1979508,4272,2848,RGB,train,Apple leaf,,materialized,
5467f6012d78d1c446145d5f582da6096f852ae8,train/Apple leaf/apple-tree-leaf-curl-apple-tree-leaf-curl-aphids-apple-tree-leaves-curling-too-much-water.jpg,data/raw/plantdoc/train/Apple leaf/apple-tree-leaf-curl-apple-tree-leaf-curl-aphids-apple-tree-leaves-curling-too-much-water.jpg,2716f57a77ebff6e90c2557a461db80ce096072009f99e03dc3531c6cd56216f,2716f57a77ebff6e90c2557a461db80ce096072009f99e03dc3531c6cd56216f,113845,690,920,RGB,train,Apple leaf,,materialized,
5467f6012d78d1c446145d5f582da6096f852ae8,train/Apple leaf/apple-tree-leaves.jpg,data/raw/plantdoc/train/Apple leaf/apple-tree-leaves.jpg,fd78b5465bbef6d34b86805a9270c07b4356380ea3cb2c4ba51368eda95b641c,fd78b5465bbef6d34b86805a9270c07b4356380ea3cb2c4ba51368eda95b641c,72749,618,481,RGB,train,Apple leaf,,materialized,
5467f6012d78d1c446145d5f582da6096f852ae8,train/Apple leaf/appleleaf+trial+007.JPG.jpg,data/raw/plantdoc/train/Apple leaf/appleleaf+trial+007.JPG.jpg,700d2c5ad408c6315097321b780b21014c78c156f91461e0c6366dfd57ba6ead,700d2c5ad408c6315097321b780b21014c78c156f91461e0c6366dfd57ba6ead,171028,1200,630,RGB,train,Apple leaf,,materialized,
5467f6012d78d1c446145d5f582da6096f852ae8,train/Apple leaf/apples_silver-leaf_04_zoom.jpg,data/raw/plantdoc/train/Apple leaf/apples_silver-leaf_04_zoom.jpg,baf6b575a7c4bc7786353a1d920a3df1198d9017383b18426e60e61e90ce6189,baf6b575a7c4bc7786353a1d920a3df1198d9017383b18426e60e61e90ce6189,112504,900,583,RGB,train,Apple leaf,,materialized,
5467f6012d78d1c446145d5f582da6096f852ae8,train/Apple leaf/autumn-red-apple-leaves.jpg,data/raw/plantdoc/train/Apple leaf/autumn-red-apple-leaves.jpg,a576a0f9529d27c7226bcf911f5b85377212c1f3828310c9d9b6b71f1300b642,a576a0f9529d27c7226bcf911f5b85377212c1f3828310c9d9b6b71f1300b642,116720,466,700,RGB,train,Apple leaf,,materialized,
5467f6012d78d1c446145d5f582da6096f852ae8,train/Apple leaf/bright-red-crab-apple-fruit-malus-john-downie-on-the-tree-in-late-KH3WRX.jpg,data/raw/plantdoc/train/Apple leaf/bright-red-crab-apple-fruit-malus-john-downie-on-the-tree-in-late-KH3WRX.jpg,b4ee959c70cca6cb83985f8dc4424a8850bc9874bbdea4851fdd591fa67e3f7e,b4ee959c70cca6cb83985f8dc4424a8850bc9874bbdea4851fdd591fa67e3f7e,166243,1300,957,RGB,train,Apple leaf,,materialized,
5467f6012d78d1c446145d5f582da6096f852ae8,train/Apple leaf/closeup-red-apple-fruit-leaf-isolated-white-background-57605895.jpg,data/raw/plantdoc/train/Apple leaf/closeup-red-apple-fruit-leaf-isolated-white-background-57605895.jpg,9c5f18a31156f524ca2099bb869a0da9ac33a99aeec4b0197d96c9b1af95990f,9c5f18a31156f524ca2099bb869a0da9ac33a99aeec4b0197d96c9b1af95990f,165250,1300,1390,RGB,train,Apple leaf,,materialized,
5467f6012d78d1c446145d5f582da6096f852ae8,train/Apple leaf/crab_apple_03_leaves.jpg,data/raw/plantdoc/train/Apple leaf/crab_apple_03_leaves.jpg,37f47dd0d47beb8505434383e35cdc6bd953cad9526657990239019b0dc6b4e9,37f47dd0d47beb8505434383e35cdc6bd953cad9526657990239019b0dc6b4e9,697761,800,752,RGB,train,Apple leaf,,materialized,
5467f6012d78d1c446145d5f582da6096f852ae8,train/Apple leaf/depositphotos_27383223-stock-photo-apple-leaves.jpg,data/raw/plantdoc/train/Apple leaf/depositphotos_27383223-stock-photo-apple-leaves.jpg,875ff171f97f298aa941aa4b5e723d46c38b0947a1ba5d1af0375d76eea619f3,875ff171f97f298aa941aa4b5e723d46c38b0947a1ba5d1af0375d76eea619f3,155456,1024,1024,RGB,train,Apple leaf,,materialized,
5467f6012d78d1c446145d5f582da6096f852ae8,train/Apple leaf/depositphotos_30057617-Green-leaf-of-apple-tree.jpg,data/raw/plantdoc/train/Apple leaf/depositphotos_30057617-Green-leaf-of-apple-tree.jpg,8f138f42b89fd37fdadf24cb1af94d01360bf9748b4d0cf9a467e9d45aee8a54,8f138f42b89fd37fdadf24cb1af94d01360bf9748b4d0cf9a467e9d45aee8a54,121837,682,1023,RGB,train,Apple leaf,,materialized,
5467f6012d78d1c446145d5f582da6096f852ae8,train/Apple leaf/depositphotos_4505396-Green-apple-leaf.jpg,data/raw/plantdoc/train/Apple leaf/depositphotos_4505396-Green-apple-leaf.jpg,0f66980b44992ab4a7137123ff3f20761572363372d186950ea5400d87b6bc87,0f66980b44992ab4a7137123ff3f20761572363372d186950ea5400d87b6bc87,127804,1023,682,RGB,train,Apple leaf,,materialized,
5467f6012d78d1c446145d5f582da6096f852ae8,train/Apple leaf/depositphotos_45748597-stock-photo-ripe-apple-with-leaf.jpg,data/raw/plantdoc/train/Apple leaf/depositphotos_45748597-stock-photo-ripe-apple-with-leaf.jpg,425ae277558dec7e8867853fb0acbcef2656b8e8cf746d3fc2771130bb73382c,425ae277558dec7e8867853fb0acbcef2656b8e8cf746d3fc2771130bb73382c,85967,1016,1023,RGB,train,Apple leaf,,materialized,
5467f6012d78d1c446145d5f582da6096f852ae8,train/Apple leaf/depositphotos_55202179-stock-photo-green-apple-with-leaf-and.jpg,data/raw/plantdoc/train/Apple leaf/depositphotos_55202179-stock-photo-green-apple-with-leaf-and.jpg,dd588b7bac18956540afc6f3936791aea133df73813eead1161b2d584b95c49f,dd588b7bac18956540afc6f3936791aea133df73813eead1161b2d584b95c49f,26256,450,450,RGB,train,Apple leaf,,materialized,
5467f6012d78d1c446145d5f582da6096f852ae8,train/Apple leaf/depositphotos_56066889-stock-photo-apple-with-leaf.jpg,data/raw/plantdoc/train/Apple leaf/depositphotos_56066889-stock-photo-apple-with-leaf.jpg,11e99b6916a27656ee527644d56e2b595aad26b13a342f4dac6ad36d4fcde480,11e99b6916a27656ee527644d56e2b595aad26b13a342f4dac6ad36d4fcde480,19709,447,450,RGB,train,Apple leaf,,materialized,
5467f6012d78d1c446145d5f582da6096f852ae8,train/Apple leaf/depositphotos_6657863-stock-photo-single-red-apple-with-leaf.jpg,data/raw/plantdoc/train/Apple leaf/depositphotos_6657863-stock-photo-single-red-apple-with-leaf.jpg,fb5c1bc0761f6738948a88d5de6400677f3a9fa9f1f5ed5384fbb64712b3a444,fb5c1bc0761f6738948a88d5de6400677f3a9fa9f1f5ed5384fbb64712b3a444,20372,450,424,RGB,train,Apple leaf,,materialized,
5467f6012d78d1c446145d5f582da6096f852ae8,"train/Apple leaf/flat,1000x1000,075,f.u2.jpg","data/raw/plantdoc/train/Apple leaf/flat,1000x1000,075,f.u2.jpg",3f623bd114fb79e168a3f3b288d3ee82471de9012addaa83fc74587efa662ac1,3f623bd114fb79e168a3f3b288d3ee82471de9012addaa83fc74587efa662ac1,144160,1000,878,RGB,train,Apple leaf,,materialized,
5467f6012d78d1c446145d5f582da6096f852ae8,train/Apple leaf/fresh-wet-green-apple-leaf-water-drops-isolated-white-background-31353097.jpg,data/raw/plantdoc/train/Apple leaf/fresh-wet-green-apple-leaf-water-drops-isolated-white-background-31353097.jpg,b27d33ca3e24e8dd89e9f36ff89b634a0118e2f968f0a501176560a0f05002d9,b27d33ca3e24e8dd89e9f36ff89b634a0118e2f968f0a501176560a0f05002d9,316658,1225,1300,RGB,train,Apple leaf,,materialized,
5467f6012d78d1c446145d5f582da6096f852ae8,train/Apple leaf/fruit_apple_apple-tree_wallpaper_EA60026.jpg,data/raw/plantdoc/train/Apple leaf/fruit_apple_apple-tree_wallpaper_EA60026.jpg,638353f0a8a8a555ab1fa6d26430f88f8ee1b23cac80bba612a3dcdb176c79b2,638353f0a8a8a555ab1fa6d26430f88f8ee1b23cac80bba612a3dcdb176c79b2,236158,1024,768,RGB,train,Apple leaf,,materialized,
5467f6012d78d1c446145d5f582da6096f852ae8,train/Apple leaf/green-apple-fruits-leaf-16266077.jpg,data/raw/plantdoc/train/Apple leaf/green-apple-fruits-leaf-16266077.jpg,7ab840d017ebdf580b242733281c56f1486ea91d1553f6408a592702be56adb3,7ab840d017ebdf580b242733281c56f1486ea91d1553f6408a592702be56adb3,100067,1275,1300,RGB,train,Apple leaf,,materialized,
5467f6012d78d1c446145d5f582da6096f852ae8,train/Apple leaf/green-apple-fruits-leaf-25050127.jpg,data/raw/plantdoc/train/Apple leaf/green-apple-fruits-leaf-25050127.jpg,9b5d24ef6d7ddbcc3dde400e629ce969796987daa656a2b7258183cf692a77ea,9b5d24ef6d7ddbcc3dde400e629ce969796987daa656a2b7258183cf692a77ea,133719,1300,1380,RGB,train,Apple leaf,,materialized,
5467f6012d78d1c446145d5f582da6096f852ae8,train/Apple leaf/green-apple-leaf-26110796.jpg,data/raw/plantdoc/train/Apple leaf/green-apple-leaf-26110796.jpg,dd31b66204cb00d9cefe1fd2507e75dee0360b8c945cee5bd2076005a058e3b4,dd31b66204cb00d9cefe1fd2507e75dee0360b8c945cee5bd2076005a058e3b4,109126,1056,1300,RGB,train,Apple leaf,,materialized,
5467f6012d78d1c446145d5f582da6096f852ae8,train/Apple leaf/green-apple-leaf-cut-white-ripe-background-clipping-path-42422046.jpg,data/raw/plantdoc/train/Apple leaf/green-apple-leaf-cut-white-ripe-background-clipping-path-42422046.jpg,bd7683a5195112218f1059bd88e75d2bcb198db454680c1f7a4137ffd4ef358e,bd7683a5195112218f1059bd88e75d2bcb198db454680c1f7a4137ffd4ef358e,148170,1300,1217,RGB,train,Apple leaf,,materialized,
5467f6012d78d1c446145d5f582da6096f852ae8,train/Apple leaf/green-apple-leaf-slice-isolated-white-ripe-background-clipping-path-42352971.jpg,data/raw/plantdoc/train/Apple leaf/green-apple-leaf-slice-isolated-white-ripe-background-clipping-path-42352971.jpg,0ca57fb7d9c6fce9e4344baaf9c9069c0335daf3681a4f8be0ef81e9f53b80bd,0ca57fb7d9c6fce9e4344baaf9c9069c0335daf3681a4f8be0ef81e9f53b80bd,116329,1300,1083,RGB,train,Apple leaf,,materialized,
5467f6012d78d1c446145d5f582da6096f852ae8,train/Apple leaf/green-apple-leaf-slice-isolated-white-ripe-background-clipping-path-44598638.jpg,data/raw/plantdoc/train/Apple leaf/green-apple-leaf-slice-isolated-white-ripe-background-clipping-path-44598638.jpg,0d06af331beac2152035652f932e71bddfca632e2b68ec6099ed19d0e1f15116,0d06af331beac2152035652f932e71bddfca632e2b68ec6099ed19d0e1f15116,127611,1300,1135,RGB,train,Apple leaf,,materialized,
5467f6012d78d1c446145d5f582da6096f852ae8,train/Apple leaf/green-apple-leaf-slice-isolated-white-ripe-background-clipping-path-45471482.jpg,data/raw/plantdoc/train/Apple leaf/green-apple-leaf-slice-isolated-white-ripe-background-clipping-path-45471482.jpg,cb133cc72c32093b7680bc46c92138fdbe91a0b320cfc9dcac09df78d1c80731,cb133cc72c32093b7680bc46c92138fdbe91a0b320cfc9dcac09df78d1c80731,168888,1300,1390,RGB,train,Apple leaf,,materialized,
5467f6012d78d1c446145d5f582da6096f852ae8,train/Apple leaf/green-apple-leaf-white-background-33503979.jpg,data/raw/plantdoc/train/Apple leaf/green-apple-leaf-white-background-33503979.jpg,bce97baf47d340c4f2db2739b96573964b91d368e5f62f4cb2c83fd5dbfa9484,bce97baf47d340c4f2db2739b96573964b91d368e5f62f4cb2c83fd5dbfa9484,148288,1300,1137,RGB,train,Apple leaf,,materialized,
5467f6012d78d1c446145d5f582da6096f852ae8,train/Apple leaf/green-leaf-apple-tree-14300049.jpg,data/raw/plantdoc/train/Apple leaf/green-leaf-apple-tree-14300049.jpg,60a3928ca7e1856fe3787f246793db6acad0587a74288937b8dd6feeb40f1698,60a3928ca7e1856fe3787f246793db6acad0587a74288937b8dd6feeb40f1698,152147,955,1300,RGB,train,Apple leaf,,materialized,
5467f6012d78d1c446145d5f582da6096f852ae8,train/Apple leaf/green-leaf-apple-tree-isolated-white-background-33032695.jpg,data/raw/plantdoc/train/Apple leaf/green-leaf-apple-tree-isolated-white-background-33032695.jpg,60cad750de450fc03132efca9546fa18dc0e94c3440e34fe9bfacacbf4966e42,60cad750de450fc03132efca9546fa18dc0e94c3440e34fe9bfacacbf4966e42,174643,1300,967,RGB,train,Apple leaf,,materialized,
5467f6012d78d1c446145d5f582da6096f852ae8,train/Apple leaf/green-leaf-picture-id177130309?b=1&k=6&m=177130309&s=612x612&w=0&h=VP3U0AM5j0fvQqOwuI5f7cmb2Ji88mVep0eoXQaJRfs=.jpg,data/raw/plantdoc/train/Apple leaf/green-leaf-picture-id177130309?b=1&k=6&m=177130309&s=612x612&w=0&h=VP3U0AM5j0fvQqOwuI5f7cmb2Ji88mVep0eoXQaJRfs=.jpg,3be0a0af905f5adee78fa2ecff5ea266280f2ad71e1dac1d1ad44625146028b3,3be0a0af905f5adee78fa2ecff5ea266280f2ad71e1dac1d1ad44625146028b3,56948,612,408,RGB,train,Apple leaf,,materialized,
5467f6012d78d1c446145d5f582da6096f852ae8,train/Apple leaf/grow-an-apple-tree-from-seed-in-singapore-img5.jpg,data/raw/plantdoc/train/Apple leaf/grow-an-apple-tree-from-seed-in-singapore-img5.jpg,027582ee39bc1459608593b2f271c7f3154a9b57a205050e09634a6f5d81aee0,027582ee39bc1459608593b2f271c7f3154a9b57a205050e09634a6f5d81aee0,1019384,3033,2191,RGB,train,Apple leaf,,materialized,
5467f6012d78d1c446145d5f582da6096f852ae8,train/Apple leaf/leaf-apple-tree-one-green-isolated-41556482.jpg,data/raw/plantdoc/train/Apple leaf/leaf-apple-tree-one-green-isolated-41556482.jpg,b9c52da30d8de9242414f288edd23857532ae9114087c3e59913a5b384bc9370,b9c52da30d8de9242414f288edd23857532ae9114087c3e59913a5b384bc9370,117852,1371,1300,RGB,train,Apple leaf,,materialized,
5467f6012d78d1c446145d5f582da6096f852ae8,train/Apple leaf/leaves-isolated-on-white-background-picture-id537925565?k=6&m=537925565&s=612x612&w=0&h=Ogzc4YHTI4i4q9aiTIG6Zq2sAMv6xTKiDlCmYANlzK8=.jpg,data/raw/plantdoc/train/Apple leaf/leaves-isolated-on-white-background-picture-id537925565?k=6&m=537925565&s=612x612&w=0&h=Ogzc4YHTI4i4q9aiTIG6Zq2sAMv6xTKiDlCmYANlzK8=.jpg,48ec650aef488dee064104304d2a4c9f904a90357bbee6870eb3d608b76e6d55,48ec650aef488dee064104304d2a4c9f904a90357bbee6870eb3d608b76e6d55,62547,612,612,RGB,train,Apple leaf,,materialized,
5467f6012d78d1c446145d5f582da6096f852ae8,train/Apple leaf/malus-floribunda-le-amoro2-a.jpg,data/raw/plantdoc/train/Apple leaf/malus-floribunda-le-amoro2-a.jpg,5f1bbe8c70d58f4e1f6940fcc33bfb28f64b961e355544f0cc2444fd9980c0b6,5f1bbe8c70d58f4e1f6940fcc33bfb28f64b961e355544f0cc2444fd9980c0b6,147642,1000,797,RGB,train,Apple leaf,,materialized,
5467f6012d78d1c446145d5f582da6096f852ae8,train/Apple leaf/red-apple-green-leaf-isolated-white-background-57496220.jpg,data/raw/plantdoc/train/Apple leaf/red-apple-green-leaf-isolated-white-background-57496220.jpg,ec1f07da29af4812d0abee7b074614de3eba0c73b302bd6daf56bee9a6746ccc,ec1f07da29af4812d0abee7b074614de3eba0c73b302bd6daf56bee9a6746ccc,175321,1249,1300,RGB,train,Apple leaf,,materialized,
5467f6012d78d1c446145d5f582da6096f852ae8,train/Apple leaf/red-apple-leaf-slice-white-background-29914331.jpg,data/raw/plantdoc/train/Apple leaf/red-apple-leaf-slice-white-background-29914331.jpg,898bafa6a392794d417d91cef8088fe78e2372db508539eccd259c2b42329a1a,898bafa6a392794d417d91cef8088fe78e2372db508539eccd259c2b42329a1a,405621,1300,1012,RGB,train,Apple leaf,,materialized,
5467f6012d78d1c446145d5f582da6096f852ae8,train/Apple leaf/red-apple-leaves-309078.jpg,data/raw/plantdoc/train/Apple leaf/red-apple-leaves-309078.jpg,2a42229abdcdae25b98342e09ca3f138d75065eac96e9339c9f254ffbc625723,2a42229abdcdae25b98342e09ca3f138d75065eac96e9339c9f254ffbc625723,219804,957,1300,RGB,train,Apple leaf,,materialized,
5467f6012d78d1c446145d5f582da6096f852ae8,train/Apple leaf/red-apple-one-leaf-13226302.jpg,data/raw/plantdoc/train/Apple leaf/red-apple-one-leaf-13226302.jpg,50d7d6e707285ec90b916fc7e9afb37491e66d29f89ad59673bb6905f7313f9f,50d7d6e707285ec90b916fc7e9afb37491e66d29f89ad59673bb6905f7313f9f,134640,1300,1194,RGB,train,Apple leaf,,materialized,
5467f6012d78d1c446145d5f582da6096f852ae8,train/Apple leaf/ripe-red-apple-with-green-leaf-isolated-on-white-picture-id184640296?s=612x612.jpg,data/raw/plantdoc/train/Apple leaf/ripe-red-apple-with-green-leaf-isolated-on-white-picture-id184640296?s=612x612.jpg,aae835b54a26274ba919a959335a81e7034a54242740863be0705f192bbe77ce,aae835b54a26274ba919a959335a81e7034a54242740863be0705f192bbe77ce,26136,612,603,RGB,train,Apple leaf,,materialized,
5467f6012d78d1c446145d5f582da6096f852ae8,train/Apple leaf/ripe-red-apple-with-leaf-picture-id117485645?b=1&k=6&m=117485645&s=612x612&w=0&h=Ii96HYzF-2E5ky-IcXbVhvEFvU28o0rlkwagb7T6LhY=.jpg,data/raw/plantdoc/train/Apple leaf/ripe-red-apple-with-leaf-picture-id117485645?b=1&k=6&m=117485645&s=612x612&w=0&h=Ii96HYzF-2E5ky-IcXbVhvEFvU28o0rlkwagb7T6LhY=.jpg,dbabc35b2c20160f610901a5dfb6823b2e07c0a61dcc338cde1f54528afd0eb3,dbabc35b2c20160f610901a5dfb6823b2e07c0a61dcc338cde1f54528afd0eb3,27509,612,428,RGB,train,Apple leaf,,materialized,
5467f6012d78d1c446145d5f582da6096f852ae8,train/Apple leaf/shiny-red-apple-green-leaf-isolated-white-background-56202743.jpg,data/raw/plantdoc/train/Apple leaf/shiny-red-apple-green-leaf-isolated-white-background-56202743.jpg,88cb3ee75ba3f7d4a66decf6a18295d35e153738b5b00800c868522f6ef211d2,88cb3ee75ba3f7d4a66decf6a18295d35e153738b5b00800c868522f6ef211d2,188829,1383,1300,RGB,train,Apple leaf,,materialized,
5467f6012d78d1c446145d5f582da6096f852ae8,train/Apple leaf/stock-photo-apple-leaf-isolated-on-white-background-287560226.jpg,data/raw/plantdoc/train/Apple leaf/stock-photo-apple-leaf-isolated-on-white-background-287560226.jpg,500c1359d80ef6d5c97f5c1413ba14a9e5cadd05a6816634cdb110ebae91e2a6,500c1359d80ef6d5c97f5c1413ba14a9e5cadd05a6816634cdb110ebae91e2a6,42440,450,360,RGB,train,Apple leaf,,materialized,
5467f6012d78d1c446145d5f582da6096f852ae8,train/Apple leaf/stock-photo-apple-leaf-set-isolated-on-white-background-300957002.jpg,data/raw/plantdoc/train/Apple leaf/stock-photo-apple-leaf-set-isolated-on-white-background-300957002.jpg,b2fc37c6be612b2aaf5eab1be46e45840e7ea058b3dad085bedbf0a8f7559505,b2fc37c6be612b2aaf5eab1be46e45840e7ea058b3dad085bedbf0a8f7559505,40294,450,331,RGB,train,Apple leaf,,materialized,
5467f6012d78d1c446145d5f582da6096f852ae8,train/Apple leaf/stock-photo-apple-leaves-collection-isolated-on-white-background-373945045.jpg,data/raw/plantdoc/train/Apple leaf/stock-photo-apple-leaves-collection-isolated-on-white-background-373945045.jpg,6b47897ffd316e2df1247ba213b2fd9e8136c38003781152e1e5820c4a297d05,6b47897ffd316e2df1247ba213b2fd9e8136c38003781152e1e5820c4a297d05,59163,450,435,RGB,train,Apple leaf,,materialized,
5467f6012d78d1c446145d5f582da6096f852ae8,train/Apple leaf/stock-photo-apple-leaves-isolated-on-a-white-background-leaf-from-an-apple-tree-cut-from-background-520909219.jpg,data/raw/plantdoc/train/Apple leaf/stock-photo-apple-leaves-isolated-on-a-white-background-leaf-from-an-apple-tree-cut-from-background-520909219.jpg,8d16827fb5981617d0995266f5507507e9fe2411a16d975f7114da563ed9a147,8d16827fb5981617d0995266f5507507e9fe2411a16d975f7114da563ed9a147,33199,450,358,RGB,train,Apple leaf,,materialized,
5467f6012d78d1c446145d5f582da6096f852ae8,train/Apple leaf/stock-photo-apple-leaves-isolated-on-the-white-background-729570907.jpg,data/raw/plantdoc/train/Apple leaf/stock-photo-apple-leaves-isolated-on-the-white-background-729570907.jpg,c1df7c3d5fbd0c5de1f7b783a77d8819baeb22b37de613d1d15655a3151ec195,c1df7c3d5fbd0c5de1f7b783a77d8819baeb22b37de613d1d15655a3151ec195,31222,450,378,RGB,train,Apple leaf,,materialized,
5467f6012d78d1c446145d5f582da6096f852ae8,train/Apple leaf/stock-photo-apple-leaves-isolated-on-white-background-232913425.jpg,data/raw/plantdoc/train/Apple leaf/stock-photo-apple-leaves-isolated-on-white-background-232913425.jpg,fa1fa8eb008b33fe2aa3b6313d18172539d2338d73a7ba7b61503ef366514d33,fa1fa8eb008b33fe2aa3b6313d18172539d2338d73a7ba7b61503ef366514d33,52943,450,392,RGB,train,Apple leaf,,materialized,
5467f6012d78d1c446145d5f582da6096f852ae8,train/Apple leaf/stock-photo-apple-leaves-isolated-on-white-background-295979933.jpg,data/raw/plantdoc/train/Apple leaf/stock-photo-apple-leaves-isolated-on-white-background-295979933.jpg,4fc060d1fe9f1c31ef60247346ac400a4fabebb7f73cca7785191f56f450700e,4fc060d1fe9f1c31ef60247346ac400a4fabebb7f73cca7785191f56f450700e,53480,450,470,RGB,train,Apple leaf,,materialized,
5467f6012d78d1c446145d5f582da6096f852ae8,train/Apple leaf/stock-photo-apple-leaves-isolated-on-white-background-326520134.jpg,data/raw/plantdoc/train/Apple leaf/stock-photo-apple-leaves-isolated-on-white-background-326520134.jpg,fedeae85d5ac5e39b6f5f0eba63de7de43143a9828f7d08e0e1c27cd1bb8241b,fedeae85d5ac5e39b6f5f0eba63de7de43143a9828f7d08e0e1c27cd1bb8241b,41326,450,430,RGB,train,Apple leaf,,materialized,
5467f6012d78d1c446145d5f582da6096f852ae8,train/Apple leaf/stock-photo-apple-leaves-isolated-on-white-collection-197880929.jpg,data/raw/plantdoc/train/Apple leaf/stock-photo-apple-leaves-isolated-on-white-collection-197880929.jpg,c003892e6af6bab0df233336605c46766fa1a7ad99ba3ea7394c345205ab0dd3,c003892e6af6bab0df233336605c46766fa1a7ad99ba3ea7394c345205ab0dd3,69310,450,470,RGB,train,Apple leaf,,materialized,
5467f6012d78d1c446145d5f582da6096f852ae8,train/Apple leaf/stock-photo-apple-leaves-set-isolated-on-white-271652246.jpg,data/raw/plantdoc/train/Apple leaf/stock-photo-apple-leaves-set-isolated-on-white-271652246.jpg,5603f35d4b9e1687f7dab3f03cf2497969443d51d8da5075df2b4e849b130d35,5603f35d4b9e1687f7dab3f03cf2497969443d51d8da5075df2b4e849b130d35,47112,450,380,RGB,train,Apple leaf,,materialized,
5467f6012d78d1c446145d5f582da6096f852ae8,train/Apple leaf/stock-photo-apple-tree-leaf-isolated-on-a-white-622503302.jpg,data/raw/plantdoc/train/Apple leaf/stock-photo-apple-tree-leaf-isolated-on-a-white-622503302.jpg,675c4649d143237ca8cd7240c333ac85b682cf785873ee5dcc6e60461984c51b,675c4649d143237ca8cd7240c333ac85b682cf785873ee5dcc6e60461984c51b,40885,440,470,RGB,train,Apple leaf,,materialized,
5467f6012d78d1c446145d5f582da6096f852ae8,train/Apple leaf/stock-photo-fresh-apple-leaf-isolated-on-white-collection-407823346.jpg,data/raw/plantdoc/train/Apple leaf/stock-photo-fresh-apple-leaf-isolated-on-white-collection-407823346.jpg,cfd77bcca9331d528c2003f4060d9b558b285ae304b3d473ef320d2fa9680ed7,cfd77bcca9331d528c2003f4060d9b558b285ae304b3d473ef320d2fa9680ed7,59184,450,470,RGB,train,Apple leaf,,materialized,
5467f6012d78d1c446145d5f582da6096f852ae8,train/Apple leaf/stock-photo-green-apple-leaf-clipping-path-258728936.jpg,data/raw/plantdoc/train/Apple leaf/stock-photo-green-apple-leaf-clipping-path-258728936.jpg,71dc6666eac525752a1d4d8e286a1d278370d98322705f3efb44454e872c21cb,71dc6666eac525752a1d4d8e286a1d278370d98322705f3efb44454e872c21cb,40737,450,365,RGB,train,Apple leaf,,materialized,
5467f6012d78d1c446145d5f582da6096f852ae8,train/Apple leaf/stock-photo-green-apple-leaf-isolated-on-white-with-clipping-path-195130079.jpg,data/raw/plantdoc/train/Apple leaf/stock-photo-green-apple-leaf-isolated-on-white-with-clipping-path-195130079.jpg,ff337957dc98f0f7755c92fce03764d315c148337cb10c589ab94f2cf376e110,ff337957dc98f0f7755c92fce03764d315c148337cb10c589ab94f2cf376e110,37894,450,361,RGB,train,Apple leaf,,materialized,
5467f6012d78d1c446145d5f582da6096f852ae8,train/Apple leaf/stock-photo-green-apple-leaves-on-the-white-background-796491496.jpg,data/raw/plantdoc/train/Apple leaf/stock-photo-green-apple-leaves-on-the-white-background-796491496.jpg,834e487aa269b2e9cf7bda403ba732061b8fdb7ef57e88cac1cdda4bd7d2874f,834e487aa269b2e9cf7bda403ba732061b8fdb7ef57e88cac1cdda4bd7d2874f,171009,450,367,RGB,train,Apple leaf,,materialized,
5467f6012d78d1c446145d5f582da6096f852ae8,train/Apple leaf/stock-photo-isolated-apple-green-granny-smith-apple-with-leaf-isolated-on-white-background-60343762.jpg,data/raw/plantdoc/train/Apple leaf/stock-photo-isolated-apple-green-granny-smith-apple-with-leaf-isolated-on-white-background-60343762.jpg,886f933d733e7e6bfd71ea83dd1b64999a5ffdd14c00b77a8e307ca0d216801f,886f933d733e7e6bfd71ea83dd1b64999a5ffdd14c00b77a8e307ca0d216801f,31086,450,396,RGB,train,Apple leaf,,materialized,
5467f6012d78d1c446145d5f582da6096f852ae8,train/Apple leaf/stock-photo-one-green-leaf-of-apple-tree-isolated-on-white-background-close-up-studio-photography-102522179.jpg,data/raw/plantdoc/train/Apple leaf/stock-photo-one-green-leaf-of-apple-tree-isolated-on-white-background-close-up-studio-photography-102522179.jpg,b3643edbcaf7a875a854531bc4bea0fc5c99cd41e9a78f82a089fe270a4e6ca6,b3643edbcaf7a875a854531bc4bea0fc5c99cd41e9a78f82a089fe270a4e6ca6,37711,450,387,RGB,train,Apple leaf,,materialized,
5467f6012d78d1c446145d5f582da6096f852ae8,train/Apple leaf/stock-photo-red-apple-with-green-leaf-isolated-on-white-background-with-clipping-path-327512429.jpg,data/raw/plantdoc/train/Apple leaf/stock-photo-red-apple-with-green-leaf-isolated-on-white-background-with-clipping-path-327512429.jpg,297857e012243d3f404962faad16f1c234f023e011d2ebc9cd73cf23ec289b95,297857e012243d3f404962faad16f1c234f023e011d2ebc9cd73cf23ec289b95,28694,450,400,RGB,train,Apple leaf,,materialized,
5467f6012d78d1c446145d5f582da6096f852ae8,train/Apple leaf/stock-photo-red-apple-with-leaf-124592107.jpg,data/raw/plantdoc/train/Apple leaf/stock-photo-red-apple-with-leaf-124592107.jpg,1c738982c5c0f9de877c766912c692b4d11c8ec68cb0a04f445ee6f112463545,1c738982c5c0f9de877c766912c692b4d11c8ec68cb0a04f445ee6f112463545,543528,1500,1600,RGB,train,Apple leaf,,materialized,
5467f6012d78d1c446145d5f582da6096f852ae8,train/Apple leaf/stock-photo-red-apple-with-leaf-138430751.jpg,data/raw/plantdoc/train/Apple leaf/stock-photo-red-apple-with-leaf-138430751.jpg,1c442d9bbb74f16f1e10a135982b2b0130d28b2c717ac4415e0ba9764fdf7b46,1c442d9bbb74f16f1e10a135982b2b0130d28b2c717ac4415e0ba9764fdf7b46,36620,441,470,RGB,train,Apple leaf,,materialized,
5467f6012d78d1c446145d5f582da6096f852ae8,train/Apple leaf/stock-photo-red-apple-with-leaves-isolated-on-white-99003845.jpg,data/raw/plantdoc/train/Apple leaf/stock-photo-red-apple-with-leaves-isolated-on-white-99003845.jpg,3f986b9fc4f30d36b91cddc84d31fafffa8d1a20b16ac8c2109c2dbcf6b00a24,3f986b9fc4f30d36b91cddc84d31fafffa8d1a20b16ac8c2109c2dbcf6b00a24,605112,1500,1600,RGB,train,Apple leaf,,materialized,
5467f6012d78d1c446145d5f582da6096f852ae8,train/Apple leaf/stock-photo-sweet-apple-with-leaf-111143150.jpg,data/raw/plantdoc/train/Apple leaf/stock-photo-sweet-apple-with-leaf-111143150.jpg,79ae28b992e2a0058590d81415cc57de85f47afa9fbfc144f505152b8a2c7ffe,79ae28b992e2a0058590d81415cc57de85f47afa9fbfc144f505152b8a2c7ffe,34605,450,380,RGB,train,Apple leaf,,materialized,
5467f6012d78d1c446145d5f582da6096f852ae8,train/Apple leaf/stock-photo-whole-ripe-green-apple-with-apple-leaf-and-green-apple-half-isolated-on-white-background-with-566226067.jpg,data/raw/plantdoc/train/Apple leaf/stock-photo-whole-ripe-green-apple-with-apple-leaf-and-green-apple-half-isolated-on-white-background-with-566226067.jpg,d22f37f91d258f8353461af14d8e7d18684cc367c1982eb8c00a9262d7ba3343,d22f37f91d258f8353461af14d8e7d18684cc367c1982eb8c00a9262d7ba3343,443350,1500,1183,RGB,train,Apple leaf,,materialized,
5467f6012d78d1c446145d5f582da6096f852ae8,train/Apple leaf/yellow-apple-leaves-isolated-10868989.jpg,data/raw/plantdoc/train/Apple leaf/yellow-apple-leaves-isolated-10868989.jpg,cb047c1396614f20fd5ce41334538caea2392cddbef0e05458f585fce56b1198,cb047c1396614f20fd5ce41334538caea2392cddbef0e05458f585fce56b1198,93356,1385,1300,RGB,train,Apple leaf,,materialized,
5467f6012d78d1c446145d5f582da6096f852ae8,train/Apple leaf/yellow-ripe-apple-leaf-27092797.jpg,data/raw/plantdoc/train/Apple leaf/yellow-ripe-apple-leaf-27092797.jpg,ffe2b953c46be4949e2dc8d706c082e82d4cdc8a28a7f63e19f61b042308a7ce,ffe2b953c46be4949e2dc8d706c082e82d4cdc8a28a7f63e19f61b042308a7ce,99570,1180,1300,RGB,train,Apple leaf,,materialized,
5467f6012d78d1c446145d5f582da6096f852ae8,train/Apple rust leaf/1-Cedar-apple-rust-infections-and-rust-induced-leafspot-on-Ginger-Gold-4-Jun-08-2d4hi2k.jpg,data/raw/plantdoc/train/Apple rust leaf/1-Cedar-apple-rust-infections-and-rust-induced-leafspot-on-Ginger-Gold-4-Jun-08-2d4hi2k.jpg,7e165f6fb80c2801951a885fcf2e50f8ff730d38ef97173bc255770d8980e43f,7e165f6fb80c2801951a885fcf2e50f8ff730d38ef97173bc255770d8980e43f,2277596,3407,2296,RGB,train,Apple rust leaf,,materialized,
5467f6012d78d1c446145d5f582da6096f852ae8,train/Apple rust leaf/1-Severe-cedar-apple-rust-on-Ginger-Gold-1-Jul-09-1n5iktz.jpg,data/raw/plantdoc/train/Apple rust leaf/1-Severe-cedar-apple-rust-on-Ginger-Gold-1-Jul-09-1n5iktz.jpg,458a73aa45aa65db2c01f79daf04602b618eb1806dc474f80c5eb252020a2c1a,458a73aa45aa65db2c01f79daf04602b618eb1806dc474f80c5eb252020a2c1a,730367,1966,1502,RGB,train,Apple rust leaf,,materialized,
5467f6012d78d1c446145d5f582da6096f852ae8,train/Apple rust leaf/2-Rust-induced-leaf-scorch-1fpa6c3.jpg,data/raw/plantdoc/train/Apple rust leaf/2-Rust-induced-leaf-scorch-1fpa6c3.jpg,8348d1ec4eb9869c48240077691a60dbe0fd7614b9bd4866e958e79a9c20ee15,8348d1ec4eb9869c48240077691a60dbe0fd7614b9bd4866e958e79a9c20ee15,294225,848,1024,RGB,train,Apple rust leaf,,materialized,
5467f6012d78d1c446145d5f582da6096f852ae8,train/Apple rust leaf/20130610_110525.jpg,data/raw/plantdoc/train/Apple rust leaf/20130610_110525.jpg,b137ff2e36ac62d31d78c2f7fe2ba4d699fa6995dd17041337f5762ec4de6c87,b137ff2e36ac62d31d78c2f7fe2ba4d699fa6995dd17041337f5762ec4de6c87,2515130,3264,2448,RGB,train,Apple rust leaf,,materialized,
5467f6012d78d1c446145d5f582da6096f852ae8,train/Apple rust leaf/20130802_111648.jpg,data/raw/plantdoc/train/Apple rust leaf/20130802_111648.jpg,45d1b1f228033bc803db94dcb711bb7bb94e8687f5cb49e75a2c506b301a9677,45d1b1f228033bc803db94dcb711bb7bb94e8687f5cb49e75a2c506b301a9677,1708853,3264,2448,RGB,train,Apple rust leaf,,materialized,
5467f6012d78d1c446145d5f582da6096f852ae8,train/Apple rust leaf/20170524_195105-1k1eu8b.jpg,data/raw/plantdoc/train/Apple rust leaf/20170524_195105-1k1eu8b.jpg,3a57f41b872330029f85b697c89dd9b2b350e5ab7102d6a4fb45d1d6e0ce843c,3a57f41b872330029f85b697c89dd9b2b350e5ab7102d6a4fb45d1d6e0ce843c,4373002,5312,2988,RGB,train,Apple rust leaf,,materialized,
5467f6012d78d1c446145d5f582da6096f852ae8,train/Apple rust leaf/3-Rust-induced-leaf-scorch-1emjjbl.jpg,data/raw/plantdoc/train/Apple rust leaf/3-Rust-induced-leaf-scorch-1emjjbl.jpg,a66860fd0ba66d2586bb1cb605ca4877f393fd6410f85c1cdd734ab2eadde6f6,a66860fd0ba66d2586bb1cb605ca4877f393fd6410f85c1cdd734ab2eadde6f6,323516,706,1024,RGB,train,Apple rust leaf,,materialized,
5467f6012d78d1c446145d5f582da6096f852ae8,train/Apple rust leaf/601fbee78c62e32a76e768a92ee40193.jpg,data/raw/plantdoc/train/Apple rust leaf/601fbee78c62e32a76e768a92ee40193.jpg,cae59b90d4b2bffa6f908446dd9c61d1e4288a349426fdd6bd4db296f0632868,cae59b90d4b2bffa6f908446dd9c61d1e4288a349426fdd6bd4db296f0632868,73531,550,550,RGB,train,Apple rust leaf,,materialized,
5467f6012d78d1c446145d5f582da6096f852ae8,train/Apple rust leaf/Apple_RustSpots2.jpg,data/raw/plantdoc/train/Apple rust leaf/Apple_RustSpots2.jpg,3997f9c94a56658e61e23b0411b12210553aad691a5f613412359c568415ddda,3997f9c94a56658e61e23b0411b12210553aad691a5f613412359c568415ddda,22249,500,375,RGB,train,Apple rust leaf,,materialized,
5467f6012d78d1c446145d5f582da6096f852ae8,train/Apple rust leaf/Apple_Scab164.jpg,data/raw/plantdoc/train/Apple rust leaf/Apple_Scab164.jpg,524daa81100ed880ec366a8bc34edd974cd322db042bf48ea8f2088194bd0fd4,524daa81100ed880ec366a8bc34edd974cd322db042bf48ea8f2088194bd0fd4,56958,800,600,RGB,train,Apple rust leaf,,materialized,
5467f6012d78d1c446145d5f582da6096f852ae8,train/Apple rust leaf/B2750027-Cedar-apple_rust-SPL.jpg,data/raw/plantdoc/train/Apple rust leaf/B2750027-Cedar-apple_rust-SPL.jpg,9c1597012a8770856993076f035adf6c7b528b57acb7517157402891adecf6e8,9c1597012a8770856993076f035adf6c7b528b57acb7517157402891adecf6e8,98816,800,531,RGB,train,Apple rust leaf,,materialized,
5467f6012d78d1c446145d5f582da6096f852ae8,train/Apple rust leaf/C0258424-Cedar_apple_rust_on_a_leaf-SPL.jpg,data/raw/plantdoc/train/Apple rust leaf/C0258424-Cedar_apple_rust_on_a_leaf-SPL.jpg,3943b6684542e222b43a4569df3d51a080e4c32df86d4057a87d9ad49c38e1e1,3943b6684542e222b43a4569df3d51a080e4c32df86d4057a87d9ad49c38e1e1,134721,800,542,RGB,train,Apple rust leaf,,materialized,
5467f6012d78d1c446145d5f582da6096f852ae8,train/Apple rust leaf/C11.11.jpg,data/raw/plantdoc/train/Apple rust leaf/C11.11.jpg,60e2542936a3f2802d1ea30f8c830a706c83fecca4690feddbd882da2a9512fe,60e2542936a3f2802d1ea30f8c830a706c83fecca4690feddbd882da2a9512fe,430031,750,481,RGB,train,Apple rust leaf,,materialized,
5467f6012d78d1c446145d5f582da6096f852ae8,train/Apple rust leaf/CAR%2Bzestar.JPG.jpg,data/raw/plantdoc/train/Apple rust leaf/CAR%2Bzestar.JPG.jpg,2b72a590dcb49ba7d8bfa658253b7a85b55e5e407d211ccc80490f80f5cc1710,2b72a590dcb49ba7d8bfa658253b7a85b55e5e407d211ccc80490f80f5cc1710,383724,1600,1299,RGB,train,Apple rust leaf,,materialized,
5467f6012d78d1c446145d5f582da6096f852ae8,train/Apple rust leaf/CAR1.jpg,data/raw/plantdoc/train/Apple rust leaf/CAR1__ff8e845061e3.jpg,ff8e845061e3a305e55ae0b60218008bafa88e392bfb5f36e0e9f58f379526dc,ff8e845061e3a305e55ae0b60218008bafa88e392bfb5f36e0e9f58f379526dc,249767,498,841,RGB,train,Apple rust leaf,cg01,collision_safe_rename,distinct image content; original name collides case-insensitively with its pair member — extracted under a collision-safe name
5467f6012d78d1c446145d5f582da6096f852ae8,train/Apple rust leaf/CAR4.jpg,data/raw/plantdoc/train/Apple rust leaf/CAR4.jpg,20f1ca04b11a48bf71a59f4227fc49819d1a8bf131366ea9d678111844c5f53e,20f1ca04b11a48bf71a59f4227fc49819d1a8bf131366ea9d678111844c5f53e,149562,640,480,RGB,train,Apple rust leaf,,materialized,
5467f6012d78d1c446145d5f582da6096f852ae8,train/Apple rust leaf/Cedar+Apple+rust+on+Crab+apple+leaf.jpg,data/raw/plantdoc/train/Apple rust leaf/Cedar+Apple+rust+on+Crab+apple+leaf.jpg,652f5d47929b2184a2ca70c1d1bcb598d60c8d77de31edf9397c26ad8694a602,652f5d47929b2184a2ca70c1d1bcb598d60c8d77de31edf9397c26ad8694a602,11388,200,150,RGB,train,Apple rust leaf,,materialized,
5467f6012d78d1c446145d5f582da6096f852ae8,train/Apple rust leaf/Cedar+apple+rust.JPG.jpg,data/raw/plantdoc/train/Apple rust leaf/Cedar+apple+rust.JPG.jpg,9b48bcfad83e7bea0de4b83df64b4e1ec1c0db47ba306aff42c135c1adbf8e4d,9b48bcfad83e7bea0de4b83df64b4e1ec1c0db47ba306aff42c135c1adbf8e4d,27454,320,213,RGB,train,Apple rust leaf,,materialized,
5467f6012d78d1c446145d5f582da6096f852ae8,train/Apple rust leaf/Cedar-Apple-Rust-aecia-on-leaf-pic-by-NC-State.jpg,data/raw/plantdoc/train/Apple rust leaf/Cedar-Apple-Rust-aecia-on-leaf-pic-by-NC-State.jpg,043b427c39542ed90e9f5dded6ee0e072db0690e4e3b146e3c727dde0dc26d94,043b427c39542ed90e9f5dded6ee0e072db0690e4e3b146e3c727dde0dc26d94,10289,200,162,RGB,train,Apple rust leaf,,materialized,
5467f6012d78d1c446145d5f582da6096f852ae8,train/Apple rust leaf/CedarApple_Rust168.jpg,data/raw/plantdoc/train/Apple rust leaf/CedarApple_Rust168.jpg,c9d59bb29e5a11b9a7868f729f9e1162c498b1f0be80ba50a08929baaa65e948,c9d59bb29e5a11b9a7868f729f9e1162c498b1f0be80ba50a08929baaa65e948,56568,800,600,RGB,train,Apple rust leaf,,materialized,
5467f6012d78d1c446145d5f582da6096f852ae8,train/Apple rust leaf/Cedar_apple_rust_on_crab_apple_leaf_showing_underside_cup.jpg,data/raw/plantdoc/train/Apple rust leaf/Cedar_apple_rust_on_crab_apple_leaf_showing_underside_cup.jpg,48cab6da14fb5e8d77549a483e776fadd05219c18ba64efcd6d30e10b89f1d6c,48cab6da14fb5e8d77549a483e776fadd05219c18ba64efcd6d30e10b89f1d6c,9900,300,199,RGB,train,Apple rust leaf,,materialized,
5467f6012d78d1c446145d5f582da6096f852ae8,train/Apple rust leaf/Cedar_apple_rust_on_crab_apple_leaf_upper_surface.JPG.jpg,data/raw/plantdoc/train/Apple rust leaf/Cedar_apple_rust_on_crab_apple_leaf_upper_surface.JPG.jpg,d5472d820aa8424d7d2753c2a36a3e9899034314985f53cd7e64303112328230,d5472d820aa8424d7d2753c2a36a3e9899034314985f53cd7e64303112328230,1198791,3008,2000,RGB,train,Apple rust leaf,,materialized,
5467f6012d78d1c446145d5f582da6096f852ae8,train/Apple rust leaf/DAxpYpoWAAQxi1f.jpg,data/raw/plantdoc/train/Apple rust leaf/DAxpYpoWAAQxi1f.jpg,811307ff8becb7adac951048240fc4e3c14eb0598a46cb905d088693e1f267f5,811307ff8becb7adac951048240fc4e3c14eb0598a46cb905d088693e1f267f5,239620,1200,675,RGB,train,Apple rust leaf,,materialized,
5467f6012d78d1c446145d5f582da6096f852ae8,train/Apple rust leaf/DIsease-Pest-Management.jpg,data/raw/plantdoc/train/Apple rust leaf/DIsease-Pest-Management.jpg,54bb00175c906456d789365ef703fa4b802c69dcb8e8f7a7d4d62b5d8ce19c75,54bb00175c906456d789365ef703fa4b802c69dcb8e8f7a7d4d62b5d8ce19c75,374538,1485,1200,RGB,train,Apple rust leaf,,materialized,
5467f6012d78d1c446145d5f582da6096f852ae8,train/Apple rust leaf/Fig-17-Apple-rust-on-lower-surface-on-leaf-at-extreme.jpg,data/raw/plantdoc/train/Apple rust leaf/Fig-17-Apple-rust-on-lower-surface-on-leaf-at-extreme.jpg,5e44bf539e9bd3d6637a4feed9bebec7eb9ca1db2f590e1297a86f515425d8a4,5e44bf539e9bd3d6637a4feed9bebec7eb9ca1db2f590e1297a86f515425d8a4,29565,500,405,L,train,Apple rust leaf,,materialized,
5467f6012d78d1c446145d5f582da6096f852ae8,train/Apple rust leaf/Figure-1.-Typical-cedar-apple-rust-lesions-on-upper-surface-of-apple-leaf.jpg,data/raw/plantdoc/train/Apple rust leaf/Figure-1.-Typical-cedar-apple-rust-lesions-on-upper-surface-of-apple-leaf.jpg,add4af0f1609ddb00a61775b61d8b734a2b3eb5e412a8a80688ea3e99e2e72ab,add4af0f1609ddb00a61775b61d8b734a2b3eb5e412a8a80688ea3e99e2e72ab,177838,550,399,RGB,train,Apple rust leaf,,materialized,
5467f6012d78d1c446145d5f582da6096f852ae8,train/Apple rust leaf/Figure-3.-Aecial-projections-on-the-underside-of-an-apple-leaf-with-cedar-apple-rust-disease-.jpg,data/raw/plantdoc/train/Apple rust leaf/Figure-3.-Aecial-projections-on-the-underside-of-an-apple-leaf-with-cedar-apple-rust-disease-.jpg,3bd4147ef09d191343c7d40bad98b8cda165a78fc604b69982cd6989ec1e25bd,3bd4147ef09d191343c7d40bad98b8cda165a78fc604b69982cd6989ec1e25bd,168399,550,407,RGB,train,Apple rust leaf,,materialized,
5467f6012d78d1c446145d5f582da6096f852ae8,train/Apple rust leaf/LIFH3.jpg,data/raw/plantdoc/train/Apple rust leaf/LIFH3.jpg,315bd3f13ecc5cddb28724dc2519026ab4eb2b2f8eb4ff2eb2421d8ffc0b568d,315bd3f13ecc5cddb28724dc2519026ab4eb2b2f8eb4ff2eb2421d8ffc0b568d,329776,1280,960,RGB,train,Apple rust leaf,,materialized,
5467f6012d78d1c446145d5f582da6096f852ae8,train/Apple rust leaf/P1020430.jpg,data/raw/plantdoc/train/Apple rust leaf/P1020430.jpg,edd5005e6676c76729585156517a7aa3f2b14e691f802c7c49555c9c2a72cf9e,edd5005e6676c76729585156517a7aa3f2b14e691f802c7c49555c9c2a72cf9e,117232,400,300,RGB,train,Apple rust leaf,,materialized,
5467f6012d78d1c446145d5f582da6096f852ae8,train/Apple rust leaf/P7290482.JPG.jpg,data/raw/plantdoc/train/Apple rust leaf/P7290482.JPG.jpg,b0f8cf2d97c94851d98b981553885a3ae8e62078ad72082ea1e261071a5295f3,b0f8cf2d97c94851d98b981553885a3ae8e62078ad72082ea1e261071a5295f3,137322,1600,1200,RGB,train,Apple rust leaf,,materialized,
5467f6012d78d1c446145d5f582da6096f852ae8,train/Apple rust leaf/PLPATH-FRU-02-cedar-apple-rust-figure-1.jpg,data/raw/plantdoc/train/Apple rust leaf/PLPATH-FRU-02-cedar-apple-rust-figure-1.jpg,bdb29808a30e1f5799100356aaa9273e3dc0dd69308926737d2a00f65b2a706e,bdb29808a30e1f5799100356aaa9273e3dc0dd69308926737d2a00f65b2a706e,1025918,698,1066,RGB,train,Apple rust leaf,,materialized,
5467f6012d78d1c446145d5f582da6096f852ae8,train/Apple rust leaf/Rust%20on%20Brandywine_ADJ.jpg,data/raw/plantdoc/train/Apple rust leaf/Rust%20on%20Brandywine_ADJ.jpg,0fe5bf99f0109e31de66dca0f5bb4eef37709dfa0171684dc6e729fe76984696,0fe5bf99f0109e31de66dca0f5bb4eef37709dfa0171684dc6e729fe76984696,207650,1236,824,RGB,train,Apple rust leaf,,materialized,
5467f6012d78d1c446145d5f582da6096f852ae8,train/Apple rust leaf/Rust--CA.jpg,data/raw/plantdoc/train/Apple rust leaf/Rust--CA.jpg,2eb7d46cbcfceae8577ffac920db5b7af20aa98e58d8644894ddc747cee1ba13,2eb7d46cbcfceae8577ffac920db5b7af20aa98e58d8644894ddc747cee1ba13,203098,400,249,CMYK,train,Apple rust leaf,,materialized,
5467f6012d78d1c446145d5f582da6096f852ae8,train/Apple rust leaf/a82e389f8b5da4758a747c32ef8af6f9--rust-apples.jpg,data/raw/plantdoc/train/Apple rust leaf/a82e389f8b5da4758a747c32ef8af6f9--rust-apples.jpg,ba3a8855ec253f62881d36b1320f75b3fee88bc173434c975f677174ba652c94,ba3a8855ec253f62881d36b1320f75b3fee88bc173434c975f677174ba652c94,29339,736,488,RGB,train,Apple rust leaf,,materialized,
5467f6012d78d1c446145d5f582da6096f852ae8,train/Apple rust leaf/aecia-on-apple-e1368285975597.jpeg.jpg,data/raw/plantdoc/train/Apple rust leaf/aecia-on-apple-e1368285975597.jpeg.jpg,58f19f4ca140c6f73d670221b5989458f290849fa2d13eb12eb886dfba33acd8,58f19f4ca140c6f73d670221b5989458f290849fa2d13eb12eb886dfba33acd8,203903,850,637,RGB,train,Apple rust leaf,,materialized,
5467f6012d78d1c446145d5f582da6096f852ae8,train/Apple rust leaf/apple+rust+001.jpg,data/raw/plantdoc/train/Apple rust leaf/apple+rust+001.jpg,de27a0c6224d7f5079a8f5b971595072cec014237aa2db87a23838ae170fa510,de27a0c6224d7f5079a8f5b971595072cec014237aa2db87a23838ae170fa510,174812,1200,630,RGB,train,Apple rust leaf,,materialized,
5467f6012d78d1c446145d5f582da6096f852ae8,train/Apple rust leaf/apple-leaf-rust-and-cedar-apple-roestella-pirata-report-of-the-of-picture-id629456105?s=612x612.jpg,data/raw/plantdoc/train/Apple rust leaf/apple-leaf-rust-and-cedar-apple-roestella-pirata-report-of-the-of-picture-id629456105?s=612x612.jpg,0b5d7f1f5df1e4dd236e3fd5c9b5e253ff4bd9115b084843cf98f53e9ca2f2f7,0b5d7f1f5df1e4dd236e3fd5c9b5e253ff4bd9115b084843cf98f53e9ca2f2f7,48108,382,612,RGB,train,Apple rust leaf,,materialized,
5467f6012d78d1c446145d5f582da6096f852ae8,train/Apple rust leaf/apple-rust-disease_10_845384767.jpg,data/raw/plantdoc/train/Apple rust leaf/apple-rust-disease_10_845384767.jpg,e9f5b751af491ee1c3b42b325e98b1ba187973746fd6b309ee22dae7907e5cf8,e9f5b751af491ee1c3b42b325e98b1ba187973746fd6b309ee22dae7907e5cf8,110381,999,666,RGB,train,Apple rust leaf,,materialized,
5467f6012d78d1c446145d5f582da6096f852ae8,train/Apple rust leaf/apple-rust.jpg,data/raw/plantdoc/train/Apple rust leaf/apple-rust.jpg,c6b9c9daefca5d324a93300f796d4044fd7e1ce5e6283fb2cae6681841c41489,c6b9c9daefca5d324a93300f796d4044fd7e1ce5e6283fb2cae6681841c41489,1978139,4000,4016,RGB,train,Apple rust leaf,,materialized,
5467f6012d78d1c446145d5f582da6096f852ae8,train/Apple rust leaf/apple_F14b.jpg,data/raw/plantdoc/train/Apple rust leaf/apple_F14b.jpg,fceff585ef723012d786327355d536406c92cb1d329f123f07d56df7291ae311,fceff585ef723012d786327355d536406c92cb1d329f123f07d56df7291ae311,9120,350,237,RGB,train,Apple rust leaf,,materialized,
5467f6012d78d1c446145d5f582da6096f852ae8,train/Apple rust leaf/apple_leaf.JPG.jpg,data/raw/plantdoc/train/Apple rust leaf/apple_leaf.JPG.jpg,5fc1918cc6497afa0297fbb5c5762e66a406f707204569495c650c2da63d1f01,5fc1918cc6497afa0297fbb5c5762e66a406f707204569495c650c2da63d1f01,113134,640,480,RGB,train,Apple rust leaf,,materialized,
5467f6012d78d1c446145d5f582da6096f852ae8,train/Apple rust leaf/applerust-500x383.jpg,data/raw/plantdoc/train/Apple rust leaf/applerust-500x383.jpg,e8ab606b2c5790cb01e4fba348342caadeb38a63b3db972826493f650f79879c,e8ab606b2c5790cb01e4fba348342caadeb38a63b3db972826493f650f79879c,99005,500,383,RGB,train,Apple rust leaf,,materialized,
5467f6012d78d1c446145d5f582da6096f852ae8,train/Apple rust leaf/apples_black-rot_01_zoom.jpg,data/raw/plantdoc/train/Apple rust leaf/apples_black-rot_01_zoom.jpg,b320f72e52fcc2be3dde6bd511b7dca73130a4e22bae10de03bb31f8f69f7520,b320f72e52fcc2be3dde6bd511b7dca73130a4e22bae10de03bb31f8f69f7520,120388,900,692,RGB,train,Apple rust leaf,,materialized,
5467f6012d78d1c446145d5f582da6096f852ae8,train/Apple rust leaf/apples_rusts+apple-scab.jpg,data/raw/plantdoc/train/Apple rust leaf/apples_rusts+apple-scab.jpg,515a0330474dcefb427b1d6a269dd277448ba84505d5d99202e291a26973fcca,515a0330474dcefb427b1d6a269dd277448ba84505d5d99202e291a26973fcca,115940,900,537,RGB,train,Apple rust leaf,,materialized,
5467f6012d78d1c446145d5f582da6096f852ae8,train/Apple rust leaf/apples_rusts+frogs-eye.jpg,data/raw/plantdoc/train/Apple rust leaf/apples_rusts+frogs-eye.jpg,38a4760ecc285c339575d090dea7eda5d52ed020d23efbf2e6e555592e72e513,38a4760ecc285c339575d090dea7eda5d52ed020d23efbf2e6e555592e72e513,257137,900,630,RGB,train,Apple rust leaf,,materialized,
5467f6012d78d1c446145d5f582da6096f852ae8,train/Apple rust leaf/apples_rusts-cedar-apple_01_zoom.jpg,data/raw/plantdoc/train/Apple rust leaf/apples_rusts-cedar-apple_01_zoom.jpg,c2700097f36d85754d90ba5407fbf9f01c791b511ee196f87ca3ee15d412e9c4,c2700097f36d85754d90ba5407fbf9f01c791b511ee196f87ca3ee15d412e9c4,121802,900,692,RGB,train,Apple rust leaf,,materialized,
5467f6012d78d1c446145d5f582da6096f852ae8,train/Apple rust leaf/buckinghamshire-speen-garden-cedar-apple-rust-on-apple-underside-of-F5D3RD.jpg,data/raw/plantdoc/train/Apple rust leaf/buckinghamshire-speen-garden-cedar-apple-rust-on-apple-underside-of-F5D3RD.jpg,68cd5705f8d3a7602e76c0bbc5206ad1dc822f57d073f64f1d31eb612f1e3139,68cd5705f8d3a7602e76c0bbc5206ad1dc822f57d073f64f1d31eb612f1e3139,185515,1300,956,RGB,train,Apple rust leaf,,materialized,
5467f6012d78d1c446145d5f582da6096f852ae8,train/Apple rust leaf/buckinghamshire-speen-garden-detail-cedar-apple-rust-on-apple-underside-f5d3r7.jpg,data/raw/plantdoc/train/Apple rust leaf/buckinghamshire-speen-garden-detail-cedar-apple-rust-on-apple-underside-f5d3r7.jpg,34f91eb0a1485d75fa8a6aeb9edc745114f32ab3f08b3d3fa77c67337295167f,34f91eb0a1485d75fa8a6aeb9edc745114f32ab3f08b3d3fa77c67337295167f,107216,640,447,RGB,train,Apple rust leaf,,materialized,
5467f6012d78d1c446145d5f582da6096f852ae8,train/Apple rust leaf/car-apple1.jpg,data/raw/plantdoc/train/Apple rust leaf/car-apple1.jpg,55cca48fda64d54ecfc49ed649c173bf79e9bea29b652d4e81bf3ffd75616912,55cca48fda64d54ecfc49ed649c173bf79e9bea29b652d4e81bf3ffd75616912,335995,1292,1104,RGB,train,Apple rust leaf,,materialized,
5467f6012d78d1c446145d5f582da6096f852ae8,train/Apple rust leaf/car-apple9.jpg,data/raw/plantdoc/train/Apple rust leaf/car-apple9.jpg,363121c669016765221a1160636d3f9c0078157a5fccb1397aa8c855251a9a3e,363121c669016765221a1160636d3f9c0078157a5fccb1397aa8c855251a9a3e,478765,1503,1782,RGB,train,Apple rust leaf,,materialized,
5467f6012d78d1c446145d5f582da6096f852ae8,train/Apple rust leaf/car.jpg,data/raw/plantdoc/train/Apple rust leaf/car.jpg,69c18003105762817dd130ede3642566b522a1cc07944951177faa97c10951d5,69c18003105762817dd130ede3642566b522a1cc07944951177faa97c10951d5,65987,700,933,RGB,train,Apple rust leaf,,materialized,
5467f6012d78d1c446145d5f582da6096f852ae8,train/Apple rust leaf/car1.jpg,data/raw/plantdoc/train/Apple rust leaf/car1__da3a9af451c8.jpg,da3a9af451c8222bb3f2e69cadd3891473d13cbcdae01f53bdfb26d5e534acc8,da3a9af451c8222bb3f2e69cadd3891473d13cbcdae01f53bdfb26d5e534acc8,43509,320,320,RGB,train,Apple rust leaf,cg01,collision_safe_rename,distinct image content; original name collides case-insensitively with its pair member — extracted under a collision-safe name
5467f6012d78d1c446145d5f582da6096f852ae8,train/Apple rust leaf/car2.jpg,data/raw/plantdoc/train/Apple rust leaf/car2.jpg,023ae6d32eab19b4cc5b961525102248cab5a910f5c1eb8ac2c282795d980c5d,023ae6d32eab19b4cc5b961525102248cab5a910f5c1eb8ac2c282795d980c5d,30356,400,599,RGB,train,Apple rust leaf,,materialized,
5467f6012d78d1c446145d5f582da6096f852ae8,train/Apple rust leaf/cd6bfd6bfbcac781bd496bf13845fb0f.jpg,data/raw/plantdoc/train/Apple rust leaf/cd6bfd6bfbcac781bd496bf13845fb0f.jpg,7b53aa89bd2a7499f048a5afd2ed6337f2e3528b04cc7f722cbedca844e33950,7b53aa89bd2a7499f048a5afd2ed6337f2e3528b04cc7f722cbedca844e33950,30083,360,360,RGB,train,Apple rust leaf,,materialized,
5467f6012d78d1c446145d5f582da6096f852ae8,train/Apple rust leaf/cedapp04_lg.jpg,data/raw/plantdoc/train/Apple rust leaf/cedapp04_lg.jpg,3f30ae4f1860006a2d6031b9e63c7c8556035ebfd57bcde60ba50bba4d11e8f0,3f30ae4f1860006a2d6031b9e63c7c8556035ebfd57bcde60ba50bba4d11e8f0,49610,755,516,RGB,train,Apple rust leaf,,materialized,
5467f6012d78d1c446145d5f582da6096f852ae8,train/Apple rust leaf/cedar%20apple%20rust%20lower%20leaf%20haw%20S%202%20ne%20OH%20RA%209-2-16.jpg,data/raw/plantdoc/train/Apple rust leaf/cedar%20apple%20rust%20lower%20leaf%20haw%20S%202%20ne%20OH%20RA%209-2-16.jpg,1c78dc97edadb1ca8091534091108f22344d46c9ce00e409c5f1f6054517b476,1c78dc97edadb1ca8091534091108f22344d46c9ce00e409c5f1f6054517b476,1755653,2440,1830,RGB,train,Apple rust leaf,,materialized,
5467f6012d78d1c446145d5f582da6096f852ae8,train/Apple rust leaf/cedar%20apple%20rust%20upper%20leaf%20surface%20S%20ne%20OH%20RA%209-2-16.jpg,data/raw/plantdoc/train/Apple rust leaf/cedar%20apple%20rust%20upper%20leaf%20surface%20S%20ne%20OH%20RA%209-2-16.jpg,bedee8f438f7ad80ecd59006ed87f0ceda35ee873c8dd26f9e96fe95a591ea79,bedee8f438f7ad80ecd59006ed87f0ceda35ee873c8dd26f9e96fe95a591ea79,1874331,2480,1860,RGB,train,Apple rust leaf,,materialized,
5467f6012d78d1c446145d5f582da6096f852ae8,train/Apple rust leaf/cedar-apple-rest-225x300.jpg,data/raw/plantdoc/train/Apple rust leaf/cedar-apple-rest-225x300.jpg,0201fbdf70fedb731faa24fddfe9bf87989122aa5173ca13deb996a14f382e71,0201fbdf70fedb731faa24fddfe9bf87989122aa5173ca13deb996a14f382e71,15288,225,300,RGB,train,Apple rust leaf,,materialized,
5467f6012d78d1c446145d5f582da6096f852ae8,train/Apple rust leaf/cedar-apple-rust-gymnosporangium-juniperi-pustules-on-apple-leaf-lower-c99tfp.jpg,data/raw/plantdoc/train/Apple rust leaf/cedar-apple-rust-gymnosporangium-juniperi-pustules-on-apple-leaf-lower-c99tfp.jpg,72b1989e3cc58d4b1b4666411fd9f94927d842b5bebf4387f5beed86af183ae0,72b1989e3cc58d4b1b4666411fd9f94927d842b5bebf4387f5beed86af183ae0,54752,435,540,RGB,train,Apple rust leaf,,materialized,
5467f6012d78d1c446145d5f582da6096f852ae8,train/Apple rust leaf/cedar-apple-rust-gymnosporangium-juniperi-pustules-on-apple-leaf-lower-surface-X12A9H.jpg,data/raw/plantdoc/train/Apple rust leaf/cedar-apple-rust-gymnosporangium-juniperi-pustules-on-apple-leaf-lower-surface-X12A9H.jpg,2b7cdaaad48f431b89a976bf6b1497a2ef2bf715f0f24e6c3025f9425fb06ae9,2b7cdaaad48f431b89a976bf6b1497a2ef2bf715f0f24e6c3025f9425fb06ae9,185014,1087,1390,RGB,train,Apple rust leaf,,materialized,
5467f6012d78d1c446145d5f582da6096f852ae8,train/Apple rust leaf/cedar-apple-rust.jpg,data/raw/plantdoc/train/Apple rust leaf/cedar-apple-rust.jpg,b3c54bd2bb932e25a41372b918f6054adf6d018afa0f239b3ffd5db641d27d33,b3c54bd2bb932e25a41372b918f6054adf6d018afa0f239b3ffd5db641d27d33,26661,270,270,RGB,train,Apple rust leaf,,materialized,
5467f6012d78d1c446145d5f582da6096f852ae8,train/Apple rust leaf/cedar-apple-rust_fig-1.jpg,data/raw/plantdoc/train/Apple rust leaf/cedar-apple-rust_fig-1.jpg,7570c4bc6c12ae9d57e45c94f6d9126a699b79a9fc693b97d481deaeb1648813,7570c4bc6c12ae9d57e45c94f6d9126a699b79a9fc693b97d481deaeb1648813,3189223,3456,2592,RGB,train,Apple rust leaf,,materialized,
5467f6012d78d1c446145d5f582da6096f852ae8,train/Apple rust leaf/cedar-apple-rust_fig-2.jpg,data/raw/plantdoc/train/Apple rust leaf/cedar-apple-rust_fig-2.jpg,65fe7a27bcad4e64a0d370df7e7db3dfa2bd4c7c7e69f4b0606c34ac3a721a13,65fe7a27bcad4e64a0d370df7e7db3dfa2bd4c7c7e69f4b0606c34ac3a721a13,527433,1635,1245,RGB,train,Apple rust leaf,,materialized,
5467f6012d78d1c446145d5f582da6096f852ae8,train/Apple rust leaf/cedar-apple-rust_fig-3.jpg,data/raw/plantdoc/train/Apple rust leaf/cedar-apple-rust_fig-3.jpg,d404d2e04634d97e69edf13d933d48975c03bbb1c8044974a0ee730f39a74653,d404d2e04634d97e69edf13d933d48975c03bbb1c8044974a0ee730f39a74653,4620609,5184,3456,RGB,train,Apple rust leaf,,materialized,
5467f6012d78d1c446145d5f582da6096f852ae8,train/Apple rust leaf/cedar_apple_rust_3.JPG?1362772840.jpg,data/raw/plantdoc/train/Apple rust leaf/cedar_apple_rust_3.JPG?1362772840.jpg,93d5e66314ea458586e9021ba2f6f6d712f3b9c53185db431ee98098abfba387,93d5e66314ea458586e9021ba2f6f6d712f3b9c53185db431ee98098abfba387,25927,220,300,RGB,train,Apple rust leaf,,materialized,
5467f6012d78d1c446145d5f582da6096f852ae8,train/Apple rust leaf/cedar_apple_rust_leaf.jpg,data/raw/plantdoc/train/Apple rust leaf/cedar_apple_rust_leaf.jpg,aceb7f18c37695d0a61416b613034dc2cefbd017c2b5515f0643c999fac52dce,aceb7f18c37695d0a61416b613034dc2cefbd017c2b5515f0643c999fac52dce,96286,550,412,RGB,train,Apple rust leaf,,materialized,
5467f6012d78d1c446145d5f582da6096f852ae8,train/Apple rust leaf/cedar_apple_rust_on_jonagold_2.jpg,data/raw/plantdoc/train/Apple rust leaf/cedar_apple_rust_on_jonagold_2.jpg,3eb077a227a5539e159129e7acbe391c8e9c84dbcff482527e8f0908cc037daf,3eb077a227a5539e159129e7acbe391c8e9c84dbcff482527e8f0908cc037daf,29734,640,480,RGB,train,Apple rust leaf,,materialized,
5467f6012d78d1c446145d5f582da6096f852ae8,train/Apple rust leaf/cedar_apple_rust_on_jonagold_3.jpg,data/raw/plantdoc/train/Apple rust leaf/cedar_apple_rust_on_jonagold_3.jpg,1368c5edf962de6d2e7d29a5e741e42c6a24f73456b3c39857512afc56237668,1368c5edf962de6d2e7d29a5e741e42c6a24f73456b3c39857512afc56237668,32103,640,480,RGB,train,Apple rust leaf,,materialized,
5467f6012d78d1c446145d5f582da6096f852ae8,train/Apple rust leaf/crab-apple-tree-leaves.jpg,data/raw/plantdoc/train/Apple rust leaf/crab-apple-tree-leaves.jpg,86012f53f7a1a9b0b6816bbcefcd6289af6f99b8fcdb68f9bfd67dca37efe419,86012f53f7a1a9b0b6816bbcefcd6289af6f99b8fcdb68f9bfd67dca37efe419,282187,1200,900,RGB,train,Apple rust leaf,,materialized,
5467f6012d78d1c446145d5f582da6096f852ae8,train/Apple rust leaf/frog-eye-leaf-spot-on-crabapple-grabowski.jpg,data/raw/plantdoc/train/Apple rust leaf/frog-eye-leaf-spot-on-crabapple-grabowski.jpg,0a8a997b6c0b9b6ee961cae7846e2f92fdfeed2d607ae7a67586c484bf708aec,0a8a997b6c0b9b6ee961cae7846e2f92fdfeed2d607ae7a67586c484bf708aec,74706,600,450,RGB,train,Apple rust leaf,,materialized,
5467f6012d78d1c446145d5f582da6096f852ae8,train/Apple rust leaf/image1_14.jpeg.jpg,data/raw/plantdoc/train/Apple rust leaf/image1_14.jpeg.jpg,b8a28d58a7208da069ad08f37b0c1b0bf69098016f8c678118604bb09d2f1dd2,b8a28d58a7208da069ad08f37b0c1b0bf69098016f8c678118604bb09d2f1dd2,389997,640,430,RGB,train,Apple rust leaf,,materialized,
5467f6012d78d1c446145d5f582da6096f852ae8,train/Apple rust leaf/nPP7P.jpg,data/raw/plantdoc/train/Apple rust leaf/nPP7P.jpg,0cd79cbe738a246d2c19c57684fdbed8a85f3f110f2d1b3a6b7c9c052ef577b2,0cd79cbe738a246d2c19c57684fdbed8a85f3f110f2d1b3a6b7c9c052ef577b2,264173,1280,960,RGB,train,Apple rust leaf,,materialized,
5467f6012d78d1c446145d5f582da6096f852ae8,train/Apple rust leaf/pix053.jpg,data/raw/plantdoc/train/Apple rust leaf/pix053.jpg,a1cfda1e977c0f87bcb5a43eec3b0a3683e33d3db789cc376af721f73ff2d899,a1cfda1e977c0f87bcb5a43eec3b0a3683e33d3db789cc376af721f73ff2d899,57716,227,270,RGB,train,Apple rust leaf,,materialized,
5467f6012d78d1c446145d5f582da6096f852ae8,train/Apple rust leaf/quince5_600px.jpg,data/raw/plantdoc/train/Apple rust leaf/quince5_600px.jpg,5b8855836c0a5e59f35f5273e68e381b53a12acda9afdedb454b1d34ce0745c5,5b8855836c0a5e59f35f5273e68e381b53a12acda9afdedb454b1d34ce0745c5,35499,600,450,RGB,train,Apple rust leaf,,materialized,
5467f6012d78d1c446145d5f582da6096f852ae8,train/Apple rust leaf/rust-0450.jpg,data/raw/plantdoc/train/Apple rust leaf/rust-0450.jpg,04778924e9867605ca2a14e3856c6ca3681bda808b16bd03bde251bc579a5c08,04778924e9867605ca2a14e3856c6ca3681bda808b16bd03bde251bc579a5c08,716036,1000,788,RGB,train,Apple rust leaf,,materialized,
5467f6012d78d1c446145d5f582da6096f852ae8,train/Apple rust leaf/stock-photo-apple-leaf-damaged-by-apple-rust-mite-a-common-arthropod-in-european-apple-orchards-galls-698959369.jpg,data/raw/plantdoc/train/Apple rust leaf/stock-photo-apple-leaf-damaged-by-apple-rust-mite-a-common-arthropod-in-european-apple-orchards-galls-698959369.jpg,2497f0c5143d6bf68b16de83c22dcac119bd9b102089fea8069606e0a56978ae,2497f0c5143d6bf68b16de83c22dcac119bd9b102089fea8069606e0a56978ae,29578,450,320,RGB,train,Apple rust leaf,,materialized,
5467f6012d78d1c446145d5f582da6096f852ae8,train/Apple rust leaf/thumb-20130802_111648.jpg,data/raw/plantdoc/train/Apple rust leaf/thumb-20130802_111648.jpg,25cd61bc03518ad06ed81432fbb9a676dbf8db431de1593c77b18bee8f0acd6a,25cd61bc03518ad06ed81432fbb9a676dbf8db431de1593c77b18bee8f0acd6a,110002,700,933,RGB,train,Apple rust leaf,,materialized,
5467f6012d78d1c446145d5f582da6096f852ae8,train/Apple rust leaf/thumb-20130802_112143.jpg,data/raw/plantdoc/train/Apple rust leaf/thumb-20130802_112143.jpg,62d82f1fc5433dfc5f214ba7aa660dca5c3377d32acbd42d36fd1cfe6255bbf5,62d82f1fc5433dfc5f214ba7aa660dca5c3377d32acbd42d36fd1cfe6255bbf5,74059,700,933,RGB,train,Apple rust leaf,,materialized,
5467f6012d78d1c446145d5f582da6096f852ae8,train/Apple rust leaf/tree-problems-cedar-apple-rust-apple-leaf-475x350.jpg,data/raw/plantdoc/train/Apple rust leaf/tree-problems-cedar-apple-rust-apple-leaf-475x350.jpg,98a229ab2c0303f46a184389e8bef902ddc34a8aa07854b732240ef9b229521a,98a229ab2c0303f46a184389e8bef902ddc34a8aa07854b732240ef9b229521a,36843,475,350,RGB,train,Apple rust leaf,,materialized,
5467f6012d78d1c446145d5f582da6096f852ae8,train/Bell_pepper leaf spot/0.jpg,data/raw/plantdoc/train/Bell_pepper leaf spot/0.jpg,a9336d6dd7351b26d591c57901c78c51c6477bad7b154df463c1121b04ab433c,a9336d6dd7351b26d591c57901c78c51c6477bad7b154df463c1121b04ab433c,41350,220,376,RGB,train,Bell_pepper leaf spot,,materialized,
5467f6012d78d1c446145d5f582da6096f852ae8,train/Bell_pepper leaf spot/0000.jpg,data/raw/plantdoc/train/Bell_pepper leaf spot/0000.jpg,b4a18182103f812ecdafcfe1874cb71ea2813b87780cac68839478cd1f6744df,b4a18182103f812ecdafcfe1874cb71ea2813b87780cac68839478cd1f6744df,766652,2592,1944,RGB,train,Bell_pepper leaf spot,,materialized,
5467f6012d78d1c446145d5f582da6096f852ae8,train/Bell_pepper leaf spot/02.jpg,data/raw/plantdoc/train/Bell_pepper leaf spot/02.jpg,85498678373dc383a50ab91f5ee010d6464596928c98134187a181be8bfc3b84,85498678373dc383a50ab91f5ee010d6464596928c98134187a181be8bfc3b84,76336,638,479,RGB,train,Bell_pepper leaf spot,,materialized,
5467f6012d78d1c446145d5f582da6096f852ae8,train/Bell_pepper leaf spot/03.jpg,data/raw/plantdoc/train/Bell_pepper leaf spot/03.jpg,77a0d25c78a3acdb2bdb1b4412b816bb9ab2f9f7ffeb89b5f4fe1c07b9018840,77a0d25c78a3acdb2bdb1b4412b816bb9ab2f9f7ffeb89b5f4fe1c07b9018840,77195,638,479,RGB,train,Bell_pepper leaf spot,,materialized,
5467f6012d78d1c446145d5f582da6096f852ae8,train/Bell_pepper leaf spot/04.jpg,data/raw/plantdoc/train/Bell_pepper leaf spot/04.jpg,e2bb038905a4911669c93cee297fc412f841bb3777df853d28edb86ed7c8021b,e2bb038905a4911669c93cee297fc412f841bb3777df853d28edb86ed7c8021b,486241,844,1500,RGB,train,Bell_pepper leaf spot,,materialized,
5467f6012d78d1c446145d5f582da6096f852ae8,train/Bell_pepper leaf spot/05.jpg,data/raw/plantdoc/train/Bell_pepper leaf spot/05.jpg,267058d886dd7bfd99a291d924089e18438a5fd6407c3b58ec517e3a23dab40c,267058d886dd7bfd99a291d924089e18438a5fd6407c3b58ec517e3a23dab40c,76798,300,300,RGB,train,Bell_pepper leaf spot,,materialized,
5467f6012d78d1c446145d5f582da6096f852ae8,train/Bell_pepper leaf spot/06.jpg,data/raw/plantdoc/train/Bell_pepper leaf spot/06.jpg,281e9a364cad3801aee1f34218f5b8f41dbb01d92999efeecedd27580d9c7a6e,281e9a364cad3801aee1f34218f5b8f41dbb01d92999efeecedd27580d9c7a6e,554375,844,1500,RGB,train,Bell_pepper leaf spot,,materialized,
5467f6012d78d1c446145d5f582da6096f852ae8,train/Bell_pepper leaf spot/100_1657.jpg,data/raw/plantdoc/train/Bell_pepper leaf spot/100_1657.jpg,090cdda97a505f7e18c8753c8e545456efb7818b213018cdbb765eba4d4ffb00,090cdda97a505f7e18c8753c8e545456efb7818b213018cdbb765eba4d4ffb00,1548796,2736,3648,RGB,train,Bell_pepper leaf spot,,materialized,
5467f6012d78d1c446145d5f582da6096f852ae8,train/Bell_pepper leaf spot/4-dogwood_pm.jpg,data/raw/plantdoc/train/Bell_pepper leaf spot/4-dogwood_pm.jpg,f5061a84dcfa787c48f2502d4bc0231a0bf4e0b6db0b9a8452bd2c0d85775722,f5061a84dcfa787c48f2502d4bc0231a0bf4e0b6db0b9a8452bd2c0d85775722,43538,600,400,RGB,train,Bell_pepper leaf spot,,materialized,
5467f6012d78d1c446145d5f582da6096f852ae8,train/Bell_pepper leaf spot/534a.jpg,data/raw/plantdoc/train/Bell_pepper leaf spot/534a.jpg,327edfd0c9db59c5fd709bfe2ad4ae328c2069a9768a8cee95adfbbfa93fe1d2,327edfd0c9db59c5fd709bfe2ad4ae328c2069a9768a8cee95adfbbfa93fe1d2,17166,300,200,RGB,train,Bell_pepper leaf spot,,materialized,
5467f6012d78d1c446145d5f582da6096f852ae8,train/Bell_pepper leaf spot/Bacterial-spot-symptoms-on-pepper-leaves-for-web.jpg,data/raw/plantdoc/train/Bell_pepper leaf spot/Bacterial-spot-symptoms-on-pepper-leaves-for-web.jpg,6d18c55c9e763cf7bc5e61cd1b445bebd4d38ac735eb86c00e3ac4cc03644a62,6d18c55c9e763cf7bc5e61cd1b445bebd4d38ac735eb86c00e3ac4cc03644a62,51236,896,504,RGB,train,Bell_pepper leaf spot,,materialized,
5467f6012d78d1c446145d5f582da6096f852ae8,train/Bell_pepper leaf spot/BacterialSpot08.jpg,data/raw/plantdoc/train/Bell_pepper leaf spot/BacterialSpot08.jpg,d0edbd7e73ccc55dd9cb4a43f36d2282ee06c7714cadf18932daf628f306e38b,d0edbd7e73ccc55dd9cb4a43f36d2282ee06c7714cadf18932daf628f306e38b,32469,480,320,RGB,train,Bell_pepper leaf spot,,materialized,
5467f6012d78d1c446145d5f582da6096f852ae8,train/Bell_pepper leaf spot/BacterialSpot09.jpg,data/raw/plantdoc/train/Bell_pepper leaf spot/BacterialSpot09.jpg,33fc783941efae1c5a2eff8319aa0a8ed1dbe37f3b176868811232da983e154f,33fc783941efae1c5a2eff8319aa0a8ed1dbe37f3b176868811232da983e154f,34607,480,320,RGB,train,Bell_pepper leaf spot,,materialized,
5467f6012d78d1c446145d5f582da6096f852ae8,train/Bell_pepper leaf spot/BacterialSpot10.jpg,data/raw/plantdoc/train/Bell_pepper leaf spot/BacterialSpot10.jpg,bde6ab558cc247c7dd832bfbb471e3ead53245deada0a61d9ea2920c5503a45d,bde6ab558cc247c7dd832bfbb471e3ead53245deada0a61d9ea2920c5503a45d,28231,300,450,RGB,train,Bell_pepper leaf spot,,materialized,
5467f6012d78d1c446145d5f582da6096f852ae8,train/Bell_pepper leaf spot/BacterialSpot17.jpg,data/raw/plantdoc/train/Bell_pepper leaf spot/BacterialSpot17.jpg,042e5bfd00f4848257167e43c2d5d794087bfe2b2b4bc73d75275935837ab9fe,042e5bfd00f4848257167e43c2d5d794087bfe2b2b4bc73d75275935837ab9fe,53096,300,450,RGB,train,Bell_pepper leaf spot,,materialized,
5467f6012d78d1c446145d5f582da6096f852ae8,train/Bell_pepper leaf spot/Bacterial_leaf_spot_symptoms.jpg,data/raw/plantdoc/train/Bell_pepper leaf spot/Bacterial_leaf_spot_symptoms.jpg,e13baa15b73d9e6b9b14e5917f16cc48c3857029388ddb1dd2fde87628c04f19,e13baa15b73d9e6b9b14e5917f16cc48c3857029388ddb1dd2fde87628c04f19,173155,1024,768,RGB,train,Bell_pepper leaf spot,,materialized,
5467f6012d78d1c446145d5f582da6096f852ae8,train/Bell_pepper leaf spot/FO3zR.jpg,data/raw/plantdoc/train/Bell_pepper leaf spot/FO3zR.jpg,63347b2fec3cbf90cb53a1fca99a5d4da6576aab28739c58daebf417845344a1,63347b2fec3cbf90cb53a1fca99a5d4da6576aab28739c58daebf417845344a1,764612,3366,2496,RGB,train,Bell_pepper leaf spot,,materialized,
5467f6012d78d1c446145d5f582da6096f852ae8,train/Bell_pepper leaf spot/G3O1I.jpg,data/raw/plantdoc/train/Bell_pepper leaf spot/G3O1I.jpg,ee564eb12420d335d468a9c5157c06256a0d436d706c786bc8882614dd4e2e6d,ee564eb12420d335d468a9c5157c06256a0d436d706c786bc8882614dd4e2e6d,531269,2448,3264,RGB,train,Bell_pepper leaf spot,,materialized,
5467f6012d78d1c446145d5f582da6096f852ae8,train/Bell_pepper leaf spot/GX3DYbwOynSj6HftBUajAw_m.jpg,data/raw/plantdoc/train/Bell_pepper leaf spot/GX3DYbwOynSj6HftBUajAw_m.jpg,74604b476732ac206b4a7731ff5e19f05954173ff2942b8992088d789c139e55,74604b476732ac206b4a7731ff5e19f05954173ff2942b8992088d789c139e55,18429,240,180,RGB,train,Bell_pepper leaf spot,,materialized,
5467f6012d78d1c446145d5f582da6096f852ae8,train/Bell_pepper leaf spot/Habanero1.jpg,data/raw/plantdoc/train/Bell_pepper leaf spot/Habanero1.jpg,cb8a9484f1af1daee4444ad083bc84c35ccd9ed91c05ca373906752899294a00,cb8a9484f1af1daee4444ad083bc84c35ccd9ed91c05ca373906752899294a00,227979,640,480,RGB,train,Bell_pepper leaf spot,,materialized,
5467f6012d78d1c446145d5f582da6096f852ae8,train/Bell_pepper leaf spot/IMG_0945.jpg,data/raw/plantdoc/train/Bell_pepper leaf spot/IMG_0945.jpg,4cfb3ebd58cccf1b1b247fed0d20e0136097cdcfdd8566f5e5db8e8e206767ca,4cfb3ebd58cccf1b1b247fed0d20e0136097cdcfdd8566f5e5db8e8e206767ca,65225,640,480,RGB,train,Bell_pepper leaf spot,,materialized,
5467f6012d78d1c446145d5f582da6096f852ae8,train/Bell_pepper leaf spot/IMG_6029-001_1500x1500%253E.JPG?1403119544.jpg,data/raw/plantdoc/train/Bell_pepper leaf spot/IMG_6029-001_1500x1500%253E.JPG?1403119544.jpg,13c23e54538a1db86a9effa07d11a59d80e855a6801a1029a5051ffce75e7193,13c23e54538a1db86a9effa07d11a59d80e855a6801a1029a5051ffce75e7193,182197,800,600,RGB,train,Bell_pepper leaf spot,,materialized,
5467f6012d78d1c446145d5f582da6096f852ae8,train/Bell_pepper leaf spot/P5270397.JPG.jpg,data/raw/plantdoc/train/Bell_pepper leaf spot/P5270397.JPG.jpg,35f29587ecd2274b74588e14059f6a75d9339fce8b97c8b772c9aa4f04f59187,35f29587ecd2274b74588e14059f6a75d9339fce8b97c8b772c9aa4f04f59187,261797,1600,1200,RGB,train,Bell_pepper leaf spot,,materialized,
5467f6012d78d1c446145d5f582da6096f852ae8,train/Bell_pepper leaf spot/Pepper-BLS-Leaf_93303-e1370119902259.jpg,data/raw/plantdoc/train/Bell_pepper leaf spot/Pepper-BLS-Leaf_93303-e1370119902259.jpg,cf3f5302e71086de1fc350519196c7a36433b55de5ac4d43b72495f146e2099c,cf3f5302e71086de1fc350519196c7a36433b55de5ac4d43b72495f146e2099c,1956389,3000,4000,RGB,train,Bell_pepper leaf spot,,materialized,
5467f6012d78d1c446145d5f582da6096f852ae8,train/Bell_pepper leaf spot/Pepper-problem.jpg,data/raw/plantdoc/train/Bell_pepper leaf spot/Pepper-problem.jpg,15a63e3baa8998e0b44194a44d4194b7069012e5be53c17cb58d7302458ef2fe,15a63e3baa8998e0b44194a44d4194b7069012e5be53c17cb58d7302458ef2fe,167138,900,675,RGB,train,Bell_pepper leaf spot,,materialized,
5467f6012d78d1c446145d5f582da6096f852ae8,train/Bell_pepper leaf spot/PepperPhytophLeaf3-2f94629.jpg,data/raw/plantdoc/train/Bell_pepper leaf spot/PepperPhytophLeaf3-2f94629.jpg,5c4134438e2d1c50dc6d9f4c45a02fa39813596f093cc8be861a59346ef38ad8,5c4134438e2d1c50dc6d9f4c45a02fa39813596f093cc8be861a59346ef38ad8,2671956,2816,2112,RGB,train,Bell_pepper leaf spot,,materialized,
5467f6012d78d1c446145d5f582da6096f852ae8,train/Bell_pepper leaf spot/Septoria-leaf-spot.jpg,data/raw/plantdoc/train/Bell_pepper leaf spot/Septoria-leaf-spot.jpg,8359148b53be0c6f35e0315cbfafc0a60621e699d33e0f12b847ce412ea38562,8359148b53be0c6f35e0315cbfafc0a60621e699d33e0f12b847ce412ea38562,100639,800,600,RGB,train,Bell_pepper leaf spot,,materialized,
5467f6012d78d1c446145d5f582da6096f852ae8,train/Bell_pepper leaf spot/TCSV_Pepper%20%284%29.jpg,data/raw/plantdoc/train/Bell_pepper leaf spot/TCSV_Pepper%20%284%29.jpg,f2ccdde186355386ca4ee3361bb27613faf7bdb0b164093e53204211f67dc94a,f2ccdde186355386ca4ee3361bb27613faf7bdb0b164093e53204211f67dc94a,318183,540,720,RGB,train,Bell_pepper leaf spot,,materialized,
5467f6012d78d1c446145d5f582da6096f852ae8,train/Bell_pepper leaf spot/TCSV_Pepper%20%285%29.jpg,data/raw/plantdoc/train/Bell_pepper leaf spot/TCSV_Pepper%20%285%29.jpg,e0b3b6beb516893dee04020addd430d147ffdcb1aa40a398be4cb5116179b482,e0b3b6beb516893dee04020addd430d147ffdcb1aa40a398be4cb5116179b482,324762,540,720,RGB,train,Bell_pepper leaf spot,,materialized,
5467f6012d78d1c446145d5f582da6096f852ae8,train/Bell_pepper leaf spot/TCSV_Pepper%20%286%29.jpg,data/raw/plantdoc/train/Bell_pepper leaf spot/TCSV_Pepper%20%286%29.jpg,bf31f95b598bc4cbb46225d13837c3ec26967c20d762c5b7d126f7d24ae6f085,bf31f95b598bc4cbb46225d13837c3ec26967c20d762c5b7d126f7d24ae6f085,341960,720,540,RGB,train,Bell_pepper leaf spot,,materialized,
5467f6012d78d1c446145d5f582da6096f852ae8,train/Bell_pepper leaf spot/bJrFf.jpg,data/raw/plantdoc/train/Bell_pepper leaf spot/bJrFf.jpg,67b03973223ef8de9eb7372225af4487598aacec38a6a3222eb150f17c32457e,67b03973223ef8de9eb7372225af4487598aacec38a6a3222eb150f17c32457e,537581,3264,2448,RGB,train,Bell_pepper leaf spot,,materialized,
5467f6012d78d1c446145d5f582da6096f852ae8,train/Bell_pepper leaf spot/bacspot_confused_w_pseudomonas.jpg,data/raw/plantdoc/train/Bell_pepper leaf spot/bacspot_confused_w_pseudomonas.jpg,e7cf9aaf629c0b05e434bbe1c3aaff889bf94cf9f38233e5ca3f5e9fdd214051,e7cf9aaf629c0b05e434bbe1c3aaff889bf94cf9f38233e5ca3f5e9fdd214051,117819,900,482,RGB,train,Bell_pepper leaf spot,,materialized,
5467f6012d78d1c446145d5f582da6096f852ae8,train/Bell_pepper leaf spot/bacterial-leaf-spot-on-peppers.jpg,data/raw/plantdoc/train/Bell_pepper leaf spot/bacterial-leaf-spot-on-peppers.jpg,7727464cb354aaefa0a63628f018612719f5f386c9cff8405ab4508bb1f1e44f,7727464cb354aaefa0a63628f018612719f5f386c9cff8405ab4508bb1f1e44f,161981,1536,1040,RGB,train,Bell_pepper leaf spot,,materialized,
5467f6012d78d1c446145d5f582da6096f852ae8,train/Bell_pepper leaf spot/bacterialCanker08-129kre6-on-pepper-50-QUALITY-1tzxf2r.jpg,data/raw/plantdoc/train/Bell_pepper leaf spot/bacterialCanker08-129kre6-on-pepper-50-QUALITY-1tzxf2r.jpg,92bc2f724482a29611bf8255e6e02751a7891fe03dfc1f2455e10fd135f38b79,92bc2f724482a29611bf8255e6e02751a7891fe03dfc1f2455e10fd135f38b79,55281,667,500,RGB,train,Bell_pepper leaf spot,,materialized,
5467f6012d78d1c446145d5f582da6096f852ae8,train/Bell_pepper leaf spot/bacterial_leaf_spot_pepper_plant_l.jpg,data/raw/plantdoc/train/Bell_pepper leaf spot/bacterial_leaf_spot_pepper_plant_l.jpg,b1106d0ef35b564f9eedba3c1b0be5e9001f3d8d247bb653c303d9e8281e3b69,b1106d0ef35b564f9eedba3c1b0be5e9001f3d8d247bb653c303d9e8281e3b69,30297,400,300,RGB,train,Bell_pepper leaf spot,,materialized,
5467f6012d78d1c446145d5f582da6096f852ae8,train/Bell_pepper leaf spot/bacterialspot3_600px.jpg,data/raw/plantdoc/train/Bell_pepper leaf spot/bacterialspot3_600px.jpg,c8fec9ceec054a2b9ef48ce7efe756ec11a981052efc4ed862492f7ff5a0c837,c8fec9ceec054a2b9ef48ce7efe756ec11a981052efc4ed862492f7ff5a0c837,83541,600,800,RGB,train,Bell_pepper leaf spot,,materialized,
5467f6012d78d1c446145d5f582da6096f852ae8,train/Bell_pepper leaf spot/e2Vlc.jpg,data/raw/plantdoc/train/Bell_pepper leaf spot/e2Vlc.jpg,7b7915b93b38eb52ea71f74d0d6b95ca69adc1e34077cdec5897e37faa4777df,7b7915b93b38eb52ea71f74d0d6b95ca69adc1e34077cdec5897e37faa4777df,442156,2448,3264,RGB,train,Bell_pepper leaf spot,,materialized,
5467f6012d78d1c446145d5f582da6096f852ae8,train/Bell_pepper leaf spot/e4d0e5.jpg,data/raw/plantdoc/train/Bell_pepper leaf spot/e4d0e5.jpg,46fc56a2ecb6feba4d27fd4caeebeb7d5d998c5dbd732f622c17d43443fac129,46fc56a2ecb6feba4d27fd4caeebeb7d5d998c5dbd732f622c17d43443fac129,186125,800,600,RGB,train,Bell_pepper leaf spot,,materialized,
5467f6012d78d1c446145d5f582da6096f852ae8,train/Bell_pepper leaf spot/ed8e20.jpg,data/raw/plantdoc/train/Bell_pepper leaf spot/ed8e20.jpg,507eae3c5bad729b1b0d0114526c6eb1659d08157d7c2c3b9694ec183406d3a7,507eae3c5bad729b1b0d0114526c6eb1659d08157d7c2c3b9694ec183406d3a7,193618,800,600,RGB,train,Bell_pepper leaf spot,,materialized,
5467f6012d78d1c446145d5f582da6096f852ae8,train/Bell_pepper leaf spot/figure1.jpg,data/raw/plantdoc/train/Bell_pepper leaf spot/figure1.jpg,a2a7ae9c58c674e798965f3f65d1dbbc4797f239c67e6ff38c1b6653179dbd44,a2a7ae9c58c674e798965f3f65d1dbbc4797f239c67e6ff38c1b6653179dbd44,146085,400,329,RGB,train,Bell_pepper leaf spot,,materialized,
5467f6012d78d1c446145d5f582da6096f852ae8,train/Bell_pepper leaf spot/file.php?id=5336&t=1.jpg,data/raw/plantdoc/train/Bell_pepper leaf spot/file.php?id=5336&t=1.jpg,283797d5ea8f2cece37b2d0d2f8deafda851e93a194c9c4e32d375536fbba128,283797d5ea8f2cece37b2d0d2f8deafda851e93a194c9c4e32d375536fbba128,25206,300,400,RGB,train,Bell_pepper leaf spot,,materialized,
5467f6012d78d1c446145d5f582da6096f852ae8,train/Bell_pepper leaf spot/gray-leaf-spot-disease-on-260nw-559799659.jpg,data/raw/plantdoc/train/Bell_pepper leaf spot/gray-leaf-spot-disease-on-260nw-559799659.jpg,529c457e50f00147fb999496da701d921d996fd21a351cd1d6ea8d54bf1b2329,529c457e50f00147fb999496da701d921d996fd21a351cd1d6ea8d54bf1b2329,33536,347,280,RGB,train,Bell_pepper leaf spot,,materialized,
5467f6012d78d1c446145d5f582da6096f852ae8,train/Bell_pepper leaf spot/green-pepper-plant-diseases-bacterial-spot-on-pepper-plant-green-pepper-plant-diseases-photos.jpg,data/raw/plantdoc/train/Bell_pepper leaf spot/green-pepper-plant-diseases-bacterial-spot-on-pepper-plant-green-pepper-plant-diseases-photos.jpg,9c3bc93d2381f7b26b7ef9556439686e157304068c6cf1fe62338340a158af22,9c3bc93d2381f7b26b7ef9556439686e157304068c6cf1fe62338340a158af22,66914,700,525,RGB,train,Bell_pepper leaf spot,,materialized,
5467f6012d78d1c446145d5f582da6096f852ae8,train/Bell_pepper leaf spot/image_1500x1500%253E.jpeg?1467983528.jpg,data/raw/plantdoc/train/Bell_pepper leaf spot/image_1500x1500%253E.jpeg?1467983528.jpg,cc201610a8a8288d6d55d02fc26490deb79ac1e1ae720a12244c0e3e2cacece2,cc201610a8a8288d6d55d02fc26490deb79ac1e1ae720a12244c0e3e2cacece2,703398,1500,1120,RGB,train,Bell_pepper leaf spot,,materialized,
5467f6012d78d1c446145d5f582da6096f852ae8,train/Bell_pepper leaf spot/image_1500x1500%253E.jpeg?1472603885.jpg,data/raw/plantdoc/train/Bell_pepper leaf spot/image_1500x1500%253E.jpeg?1472603885.jpg,25b0571b5676d2c1859fca721650569e603e0c1e2335f293377e940b62a37b1f,25b0571b5676d2c1859fca721650569e603e0c1e2335f293377e940b62a37b1f,461989,1500,1120,RGB,train,Bell_pepper leaf spot,,materialized,
5467f6012d78d1c446145d5f582da6096f852ae8,train/Bell_pepper leaf spot/image_300x300%2523.jpeg?1472603885.jpg,data/raw/plantdoc/train/Bell_pepper leaf spot/image_300x300%2523.jpeg?1472603885.jpg,0a4d910ca2943dc49831d41d7e6e908f3123c0120141797d359425e8fa655b5c,0a4d910ca2943dc49831d41d7e6e908f3123c0120141797d359425e8fa655b5c,38042,300,300,RGB,train,Bell_pepper leaf spot,,materialized,
5467f6012d78d1c446145d5f582da6096f852ae8,train/Bell_pepper leaf spot/image_300x300%2523.jpeg?1472603886.jpg,data/raw/plantdoc/train/Bell_pepper leaf spot/image_300x300%2523.jpeg?1472603886.jpg,26fa91e7d8573fc27d5fd5c270110dbe75aace96dda2d6865d12ed39d18aed78,26fa91e7d8573fc27d5fd5c270110dbe75aace96dda2d6865d12ed39d18aed78,68484,300,300,RGB,train,Bell_pepper leaf spot,,materialized,
5467f6012d78d1c446145d5f582da6096f852ae8,train/Bell_pepper leaf spot/image_original.jpeg?1472603885.jpg,data/raw/plantdoc/train/Bell_pepper leaf spot/image_original.jpeg?1472603885.jpg,40899946df44642bf0baf19c78b6ed03d76b44c7384bd5b1b2de4cae29cf5486,40899946df44642bf0baf19c78b6ed03d76b44c7384bd5b1b2de4cae29cf5486,1111584,2592,1936,RGB,train,Bell_pepper leaf spot,,materialized,
5467f6012d78d1c446145d5f582da6096f852ae8,train/Bell_pepper leaf spot/image_original.jpeg?1472603886.jpg,data/raw/plantdoc/train/Bell_pepper leaf spot/image_original.jpeg?1472603886.jpg,cd43c5a1b508cbd6254912337b3c9dc771a60d0a0b3d4fdb914b82709b825e06,cd43c5a1b508cbd6254912337b3c9dc771a60d0a0b3d4fdb914b82709b825e06,1680754,2592,1936,RGB,train,Bell_pepper leaf spot,,materialized,
5467f6012d78d1c446145d5f582da6096f852ae8,train/Bell_pepper leaf spot/may27pepleaes001.jpg,data/raw/plantdoc/train/Bell_pepper leaf spot/may27pepleaes001.jpg,cf3cb6bbf7b41534059aa54e01764a54ae77756d315bd75b67c912dd8ad540db,cf3cb6bbf7b41534059aa54e01764a54ae77756d315bd75b67c912dd8ad540db,135514,1024,768,RGB,train,Bell_pepper leaf spot,,materialized,
5467f6012d78d1c446145d5f582da6096f852ae8,train/Bell_pepper leaf spot/may27pepleaes002.jpg,data/raw/plantdoc/train/Bell_pepper leaf spot/may27pepleaes002.jpg,a63dd04f2d3db230277c2bf5d87f9b933a0bc206d38ba112d065d55b6c1d8cb3,a63dd04f2d3db230277c2bf5d87f9b933a0bc206d38ba112d065d55b6c1d8cb3,119480,1024,768,RGB,train,Bell_pepper leaf spot,,materialized,
5467f6012d78d1c446145d5f582da6096f852ae8,train/Bell_pepper leaf spot/pepper-plant-leaves-holes-in-pepper-plant-leaves-holes-in-pepper-plant-leaves-small-holes-in-pepper-plant-leaves-pepper-plant-leaves-eaten.jpg,data/raw/plantdoc/train/Bell_pepper leaf spot/pepper-plant-leaves-holes-in-pepper-plant-leaves-holes-in-pepper-plant-leaves-small-holes-in-pepper-plant-leaves-pepper-plant-leaves-eaten.jpg,18ea6a2e07e741e00e8a47938b0f53bbb325b49c018eb28d15bac58fb5a4eb33,18ea6a2e07e741e00e8a47938b0f53bbb325b49c018eb28d15bac58fb5a4eb33,98613,1024,683,RGB,train,Bell_pepper leaf spot,,materialized,
5467f6012d78d1c446145d5f582da6096f852ae8,train/Bell_pepper leaf spot/pepper-plant-leaves-turning-yellow-plants-turning-yellow-pepper-plant-leaves-turning-yellow-with-brown-spots.jpg,data/raw/plantdoc/train/Bell_pepper leaf spot/pepper-plant-leaves-turning-yellow-plants-turning-yellow-pepper-plant-leaves-turning-yellow-with-brown-spots.jpg,f1cce3a8c0f02583df31116d26c46476ce32a6fd29048714d3b94868f3a53c17,f1cce3a8c0f02583df31116d26c46476ce32a6fd29048714d3b94868f3a53c17,124450,1024,683,RGB,train,Bell_pepper leaf spot,,materialized,
5467f6012d78d1c446145d5f582da6096f852ae8,train/Bell_pepper leaf spot/pepper_V5a.jpg,data/raw/plantdoc/train/Bell_pepper leaf spot/pepper_V5a.jpg,d4aa17bda340f5c28f6f487c1b04df7cdecc407dcbb36780d83ae80ff9febd2a,d4aa17bda340f5c28f6f487c1b04df7cdecc407dcbb36780d83ae80ff9febd2a,11190,350,270,RGB,train,Bell_pepper leaf spot,,materialized,
5467f6012d78d1c446145d5f582da6096f852ae8,train/Bell_pepper leaf spot/pepper_bacterial-spot_02_zoom.jpg,data/raw/plantdoc/train/Bell_pepper leaf spot/pepper_bacterial-spot_02_zoom.jpg,256c151c66f14353971a8d1721a8fa07059c0e4ddeb11a7fdc0db2dc8a7033c8,256c151c66f14353971a8d1721a8fa07059c0e4ddeb11a7fdc0db2dc8a7033c8,139101,900,675,RGB,train,Bell_pepper leaf spot,,materialized,
5467f6012d78d1c446145d5f582da6096f852ae8,train/Bell_pepper leaf spot/pepper_bacterial-spot_04_zoom.jpg,data/raw/plantdoc/train/Bell_pepper leaf spot/pepper_bacterial-spot_04_zoom.jpg,8fe03267a0033b076b54e18b4c19f576d01335e004b6cc3e4bf5dc6855eb8e63,8fe03267a0033b076b54e18b4c19f576d01335e004b6cc3e4bf5dc6855eb8e63,118038,900,675,RGB,train,Bell_pepper leaf spot,,materialized,
5467f6012d78d1c446145d5f582da6096f852ae8,train/Bell_pepper leaf spot/pepper_phytophtera10x1200.jpg,data/raw/plantdoc/train/Bell_pepper leaf spot/pepper_phytophtera10x1200.jpg,0ab842267961b8dd63bd6488f260a5c1737eaf7f702023baf9e754011c40940d,0ab842267961b8dd63bd6488f260a5c1737eaf7f702023baf9e754011c40940d,198509,1200,742,RGB,train,Bell_pepper leaf spot,,materialized,
5467f6012d78d1c446145d5f582da6096f852ae8,train/Bell_pepper leaf spot/pepper_phytophtera12x500.jpg,data/raw/plantdoc/train/Bell_pepper leaf spot/pepper_phytophtera12x500.jpg,5a77e6e3f5f70c496a3e63705b7cd1e7bebccf2468679597627e71aaf00f50c3,5a77e6e3f5f70c496a3e63705b7cd1e7bebccf2468679597627e71aaf00f50c3,83336,500,667,RGB,train,Bell_pepper leaf spot,,materialized,
5467f6012d78d1c446145d5f582da6096f852ae8,train/Bell_pepper leaf spot/pepperplantwithbacterialspotimg3206.jpg,data/raw/plantdoc/train/Bell_pepper leaf spot/pepperplantwithbacterialspotimg3206.jpg,33c2578f06cb3c702f645c6a2c264207a11991f247eff2224dc7c99cc7ea395e,33c2578f06cb3c702f645c6a2c264207a11991f247eff2224dc7c99cc7ea395e,1362165,2592,1936,RGB,train,Bell_pepper leaf spot,,materialized,
5467f6012d78d1c446145d5f582da6096f852ae8,train/Bell_pepper leaf spot/peppers_bacterial_spot_onpeppertransplant_zoom.jpg,data/raw/plantdoc/train/Bell_pepper leaf spot/peppers_bacterial_spot_onpeppertransplant_zoom.jpg,d68c32e07062a96b9ed46f31dc2f6136b0e72c9a670115a9503c3849cbcc771e,d68c32e07062a96b9ed46f31dc2f6136b0e72c9a670115a9503c3849cbcc771e,145379,700,659,RGB,train,Bell_pepper leaf spot,,materialized,
5467f6012d78d1c446145d5f582da6096f852ae8,train/Bell_pepper leaf spot/peppers_bacterial_spot_zoom.jpg,data/raw/plantdoc/train/Bell_pepper leaf spot/peppers_bacterial_spot_zoom.jpg,6e6576bfdf851d2879633424d4aedfa5d98925d166c0af466424febb2aee395d,6e6576bfdf851d2879633424d4aedfa5d98925d166c0af466424febb2aee395d,209550,700,525,RGB,train,Bell_pepper leaf spot,,materialized,
5467f6012d78d1c446145d5f582da6096f852ae8,train/Bell_pepper leaf spot/thrips001.jpg,data/raw/plantdoc/train/Bell_pepper leaf spot/thrips001.jpg,39e443062cadd08fe23e94b0ddc87034ef85827698b45b077a5c7c0cd7596e44,39e443062cadd08fe23e94b0ddc87034ef85827698b45b077a5c7c0cd7596e44,11690,202,202,RGB,train,Bell_pepper leaf spot,,materialized,
5467f6012d78d1c446145d5f582da6096f852ae8,train/Bell_pepper leaf/004-10.jpg,data/raw/plantdoc/train/Bell_pepper leaf/004-10.jpg,13d18cc07dee0acbf1ef414d0d09a7d442d47b49d726b99df207e4deead7fe97,13d18cc07dee0acbf1ef414d0d09a7d442d47b49d726b99df207e4deead7fe97,197363,640,480,RGB,train,Bell_pepper leaf,,materialized,
5467f6012d78d1c446145d5f582da6096f852ae8,train/Bell_pepper leaf/007.JPG.jpg,data/raw/plantdoc/train/Bell_pepper leaf/007.JPG.jpg,330c8a29544d916d6de245ccf7fe3aa755d7c9999e4ce4684683c58f858dd752,330c8a29544d916d6de245ccf7fe3aa755d7c9999e4ce4684683c58f858dd752,3787525,2448,3264,RGB,train,Bell_pepper leaf,,materialized,
5467f6012d78d1c446145d5f582da6096f852ae8,train/Bell_pepper leaf/0f3sA.jpg,data/raw/plantdoc/train/Bell_pepper leaf/0f3sA.jpg,08932ae22795ccf9702a013d13eef6a93fc1049c33e3bff31f459a9c142cde64,08932ae22795ccf9702a013d13eef6a93fc1049c33e3bff31f459a9c142cde64,207993,1032,581,RGB,train,Bell_pepper leaf,,materialized,
5467f6012d78d1c446145d5f582da6096f852ae8,train/Bell_pepper leaf/14ec45.jpg,data/raw/plantdoc/train/Bell_pepper leaf/14ec45.jpg,9b117190dfe1fc891dcb97fc95be4e7dc9d608503a7718cf05c2b11e29ffec51,9b117190dfe1fc891dcb97fc95be4e7dc9d608503a7718cf05c2b11e29ffec51,33985,440,330,RGB,train,Bell_pepper leaf,,materialized,
5467f6012d78d1c446145d5f582da6096f852ae8,train/Bell_pepper leaf/2477703364_0c94646b48.jpg,data/raw/plantdoc/train/Bell_pepper leaf/2477703364_0c94646b48.jpg,0960dc5cb5f9a7711d037d59af37f3a70dbac7385f8e2c82e0feb5bb9effccc7,0960dc5cb5f9a7711d037d59af37f3a70dbac7385f8e2c82e0feb5bb9effccc7,122664,500,336,RGB,train,Bell_pepper leaf,,materialized,
5467f6012d78d1c446145d5f582da6096f852ae8,train/Bell_pepper leaf/28a593.jpg,data/raw/plantdoc/train/Bell_pepper leaf/28a593.jpg,6035715c63c45d3ee4696bbfdaecc50460332a2b24bfe0f3e828a1b9ddb26b6c,6035715c63c45d3ee4696bbfdaecc50460332a2b24bfe0f3e828a1b9ddb26b6c,38369,440,330,RGB,train,Bell_pepper leaf,,materialized,
5467f6012d78d1c446145d5f582da6096f852ae8,train/Bell_pepper leaf/387502.jpg,data/raw/plantdoc/train/Bell_pepper leaf/387502.jpg,299f7a5411a52351c1049a845fe606dfb378c36bd22ee3ce55ed4e1f89788c25,299f7a5411a52351c1049a845fe606dfb378c36bd22ee3ce55ed4e1f89788c25,82349,800,600,RGB,train,Bell_pepper leaf,,materialized,
5467f6012d78d1c446145d5f582da6096f852ae8,train/Bell_pepper leaf/5493139683d035a18fd0dfa12893f38b--outdoor-decor-worms.jpg,data/raw/plantdoc/train/Bell_pepper leaf/5493139683d035a18fd0dfa12893f38b--outdoor-decor-worms.jpg,d273423d0ee7304f39a66d3f8d9ef66b0c6319c8f81b729e9ce2c459f0dc3cc6,d273423d0ee7304f39a66d3f8d9ef66b0c6319c8f81b729e9ce2c459f0dc3cc6,16977,236,314,RGB,train,Bell_pepper leaf,,materialized,
5467f6012d78d1c446145d5f582da6096f852ae8,train/Bell_pepper leaf/951d30.jpg,data/raw/plantdoc/train/Bell_pepper leaf/951d30.jpg,f9edd68186d8a15cbe5d750464e362a7106d18aabfa99db50cf8634ae28302bb,f9edd68186d8a15cbe5d750464e362a7106d18aabfa99db50cf8634ae28302bb,131298,600,450,RGB,train,Bell_pepper leaf,,materialized,
5467f6012d78d1c446145d5f582da6096f852ae8,train/Bell_pepper leaf/Bell-pepper-leaves.jpg,data/raw/plantdoc/train/Bell_pepper leaf/Bell-pepper-leaves.jpg,3852ec4ad76226fcb4be713949b581036e5e39cce3b1979f0ebc1352e9fc87c0,3852ec4ad76226fcb4be713949b581036e5e39cce3b1979f0ebc1352e9fc87c0,112366,498,374,RGB,train,Bell_pepper leaf,,materialized,
5467f6012d78d1c446145d5f582da6096f852ae8,train/Bell_pepper leaf/Bell-pepper-plant.JPG.jpg,data/raw/plantdoc/train/Bell_pepper leaf/Bell-pepper-plant.JPG.jpg,f26da5e5df30af8ca2e65914a37acde6711c561edf543ede54da7b5176118139,f26da5e5df30af8ca2e65914a37acde6711c561edf543ede54da7b5176118139,296862,768,1024,RGB,train,Bell_pepper leaf,,materialized,
5467f6012d78d1c446145d5f582da6096f852ae8,train/Bell_pepper leaf/CMZEb.jpg,data/raw/plantdoc/train/Bell_pepper leaf/CMZEb.jpg,fccbfa9e133c2a0129561464adc43fc13d2d8eb0105b922c1e81024c506d7885,fccbfa9e133c2a0129561464adc43fc13d2d8eb0105b922c1e81024c506d7885,779943,2371,3162,RGB,train,Bell_pepper leaf,,materialized,
5467f6012d78d1c446145d5f582da6096f852ae8,train/Bell_pepper leaf/DSC04477.JPG.jpg,data/raw/plantdoc/train/Bell_pepper leaf/DSC04477.JPG.jpg,f09d8015b62f7b73a928b3e20362905df520e78ce56d517e9f1d090805fcea3f,f09d8015b62f7b73a928b3e20362905df520e78ce56d517e9f1d090805fcea3f,339652,1600,1067,RGB,train,Bell_pepper leaf,,materialized,
5467f6012d78d1c446145d5f582da6096f852ae8,train/Bell_pepper leaf/DSCN0652.jpg,data/raw/plantdoc/train/Bell_pepper leaf/DSCN0652.jpg,12b6c4b6f74e2548e4f015d7226315173d9bcf56022a14eab80647b1d13445b4,12b6c4b6f74e2548e4f015d7226315173d9bcf56022a14eab80647b1d13445b4,208230,640,480,RGB,train,Bell_pepper leaf,,materialized,
5467f6012d78d1c446145d5f582da6096f852ae8,train/Bell_pepper leaf/DSCN3768.JPG.jpg,data/raw/plantdoc/train/Bell_pepper leaf/DSCN3768.JPG.jpg,147bb389f2c8cc83948e466fb052f35b7c31e2b9ae1a2fd0731b5d41268c8031,147bb389f2c8cc83948e466fb052f35b7c31e2b9ae1a2fd0731b5d41268c8031,351063,1600,1200,RGB,train,Bell_pepper leaf,,materialized,
5467f6012d78d1c446145d5f582da6096f852ae8,train/Bell_pepper leaf/DSCN5835_original.JPG?1472909566.jpg,data/raw/plantdoc/train/Bell_pepper leaf/DSCN5835_original.JPG?1472909566.jpg,febdb5abdd0efe3e8d6e6da62d3c186c215cb2ec6cd51ca099eef4f6d7ea6a0e,febdb5abdd0efe3e8d6e6da62d3c186c215cb2ec6cd51ca099eef4f6d7ea6a0e,1153002,2592,1944,RGB,train,Bell_pepper leaf,,materialized,
5467f6012d78d1c446145d5f582da6096f852ae8,train/Bell_pepper leaf/IMG_1495.JPG.jpg,data/raw/plantdoc/train/Bell_pepper leaf/IMG_1495.JPG.jpg,6ac96c5164ed51dbc82cee5db436ade9c46bd0a823c9e8030ce897043c44ee09,6ac96c5164ed51dbc82cee5db436ade9c46bd0a823c9e8030ce897043c44ee09,330748,1600,1200,RGB,train,Bell_pepper leaf,,materialized,
5467f6012d78d1c446145d5f582da6096f852ae8,train/Bell_pepper leaf/IMG_2855-1.jpg,data/raw/plantdoc/train/Bell_pepper leaf/IMG_2855-1.jpg,8816883e85cc36d24a8210dbee94460ef0cf09824d4747429529a5f865ec7c39,8816883e85cc36d24a8210dbee94460ef0cf09824d4747429529a5f865ec7c39,370107,598,799,RGB,train,Bell_pepper leaf,,materialized,
5467f6012d78d1c446145d5f582da6096f852ae8,train/Bell_pepper leaf/IMG_3891.JPG?1492073147.jpg,data/raw/plantdoc/train/Bell_pepper leaf/IMG_3891.JPG?1492073147.jpg,6205543728ff7f71d6f3ca892664124bcce32355e8bc37b54996f4d43416505f,6205543728ff7f71d6f3ca892664124bcce32355e8bc37b54996f4d43416505f,162186,480,640,RGB,train,Bell_pepper leaf,,materialized,
5467f6012d78d1c446145d5f582da6096f852ae8,train/Bell_pepper leaf/M7JV1.jpg,data/raw/plantdoc/train/Bell_pepper leaf/M7JV1.jpg,7a812c37cf5f3cf32fa89ba855bf5a2a524e5423a3f83ae2c0f4f4cc6c3777d0,7a812c37cf5f3cf32fa89ba855bf5a2a524e5423a3f83ae2c0f4f4cc6c3777d0,339171,1260,1596,RGB,train,Bell_pepper leaf,,materialized,
5467f6012d78d1c446145d5f582da6096f852ae8,train/Bell_pepper leaf/P4190299aS.jpg,data/raw/plantdoc/train/Bell_pepper leaf/P4190299aS.jpg,d5f75072c6771624d7a658a9313ff0b273935241be54dd8905d5d6842ee53eb9,d5f75072c6771624d7a658a9313ff0b273935241be54dd8905d5d6842ee53eb9,115329,648,690,RGB,train,Bell_pepper leaf,,materialized,
5467f6012d78d1c446145d5f582da6096f852ae8,train/Bell_pepper leaf/Seminis-Turnpike-Bell-Pepper-1024x756.jpg,data/raw/plantdoc/train/Bell_pepper leaf/Seminis-Turnpike-Bell-Pepper-1024x756.jpg,74623ff554212b2ab9defaf420d038d590784b995de1f74a3284afafcb54b6ca,74623ff554212b2ab9defaf420d038d590784b995de1f74a3284afafcb54b6ca,241106,1024,756,RGB,train,Bell_pepper leaf,,materialized,
5467f6012d78d1c446145d5f582da6096f852ae8,train/Bell_pepper leaf/ac9201ad84e0987e6fdd2589258d72fd.jpg,data/raw/plantdoc/train/Bell_pepper leaf/ac9201ad84e0987e6fdd2589258d72fd.jpg,e478441ee6357b9685c768ebb7bcd4c1e21dcc5b5f26b6b0463e0a27f3afecae,e478441ee6357b9685c768ebb7bcd4c1e21dcc5b5f26b6b0463e0a27f3afecae,16214,230,286,RGB,train,Bell_pepper leaf,,materialized,
5467f6012d78d1c446145d5f582da6096f852ae8,train/Bell_pepper leaf/b085c28357a5f7839c2dcf582acc9e52.jpg,data/raw/plantdoc/train/Bell_pepper leaf/b085c28357a5f7839c2dcf582acc9e52.jpg,8196cc2b0be5c270acbf89b583351471864d21d36fe8076771c741aff2a0e1cf,8196cc2b0be5c270acbf89b583351471864d21d36fe8076771c741aff2a0e1cf,71664,736,981,RGB,train,Bell_pepper leaf,,materialized,
5467f6012d78d1c446145d5f582da6096f852ae8,train/Bell_pepper leaf/bb2581.jpg,data/raw/plantdoc/train/Bell_pepper leaf/bb2581.jpg,8e4f7e233d73674acab33731e7358a303ec8fa27f73ad12b4e7a535be03b660c,8e4f7e233d73674acab33731e7358a303ec8fa27f73ad12b4e7a535be03b660c,179263,800,600,RGB,train,Bell_pepper leaf,,materialized,
5467f6012d78d1c446145d5f582da6096f852ae8,train/Bell_pepper leaf/bell%20pepper%20rain%20590x330.jpg,data/raw/plantdoc/train/Bell_pepper leaf/bell%20pepper%20rain%20590x330.jpg,a11fedbd3f78e4e5fd8991ddd7caaaa445c4216656d1ba88c0e41c3c9a628c50,a11fedbd3f78e4e5fd8991ddd7caaaa445c4216656d1ba88c0e41c3c9a628c50,203012,590,332,RGB,train,Bell_pepper leaf,,materialized,
5467f6012d78d1c446145d5f582da6096f852ae8,train/Bell_pepper leaf/dscf1776.jpg,data/raw/plantdoc/train/Bell_pepper leaf/dscf1776.jpg,d697dc7c15ca8d1fc093ce525170f5666e200c1103880c6078c989686b55b277,d697dc7c15ca8d1fc093ce525170f5666e200c1103880c6078c989686b55b277,1955192,3264,2448,RGB,train,Bell_pepper leaf,,materialized,
5467f6012d78d1c446145d5f582da6096f852ae8,train/Bell_pepper leaf/e8199bb0e4a7edf94351ca07a5aadc06.jpg,data/raw/plantdoc/train/Bell_pepper leaf/e8199bb0e4a7edf94351ca07a5aadc06.jpg,50e457302f0c704c684bc957abf8cda3f81f76e4b9184e21e638e6b83787151d,50e457302f0c704c684bc957abf8cda3f81f76e4b9184e21e638e6b83787151d,116368,736,981,RGB,train,Bell_pepper leaf,,materialized,
5467f6012d78d1c446145d5f582da6096f852ae8,train/Bell_pepper leaf/ee4ab32985e0f26d556ab9d6ac7d0a35.jpg,data/raw/plantdoc/train/Bell_pepper leaf/ee4ab32985e0f26d556ab9d6ac7d0a35.jpg,563f791503dc474334e2a3babcef801362d40b406f32cc9f6c38ebb8f1b4bb43,563f791503dc474334e2a3babcef801362d40b406f32cc9f6c38ebb8f1b4bb43,41590,620,413,RGB,train,Bell_pepper leaf,,materialized,
5467f6012d78d1c446145d5f582da6096f852ae8,train/Bell_pepper leaf/file.php?id=18598&t=1.jpg,data/raw/plantdoc/train/Bell_pepper leaf/file.php?id=18598&t=1.jpg,f78199678e98dc8d543f3a39793fa2ff40551527152d8f51b399b0dfde8d0ac4,f78199678e98dc8d543f3a39793fa2ff40551527152d8f51b399b0dfde8d0ac4,42593,500,281,RGB,train,Bell_pepper leaf,,materialized,
5467f6012d78d1c446145d5f582da6096f852ae8,train/Bell_pepper leaf/fotolia_4311376_XS.jpg,data/raw/plantdoc/train/Bell_pepper leaf/fotolia_4311376_XS.jpg,33adeef0f5b8b6159a19b3dbe2041d564e7172356fe229e349c3cef4133a970a,33adeef0f5b8b6159a19b3dbe2041d564e7172356fe229e349c3cef4133a970a,51938,640,478,RGB,train,Bell_pepper leaf,,materialized,
5467f6012d78d1c446145d5f582da6096f852ae8,train/Bell_pepper leaf/green-pepper-leaf-parks-3302644.jpg,data/raw/plantdoc/train/Bell_pepper leaf/green-pepper-leaf-parks-3302644.jpg,9971e3b6cbf99f269d4c5db5a7122b4a8d1c749a527b126c4c3cc4208bd982d8,9971e3b6cbf99f269d4c5db5a7122b4a8d1c749a527b126c4c3cc4208bd982d8,169553,1300,960,RGB,train,Bell_pepper leaf,,materialized,
5467f6012d78d1c446145d5f582da6096f852ae8,train/Bell_pepper leaf/green-pepper-leaves-11364990.jpg,data/raw/plantdoc/train/Bell_pepper leaf/green-pepper-leaves-11364990.jpg,288e49ac7465e0ce5b7e2abada3f4cd7f8e1b89f1372f36b405e07ce64f3b14a,288e49ac7465e0ce5b7e2abada3f4cd7f8e1b89f1372f36b405e07ce64f3b14a,127100,800,572,RGB,train,Bell_pepper leaf,,materialized,
5467f6012d78d1c446145d5f582da6096f852ae8,train/Bell_pepper leaf/image_1500x1500%253E.jpeg?1472959493.jpg,data/raw/plantdoc/train/Bell_pepper leaf/image_1500x1500%253E.jpeg?1472959493.jpg,8b6538ac5692ec9cc407a6155f49ac5fd06ae1b5efc72838072cea78c130ecd9,8b6538ac5692ec9cc407a6155f49ac5fd06ae1b5efc72838072cea78c130ecd9,470461,1125,1500,RGB,train,Bell_pepper leaf,,materialized,
5467f6012d78d1c446145d5f582da6096f852ae8,train/Bell_pepper leaf/img_2509_b.jpg,data/raw/plantdoc/train/Bell_pepper leaf/img_2509_b.jpg,5b92b3d2046e973f743f4c4897a0c1c5cd2cb960d7f0c75ab1c13303f620bf3a,5b92b3d2046e973f743f4c4897a0c1c5cd2cb960d7f0c75ab1c13303f620bf3a,524215,2592,3888,RGB,train,Bell_pepper leaf,,materialized,
5467f6012d78d1c446145d5f582da6096f852ae8,train/Bell_pepper leaf/leaves.jpg,data/raw/plantdoc/train/Bell_pepper leaf/leaves.jpg,9b58db199f555b09170eec9f52c2544790b02144ceeb333e9d02b2dd56226ac6,9b58db199f555b09170eec9f52c2544790b02144ceeb333e9d02b2dd56226ac6,90378,1024,768,RGB,train,Bell_pepper leaf,,materialized,
5467f6012d78d1c446145d5f582da6096f852ae8,train/Bell_pepper leaf/leaves11.jpg,data/raw/plantdoc/train/Bell_pepper leaf/leaves11.jpg,5c65bc3e5f609cd948841081ecabee88b50b67234ed5980ebe09dfc87a34f632,5c65bc3e5f609cd948841081ecabee88b50b67234ed5980ebe09dfc87a34f632,221056,800,1067,RGB,train,Bell_pepper leaf,,materialized,
5467f6012d78d1c446145d5f582da6096f852ae8,train/Bell_pepper leaf/october-bell-peppers.jpg,data/raw/plantdoc/train/Bell_pepper leaf/october-bell-peppers.jpg,892044636c23c085b039e1289005e24dd964d966c8ac3ff1cee00296341fe6a3,892044636c23c085b039e1289005e24dd964d966c8ac3ff1cee00296341fe6a3,156271,800,571,RGB,train,Bell_pepper leaf,,materialized,
5467f6012d78d1c446145d5f582da6096f852ae8,train/Bell_pepper leaf/pepper+leaves.JPG.jpg,data/raw/plantdoc/train/Bell_pepper leaf/pepper+leaves.JPG.jpg,8ce9062f1b14d6411d67a808fc65848a2354e3615d1ba81563ccd48866745fcb,8ce9062f1b14d6411d67a808fc65848a2354e3615d1ba81563ccd48866745fcb,125523,1057,888,RGB,train,Bell_pepper leaf,,materialized,
5467f6012d78d1c446145d5f582da6096f852ae8,train/Bell_pepper leaf/pepper-plant-leaves-green-bell-pepper-seedlings-growing-in-dark-brown-soil-in-the-sunshine-with-a-white-my-pepper-plant-leaves-are-being-eaten.jpg,data/raw/plantdoc/train/Bell_pepper leaf/pepper-plant-leaves-green-bell-pepper-seedlings-growing-in-dark-brown-soil-in-the-sunshine-with-a-white-my-pepper-plant-leaves-are-being-eaten.jpg,099022e024fab62a4d4cc9f4f2d0d8f642d6a7202e7df3be7a1ec7a463a533da,099022e024fab62a4d4cc9f4f2d0d8f642d6a7202e7df3be7a1ec7a463a533da,55296,680,454,RGB,train,Bell_pepper leaf,,materialized,
5467f6012d78d1c446145d5f582da6096f852ae8,train/Bell_pepper leaf/pepper.jpg,data/raw/plantdoc/train/Bell_pepper leaf/pepper.jpg,8adfe8436c037beba3d78ce1c866a1df4fdfc9ad903e1efe9d2d0bc58f6eea7b,8adfe8436c037beba3d78ce1c866a1df4fdfc9ad903e1efe9d2d0bc58f6eea7b,284249,1195,1607,RGB,train,Bell_pepper leaf,,materialized,
5467f6012d78d1c446145d5f582da6096f852ae8,train/Bell_pepper leaf/seeding-peppers-a-1024x768.jpg,data/raw/plantdoc/train/Bell_pepper leaf/seeding-peppers-a-1024x768.jpg,83e91859369213600472cdde79fb653382ea98056ac186651105f8c57b207f7d,83e91859369213600472cdde79fb653382ea98056ac186651105f8c57b207f7d,267333,1024,768,RGB,train,Bell_pepper leaf,,materialized,
5467f6012d78d1c446145d5f582da6096f852ae8,train/Bell_pepper leaf/shutterstock_443115826.jpg,data/raw/plantdoc/train/Bell_pepper leaf/shutterstock_443115826.jpg,4b1352747caf58b1ed782ab0aad42b2164e26b2a98ff271d2e5c03fb5516fa59,4b1352747caf58b1ed782ab0aad42b2164e26b2a98ff271d2e5c03fb5516fa59,78549,1000,667,RGB,train,Bell_pepper leaf,,materialized,
5467f6012d78d1c446145d5f582da6096f852ae8,train/Bell_pepper leaf/stock-photo-black-pepper-plant-with-green-berries-and-leaves-555241408.jpg,data/raw/plantdoc/train/Bell_pepper leaf/stock-photo-black-pepper-plant-with-green-berries-and-leaves-555241408.jpg,6d16108c17f3ff3a6c7c5e59a5fd347d36a7567b342fb4ddc04a324a16832465,6d16108c17f3ff3a6c7c5e59a5fd347d36a7567b342fb4ddc04a324a16832465,37953,450,318,RGB,train,Bell_pepper leaf,,materialized,
5467f6012d78d1c446145d5f582da6096f852ae8,train/Bell_pepper leaf/stock-photo-closeup-of-underside-of-bell-pepper-leaf-isolated-on-white-background-114184570.jpg,data/raw/plantdoc/train/Bell_pepper leaf/stock-photo-closeup-of-underside-of-bell-pepper-leaf-isolated-on-white-background-114184570.jpg,072d4101aa8f449c9d4bd3653ffdde88dd810c35186d16821ac013eb0d589f2f,072d4101aa8f449c9d4bd3653ffdde88dd810c35186d16821ac013eb0d589f2f,286494,996,1600,RGB,train,Bell_pepper leaf,,materialized,
5467f6012d78d1c446145d5f582da6096f852ae8,train/Bell_pepper leaf/tomato_bell_pepper_garden_pt3-03.jpg,data/raw/plantdoc/train/Bell_pepper leaf/tomato_bell_pepper_garden_pt3-03.jpg,ccd9ef145008022331552a25a1fbddd215c3705082ec75efd9cffcd3672ae8c5,ccd9ef145008022331552a25a1fbddd215c3705082ec75efd9cffcd3672ae8c5,479714,1600,1071,RGB,train,Bell_pepper leaf,,materialized,
5467f6012d78d1c446145d5f582da6096f852ae8,train/Bell_pepper leaf/uGz0O.jpg,data/raw/plantdoc/train/Bell_pepper leaf/uGz0O.jpg,3418977a67fafb25e35f3aa70bdf5525931ec69dd712ff5249d7022e72233ba4,3418977a67fafb25e35f3aa70bdf5525931ec69dd712ff5249d7022e72233ba4,673321,1778,2371,RGB,train,Bell_pepper leaf,,materialized,
5467f6012d78d1c446145d5f582da6096f852ae8,train/Bell_pepper leaf/v9hX3.jpg,data/raw/plantdoc/train/Bell_pepper leaf/v9hX3.jpg,70ecba994b1e88e76f9e344c79af61cdf34552255520c33173eb570441f510de,70ecba994b1e88e76f9e344c79af61cdf34552255520c33173eb570441f510de,255270,768,1024,RGB,train,Bell_pepper leaf,,materialized,
5467f6012d78d1c446145d5f582da6096f852ae8,train/Bell_pepper leaf/virus1_600px.jpg,data/raw/plantdoc/train/Bell_pepper leaf/virus1_600px.jpg,6e61596cfc1115983666735067f24c1ff66566fe93a01b004778108c4fecb22c,6e61596cfc1115983666735067f24c1ff66566fe93a01b004778108c4fecb22c,57668,600,450,RGB,train,Bell_pepper leaf,,materialized,
5467f6012d78d1c446145d5f582da6096f852ae8,train/Bell_pepper leaf/white-pepper-plant-white-pepper-plant-piper-black-pepper-white-bell-pepper-plants-for-sale-pepper-plant-has-white-leaves.jpg,data/raw/plantdoc/train/Bell_pepper leaf/white-pepper-plant-white-pepper-plant-piper-black-pepper-white-bell-pepper-plants-for-sale-pepper-plant-has-white-leaves.jpg,034312e88349feac96b331ae73efff31ff179c16c81bb99a95fc5ab537c4f350,034312e88349feac96b331ae73efff31ff179c16c81bb99a95fc5ab537c4f350,56959,700,525,RGB,train,Bell_pepper leaf,,materialized,
5467f6012d78d1c446145d5f582da6096f852ae8,train/Bell_pepper leaf/xKh6iInh.jpg,data/raw/plantdoc/train/Bell_pepper leaf/xKh6iInh.jpg,2190c670973232484012aaf53f8b7b2e9a90ba8a13a673dc100aaa3a200683a8,2190c670973232484012aaf53f8b7b2e9a90ba8a13a673dc100aaa3a200683a8,186163,1024,768,RGB,train,Bell_pepper leaf,,materialized,
5467f6012d78d1c446145d5f582da6096f852ae8,train/Bell_pepper leaf/yellow-leaves-on-pepper-plant-green-bell-plant-yellow-leaf-yellow-curling-leaves-on-pepper-plants.jpg,data/raw/plantdoc/train/Bell_pepper leaf/yellow-leaves-on-pepper-plant-green-bell-plant-yellow-leaf-yellow-curling-leaves-on-pepper-plants.jpg,b142a811956af736e798c0be502306b49d4e48fe5dd456bac1e84e63bc18236b,b142a811956af736e798c0be502306b49d4e48fe5dd456bac1e84e63bc18236b,100815,800,600,RGB,train,Bell_pepper leaf,,materialized,
5467f6012d78d1c446145d5f582da6096f852ae8,train/Bell_pepper leaf/zT5la.jpg,data/raw/plantdoc/train/Bell_pepper leaf/zT5la.jpg,560c9b2a6140166873714bffb3bc7a8eea00660fe3891143402cc3a00cb747ae,560c9b2a6140166873714bffb3bc7a8eea00660fe3891143402cc3a00cb747ae,231272,581,1032,RGB,train,Bell_pepper leaf,,materialized,
5467f6012d78d1c446145d5f582da6096f852ae8,train/Blueberry leaf/10-Pcs-font-b-Blueberry-b-font-Leaves-Natural-font-b-Dried-b-font-Leaf-shaped.jpg,data/raw/plantdoc/train/Blueberry leaf/10-Pcs-font-b-Blueberry-b-font-Leaves-Natural-font-b-Dried-b-font-Leaf-shaped.jpg,262ba9c2f1203c24d7ae0f6072dbad594026059bae1455420563e7a2c0ce37cd,262ba9c2f1203c24d7ae0f6072dbad594026059bae1455420563e7a2c0ce37cd,296477,800,800,RGB,train,Blueberry leaf,,materialized,
5467f6012d78d1c446145d5f582da6096f852ae8,train/Blueberry leaf/15rnn8k.jpg,data/raw/plantdoc/train/Blueberry leaf/15rnn8k.jpg,fb523424e6ffd092e1230381d139770d8d068123c0d42346caf6d169c15b121a,fb523424e6ffd092e1230381d139770d8d068123c0d42346caf6d169c15b121a,697450,1600,1200,RGB,train,Blueberry leaf,,materialized,
5467f6012d78d1c446145d5f582da6096f852ae8,train/Blueberry leaf/179288748.jpg,data/raw/plantdoc/train/Blueberry leaf/179288748.jpg,54c50069814760f2a9d3587f16c6bd0f61b15e434aea25608adf877a42dff671,54c50069814760f2a9d3587f16c6bd0f61b15e434aea25608adf877a42dff671,190807,2118,1418,RGB,train,Blueberry leaf,,materialized,
5467f6012d78d1c446145d5f582da6096f852ae8,train/Blueberry leaf/20171005_Lowbush_blueberry_leaves.jpg,data/raw/plantdoc/train/Blueberry leaf/20171005_Lowbush_blueberry_leaves.jpg,612a13a96fd9acd9118cdbed840bf8a2acd39fa2d9f8f1a9d0f024f0d228c842,612a13a96fd9acd9118cdbed840bf8a2acd39fa2d9f8f1a9d0f024f0d228c842,143368,708,768,RGB,train,Blueberry leaf,,materialized,
5467f6012d78d1c446145d5f582da6096f852ae8,train/Blueberry leaf/2198823523_4b8fdb3f03_b_d.jpg,data/raw/plantdoc/train/Blueberry leaf/2198823523_4b8fdb3f03_b_d.jpg,292543152c3b221cae11bef83343f93da40b17ddb5afd9b172a853fff383a1ac,292543152c3b221cae11bef83343f93da40b17ddb5afd9b172a853fff383a1ac,226820,1024,768,RGB,train,Blueberry leaf,,materialized,
5467f6012d78d1c446145d5f582da6096f852ae8,train/Blueberry leaf/4715f288527ab7feae1683179ae3073b--red-leaves-autumn-leaves.jpg,data/raw/plantdoc/train/Blueberry leaf/4715f288527ab7feae1683179ae3073b--red-leaves-autumn-leaves.jpg,efd5f81f8990af73868e37cd1ec98d1a8d75232955712ed14eeedbe632e4de83,efd5f81f8990af73868e37cd1ec98d1a8d75232955712ed14eeedbe632e4de83,43046,375,500,RGB,train,Blueberry leaf,,materialized,
5467f6012d78d1c446145d5f582da6096f852ae8,train/Blueberry leaf/4851522550_02e3b9f3b4.jpg,data/raw/plantdoc/train/Blueberry leaf/4851522550_02e3b9f3b4.jpg,abe7c56af3397f5374c266c4c3c44dfb1ef32413c4024589d029897c682df56b,abe7c56af3397f5374c266c4c3c44dfb1ef32413c4024589d029897c682df56b,119660,500,375,RGB,train,Blueberry leaf,,materialized,
5467f6012d78d1c446145d5f582da6096f852ae8,train/Blueberry leaf/5920105029_2c657564ba_b.jpg,data/raw/plantdoc/train/Blueberry leaf/5920105029_2c657564ba_b.jpg,1db1674a1f2e63547049c9301dd44522e49105bf63caf6991f4c32b34ee92c3b,1db1674a1f2e63547049c9301dd44522e49105bf63caf6991f4c32b34ee92c3b,384933,1024,768,RGB,train,Blueberry leaf,,materialized,
5467f6012d78d1c446145d5f582da6096f852ae8,train/Blueberry leaf/6348380125_ae2d097496_z.jpg,data/raw/plantdoc/train/Blueberry leaf/6348380125_ae2d097496_z.jpg,46946fa183e4c0ecf73e79a5d492263096c2d4fb455c6505b2cf9fc487faef73,46946fa183e4c0ecf73e79a5d492263096c2d4fb455c6505b2cf9fc487faef73,208641,640,640,RGB,train,Blueberry leaf,,materialized,
5467f6012d78d1c446145d5f582da6096f852ae8,train/Blueberry leaf/7-blueberry-leaves.jpg,data/raw/plantdoc/train/Blueberry leaf/7-blueberry-leaves.jpg,54c3798d948d2364868b982e9f7c4a2f5a0f8f4e351c899acaa5479380ccb66b,54c3798d948d2364868b982e9f7c4a2f5a0f8f4e351c899acaa5479380ccb66b,376859,1200,1197,RGB,train,Blueberry leaf,,materialized,
5467f6012d78d1c446145d5f582da6096f852ae8,train/Blueberry leaf/9-Folia-Myrtilli-Blueberry-Leaves-Gjethe-Boronice-1.jpg,data/raw/plantdoc/train/Blueberry leaf/9-Folia-Myrtilli-Blueberry-Leaves-Gjethe-Boronice-1.jpg,697cb8a3260c98df3cdd5ba3660b72fa2fac6e20ea4f210d60b6187fb83e8e30,697cb8a3260c98df3cdd5ba3660b72fa2fac6e20ea4f210d60b6187fb83e8e30,547951,1915,1040,RGB,train,Blueberry leaf,,materialized,
5467f6012d78d1c446145d5f582da6096f852ae8,train/Blueberry leaf/9167d851305baf06649c57aea130c8fb.jpg,data/raw/plantdoc/train/Blueberry leaf/9167d851305baf06649c57aea130c8fb.jpg,b76283e6009ab4a7eee1fdfe92dc7c9e2af930848583888160e1271f39335431,b76283e6009ab4a7eee1fdfe92dc7c9e2af930848583888160e1271f39335431,159127,966,1449,RGB,train,Blueberry leaf,,materialized,
5467f6012d78d1c446145d5f582da6096f852ae8,train/Blueberry leaf/A+A+Blueberry+Leaf+Disease+002.jpg,data/raw/plantdoc/train/Blueberry leaf/A+A+Blueberry+Leaf+Disease+002.jpg,554bce36cca8410265fc504b245e6d5eca5fa45f6016d6c3b5d3809075f04314,554bce36cca8410265fc504b245e6d5eca5fa45f6016d6c3b5d3809075f04314,346533,1024,768,RGB,train,Blueberry leaf,,materialized,
5467f6012d78d1c446145d5f582da6096f852ae8,train/Blueberry leaf/A+A+Blueberry+Leaf+Disease+003.jpg,data/raw/plantdoc/train/Blueberry leaf/A+A+Blueberry+Leaf+Disease+003.jpg,d158a27857c68a66874b91e82949f17b3b440895ac8d8c8c070425a54f19d7d5,d158a27857c68a66874b91e82949f17b3b440895ac8d8c8c070425a54f19d7d5,82889,1024,630,RGB,train,Blueberry leaf,,materialized,
5467f6012d78d1c446145d5f582da6096f852ae8,train/Blueberry leaf/BLUEBERRY-BLUE-CROP-LEAF-500x500.jpg,data/raw/plantdoc/train/Blueberry leaf/BLUEBERRY-BLUE-CROP-LEAF-500x500.jpg,0d8d7d0f9ce2dd62e9ab8212e6a164d416e3a25ecd112b981b06c97064a96b3a,0d8d7d0f9ce2dd62e9ab8212e6a164d416e3a25ecd112b981b06c97064a96b3a,67824,500,500,RGB,train,Blueberry leaf,,materialized,
5467f6012d78d1c446145d5f582da6096f852ae8,train/Blueberry leaf/BLUEBERRY-SPARTAN-LEAF-500x500.jpg,data/raw/plantdoc/train/Blueberry leaf/BLUEBERRY-SPARTAN-LEAF-500x500.jpg,02653621380d73f386d343d20b9907c0384126735040bfcadca4c49d518b20a6,02653621380d73f386d343d20b9907c0384126735040bfcadca4c49d518b20a6,100487,500,500,RGB,train,Blueberry leaf,,materialized,
5467f6012d78d1c446145d5f582da6096f852ae8,train/Blueberry leaf/Blueberries+autumn+leaves7.jpg,data/raw/plantdoc/train/Blueberry leaf/Blueberries+autumn+leaves7.jpg,151cc90c8b665d85d898cf711e6e965fe3d911998c64ac55fdb2332f593a33b1,151cc90c8b665d85d898cf711e6e965fe3d911998c64ac55fdb2332f593a33b1,235518,1600,1200,RGB,train,Blueberry leaf,,materialized,
5467f6012d78d1c446145d5f582da6096f852ae8,train/Blueberry leaf/Blueberry-Leaf.jpg,data/raw/plantdoc/train/Blueberry leaf/Blueberry-Leaf__eb505ea1d76e.jpg,eb505ea1d76ea2e29c6c8f07fec7f089c95bcef83a0cbc97f1d894e773f8bbf6,eb505ea1d76ea2e29c6c8f07fec7f089c95bcef83a0cbc97f1d894e773f8bbf6,43901,400,380,RGB,train,Blueberry leaf,cg02,collision_safe_rename,distinct image content; original name collides case-insensitively with its pair member — extracted under a collision-safe name
5467f6012d78d1c446145d5f582da6096f852ae8,train/Blueberry leaf/Blueberry-leaves.jpg,data/raw/plantdoc/train/Blueberry leaf/Blueberry-leaves__5ceeed324d9f.jpg,5ceeed324d9f583f264174f97230da5fee57d10a82ded23ee6916b77beefbb46,5ceeed324d9f583f264174f97230da5fee57d10a82ded23ee6916b77beefbb46,176516,650,400,RGB,train,Blueberry leaf,cg03,collision_safe_rename,distinct image content; original name collides case-insensitively with its pair member — extracted under a collision-safe name
5467f6012d78d1c446145d5f582da6096f852ae8,train/Blueberry leaf/Blueberry07.jpg,data/raw/plantdoc/train/Blueberry leaf/Blueberry07.jpg,1e1ecdb4cefa7c6d064899207523a8b055faa2b596b7ccf1d76cbe7d033ae2cd,1e1ecdb4cefa7c6d064899207523a8b055faa2b596b7ccf1d76cbe7d033ae2cd,684180,1600,1062,RGB,train,Blueberry leaf,,materialized,
5467f6012d78d1c446145d5f582da6096f852ae8,train/Blueberry leaf/Blueberry165.JPG.jpg,data/raw/plantdoc/train/Blueberry leaf/Blueberry165.JPG.jpg,27e215e36100a9b5d71e51a0bec367750f8ea030334b3f71daa8780d90188f1d,27e215e36100a9b5d71e51a0bec367750f8ea030334b3f71daa8780d90188f1d,323172,1600,1256,RGB,train,Blueberry leaf,,materialized,
5467f6012d78d1c446145d5f582da6096f852ae8,train/Blueberry leaf/Blueberry169.JPG.jpg,data/raw/plantdoc/train/Blueberry leaf/Blueberry169.JPG.jpg,3634ff2689e0c9297a5aa68d31b93a0f154bdc39dcd05e1f20cafe25225e6eec,3634ff2689e0c9297a5aa68d31b93a0f154bdc39dcd05e1f20cafe25225e6eec,279655,1600,1142,RGB,train,Blueberry leaf,,materialized,
5467f6012d78d1c446145d5f582da6096f852ae8,train/Blueberry leaf/Blueberry_Damage_1_original.JPG?1472642168.jpg,data/raw/plantdoc/train/Blueberry leaf/Blueberry_Damage_1_original.JPG?1472642168.jpg,1da9241a4e7022631ca1701aa85bc0b62bbe9e6301d999f07bb16d3565eeb102,1da9241a4e7022631ca1701aa85bc0b62bbe9e6301d999f07bb16d3565eeb102,2013783,3264,2448,RGB,train,Blueberry leaf,,materialized,
5467f6012d78d1c446145d5f582da6096f852ae8,train/Blueberry leaf/Blueberry_Damage_2_original.JPG?1431126657.jpg,data/raw/plantdoc/train/Blueberry leaf/Blueberry_Damage_2_original.JPG?1431126657.jpg,2974d7a865139ff7fbd619b8294fb688adb8039e279c966305011e96e946e9a7,2974d7a865139ff7fbd619b8294fb688adb8039e279c966305011e96e946e9a7,2162323,3264,2448,RGB,train,Blueberry leaf,,materialized,
5467f6012d78d1c446145d5f582da6096f852ae8,train/Blueberry leaf/Chlorotic-Blueberry-Leaf.jpg,data/raw/plantdoc/train/Blueberry leaf/Chlorotic-Blueberry-Leaf.jpg,ec3c64976888717f62cc9cf1be76d5f9c56b21026cd88495e9388ea3df96faa5,ec3c64976888717f62cc9cf1be76d5f9c56b21026cd88495e9388ea3df96faa5,192624,1280,960,RGB,train,Blueberry leaf,,materialized,
5467f6012d78d1c446145d5f582da6096f852ae8,train/Blueberry leaf/Copy+of+Vaccinium---.JPG.jpg,data/raw/plantdoc/train/Blueberry leaf/Copy+of+Vaccinium---.JPG.jpg,21d8ff67f8eb3c631334617356e35d4b259a3543201f56db8788d2df2b75b259,21d8ff67f8eb3c631334617356e35d4b259a3543201f56db8788d2df2b75b259,282892,1600,1007,RGB,train,Blueberry leaf,,materialized,
5467f6012d78d1c446145d5f582da6096f852ae8,train/Blueberry leaf/Fruit-Blueberry-Northblue.jpg,data/raw/plantdoc/train/Blueberry leaf/Fruit-Blueberry-Northblue.jpg,b39290d49572ed95be75d48bba5602638e11ecde8bcbc9a6d5ed262e4f413dff,b39290d49572ed95be75d48bba5602638e11ecde8bcbc9a6d5ed262e4f413dff,395486,1143,857,RGB,train,Blueberry leaf,,materialized,
5467f6012d78d1c446145d5f582da6096f852ae8,train/Blueberry leaf/Highbush_Blueberry_Vaccinium_corymbosum_Leaves_3008px.jpg,data/raw/plantdoc/train/Blueberry leaf/Highbush_Blueberry_Vaccinium_corymbosum_Leaves_3008px.jpg,8452ca8c80f8f2f1c5fdf1aba541660075c4ecec336374f06493cc76810e0cb3,8452ca8c80f8f2f1c5fdf1aba541660075c4ecec336374f06493cc76810e0cb3,2912066,3008,2000,RGB,train,Blueberry leaf,,materialized,
5467f6012d78d1c446145d5f582da6096f852ae8,train/Blueberry leaf/IMG_0002_original.JPG?1500100269.jpg,data/raw/plantdoc/train/Blueberry leaf/IMG_0002_original.JPG?1500100269.jpg,f03118e22e885f91b9e6affe9d7965b6638d2a42579f1b3f50dc38ec7cadda8d,f03118e22e885f91b9e6affe9d7965b6638d2a42579f1b3f50dc38ec7cadda8d,1147363,2206,1664,RGB,train,Blueberry leaf,,materialized,
5467f6012d78d1c446145d5f582da6096f852ae8,train/Blueberry leaf/IMG_0017_original.JPG?1500100270.jpg,data/raw/plantdoc/train/Blueberry leaf/IMG_0017_original.JPG?1500100270.jpg,6874cff2485b64acfdbb463e6c3f8b39a60693845d119ce2fb34b767cd00a464,6874cff2485b64acfdbb463e6c3f8b39a60693845d119ce2fb34b767cd00a464,436317,1370,1094,RGB,train,Blueberry leaf,,materialized,
5467f6012d78d1c446145d5f582da6096f852ae8,train/Blueberry leaf/IMG_2003.JPG.jpg,data/raw/plantdoc/train/Blueberry leaf/IMG_2003.JPG.jpg,fd894dfd9ef727d542db16e716e60af445efae2787e58d2fe036bdb1a5ecef2c,fd894dfd9ef727d542db16e716e60af445efae2787e58d2fe036bdb1a5ecef2c,183059,1600,1200,RGB,train,Blueberry leaf,,materialized,
5467f6012d78d1c446145d5f582da6096f852ae8,train/Blueberry leaf/IMG_5310.JPG.jpg,data/raw/plantdoc/train/Blueberry leaf/IMG_5310.JPG.jpg,4533e4b48bb7c68ca24b724566b7bcfc23d5abcb21de58a910a0399883ef14df,4533e4b48bb7c68ca24b724566b7bcfc23d5abcb21de58a910a0399883ef14df,139818,1600,1200,RGB,train,Blueberry leaf,,materialized,
5467f6012d78d1c446145d5f582da6096f852ae8,train/Blueberry leaf/IMG_7119.jpg,data/raw/plantdoc/train/Blueberry leaf/IMG_7119.jpg,6666ffd459384ca0329900e4ae81d2006b7949710bc7734851dff57a3bc0f376,6666ffd459384ca0329900e4ae81d2006b7949710bc7734851dff57a3bc0f376,233945,1600,1066,RGB,train,Blueberry leaf,,materialized,
5467f6012d78d1c446145d5f582da6096f852ae8,train/Blueberry leaf/IMG_8502.JPG.jpg,data/raw/plantdoc/train/Blueberry leaf/IMG_8502.JPG.jpg,08ad492fc7ddb2821a987c397194d185825bfd8bcdfdf7960c7c45b2463482b1,08ad492fc7ddb2821a987c397194d185825bfd8bcdfdf7960c7c45b2463482b1,160123,1600,1200,RGB,train,Blueberry leaf,,materialized,
5467f6012d78d1c446145d5f582da6096f852ae8,train/Blueberry leaf/IMG_8680.JPG.jpg,data/raw/plantdoc/train/Blueberry leaf/IMG_8680.JPG.jpg,96b3b222db61ba03ce1ce28c96cec305555cde8a626d2782e990277c1f1c11b9,96b3b222db61ba03ce1ce28c96cec305555cde8a626d2782e990277c1f1c11b9,237859,1600,1200,RGB,train,Blueberry leaf,,materialized,
5467f6012d78d1c446145d5f582da6096f852ae8,train/Blueberry leaf/IMG_8695.JPG.jpg,data/raw/plantdoc/train/Blueberry leaf/IMG_8695.JPG.jpg,82d2a617f20c3764cd69b5c7c1593d5da68944dc30733683ec19658d9eeb3770,82d2a617f20c3764cd69b5c7c1593d5da68944dc30733683ec19658d9eeb3770,188055,1600,1200,RGB,train,Blueberry leaf,,materialized,
5467f6012d78d1c446145d5f582da6096f852ae8,train/Blueberry leaf/IMG_8698.JPG.jpg,data/raw/plantdoc/train/Blueberry leaf/IMG_8698.JPG.jpg,0a3f0fea7f5d3d880b16e7d6adade28a0fa4d51e5bad652c27f56dbb93023977,0a3f0fea7f5d3d880b16e7d6adade28a0fa4d51e5bad652c27f56dbb93023977,223763,1600,1200,RGB,train,Blueberry leaf,,materialized,
5467f6012d78d1c446145d5f582da6096f852ae8,train/Blueberry leaf/IMG_9275.JPG.jpg,data/raw/plantdoc/train/Blueberry leaf/IMG_9275.JPG.jpg,123167f4d74f53875184d16f6d5969461cfa35d897818ef8d1498a58fa40498f,123167f4d74f53875184d16f6d5969461cfa35d897818ef8d1498a58fa40498f,496666,1600,1200,RGB,train,Blueberry leaf,,materialized,
5467f6012d78d1c446145d5f582da6096f852ae8,train/Blueberry leaf/P1200644+Vaccinium+alaskaense+Alaska+Blueberry+cr.jpg,data/raw/plantdoc/train/Blueberry leaf/P1200644+Vaccinium+alaskaense+Alaska+Blueberry+cr.jpg,74277c77fbc18a11aaaf72a33a61a260d74898fd84a6cfb42507e6897fc47caa,74277c77fbc18a11aaaf72a33a61a260d74898fd84a6cfb42507e6897fc47caa,234264,1600,1270,RGB,train,Blueberry leaf,,materialized,
5467f6012d78d1c446145d5f582da6096f852ae8,train/Blueberry leaf/P1200652+Vaccinium+ovalifolium+Ovalleaf+Blueberry+leaf+top+cr.jpg,data/raw/plantdoc/train/Blueberry leaf/P1200652+Vaccinium+ovalifolium+Ovalleaf+Blueberry+leaf+top+cr.jpg,f376c514ebe3a03c2d2f661f5260ca7693de2df329f78f94c37246c4a61e3b72,f376c514ebe3a03c2d2f661f5260ca7693de2df329f78f94c37246c4a61e3b72,232339,1600,1217,RGB,train,Blueberry leaf,,materialized,
5467f6012d78d1c446145d5f582da6096f852ae8,train/Blueberry leaf/P1200699+Vaccinium+alaskaense+Alaska+Blueberry+hairy+leaf+margin+Heather+Meadows.JPG.jpg,data/raw/plantdoc/train/Blueberry leaf/P1200699+Vaccinium+alaskaense+Alaska+Blueberry+hairy+leaf+margin+Heather+Meadows.JPG.jpg,713e4bd82bad9528e52d08ef0b9781215da0126c3745b7c1ffae23c45617818f,713e4bd82bad9528e52d08ef0b9781215da0126c3745b7c1ffae23c45617818f,38039,400,300,RGB,train,Blueberry leaf,,materialized,
5467f6012d78d1c446145d5f582da6096f852ae8,train/Blueberry leaf/P1200701+Vaccinium+ovalifolium+Oval-leaf+Blueberry+fruit++Heather+Meadows+cr.jpg,data/raw/plantdoc/train/Blueberry leaf/P1200701+Vaccinium+ovalifolium+Oval-leaf+Blueberry+fruit++Heather+Meadows+cr.jpg,a27b9f99e6b2ed052c570e3187f81463b58c95bb26c14f2e384248ceb42f0318,a27b9f99e6b2ed052c570e3187f81463b58c95bb26c14f2e384248ceb42f0318,256414,1600,1151,RGB,train,Blueberry leaf,,materialized,
5467f6012d78d1c446145d5f582da6096f852ae8,train/Blueberry leaf/Red-Blueberry-Leaves.jpg,data/raw/plantdoc/train/Blueberry leaf/Red-Blueberry-Leaves.jpg,0bf429dd9d2355dbfe9c01d02350b268f96e7ebd5f4f6874beec3815db7af44c,0bf429dd9d2355dbfe9c01d02350b268f96e7ebd5f4f6874beec3815db7af44c,4185988,3648,2736,RGB,train,Blueberry leaf,,materialized,
5467f6012d78d1c446145d5f582da6096f852ae8,train/Blueberry leaf/SmzpflTl.jpg,data/raw/plantdoc/train/Blueberry leaf/SmzpflTl.jpg,d2494a221d38989b2b49eb76611e6d1c7f98e82c931113142d299f68b5b397b0,d2494a221d38989b2b49eb76611e6d1c7f98e82c931113142d299f68b5b397b0,98257,640,478,RGB,train,Blueberry leaf,,materialized,
5467f6012d78d1c446145d5f582da6096f852ae8,train/Blueberry leaf/acid_0033.jpg,data/raw/plantdoc/train/Blueberry leaf/acid_0033.jpg,cacbd227147afedd549cbc7f9bc34cecf4d86e06da48bd406daca02ec4aa761c,cacbd227147afedd549cbc7f9bc34cecf4d86e06da48bd406daca02ec4aa761c,188712,1280,720,RGB,train,Blueberry leaf,,materialized,
5467f6012d78d1c446145d5f582da6096f852ae8,"train/Blueberry leaf/autumn,+blueberry+leaves.jpg","data/raw/plantdoc/train/Blueberry leaf/autumn,+blueberry+leaves.jpg",f153a609815333f909e945a49e04c28510456a760c0453e5d51805befde1e17e,f153a609815333f909e945a49e04c28510456a760c0453e5d51805befde1e17e,66103,700,620,RGB,train,Blueberry leaf,,materialized,
5467f6012d78d1c446145d5f582da6096f852ae8,train/Blueberry leaf/bilberry-blueberry-vaccinium-myrtillus-leaf-herboristerie.jpg,data/raw/plantdoc/train/Blueberry leaf/bilberry-blueberry-vaccinium-myrtillus-leaf-herboristerie.jpg,a2e7ed9ab17445afdbfa2ce42c1e0ca81d8b8d0aca7f7109afd53693784c5f63,a2e7ed9ab17445afdbfa2ce42c1e0ca81d8b8d0aca7f7109afd53693784c5f63,95329,800,800,RGB,train,Blueberry leaf,,materialized,
5467f6012d78d1c446145d5f582da6096f852ae8,train/Blueberry leaf/blueberries-and-leaves.jpg,data/raw/plantdoc/train/Blueberry leaf/blueberries-and-leaves.jpg,87af6c808662af77ae4e7cc0f29ff54cd1813cec0ffd21504c2b4529468bddd6,87af6c808662af77ae4e7cc0f29ff54cd1813cec0ffd21504c2b4529468bddd6,131272,480,388,RGB,train,Blueberry leaf,,materialized,
5467f6012d78d1c446145d5f582da6096f852ae8,train/Blueberry leaf/blueberry+leaf.jpg,data/raw/plantdoc/train/Blueberry leaf/blueberry+leaf.jpg,3b6e4425aa86b6e48bc9d3a9070cb9eca075a2c90c21823bd9881cfc24f8aff8,3b6e4425aa86b6e48bc9d3a9070cb9eca075a2c90c21823bd9881cfc24f8aff8,54224,968,648,RGB,train,Blueberry leaf,,materialized,
5467f6012d78d1c446145d5f582da6096f852ae8,train/Blueberry leaf/blueberry+leaves+in+fall.jpg,data/raw/plantdoc/train/Blueberry leaf/blueberry+leaves+in+fall.jpg,58f623dc0125f05337da648140f16e404017221dd68207cb6cc700bf36cab4b0,58f623dc0125f05337da648140f16e404017221dd68207cb6cc700bf36cab4b0,170035,828,1080,RGB,train,Blueberry leaf,,materialized,
5467f6012d78d1c446145d5f582da6096f852ae8,train/Blueberry leaf/blueberry-bushes-clipart-16.jpg,data/raw/plantdoc/train/Blueberry leaf/blueberry-bushes-clipart-16.jpg,652175c38bfe5cca4c458f960c72c8e34eafe0b848a6b36d82cbdcd933eef830,652175c38bfe5cca4c458f960c72c8e34eafe0b848a6b36d82cbdcd933eef830,247757,1287,1300,RGB,train,Blueberry leaf,,materialized,
5467f6012d78d1c446145d5f582da6096f852ae8,train/Blueberry leaf/blueberry-chlorotic-leaves_2.jpg,data/raw/plantdoc/train/Blueberry leaf/blueberry-chlorotic-leaves_2.jpg,55ff8da9814c2c6ed14ce08eaf7b31e083af2523f75f248bf52b9698608680d5,55ff8da9814c2c6ed14ce08eaf7b31e083af2523f75f248bf52b9698608680d5,50550,600,411,RGB,train,Blueberry leaf,,materialized,
5467f6012d78d1c446145d5f582da6096f852ae8,train/Blueberry leaf/blueberry-fruit-blooming-flower-with-leaf-g3wa0t.jpg,data/raw/plantdoc/train/Blueberry leaf/blueberry-fruit-blooming-flower-with-leaf-g3wa0t.jpg,59ff7ac4894e540ce23796ab3438384dfd9b6a3efebd8ea5631f08fa445c748a,59ff7ac4894e540ce23796ab3438384dfd9b6a3efebd8ea5631f08fa445c748a,46329,640,447,RGB,train,Blueberry leaf,,materialized,
5467f6012d78d1c446145d5f582da6096f852ae8,train/Blueberry leaf/blueberry-fruit-leaf-closeup-isolated-white-58260795.jpg,data/raw/plantdoc/train/Blueberry leaf/blueberry-fruit-leaf-closeup-isolated-white-58260795.jpg,e302e10d1b2a652135a397d8ccff565bc6cfddef2f46b636c0e6f1a84f7ab6e3,e302e10d1b2a652135a397d8ccff565bc6cfddef2f46b636c0e6f1a84f7ab6e3,121703,1300,985,RGB,train,Blueberry leaf,,materialized,
5467f6012d78d1c446145d5f582da6096f852ae8,train/Blueberry leaf/blueberry-goanp-nps.jpg,data/raw/plantdoc/train/Blueberry leaf/blueberry-goanp-nps.jpg,f06659bd91e8f401cb31b2b58de08ec84002069da6b70020a175dc076d9b283c,f06659bd91e8f401cb31b2b58de08ec84002069da6b70020a175dc076d9b283c,182758,1200,800,RGB,train,Blueberry leaf,,materialized,
5467f6012d78d1c446145d5f582da6096f852ae8,train/Blueberry leaf/blueberry-group-leaves-on-white-background-db8p44.jpg,data/raw/plantdoc/train/Blueberry leaf/blueberry-group-leaves-on-white-background-db8p44.jpg,752c01b3ebc4181f02d3d3fc0fcc11bec4c4afa9d58ee57b6d867b9c53c9c2b2,752c01b3ebc4181f02d3d3fc0fcc11bec4c4afa9d58ee57b6d867b9c53c9c2b2,55863,640,509,RGB,train,Blueberry leaf,,materialized,
5467f6012d78d1c446145d5f582da6096f852ae8,train/Blueberry leaf/blueberry-leaf-isolated-white-background-blueberry-leaf-isolated-99227523.jpg,data/raw/plantdoc/train/Blueberry leaf/blueberry-leaf-isolated-white-background-blueberry-leaf-isolated-99227523.jpg,69995226b6ac4e73ab9627e07792d457e80923db0c9bc27464ac4232a43186ef,69995226b6ac4e73ab9627e07792d457e80923db0c9bc27464ac4232a43186ef,181667,1300,1305,RGB,train,Blueberry leaf,,materialized,
5467f6012d78d1c446145d5f582da6096f852ae8,train/Blueberry leaf/blueberry-leaf-isolated-white-background-clipping-path-82775455.jpg,data/raw/plantdoc/train/Blueberry leaf/blueberry-leaf-isolated-white-background-clipping-path-82775455.jpg,882ab72e85a604e5a93dd6d5a20aa3c2342a1f4f1e0d51c202a724d514ca565d,882ab72e85a604e5a93dd6d5a20aa3c2342a1f4f1e0d51c202a724d514ca565d,113433,981,1300,RGB,train,Blueberry leaf,,materialized,
5467f6012d78d1c446145d5f582da6096f852ae8,train/Blueberry leaf/blueberry-leaf-isolated-white-background-clipping-path-84283705.jpg,data/raw/plantdoc/train/Blueberry leaf/blueberry-leaf-isolated-white-background-clipping-path-84283705.jpg,96fa2a9c30b006f654aa4c19caf8e360733316afe6352ba39febc1d157fe79c0,96fa2a9c30b006f654aa4c19caf8e360733316afe6352ba39febc1d157fe79c0,110917,1300,843,RGB,train,Blueberry leaf,,materialized,
5467f6012d78d1c446145d5f582da6096f852ae8,train/Blueberry leaf/blueberry-leaf-isolated-white-background-clipping-path-87355538.jpg,data/raw/plantdoc/train/Blueberry leaf/blueberry-leaf-isolated-white-background-clipping-path-87355538.jpg,cf091ab259191573ad8af825c7d1cb80adfb965fd647be2490d53727103c0213,cf091ab259191573ad8af825c7d1cb80adfb965fd647be2490d53727103c0213,143017,1300,1362,RGB,train,Blueberry leaf,,materialized,
5467f6012d78d1c446145d5f582da6096f852ae8,train/Blueberry leaf/blueberry-leaf-set-collection-isolated-white-58283965.jpg,data/raw/plantdoc/train/Blueberry leaf/blueberry-leaf-set-collection-isolated-white-58283965.jpg,524d6b023ec6a0bd6502e2eb2d3d9c5fd149027a6c92330ca8e7e78f91cacb13,524d6b023ec6a0bd6502e2eb2d3d9c5fd149027a6c92330ca8e7e78f91cacb13,152308,1300,1002,RGB,train,Blueberry leaf,,materialized,
5467f6012d78d1c446145d5f582da6096f852ae8,train/Blueberry leaf/blueberry-leaf.jpg,data/raw/plantdoc/train/Blueberry leaf/blueberry-leaf__a488765c32aa.jpg,a488765c32aa6a0b5e971e4086f1985e11451c30f9cd95f5edc28918f5cbf753,a488765c32aa6a0b5e971e4086f1985e11451c30f9cd95f5edc28918f5cbf753,1234441,1422,2000,RGB,train,Blueberry leaf,cg02,collision_safe_rename,distinct image content; original name collides case-insensitively with its pair member — extracted under a collision-safe name
5467f6012d78d1c446145d5f582da6096f852ae8,train/Blueberry leaf/blueberry-leaves-16311688.jpg,data/raw/plantdoc/train/Blueberry leaf/blueberry-leaves-16311688.jpg,7a2593d2df92bdd1f1f4d571c04f151feda0443b1d343733050873c4fdee93eb,7a2593d2df92bdd1f1f4d571c04f151feda0443b1d343733050873c4fdee93eb,124831,1300,957,RGB,train,Blueberry leaf,,materialized,
5467f6012d78d1c446145d5f582da6096f852ae8,train/Blueberry leaf/blueberry-leaves-5931369.jpg,data/raw/plantdoc/train/Blueberry leaf/blueberry-leaves-5931369.jpg,a171d7a50d5af403033fd7a9c4a0250cfcfae0416a3b11d9500236ba93d09839,a171d7a50d5af403033fd7a9c4a0250cfcfae0416a3b11d9500236ba93d09839,81916,800,664,RGB,train,Blueberry leaf,,materialized,
5467f6012d78d1c446145d5f582da6096f852ae8,train/Blueberry leaf/blueberry-leaves-in-October.jpg,data/raw/plantdoc/train/Blueberry leaf/blueberry-leaves-in-October.jpg,1900665d26544cddc2e73364745224a0df9c28796097d718b8981501a5e40099,1900665d26544cddc2e73364745224a0df9c28796097d718b8981501a5e40099,107900,1024,683,RGB,train,Blueberry leaf,,materialized,
5467f6012d78d1c446145d5f582da6096f852ae8,train/Blueberry leaf/blueberry-leaves-isolated-shadow-95294017.jpg,data/raw/plantdoc/train/Blueberry leaf/blueberry-leaves-isolated-shadow-95294017.jpg,b7aaa0ce150fe3fa6af93ea48bad8cbdef132a543191c7a23397aa21c42c5d05,b7aaa0ce150fe3fa6af93ea48bad8cbdef132a543191c7a23397aa21c42c5d05,133106,1300,1139,RGB,train,Blueberry leaf,,materialized,
5467f6012d78d1c446145d5f582da6096f852ae8,train/Blueberry leaf/blueberry-leaves-normal-above-and-iron-deficient-below-bgahf8.jpg,data/raw/plantdoc/train/Blueberry leaf/blueberry-leaves-normal-above-and-iron-deficient-below-bgahf8.jpg,07b9b0a3395d6643e0033f5327c188305479c20a67b9e0081efec85139d63306,07b9b0a3395d6643e0033f5327c188305479c20a67b9e0081efec85139d63306,59840,390,540,RGB,train,Blueberry leaf,,materialized,
5467f6012d78d1c446145d5f582da6096f852ae8,train/Blueberry leaf/blueberry-leaves-safe.jpeg.jpg,data/raw/plantdoc/train/Blueberry leaf/blueberry-leaves-safe.jpeg.jpg,2c0ffdea468cb621c5c75e3c415229bef00471a580b45ce969dac3b96ee49d53,2c0ffdea468cb621c5c75e3c415229bef00471a580b45ce969dac3b96ee49d53,1238822,2397,2977,RGB,train,Blueberry leaf,,materialized,
5467f6012d78d1c446145d5f582da6096f852ae8,train/Blueberry leaf/blueberry-leaves-white-collection-isolated-35579573.jpg,data/raw/plantdoc/train/Blueberry leaf/blueberry-leaves-white-collection-isolated-35579573.jpg,31684e81fb0691b66f74d6aebce0c347121c987430a809b919536523b1bfceed,31684e81fb0691b66f74d6aebce0c347121c987430a809b919536523b1bfceed,181936,1300,1390,RGB,train,Blueberry leaf,,materialized,
5467f6012d78d1c446145d5f582da6096f852ae8,train/Blueberry leaf/blueberry-leaves.jpg,data/raw/plantdoc/train/Blueberry leaf/blueberry-leaves__2e99aae9cb26.jpg,2e99aae9cb2602280f7ef9c52bb13913620e6a1e2381d9f7385db7fe4d31b0ba,2e99aae9cb2602280f7ef9c52bb13913620e6a1e2381d9f7385db7fe4d31b0ba,24227,450,338,RGB,train,Blueberry leaf,cg03,collision_safe_rename,distinct image content; original name collides case-insensitively with its pair member — extracted under a collision-safe name
5467f6012d78d1c446145d5f582da6096f852ae8,train/Blueberry leaf/blueberry-plant-berries-and-leaves-blueberries-vaccinium-corybosum-BNDMY8.jpg,data/raw/plantdoc/train/Blueberry leaf/blueberry-plant-berries-and-leaves-blueberries-vaccinium-corybosum-BNDMY8.jpg,503d61b42d296c849138a73333e78499428f0dd9a7605124a6c669545aa9a3d0,503d61b42d296c849138a73333e78499428f0dd9a7605124a6c669545aa9a3d0,126349,1300,956,RGB,train,Blueberry leaf,,materialized,
5467f6012d78d1c446145d5f582da6096f852ae8,train/Blueberry leaf/blueberry-plant-unripe-berries-and-leaves-blueberries-vaccinium-corybosum-BNDN04.jpg,data/raw/plantdoc/train/Blueberry leaf/blueberry-plant-unripe-berries-and-leaves-blueberries-vaccinium-corybosum-BNDN04.jpg,e2d6eea973225ae67c9958ce7ab6040cf2ed52f457541f1d51a11b312ff86e1e,e2d6eea973225ae67c9958ce7ab6040cf2ed52f457541f1d51a11b312ff86e1e,121737,1300,956,RGB,train,Blueberry leaf,,materialized,
5467f6012d78d1c446145d5f582da6096f852ae8,train/Blueberry leaf/blueberry_leaves_berries_fresh_wood_1280x960_hd-wallpaper-1763513.jpg,data/raw/plantdoc/train/Blueberry leaf/blueberry_leaves_berries_fresh_wood_1280x960_hd-wallpaper-1763513.jpg,a1c3bb08e958e7cef6947f14baabe481a5fa98c5f5aa85773bfcf922a3ec0d77,a1c3bb08e958e7cef6947f14baabe481a5fa98c5f5aa85773bfcf922a3ec0d77,12575033,5616,3744,RGB,train,Blueberry leaf,,materialized,
5467f6012d78d1c446145d5f582da6096f852ae8,train/Blueberry leaf/blueberryleaves.jpg,data/raw/plantdoc/train/Blueberry leaf/blueberryleaves.jpg,060799aa7c6ad0bc6ecd12ef58b7b3a3248aa802a38f6a38a05bb34e47867ccb,060799aa7c6ad0bc6ecd12ef58b7b3a3248aa802a38f6a38a05bb34e47867ccb,140450,1600,1326,RGB,train,Blueberry leaf,,materialized,
5467f6012d78d1c446145d5f582da6096f852ae8,train/Blueberry leaf/close-up-of-a-blueberry-leaf-beginning-to-change-color-for-autumn-f6b5yd.jpg,data/raw/plantdoc/train/Blueberry leaf/close-up-of-a-blueberry-leaf-beginning-to-change-color-for-autumn-f6b5yd.jpg,f5e0fc9c62f4f021f01628a406250962e2a9811df52360a6ea9bdc8a63290e41,f5e0fc9c62f4f021f01628a406250962e2a9811df52360a6ea9bdc8a63290e41,36750,347,540,RGB,train,Blueberry leaf,,materialized,
5467f6012d78d1c446145d5f582da6096f852ae8,train/Blueberry leaf/dscf9033.jpg,data/raw/plantdoc/train/Blueberry leaf/dscf9033.jpg,df0de9cc6a514335aeaff6ec5cb717bbf3548dd47cfe8bbf1618013a4f85e7c1,df0de9cc6a514335aeaff6ec5cb717bbf3548dd47cfe8bbf1618013a4f85e7c1,171904,1000,750,RGB,train,Blueberry leaf,,materialized,
5467f6012d78d1c446145d5f582da6096f852ae8,train/Blueberry leaf/dscf9038.jpg,data/raw/plantdoc/train/Blueberry leaf/dscf9038.jpg,15167c9f31fbf7729526585038532f38ffbb9209e64553191824b66fc868ce08,15167c9f31fbf7729526585038532f38ffbb9209e64553191824b66fc868ce08,169485,1000,750,RGB,train,Blueberry leaf,,materialized,
5467f6012d78d1c446145d5f582da6096f852ae8,train/Blueberry leaf/highbush_blueberry1337725765530.jpg,data/raw/plantdoc/train/Blueberry leaf/highbush_blueberry1337725765530.jpg,bd1082933ad85b1ce481e33e54c85fc2c90fa185b1a5377c8a9f59d9036ec150,bd1082933ad85b1ce481e33e54c85fc2c90fa185b1a5377c8a9f59d9036ec150,70408,674,479,RGB,train,Blueberry leaf,,materialized,
5467f6012d78d1c446145d5f582da6096f852ae8,train/Blueberry leaf/image_1500x1500%253E.jpeg?1472756546.jpg,data/raw/plantdoc/train/Blueberry leaf/image_1500x1500%253E.jpeg?1472756546.jpg,704506d09f9f15be27bee0482798201f3f8ac9bfd596b8300406c358ee8c259e,704506d09f9f15be27bee0482798201f3f8ac9bfd596b8300406c358ee8c259e,661895,1125,1500,RGB,train,Blueberry leaf,,materialized,
5467f6012d78d1c446145d5f582da6096f852ae8,train/Blueberry leaf/image_1500x1500%253E.jpeg?1472756548.jpg,data/raw/plantdoc/train/Blueberry leaf/image_1500x1500%253E.jpeg?1472756548.jpg,d6d6b3fe5e2f2b74efde5612a3e051c53e8f9b50ff32a6d5a900a9ac171fcdfd,d6d6b3fe5e2f2b74efde5612a3e051c53e8f9b50ff32a6d5a900a9ac171fcdfd,736872,1125,1500,RGB,train,Blueberry leaf,,materialized,
5467f6012d78d1c446145d5f582da6096f852ae8,train/Blueberry leaf/img_8042.jpg,data/raw/plantdoc/train/Blueberry leaf/img_8042.jpg,ef847e32890152bdfa883e41113cdd418d6878dac35b7200599a642e91d0dbf2,ef847e32890152bdfa883e41113cdd418d6878dac35b7200599a642e91d0dbf2,1661519,2592,1944,RGB,train,Blueberry leaf,,materialized,
5467f6012d78d1c446145d5f582da6096f852ae8,train/Blueberry leaf/immatureleaffootbug.jpg,data/raw/plantdoc/train/Blueberry leaf/immatureleaffootbug.jpg,cc79575fab42c762bdfb1b99a40086057faf712274faafae10574cbd32ed489e,cc79575fab42c762bdfb1b99a40086057faf712274faafae10574cbd32ed489e,2122196,2592,1936,RGB,train,Blueberry leaf,,materialized,
5467f6012d78d1c446145d5f582da6096f852ae8,train/Blueberry leaf/lb_blueberry1.jpg,data/raw/plantdoc/train/Blueberry leaf/lb_blueberry1.jpg,a22d30e4aa0db2141108c2c7b44c59831a8d83c667d40b9214e4a5135fdbe63d,a22d30e4aa0db2141108c2c7b44c59831a8d83c667d40b9214e4a5135fdbe63d,62210,480,360,RGB,train,Blueberry leaf,,materialized,
5467f6012d78d1c446145d5f582da6096f852ae8,train/Blueberry leaf/leaf-blueberry-plant-vaccinium-corymbosum-north-america-usa-bush-103375785.jpg,data/raw/plantdoc/train/Blueberry leaf/leaf-blueberry-plant-vaccinium-corymbosum-north-america-usa-bush-103375785.jpg,c3121d96d3d26fffdf7c7c880ba2920a9f90a19cbd73a20d26245c3c58adf18f,c3121d96d3d26fffdf7c7c880ba2920a9f90a19cbd73a20d26245c3c58adf18f,120639,1300,957,RGB,train,Blueberry leaf,,materialized,
5467f6012d78d1c446145d5f582da6096f852ae8,train/Blueberry leaf/leaf_arangement.jpg,data/raw/plantdoc/train/Blueberry leaf/leaf_arangement.jpg,5ae8613aac2aa773501ce2ce2e1927e5407d9d789644d52f2c0fff568f981a4c,5ae8613aac2aa773501ce2ce2e1927e5407d9d789644d52f2c0fff568f981a4c,518005,1600,1200,RGB,train,Blueberry leaf,,materialized,
5467f6012d78d1c446145d5f582da6096f852ae8,train/Blueberry leaf/ovalifolium1.jpg,data/raw/plantdoc/train/Blueberry leaf/ovalifolium1.jpg,7f457362c40536eaac2f043bc7c26a21501ac8b43833efd85290928640ae32c3,7f457362c40536eaac2f043bc7c26a21501ac8b43833efd85290928640ae32c3,82469,634,386,RGB,train,Blueberry leaf,,materialized,
5467f6012d78d1c446145d5f582da6096f852ae8,train/Blueberry leaf/plant-fruit-berry-leaf-flower-food-herb-produce-blueberry-botany-flora-plants-wildflower-shrub-macro-photography-wipes-flowering-plant-bilberry-huckleberry-dayflower-land-plant-dayflower-family-1090218.jpg,data/raw/plantdoc/train/Blueberry leaf/plant-fruit-berry-leaf-flower-food-herb-produce-blueberry-botany-flora-plants-wildflower-shrub-macro-photography-wipes-flowering-plant-bilberry-huckleberry-dayflower-land-plant-dayflower-family-1090218.jpg,9dd68771e97d9b3b89673e7d0a2b34702e8acd6b94c6da485cf0f553a2fec273,9dd68771e97d9b3b89673e7d0a2b34702e8acd6b94c6da485cf0f553a2fec273,1937445,3872,2592,RGB,train,Blueberry leaf,,materialized,
5467f6012d78d1c446145d5f582da6096f852ae8,train/Blueberry leaf/red+blueberry+leaves.jpg,data/raw/plantdoc/train/Blueberry leaf/red+blueberry+leaves.jpg,9681feb1730d17b328005dfb6ac8aabf1e5c06cb30bef33e3d96699964158a64,9681feb1730d17b328005dfb6ac8aabf1e5c06cb30bef33e3d96699964158a64,110032,560,600,RGB,train,Blueberry leaf,,materialized,
5467f6012d78d1c446145d5f582da6096f852ae8,train/Blueberry leaf/stock-photo-blueberry-heap-with-green-leaves-close-up-macro-isolated-on-white-background-83867578.jpg,data/raw/plantdoc/train/Blueberry leaf/stock-photo-blueberry-heap-with-green-leaves-close-up-macro-isolated-on-white-background-83867578.jpg,7449e69a1bb94098477da6575dbfd80d131b3c83c74f245ff279b095ebf3bc42,7449e69a1bb94098477da6575dbfd80d131b3c83c74f245ff279b095ebf3bc42,606239,1500,1434,RGB,train,Blueberry leaf,,materialized,
5467f6012d78d1c446145d5f582da6096f852ae8,train/Blueberry leaf/stock-photo-blueberry-leaves-branch-isolated-on-white-background-490111684.jpg,data/raw/plantdoc/train/Blueberry leaf/stock-photo-blueberry-leaves-branch-isolated-on-white-background-490111684.jpg,78e703ede39227e44709f123783a251de8a4557d8edffbaae3716298cc77ddfd,78e703ede39227e44709f123783a251de8a4557d8edffbaae3716298cc77ddfd,416818,1500,1083,RGB,train,Blueberry leaf,,materialized,
5467f6012d78d1c446145d5f582da6096f852ae8,train/Blueberry leaf/stock-photo-blueberry-leaves-isolated-on-white-background-collection-569223157.jpg,data/raw/plantdoc/train/Blueberry leaf/stock-photo-blueberry-leaves-isolated-on-white-background-collection-569223157.jpg,2c60c15e7e1c6b5fffa678dd04d2c11ed74d16151c2fe60f2d1c29a6de4d2f02,2c60c15e7e1c6b5fffa678dd04d2c11ed74d16151c2fe60f2d1c29a6de4d2f02,47720,450,461,RGB,train,Blueberry leaf,,materialized,
5467f6012d78d1c446145d5f582da6096f852ae8,train/Blueberry leaf/stock-photo-blueberry-with-leaves-of-mint-70797082.jpg,data/raw/plantdoc/train/Blueberry leaf/stock-photo-blueberry-with-leaves-of-mint-70797082.jpg,928e5b509e281ee46af9acc33e343d8f33ed046a22a81c006595b22db9762bc6,928e5b509e281ee46af9acc33e343d8f33ed046a22a81c006595b22db9762bc6,337337,1500,904,RGB,train,Blueberry leaf,,materialized,
5467f6012d78d1c446145d5f582da6096f852ae8,train/Blueberry leaf/stock-photo-fresh-ripe-blueberries-with-leaves-on-white-background-125173964.jpg,data/raw/plantdoc/train/Blueberry leaf/stock-photo-fresh-ripe-blueberries-with-leaves-on-white-background-125173964.jpg,b2d15ff5115d80a3248c4f34810e6f1a5eb60922ebc9f1675b0353c42e3fcdfb,b2d15ff5115d80a3248c4f34810e6f1a5eb60922ebc9f1675b0353c42e3fcdfb,43790,450,448,RGB,train,Blueberry leaf,,materialized,
5467f6012d78d1c446145d5f582da6096f852ae8,train/Blueberry leaf/stock-photo-leaf-blueberry-57690040.jpg,data/raw/plantdoc/train/Blueberry leaf/stock-photo-leaf-blueberry-57690040.jpg,0c3d83342aa6ec9ab3398261cb2f42781c4c94c13d4dd7afbbd0ebf08ebfbf4a,0c3d83342aa6ec9ab3398261cb2f42781c4c94c13d4dd7afbbd0ebf08ebfbf4a,27253,450,366,RGB,train,Blueberry leaf,,materialized,
5467f6012d78d1c446145d5f582da6096f852ae8,train/Blueberry leaf/three-blueberries-with-leaves-picture-id83566780.jpg,data/raw/plantdoc/train/Blueberry leaf/three-blueberries-with-leaves-picture-id83566780.jpg,a937f8da8ad59cc3db565374793e141c8b7951f3da60c648196f5cd8efabf2fa,a937f8da8ad59cc3db565374793e141c8b7951f3da60c648196f5cd8efabf2fa,192299,1024,682,RGB,train,Blueberry leaf,,materialized,
5467f6012d78d1c446145d5f582da6096f852ae8,train/Blueberry leaf/vaccinium-angustifolium-634789-1.jpg,data/raw/plantdoc/train/Blueberry leaf/vaccinium-angustifolium-634789-1.jpg,c8d7c8693c19f55f55a8138151367c666362899fcba216d8094404f5095e0284,c8d7c8693c19f55f55a8138151367c666362899fcba216d8094404f5095e0284,115700,720,540,RGB,train,Blueberry leaf,,materialized,
5467f6012d78d1c446145d5f582da6096f852ae8,train/Blueberry leaf/vaccinium-angustifolium-le-ahaines.jpg,data/raw/plantdoc/train/Blueberry leaf/vaccinium-angustifolium-le-ahaines.jpg,4a402f222a45dd801f92fc1dcd761705db2ed0086bb3e7709f01c893545a57da,4a402f222a45dd801f92fc1dcd761705db2ed0086bb3e7709f01c893545a57da,221665,1000,750,RGB,train,Blueberry leaf,,materialized,
5467f6012d78d1c446145d5f582da6096f852ae8,train/Blueberry leaf/vaccinium-corymbosum-le-mlovit.jpg,data/raw/plantdoc/train/Blueberry leaf/vaccinium-corymbosum-le-mlovit.jpg,7b1288cf4d8de376472cd4f250a4dffdb4775694f8223e619affa1c3945cf83b,7b1288cf4d8de376472cd4f250a4dffdb4775694f8223e619affa1c3945cf83b,277658,1000,750,RGB,train,Blueberry leaf,,materialized,
5467f6012d78d1c446145d5f582da6096f852ae8,train/Blueberry leaf/vaccinium-myrtilloides-13-1.jpg,data/raw/plantdoc/train/Blueberry leaf/vaccinium-myrtilloides-13-1.jpg,44e71d79be69f5c7c937f72afa8e2fd1aedba6ed1a6f0e4f73b9ba9d6e29219e,44e71d79be69f5c7c937f72afa8e2fd1aedba6ed1a6f0e4f73b9ba9d6e29219e,95317,720,540,RGB,train,Blueberry leaf,,materialized,
5467f6012d78d1c446145d5f582da6096f852ae8,train/Blueberry leaf/vaccinium-myrtilloides-437.jpg,data/raw/plantdoc/train/Blueberry leaf/vaccinium-myrtilloides-437.jpg,1a1608ff5589d86daf72fbfcef51b67d2387a81279a7cb70d2b3e77c0e76db67,1a1608ff5589d86daf72fbfcef51b67d2387a81279a7cb70d2b3e77c0e76db67,76300,720,540,RGB,train,Blueberry leaf,,materialized,
5467f6012d78d1c446145d5f582da6096f852ae8,train/Blueberry leaf/vaccinium-myrtilloides-le-dcameron-b.jpg,data/raw/plantdoc/train/Blueberry leaf/vaccinium-myrtilloides-le-dcameron-b.jpg,9a16cd672207f3f753774a3961d47dd18028dd10476c49e0218a2cdc1c2c1d6c,9a16cd672207f3f753774a3961d47dd18028dd10476c49e0218a2cdc1c2c1d6c,242869,1000,750,RGB,train,Blueberry leaf,,materialized,
5467f6012d78d1c446145d5f582da6096f852ae8,train/Blueberry leaf/vaccinium-myrtilloides-le-mlovit.jpg,data/raw/plantdoc/train/Blueberry leaf/vaccinium-myrtilloides-le-mlovit.jpg,cc92345af7657666aff4ae9d02356c2c1070f371a535a9d02ac5faa0837e52b0,cc92345af7657666aff4ae9d02356c2c1070f371a535a9d02ac5faa0837e52b0,300295,1000,750,RGB,train,Blueberry leaf,,materialized,
5467f6012d78d1c446145d5f582da6096f852ae8,train/Blueberry leaf/vaccspp_leaf1.jpg,data/raw/plantdoc/train/Blueberry leaf/vaccspp_leaf1.jpg,c89d33836c5e2d5e1667f28a3a01585dae7f4f722f63b29ca98b9e27fabf327f,c89d33836c5e2d5e1667f28a3a01585dae7f4f722f63b29ca98b9e27fabf327f,4452736,2000,3008,RGB,train,Blueberry leaf,,materialized,
5467f6012d78d1c446145d5f582da6096f852ae8,train/Blueberry leaf/vaov_006_lhp.jpg,data/raw/plantdoc/train/Blueberry leaf/vaov_006_lhp.jpg,0882a4ed2b4df081348e372a0bee1337c571637f82fef1a853b6e6611e96d67f,0882a4ed2b4df081348e372a0bee1337c571637f82fef1a853b6e6611e96d67f,141251,900,600,RGB,train,Blueberry leaf,,materialized,
5467f6012d78d1c446145d5f582da6096f852ae8,train/Blueberry leaf/wild-blueberries-576x1024.jpg,data/raw/plantdoc/train/Blueberry leaf/wild-blueberries-576x1024.jpg,f054aab803c8b8b36130ad3ec4f50d8953f0d5511e6dfabd27475305f9400c49,f054aab803c8b8b36130ad3ec4f50d8953f0d5511e6dfabd27475305f9400c49,105254,576,1024,RGB,train,Blueberry leaf,,materialized,
5467f6012d78d1c446145d5f582da6096f852ae8,train/Blueberry leaf/wild-blueberries.jpg,data/raw/plantdoc/train/Blueberry leaf/wild-blueberries.jpg,08e56395508803201731c3af200dfd253ff84ac9522aa4319d10da1588a8eb58,08e56395508803201731c3af200dfd253ff84ac9522aa4319d10da1588a8eb58,1712273,5184,3456,RGB,train,Blueberry leaf,,materialized,
5467f6012d78d1c446145d5f582da6096f852ae8,train/Cherry leaf/02b13cea19417b15cf3d6ff534aa7ea653ad783094a60_1260x1260.jpg,data/raw/plantdoc/train/Cherry leaf/02b13cea19417b15cf3d6ff534aa7ea653ad783094a60_1260x1260.jpg,b1b33283c4fdfdf7b7a67c964652da6cc2f10b80bf972eb7ad43eab7b68ce016,b1b33283c4fdfdf7b7a67c964652da6cc2f10b80bf972eb7ad43eab7b68ce016,131836,1056,1260,RGB,train,Cherry leaf,,materialized,
5467f6012d78d1c446145d5f582da6096f852ae8,train/Cherry leaf/100_0123_2.jpg,data/raw/plantdoc/train/Cherry leaf/100_0123_2.jpg,e9c5b96f46a662fb0eee756d752f4304a3dbb28305bc53a9f5c725e71ed9409b,e9c5b96f46a662fb0eee756d752f4304a3dbb28305bc53a9f5c725e71ed9409b,344348,1023,682,RGB,train,Cherry leaf,,materialized,
5467f6012d78d1c446145d5f582da6096f852ae8,train/Cherry leaf/100_4608.jpg,data/raw/plantdoc/train/Cherry leaf/100_4608.jpg,fce22a6d2a7fa353d8c11d41975a0792c464dfccaf1e2ef683b760f69b49e269,fce22a6d2a7fa353d8c11d41975a0792c464dfccaf1e2ef683b760f69b49e269,2955023,2142,2856,RGB,train,Cherry leaf,,materialized,
5467f6012d78d1c446145d5f582da6096f852ae8,train/Cherry leaf/1348156007-85504600.jpg,data/raw/plantdoc/train/Cherry leaf/1348156007-85504600.jpg,52ed576bbdb48a911a87da487613e2d282099d345eae75b99d78d90615770fa0,52ed576bbdb48a911a87da487613e2d282099d345eae75b99d78d90615770fa0,156157,1000,1000,RGB,train,Cherry leaf,,materialized,
5467f6012d78d1c446145d5f582da6096f852ae8,train/Cherry leaf/15%20CHOKE%20CHERRY.jpg,data/raw/plantdoc/train/Cherry leaf/15%20CHOKE%20CHERRY.jpg,5f7b415c053f5be61b45d9e5ae4baaa46211f6c90a36b4b70fe7edcf450dd857,5f7b415c053f5be61b45d9e5ae4baaa46211f6c90a36b4b70fe7edcf450dd857,613606,2048,1536,RGB,train,Cherry leaf,,materialized,
5467f6012d78d1c446145d5f582da6096f852ae8,train/Cherry leaf/1b9155649757248759cdbe7d83cc94c0.jpg,data/raw/plantdoc/train/Cherry leaf/1b9155649757248759cdbe7d83cc94c0.jpg,cb25d9037ea62d091cf84be8c05d64bb8cdfd34d5836aecae8d28a2beec912ad,cb25d9037ea62d091cf84be8c05d64bb8cdfd34d5836aecae8d28a2beec912ad,45950,736,981,RGB,train,Cherry leaf,,materialized,
5467f6012d78d1c446145d5f582da6096f852ae8,train/Cherry leaf/2febe52cfac784c3191c804390d51ab756a3a7c8b9314_1260x1260.jpg,data/raw/plantdoc/train/Cherry leaf/2febe52cfac784c3191c804390d51ab756a3a7c8b9314_1260x1260.jpg,4dd62647b73c6ef0d5017329d56a13494b0f8cfcf178c2068e911400254ee276,4dd62647b73c6ef0d5017329d56a13494b0f8cfcf178c2068e911400254ee276,138492,1056,1260,RGB,train,Cherry leaf,,materialized,
5467f6012d78d1c446145d5f582da6096f852ae8,train/Cherry leaf/3b296e7197cc7e3d138892539e2e9ba453ad782db3398_1260x1260.jpg,data/raw/plantdoc/train/Cherry leaf/3b296e7197cc7e3d138892539e2e9ba453ad782db3398_1260x1260.jpg,d2a21cdc285916bcc03d64fa627be5812b6321c612477ccce7f51762bc8ea8c1,d2a21cdc285916bcc03d64fa627be5812b6321c612477ccce7f51762bc8ea8c1,155421,1056,1260,RGB,train,Cherry leaf,,materialized,
5467f6012d78d1c446145d5f582da6096f852ae8,train/Cherry leaf/5dab054e26cde431baf6a8e0e3f0f258.jpg,data/raw/plantdoc/train/Cherry leaf/5dab054e26cde431baf6a8e0e3f0f258.jpg,ee3f27be98c80a74d7c2676aa630aa2e007ff2d16954aa25bcf6b9a973adb5ba,ee3f27be98c80a74d7c2676aa630aa2e007ff2d16954aa25bcf6b9a973adb5ba,141689,736,1040,RGB,train,Cherry leaf,,materialized,
5467f6012d78d1c446145d5f582da6096f852ae8,train/Cherry leaf/6.-Choke-cherry-fall-leaf-colour.jpg,data/raw/plantdoc/train/Cherry leaf/6.-Choke-cherry-fall-leaf-colour.jpg,25439121f7fb023542399abfc1c6fed59d90d39e3b8cb4b6a24e083cb8e0c935,25439121f7fb023542399abfc1c6fed59d90d39e3b8cb4b6a24e083cb8e0c935,114286,2100,1575,RGB,train,Cherry leaf,,materialized,
5467f6012d78d1c446145d5f582da6096f852ae8,train/Cherry leaf/670px-User-Completed-Image-Identify-Cherry-Trees-2015.12.05-23.48.57.0.jpeg.jpg,data/raw/plantdoc/train/Cherry leaf/670px-User-Completed-Image-Identify-Cherry-Trees-2015.12.05-23.48.57.0.jpeg.jpg,cba6ae46c449b1552aa3d50483806295539d170cb15fcf4c228107a29c98d98c,cba6ae46c449b1552aa3d50483806295539d170cb15fcf4c228107a29c98d98c,75176,670,670,RGB,train,Cherry leaf,,materialized,
5467f6012d78d1c446145d5f582da6096f852ae8,train/Cherry leaf/7%20CHOKE%20CHERRY.jpg,data/raw/plantdoc/train/Cherry leaf/7%20CHOKE%20CHERRY.jpg,f8cf1ef1d56ea79378437a5a4ac572be4f40e997496b905913ef42ca684f6d02,f8cf1ef1d56ea79378437a5a4ac572be4f40e997496b905913ef42ca684f6d02,590795,2048,1536,RGB,train,Cherry leaf,,materialized,
5467f6012d78d1c446145d5f582da6096f852ae8,train/Cherry leaf/Bird-Cherry-%28Prunus-Padus%29-Leaf-and-Flowers.jpg,data/raw/plantdoc/train/Cherry leaf/Bird-Cherry-%28Prunus-Padus%29-Leaf-and-Flowers.jpg,940789f710336d2455a1b41d7e672a666ccac3364f31352ecffd1b4914b1ef42,940789f710336d2455a1b41d7e672a666ccac3364f31352ecffd1b4914b1ef42,152792,1000,1000,RGB,train,Cherry leaf,,materialized,
5467f6012d78d1c446145d5f582da6096f852ae8,train/Cherry leaf/BlackCherry04.jpg,data/raw/plantdoc/train/Cherry leaf/BlackCherry04.jpg,6ec4f37f524363136fd1341fd1ade7e40b0ef541ac2878daee46aff55e4df995,6ec4f37f524363136fd1341fd1ade7e40b0ef541ac2878daee46aff55e4df995,98063,750,570,RGB,train,Cherry leaf,,materialized,
5467f6012d78d1c446145d5f582da6096f852ae8,train/Cherry leaf/CHERRY_CHOKE2_leaves.jpg,data/raw/plantdoc/train/Cherry leaf/CHERRY_CHOKE2_leaves.jpg,0ff707628e595d509ae7d5ebe926d3ae3d700f68867c5597e342385abe2c7f67,0ff707628e595d509ae7d5ebe926d3ae3d700f68867c5597e342385abe2c7f67,103785,802,602,RGB,train,Cherry leaf,,materialized,
5467f6012d78d1c446145d5f582da6096f852ae8,train/Cherry leaf/CHERRY_CHOKE_leaves.jpg,data/raw/plantdoc/train/Cherry leaf/CHERRY_CHOKE_leaves.jpg,9c0e37cbd9d2fc64428afb3ac8cf0900b0f69f2379cacca931d5f95e696ce90d,9c0e37cbd9d2fc64428afb3ac8cf0900b0f69f2379cacca931d5f95e696ce90d,91106,802,602,RGB,train,Cherry leaf,,materialized,
5467f6012d78d1c446145d5f582da6096f852ae8,train/Cherry leaf/Carolina%2BCherry%2BLaurel%2Bproblem1.jpg,data/raw/plantdoc/train/Cherry leaf/Carolina%2BCherry%2BLaurel%2Bproblem1.jpg,c63cb8230eb014e882ecb6a29821336b30010456ef545415758b9cfd5975411d,c63cb8230eb014e882ecb6a29821336b30010456ef545415758b9cfd5975411d,322241,1600,1200,RGB,train,Cherry leaf,,materialized,
5467f6012d78d1c446145d5f582da6096f852ae8,train/Cherry leaf/Carolina%2BCherry%2BLaurel%2Bproblem3.jpg,data/raw/plantdoc/train/Cherry leaf/Carolina%2BCherry%2BLaurel%2Bproblem3.jpg,f0f2ba32483884f5bf8dbf590ade0bc6b5fe498045401446816f182c55614d7d,f0f2ba32483884f5bf8dbf590ade0bc6b5fe498045401446816f182c55614d7d,363357,1600,1200,RGB,train,Cherry leaf,,materialized,
5467f6012d78d1c446145d5f582da6096f852ae8,train/Cherry leaf/Catalina%20Island%20Cherry.JPG.jpg,data/raw/plantdoc/train/Cherry leaf/Catalina%20Island%20Cherry.JPG.jpg,b572c78311c1b239d4577ee2d3e24836f52cc6a82cd0d51bba0258e6d4b1030a,b572c78311c1b239d4577ee2d3e24836f52cc6a82cd0d51bba0258e6d4b1030a,3006232,2448,3264,RGB,train,Cherry leaf,,materialized,
5467f6012d78d1c446145d5f582da6096f852ae8,train/Cherry leaf/Cherry%20Sweet%20N%20deficiency%20closeup%20Brubaker%202004.JPG.jpg,data/raw/plantdoc/train/Cherry leaf/Cherry%20Sweet%20N%20deficiency%20closeup%20Brubaker%202004.JPG.jpg,c3ac3b42568bd1340466d0f3bb69396dd5ba909015882fb844b4cd5560aa1c20,c3ac3b42568bd1340466d0f3bb69396dd5ba909015882fb844b4cd5560aa1c20,872244,1536,1024,RGB,train,Cherry leaf,,materialized,
5467f6012d78d1c446145d5f582da6096f852ae8,train/Cherry leaf/Cherry-Fruit-and-Leaves-tp1263.jpg,data/raw/plantdoc/train/Cherry leaf/Cherry-Fruit-and-Leaves-tp1263.jpg,a6726ea0f7b78e58923758b4dd315083b1623e68f293d6815531fc2950cd81f7,a6726ea0f7b78e58923758b4dd315083b1623e68f293d6815531fc2950cd81f7,384902,1800,1350,RGB,train,Cherry leaf,,materialized,
5467f6012d78d1c446145d5f582da6096f852ae8,train/Cherry leaf/ECE47.jpg,data/raw/plantdoc/train/Cherry leaf/ECE47.jpg,7b2f6db5548e63efcdd0888c90472433739b575c98c4594ff062720bcfc1c173,7b2f6db5548e63efcdd0888c90472433739b575c98c4594ff062720bcfc1c173,128228,1000,1500,RGB,train,Cherry leaf,,materialized,
5467f6012d78d1c446145d5f582da6096f852ae8,train/Cherry leaf/IMG_4280.JPG.jpg,data/raw/plantdoc/train/Cherry leaf/IMG_4280.JPG.jpg,2138a154a106e3bf304a3c0c765036a48ed64ae98295619f1f16394a12c0485c,2138a154a106e3bf304a3c0c765036a48ed64ae98295619f1f16394a12c0485c,236452,1600,1200,RGB,train,Cherry leaf,,materialized,
5467f6012d78d1c446145d5f582da6096f852ae8,train/Cherry leaf/IMG_5892_original.JPG?1500348823.jpg,data/raw/plantdoc/train/Cherry leaf/IMG_5892_original.JPG?1500348823.jpg,ccb15fae349108ac3db020eb269b51962e23b4ce5f57bd95ba030d099f1fc314,ccb15fae349108ac3db020eb269b51962e23b4ce5f57bd95ba030d099f1fc314,2062929,2448,3264,RGB,train,Cherry leaf,,materialized,
5467f6012d78d1c446145d5f582da6096f852ae8,train/Cherry leaf/Leaf%20cherry1.JPG.jpg,data/raw/plantdoc/train/Cherry leaf/Leaf%20cherry1.JPG.jpg,533737dfe87f3b0dae3e9bfd013f021cc7b2cdce2c4c9332acbb05e266d46244,533737dfe87f3b0dae3e9bfd013f021cc7b2cdce2c4c9332acbb05e266d46244,14009,633,342,RGB,train,Cherry leaf,,materialized,
5467f6012d78d1c446145d5f582da6096f852ae8,train/Cherry leaf/RAx1iE.jpg,data/raw/plantdoc/train/Cherry leaf/RAx1iE.jpg,2c3436c5cf536dc687bb5ca45fef337f69728b5417b06b7512ad1139e063f4e0,2c3436c5cf536dc687bb5ca45fef337f69728b5417b06b7512ad1139e063f4e0,322856,1366,768,RGB,train,Cherry leaf,,materialized,
5467f6012d78d1c446145d5f582da6096f852ae8,train/Cherry leaf/black-brazilian-cherry-4988.jpeg.jpg,data/raw/plantdoc/train/Cherry leaf/black-brazilian-cherry-4988.jpeg.jpg,907182bb3ab70651a5f0ff7fbd3fb92e2ef603830339e3fe1512a5c843855d6e,907182bb3ab70651a5f0ff7fbd3fb92e2ef603830339e3fe1512a5c843855d6e,126994,1280,960,RGB,train,Cherry leaf,,materialized,
5467f6012d78d1c446145d5f582da6096f852ae8,train/Cherry leaf/canada-red-cherry-leaves.jpg,data/raw/plantdoc/train/Cherry leaf/canada-red-cherry-leaves.jpg,4a8cf1d0bf1975ae91a964cd8602aa6e5d4fc647b7768864766e3bae66386627,4a8cf1d0bf1975ae91a964cd8602aa6e5d4fc647b7768864766e3bae66386627,86763,800,516,RGB,train,Cherry leaf,,materialized,
5467f6012d78d1c446145d5f582da6096f852ae8,train/Cherry leaf/canada_red_chokecherry_11_medium_.jpg,data/raw/plantdoc/train/Cherry leaf/canada_red_chokecherry_11_medium_.jpg,6614e9eaef8c025f6bfd0b16cf881b1c6f558f8561971d3b92ecf1994e84eade,6614e9eaef8c025f6bfd0b16cf881b1c6f558f8561971d3b92ecf1994e84eade,126444,1037,768,RGB,train,Cherry leaf,,materialized,
5467f6012d78d1c446145d5f582da6096f852ae8,train/Cherry leaf/cherry+tree.jpg,data/raw/plantdoc/train/Cherry leaf/cherry+tree.jpg,3d244b8693daa84a50e4e0e2f91306c31aed0571b992baa22e507702251247c4,3d244b8693daa84a50e4e0e2f91306c31aed0571b992baa22e507702251247c4,113524,800,600,RGB,train,Cherry leaf,,materialized,
5467f6012d78d1c446145d5f582da6096f852ae8,train/Cherry leaf/cherry-fertilizer.jpg,data/raw/plantdoc/train/Cherry leaf/cherry-fertilizer.jpg,7855d8c4c3a7c82cd62c9481612691342bd919f77cd420fc7bf79e506f36ff39,7855d8c4c3a7c82cd62c9481612691342bd919f77cd420fc7bf79e506f36ff39,274894,1696,1131,RGB,train,Cherry leaf,,materialized,
5467f6012d78d1c446145d5f582da6096f852ae8,train/Cherry leaf/cherry-leaves-e1335624103663.jpg,data/raw/plantdoc/train/Cherry leaf/cherry-leaves-e1335624103663.jpg,01503d9cd49f06e8f15a87fe30cb7d17a2ac69310ba703ae41328469979a340f,01503d9cd49f06e8f15a87fe30cb7d17a2ac69310ba703ae41328469979a340f,905343,2000,2666,RGB,train,Cherry leaf,,materialized,
5467f6012d78d1c446145d5f582da6096f852ae8,train/Cherry leaf/cherry-tree-leaves-and-fruits.jpg,data/raw/plantdoc/train/Cherry leaf/cherry-tree-leaves-and-fruits.jpg,8c839737256dc2c371c7ad86eb1d355fd5952a3d0849f09b39ff4a01e6952db0,8c839737256dc2c371c7ad86eb1d355fd5952a3d0849f09b39ff4a01e6952db0,19136,350,300,RGB,train,Cherry leaf,,materialized,
5467f6012d78d1c446145d5f582da6096f852ae8,train/Cherry leaf/cherry-tree-leaves.jpg,data/raw/plantdoc/train/Cherry leaf/cherry-tree-leaves.jpg,2d7ce98c2530bb92a8360dd9703a4013f74aa5e9d88b8d14d613ab131af85675,2d7ce98c2530bb92a8360dd9703a4013f74aa5e9d88b8d14d613ab131af85675,658255,5184,2740,RGB,train,Cherry leaf,,materialized,
5467f6012d78d1c446145d5f582da6096f852ae8,train/Cherry leaf/cherrytree-leaf.jpg,data/raw/plantdoc/train/Cherry leaf/cherrytree-leaf.jpg,d16b62e12ec79dbeb0dafa984def26e0366d0eb24579f0505011aafe4c36370d,d16b62e12ec79dbeb0dafa984def26e0366d0eb24579f0505011aafe4c36370d,35263,900,700,RGB,train,Cherry leaf,,materialized,
5467f6012d78d1c446145d5f582da6096f852ae8,train/Cherry leaf/i-have-a-cherry-tree-5252.jpg,data/raw/plantdoc/train/Cherry leaf/i-have-a-cherry-tree-5252.jpg,7790209ebd6f50268838417aa3dea86c4e927ca22ac189e5acec88991daeb0a4,7790209ebd6f50268838417aa3dea86c4e927ca22ac189e5acec88991daeb0a4,975825,2048,1536,RGB,train,Cherry leaf,,materialized,
5467f6012d78d1c446145d5f582da6096f852ae8,train/Cherry leaf/img_3088.jpg,data/raw/plantdoc/train/Cherry leaf/img_3088.jpg,0c39d475f5f4357816fe80904ebf7ce3da10a28202ed4e04ac5a49aaf7e7cfac,0c39d475f5f4357816fe80904ebf7ce3da10a28202ed4e04ac5a49aaf7e7cfac,708355,1600,1200,RGB,train,Cherry leaf,,materialized,
5467f6012d78d1c446145d5f582da6096f852ae8,train/Cherry leaf/prunsero_twig3.jpg,data/raw/plantdoc/train/Cherry leaf/prunsero_twig3.jpg,16e5a90633a725f431bf5a97bb6bb51d51fd0a55afa8cdf78cf0e579b1ca296e,16e5a90633a725f431bf5a97bb6bb51d51fd0a55afa8cdf78cf0e579b1ca296e,3618661,2000,3008,RGB,train,Cherry leaf,,materialized,
5467f6012d78d1c446145d5f582da6096f852ae8,train/Cherry leaf/prunus-avium-le-rvid-c.jpg,data/raw/plantdoc/train/Cherry leaf/prunus-avium-le-rvid-c.jpg,ad01819e5e3a42eb2e5f1428e316d2e4304d66cb9da41e82917a5f6715c09a40,ad01819e5e3a42eb2e5f1428e316d2e4304d66cb9da41e82917a5f6715c09a40,164773,667,1000,RGB,train,Cherry leaf,,materialized,
5467f6012d78d1c446145d5f582da6096f852ae8,train/Cherry leaf/prunus-pensylvanica-007.jpg,data/raw/plantdoc/train/Cherry leaf/prunus-pensylvanica-007.jpg,f58e63ac6b9ed0e21dd6bec6045646660f26d5aaa30f97a360a26b68d5ff2b6f,f58e63ac6b9ed0e21dd6bec6045646660f26d5aaa30f97a360a26b68d5ff2b6f,81698,800,600,RGB,train,Cherry leaf,,materialized,
5467f6012d78d1c446145d5f582da6096f852ae8,train/Cherry leaf/prunus-pensylvanica-le-ahaines-a.jpg,data/raw/plantdoc/train/Cherry leaf/prunus-pensylvanica-le-ahaines-a.jpg,5a3bc16d15f9365064b191d7afa85855bd070ba846e283a245e7f8157d9500c4,5a3bc16d15f9365064b191d7afa85855bd070ba846e283a245e7f8157d9500c4,237907,1000,908,RGB,train,Cherry leaf,,materialized,
5467f6012d78d1c446145d5f582da6096f852ae8,train/Cherry leaf/radish-black-cherry-fruits-leaves.jpg,data/raw/plantdoc/train/Cherry leaf/radish-black-cherry-fruits-leaves.jpg,f23287ae6afc97544328249d0dd8b0002e17976eb0668e56269a7271e74a2e37,f23287ae6afc97544328249d0dd8b0002e17976eb0668e56269a7271e74a2e37,3797233,4000,3000,RGB,train,Cherry leaf,,materialized,
5467f6012d78d1c446145d5f582da6096f852ae8,train/Cherry leaf/sunburst_cherry.jpg,data/raw/plantdoc/train/Cherry leaf/sunburst_cherry.jpg,0bb5aaf01ec82858c855cd7faff24f0bf0e1236c4964c1bd8619998e524d6ab9,0bb5aaf01ec82858c855cd7faff24f0bf0e1236c4964c1bd8619998e524d6ab9,172492,1000,820,RGB,train,Cherry leaf,,materialized,
5467f6012d78d1c446145d5f582da6096f852ae8,train/Cherry leaf/tree-branch-blossom-plant-fruit-berry-leaf-flower-ripe-food-red-produce-botany-flora-leaves-shrub-fruits-bing-cherry-cherries-flowering-plant-rose-family-fruity-cherry-harvest-sweet-cherry-land-plant-913933.jpg,data/raw/plantdoc/train/Cherry leaf/tree-branch-blossom-plant-fruit-berry-leaf-flower-ripe-food-red-produce-botany-flora-leaves-shrub-fruits-bing-cherry-cherries-flowering-plant-rose-family-fruity-cherry-harvest-sweet-cherry-land-plant-913933.jpg,3e78bf4a22415cdab2e93ea091be3936d3b4984a34cd75f35b5e83d6f1d0fbf8,3e78bf4a22415cdab2e93ea091be3936d3b4984a34cd75f35b5e83d6f1d0fbf8,2854401,4608,3456,RGB,train,Cherry leaf,,materialized,
5467f6012d78d1c446145d5f582da6096f852ae8,train/Cherry leaf/wild-and-choke-cherry-leaves_edited-1.jpg,data/raw/plantdoc/train/Cherry leaf/wild-and-choke-cherry-leaves_edited-1.jpg,cd23833a5365960562bd5133a8f6f23b642b3247c95cb079d456f1d9ef2325cd,cd23833a5365960562bd5133a8f6f23b642b3247c95cb079d456f1d9ef2325cd,94211,720,511,RGB,train,Cherry leaf,,materialized,
5467f6012d78d1c446145d5f582da6096f852ae8,train/Cherry leaf/yoshino-weeping-cherry-tree2.jpg,data/raw/plantdoc/train/Cherry leaf/yoshino-weeping-cherry-tree2.jpg,02231cc38d2ea50b394fbc14af78a1d571181de8fec1892aed91e78a038fbf8b,02231cc38d2ea50b394fbc14af78a1d571181de8fec1892aed91e78a038fbf8b,361269,800,600,RGB,train,Cherry leaf,,materialized,
5467f6012d78d1c446145d5f582da6096f852ae8,train/Cherry leaf/yoshino-weeping-cherry-tree9.jpg,data/raw/plantdoc/train/Cherry leaf/yoshino-weeping-cherry-tree9.jpg,87c1eac211a9b40a7fe9fd12faab942c8d401d1cc06c7b13cded827b799f2ec5,87c1eac211a9b40a7fe9fd12faab942c8d401d1cc06c7b13cded827b799f2ec5,299466,700,838,RGB,train,Cherry leaf,,materialized,
5467f6012d78d1c446145d5f582da6096f852ae8,train/Corn Gray leaf spot/0796.16graylspot.jpg,data/raw/plantdoc/train/Corn Gray leaf spot/0796.16graylspot.jpg,fc4bb5f4f31e8ea6ca956b364499c6065bc67eb0b31c16f7733100033e9e3610,fc4bb5f4f31e8ea6ca956b364499c6065bc67eb0b31c16f7733100033e9e3610,27039,432,329,RGB,train,Corn Gray leaf spot,,materialized,
5467f6012d78d1c446145d5f582da6096f852ae8,train/Corn Gray leaf spot/1192.jpg,data/raw/plantdoc/train/Corn Gray leaf spot/1192.jpg,60f6e1daf63def6208a274da7d178df3c2cd8db16c3b8c4938c3c8754eb4eecc,60f6e1daf63def6208a274da7d178df3c2cd8db16c3b8c4938c3c8754eb4eecc,132409,640,480,RGB,train,Corn Gray leaf spot,,materialized,
5467f6012d78d1c446145d5f582da6096f852ae8,train/Corn Gray leaf spot/1193.jpg,data/raw/plantdoc/train/Corn Gray leaf spot/1193.jpg,736a1734ac7fa212945fd55314a22c7e9a3ac5611d94631878b550ea5c523156,736a1734ac7fa212945fd55314a22c7e9a3ac5611d94631878b550ea5c523156,82216,527,433,RGB,train,Corn Gray leaf spot,,materialized,
5467f6012d78d1c446145d5f582da6096f852ae8,train/Corn Gray leaf spot/1355.51grayleafspot.jpg,data/raw/plantdoc/train/Corn Gray leaf spot/1355.51grayleafspot.jpg,d5cddd1a948736993ecda96b0dfb1decf31f9bad9c033c09e0df7fafa0125553,d5cddd1a948736993ecda96b0dfb1decf31f9bad9c033c09e0df7fafa0125553,28374,432,271,RGB,train,Corn Gray leaf spot,,materialized,
5467f6012d78d1c446145d5f582da6096f852ae8,train/Corn Gray leaf spot/18largegls0732_copy-143B1EC97E96BA58322.jpg,data/raw/plantdoc/train/Corn Gray leaf spot/18largegls0732_copy-143B1EC97E96BA58322.jpg,debefed35e0b08140332557b44777ddeaca7512ce3066b53b83aa08eb711522b,debefed35e0b08140332557b44777ddeaca7512ce3066b53b83aa08eb711522b,27993,300,397,RGB,train,Corn Gray leaf spot,,materialized,
5467f6012d78d1c446145d5f582da6096f852ae8,train/Corn Gray leaf spot/2013Corn_GrayLeafSpot_0815_0003.JPG.jpg,data/raw/plantdoc/train/Corn Gray leaf spot/2013Corn_GrayLeafSpot_0815_0003.JPG.jpg,99ad81a07cbf1e2b1afa1da2fbb60355e2a794766888016ceef0737c72ba6cc9,99ad81a07cbf1e2b1afa1da2fbb60355e2a794766888016ceef0737c72ba6cc9,177599,1200,630,RGB,train,Corn Gray leaf spot,,materialized,
5467f6012d78d1c446145d5f582da6096f852ae8,train/Corn Gray leaf spot/2013Corn_GrayLeaf_0820_0003.JPG.jpg,data/raw/plantdoc/train/Corn Gray leaf spot/2013Corn_GrayLeaf_0820_0003.JPG.jpg,56a65794b3375625ccdb802cd7f821b1965eb8add70fe0a04b5a888a169bb5a6,56a65794b3375625ccdb802cd7f821b1965eb8add70fe0a04b5a888a169bb5a6,347147,1600,1200,RGB,train,Corn Gray leaf spot,,materialized,
5467f6012d78d1c446145d5f582da6096f852ae8,train/Corn Gray leaf spot/2015070295153021.jpg,data/raw/plantdoc/train/Corn Gray leaf spot/2015070295153021.jpg,6e777d1b6829140e66573f918c0f1681ca4cd2979859c37435c84977153ec223,6e777d1b6829140e66573f918c0f1681ca4cd2979859c37435c84977153ec223,225240,1224,1632,RGB,train,Corn Gray leaf spot,,materialized,
5467f6012d78d1c446145d5f582da6096f852ae8,train/Corn Gray leaf spot/2015Corn_Hail_Taylor_PH%2B%25282%2529.JPG.jpg,data/raw/plantdoc/train/Corn Gray leaf spot/2015Corn_Hail_Taylor_PH%2B%25282%2529.JPG.jpg,697cae5045e75ae29c1b478c66051ddbcb237ba3f5365f94bdde7ad93eb2b558,697cae5045e75ae29c1b478c66051ddbcb237ba3f5365f94bdde7ad93eb2b558,281633,1200,1600,RGB,train,Corn Gray leaf spot,,materialized,
5467f6012d78d1c446145d5f582da6096f852ae8,train/Corn Gray leaf spot/22-broders-CR-Gray-leaf-spot-corn.jpg,data/raw/plantdoc/train/Corn Gray leaf spot/22-broders-CR-Gray-leaf-spot-corn.jpg,95f54aea8215c2b5d7443ab123257fc08ba05bf503052e655562917cc6986dc0,95f54aea8215c2b5d7443ab123257fc08ba05bf503052e655562917cc6986dc0,69748,300,400,RGB,train,Corn Gray leaf spot,,materialized,
5467f6012d78d1c446145d5f582da6096f852ae8,train/Corn Gray leaf spot/2f73110f80014a25a53f9551c94bf164.png.jpg,data/raw/plantdoc/train/Corn Gray leaf spot/2f73110f80014a25a53f9551c94bf164.png.jpg,db524b07878d7c86faa81a9ee38222ee6507c1a34ed7a4794f8969c7c9313b3f,db524b07878d7c86faa81a9ee38222ee6507c1a34ed7a4794f8969c7c9313b3f,382562,525,395,RGBA,train,Corn Gray leaf spot,,materialized,
5467f6012d78d1c446145d5f582da6096f852ae8,train/Corn Gray leaf spot/7176752.jpeg?351.jpg,data/raw/plantdoc/train/Corn Gray leaf spot/7176752.jpeg?351.jpg,92b43d93a4ce77e72be76cb9f6c526679d6b8b105f37e98f241a5dc2dd417cf9,92b43d93a4ce77e72be76cb9f6c526679d6b8b105f37e98f241a5dc2dd417cf9,20441,350,299,RGB,train,Corn Gray leaf spot,,materialized,
5467f6012d78d1c446145d5f582da6096f852ae8,train/Corn Gray leaf spot/CGrayLeafSpot.jpg,data/raw/plantdoc/train/Corn Gray leaf spot/CGrayLeafSpot.jpg,234e55db253165e2509beae80e00103630258b3b43fb13e1dafe6262e4eac9a4,234e55db253165e2509beae80e00103630258b3b43fb13e1dafe6262e4eac9a4,134442,900,675,RGB,train,Corn Gray leaf spot,,materialized,
5467f6012d78d1c446145d5f582da6096f852ae8,train/Corn Gray leaf spot/Close-up-of-GLS.jpg,data/raw/plantdoc/train/Corn Gray leaf spot/Close-up-of-GLS.jpg,8546324a1f059cce2f8e1dad4a547c8de5db7a0fa0e6f61281aa1c5223bc5cad,8546324a1f059cce2f8e1dad4a547c8de5db7a0fa0e6f61281aa1c5223bc5cad,320765,1275,960,RGB,train,Corn Gray leaf spot,,materialized,
5467f6012d78d1c446145d5f582da6096f852ae8,train/Corn Gray leaf spot/Corn-Gray-leafspot-lesions-300x225.jpg,data/raw/plantdoc/train/Corn Gray leaf spot/Corn-Gray-leafspot-lesions-300x225.jpg,187dba9a9b5fb5b19302741895fe71f28fcbc2eb20eee6da09cba216f4275b38,187dba9a9b5fb5b19302741895fe71f28fcbc2eb20eee6da09cba216f4275b38,16038,300,225,RGB,train,Corn Gray leaf spot,,materialized,
5467f6012d78d1c446145d5f582da6096f852ae8,train/Corn Gray leaf spot/Corn-gray-leaf-spot-8-15-F1-660.jpg,data/raw/plantdoc/train/Corn Gray leaf spot/Corn-gray-leaf-spot-8-15-F1-660.jpg,47b303a09c3a3aa923ccfecc2f5ee4fa28e705f1292dc5a67d21b7990e6d8d75,47b303a09c3a3aa923ccfecc2f5ee4fa28e705f1292dc5a67d21b7990e6d8d75,228137,660,276,RGB,train,Corn Gray leaf spot,,materialized,
5467f6012d78d1c446145d5f582da6096f852ae8,train/Corn Gray leaf spot/FJ_010_F17220_B00010.jpg,data/raw/plantdoc/train/Corn Gray leaf spot/FJ_010_F17220_B00010.jpg,3c806f331b7f3eb6d3bab9bc6aeb567d537b1a9bbe04d03d8671678e4aacb9dd,3c806f331b7f3eb6d3bab9bc6aeb567d537b1a9bbe04d03d8671678e4aacb9dd,81567,600,516,RGB,train,Corn Gray leaf spot,,materialized,
5467f6012d78d1c446145d5f582da6096f852ae8,train/Corn Gray leaf spot/FJ_018_F16271-3.jpg,data/raw/plantdoc/train/Corn Gray leaf spot/FJ_018_F16271-3.jpg,356078861d1c16972e0a0fa68ef3be7eebd48e179d5b7db6d5c4717852bce943,356078861d1c16972e0a0fa68ef3be7eebd48e179d5b7db6d5c4717852bce943,17042,300,191,RGB,train,Corn Gray leaf spot,,materialized,
5467f6012d78d1c446145d5f582da6096f852ae8,train/Corn Gray leaf spot/Fig%202b.%20GLS%20backlit%20copy.jpg,data/raw/plantdoc/train/Corn Gray leaf spot/Fig%202b.%20GLS%20backlit%20copy.jpg,5ae54041cc055dbffb081543a29734e34e10695c9581791bd23babb8c9af599a,5ae54041cc055dbffb081543a29734e34e10695c9581791bd23babb8c9af599a,71415,852,639,RGB,train,Corn Gray leaf spot,,materialized,
5467f6012d78d1c446145d5f582da6096f852ae8,train/Corn Gray leaf spot/Figure%201%20Gray%20leaf%20spot%20and%20Northern%20corn%20leaf%20blight.jpg,data/raw/plantdoc/train/Corn Gray leaf spot/Figure%201%20Gray%20leaf%20spot%20and%20Northern%20corn%20leaf%20blight.jpg,d71cf2aa615270aaefb87f09f4cc2ef4d5423d7ae826927b2e434c506fc539f3,d71cf2aa615270aaefb87f09f4cc2ef4d5423d7ae826927b2e434c506fc539f3,24868,523,233,RGB,train,Corn Gray leaf spot,,materialized,
5467f6012d78d1c446145d5f582da6096f852ae8,train/Corn Gray leaf spot/Figure%201.jpg,data/raw/plantdoc/train/Corn Gray leaf spot/Figure%201.jpg,c31d1f6e4d597c66ba18b7cbb5ca01b86595ad18a2d05f0043c556f094cdbc27,c31d1f6e4d597c66ba18b7cbb5ca01b86595ad18a2d05f0043c556f094cdbc27,358384,1080,614,RGB,train,Corn Gray leaf spot,,materialized,
5467f6012d78d1c446145d5f582da6096f852ae8,train/Corn Gray leaf spot/Figure%204%20Grey%20leaf%20spot.jpg,data/raw/plantdoc/train/Corn Gray leaf spot/Figure%204%20Grey%20leaf%20spot.jpg,bd227eeba19f68a4b574600bc7286aec995d42aa1ae60cad82435494f1d596aa,bd227eeba19f68a4b574600bc7286aec995d42aa1ae60cad82435494f1d596aa,10060,253,241,RGB,train,Corn Gray leaf spot,,materialized,
5467f6012d78d1c446145d5f582da6096f852ae8,train/Corn Gray leaf spot/GLS-pic-1-1-225x300.jpg,data/raw/plantdoc/train/Corn Gray leaf spot/GLS-pic-1-1-225x300.jpg,3090a7cd58c7acbf1a172b85565f784f6034b354272ca17a25e39482ddc72f26,3090a7cd58c7acbf1a172b85565f784f6034b354272ca17a25e39482ddc72f26,18580,225,300,RGB,train,Corn Gray leaf spot,,materialized,
5467f6012d78d1c446145d5f582da6096f852ae8,train/Corn Gray leaf spot/GRAY_LE2.jpg,data/raw/plantdoc/train/Corn Gray leaf spot/GRAY_LE2.jpg,b2bfecbc28bd813bbd79266fca5861f2c36ed5fc16254f4cba8b0abcdcd404da,b2bfecbc28bd813bbd79266fca5861f2c36ed5fc16254f4cba8b0abcdcd404da,173931,1500,1048,RGB,train,Corn Gray leaf spot,,materialized,
5467f6012d78d1c446145d5f582da6096f852ae8,train/Corn Gray leaf spot/GetFile.aspx?guid=fb78e057-33b3-4901-b836-e08e45889f6f.jpg,data/raw/plantdoc/train/Corn Gray leaf spot/GetFile.aspx?guid=fb78e057-33b3-4901-b836-e08e45889f6f.jpg,46d09886cab536db4f0c605f37e003050e1079606263d616188b3b34278ba986,46d09886cab536db4f0c605f37e003050e1079606263d616188b3b34278ba986,53561,829,218,RGB,train,Corn Gray leaf spot,,materialized,
5467f6012d78d1c446145d5f582da6096f852ae8,train/Corn Gray leaf spot/Gray%20Leaf%20SpotCORN039.JPG.jpg,data/raw/plantdoc/train/Corn Gray leaf spot/Gray%20Leaf%20SpotCORN039.JPG.jpg,c47a3877968e56b974dc5292a0c3b40d4c14fbb4dbe3e9c62b0fa3bb21bf4c12,c47a3877968e56b974dc5292a0c3b40d4c14fbb4dbe3e9c62b0fa3bb21bf4c12,1047501,349,540,CMYK,train,Corn Gray leaf spot,,materialized,
5467f6012d78d1c446145d5f582da6096f852ae8,train/Corn Gray leaf spot/Gray%20leaf%20spot-Adam%20Sisson%20%2856%29%20copy-400x267.jpg,data/raw/plantdoc/train/Corn Gray leaf spot/Gray%20leaf%20spot-Adam%20Sisson%20%2856%29%20copy-400x267.jpg,e2b8351685fe0ceb9fc877491cc3d235d570d402b368bdbd55a6bef6363e6957,e2b8351685fe0ceb9fc877491cc3d235d570d402b368bdbd55a6bef6363e6957,18236,400,267,RGB,train,Corn Gray leaf spot,,materialized,
5467f6012d78d1c446145d5f582da6096f852ae8,train/Corn Gray leaf spot/Gray-Leaf-Spot-on-Corn-um9znc.jpg,data/raw/plantdoc/train/Corn Gray leaf spot/Gray-Leaf-Spot-on-Corn-um9znc.jpg,444385445405ef6ffcdb400fddf42944b201d860f38afb1a55119dd0dd2c807c,444385445405ef6ffcdb400fddf42944b201d860f38afb1a55119dd0dd2c807c,221893,1368,840,RGB,train,Corn Gray leaf spot,,materialized,
5467f6012d78d1c446145d5f582da6096f852ae8,train/Corn Gray leaf spot/Gray-leaf-spot-Adam-Sisson-20.jpg,data/raw/plantdoc/train/Corn Gray leaf spot/Gray-leaf-spot-Adam-Sisson-20.jpg,a520040b39aafd86177d0eb56cbe72432bb77e0d24c8c9f8f08f7b2c8473d5fb,a520040b39aafd86177d0eb56cbe72432bb77e0d24c8c9f8f08f7b2c8473d5fb,5693806,5184,3456,RGB,train,Corn Gray leaf spot,,materialized,
5467f6012d78d1c446145d5f582da6096f852ae8,train/Corn Gray leaf spot/Gray-leaf-spot.jpg,data/raw/plantdoc/train/Corn Gray leaf spot/Gray-leaf-spot.jpg,3d65c96d20daa9b604d0f4c0cb5678d31587a3be94f700f132d52801aafaed7a,3d65c96d20daa9b604d0f4c0cb5678d31587a3be94f700f132d52801aafaed7a,50717,508,337,RGB,train,Corn Gray leaf spot,,materialized,
5467f6012d78d1c446145d5f582da6096f852ae8,train/Corn Gray leaf spot/GrayLeafSpot_Chilvers.jpg,data/raw/plantdoc/train/Corn Gray leaf spot/GrayLeafSpot_Chilvers.jpg,0d56d3946159d0d2062744242e41f4f390e23369be12c0480567802e89397ff8,0d56d3946159d0d2062744242e41f4f390e23369be12c0480567802e89397ff8,228364,400,487,RGB,train,Corn Gray leaf spot,,materialized,
5467f6012d78d1c446145d5f582da6096f852ae8,train/Corn Gray leaf spot/Greyleafspot.jpg,data/raw/plantdoc/train/Corn Gray leaf spot/Greyleafspot.jpg,903cd21184ead4bf493bed31727d6a237ad1a13e653352fd7fc0b6b2967c185a,903cd21184ead4bf493bed31727d6a237ad1a13e653352fd7fc0b6b2967c185a,174015,651,488,RGB,train,Corn Gray leaf spot,,materialized,
5467f6012d78d1c446145d5f582da6096f852ae8,train/Corn Gray leaf spot/IMG_0004.JPG?itok=tv_vWPMi.jpg,data/raw/plantdoc/train/Corn Gray leaf spot/IMG_0004.JPG?itok=tv_vWPMi.jpg,32f596d8304c10a4e6fdb268b1d55887a874b284ca926b0fac789483abc0917c,32f596d8304c10a4e6fdb268b1d55887a874b284ca926b0fac789483abc0917c,46623,567,393,RGB,train,Corn Gray leaf spot,,materialized,
5467f6012d78d1c446145d5f582da6096f852ae8,train/Corn Gray leaf spot/IMG_1359.JPG.jpg,data/raw/plantdoc/train/Corn Gray leaf spot/IMG_1359.JPG.jpg,3c79b44db9881b73c2b205961a96ac1ab914d0a65719513117c2ae20bbd5f0fe,3c79b44db9881b73c2b205961a96ac1ab914d0a65719513117c2ae20bbd5f0fe,163393,1200,630,RGB,train,Corn Gray leaf spot,,materialized,
5467f6012d78d1c446145d5f582da6096f852ae8,train/Corn Gray leaf spot/IMG_5251.jpg,data/raw/plantdoc/train/Corn Gray leaf spot/IMG_5251.jpg,60caabfee12a4f359c41bfe00014c89862b3d6ac8a8af5545bebdf5e90f4c7da,60caabfee12a4f359c41bfe00014c89862b3d6ac8a8af5545bebdf5e90f4c7da,1123958,3264,2448,RGB,train,Corn Gray leaf spot,,materialized,
5467f6012d78d1c446145d5f582da6096f852ae8,train/Corn Gray leaf spot/IMG_6802%2B%25282%2529.JPG.jpg,data/raw/plantdoc/train/Corn Gray leaf spot/IMG_6802%2B%25282%2529.JPG.jpg,90a0d9bc9947adce918990b80198492bbc8c5e2fbc9e094b4d7ddb7c1df742a7,90a0d9bc9947adce918990b80198492bbc8c5e2fbc9e094b4d7ddb7c1df742a7,115621,710,1263,RGB,train,Corn Gray leaf spot,,materialized,
5467f6012d78d1c446145d5f582da6096f852ae8,train/Corn Gray leaf spot/Kelley%20Gray%20leaf%20spot.jpg,data/raw/plantdoc/train/Corn Gray leaf spot/Kelley%20Gray%20leaf%20spot.jpg,b58c175566d29da72957f8bad2c33c48dfbe28edf132c15625459572b172e2b8,b58c175566d29da72957f8bad2c33c48dfbe28edf132c15625459572b172e2b8,17221,350,260,RGB,train,Corn Gray leaf spot,,materialized,
5467f6012d78d1c446145d5f582da6096f852ae8,train/Corn Gray leaf spot/Ontario-Field-Crop-Report_July_27_2017_f3-1024x681.jpg,data/raw/plantdoc/train/Corn Gray leaf spot/Ontario-Field-Crop-Report_July_27_2017_f3-1024x681.jpg,35e526f2ef832f52ff928db9e8a897cb73ffec44de803395e23b84905ec499c8,35e526f2ef832f52ff928db9e8a897cb73ffec44de803395e23b84905ec499c8,116910,1024,681,RGB,train,Corn Gray leaf spot,,materialized,
5467f6012d78d1c446145d5f582da6096f852ae8,train/Corn Gray leaf spot/corn-gls-bls-lesion-comparison.jpg,data/raw/plantdoc/train/Corn Gray leaf spot/corn-gls-bls-lesion-comparison.jpg,ab254bbc5d428d33453475b9454dd71fb5ff7780e34c89f3e34ecf6b16893e37,ab254bbc5d428d33453475b9454dd71fb5ff7780e34c89f3e34ecf6b16893e37,111564,336,256,RGB,train,Corn Gray leaf spot,,materialized,
5467f6012d78d1c446145d5f582da6096f852ae8,train/Corn Gray leaf spot/corn-gray-leaf-spot-backlit-2.jpg,data/raw/plantdoc/train/Corn Gray leaf spot/corn-gray-leaf-spot-backlit-2.jpg,e93c6fc5ff3490125e3643f7b1a26e0bbc8013700a9557cf91fd48444cd184bb,e93c6fc5ff3490125e3643f7b1a26e0bbc8013700a9557cf91fd48444cd184bb,58838,700,394,RGB,train,Corn Gray leaf spot,,materialized,
5467f6012d78d1c446145d5f582da6096f852ae8,train/Corn Gray leaf spot/corn-gray-leaf-spot-f4.jpg,data/raw/plantdoc/train/Corn Gray leaf spot/corn-gray-leaf-spot-f4.jpg,9120578a76fd8539da220def6e0609ebb2435decc7a9c34b949e46e86e794c8d,9120578a76fd8539da220def6e0609ebb2435decc7a9c34b949e46e86e794c8d,652989,672,832,RGB,train,Corn Gray leaf spot,,materialized,
5467f6012d78d1c446145d5f582da6096f852ae8,train/Corn Gray leaf spot/corn-gray-leaf-spot.jpg,data/raw/plantdoc/train/Corn Gray leaf spot/corn-gray-leaf-spot.jpg,cd2b8adebbc5f941da5668f87dd31c81781ea5d203204596aa5f052f23c29e89,cd2b8adebbc5f941da5668f87dd31c81781ea5d203204596aa5f052f23c29e89,76096,700,394,RGB,train,Corn Gray leaf spot,,materialized,
5467f6012d78d1c446145d5f582da6096f852ae8,train/Corn Gray leaf spot/cornGLS2.jpg,data/raw/plantdoc/train/Corn Gray leaf spot/cornGLS2.jpg,325f55033e14ee62fb24d43be20791f1f117061ddcac545eb2e4d261436d655e,325f55033e14ee62fb24d43be20791f1f117061ddcac545eb2e4d261436d655e,62992,328,247,RGB,train,Corn Gray leaf spot,,materialized,
5467f6012d78d1c446145d5f582da6096f852ae8,train/Corn Gray leaf spot/cp_A-325_gray_leaf_spot_article.jpg,data/raw/plantdoc/train/Corn Gray leaf spot/cp_A-325_gray_leaf_spot_article.jpg,ab0f950724a9ce440c8b80e8d5e500e24ca7b1981f78a483ab9354c41e15e243,ab0f950724a9ce440c8b80e8d5e500e24ca7b1981f78a483ab9354c41e15e243,46505,690,345,RGB,train,Corn Gray leaf spot,,materialized,
5467f6012d78d1c446145d5f582da6096f852ae8,train/Corn Gray leaf spot/g1902-1.jpg,data/raw/plantdoc/train/Corn Gray leaf spot/g1902-1.jpg,8f22a1471132f061c984e6cdb3722ef1dee08e68374dac0d92aefa873151dc62,8f22a1471132f061c984e6cdb3722ef1dee08e68374dac0d92aefa873151dc62,139046,200,590,RGB,train,Corn Gray leaf spot,,materialized,
5467f6012d78d1c446145d5f582da6096f852ae8,train/Corn Gray leaf spot/g1902-3b.jpg,data/raw/plantdoc/train/Corn Gray leaf spot/g1902-3b.jpg,f1cf2d9db0575a65fdc08c2e72f7f0e7a06c9eaf90e28bf626b3a9c7acc27b4d,f1cf2d9db0575a65fdc08c2e72f7f0e7a06c9eaf90e28bf626b3a9c7acc27b4d,74500,300,236,RGB,train,Corn Gray leaf spot,,materialized,
5467f6012d78d1c446145d5f582da6096f852ae8,train/Corn Gray leaf spot/glfspot.jpg,data/raw/plantdoc/train/Corn Gray leaf spot/glfspot.jpg,1816338ef66a7c08c1d385bce179f6a846ceedef5bb91eb31effabd155412aed,1816338ef66a7c08c1d385bce179f6a846ceedef5bb91eb31effabd155412aed,27360,267,350,RGB,train,Corn Gray leaf spot,,materialized,
5467f6012d78d1c446145d5f582da6096f852ae8,train/Corn Gray leaf spot/gls99-anamosa.jpg,data/raw/plantdoc/train/Corn Gray leaf spot/gls99-anamosa.jpg,1c420ab7b30b2dbf7436879f85faabae5550c15b2f04eed6eb20037f0479c9bf,1c420ab7b30b2dbf7436879f85faabae5550c15b2f04eed6eb20037f0479c9bf,45292,430,359,RGB,train,Corn Gray leaf spot,,materialized,
5467f6012d78d1c446145d5f582da6096f852ae8,train/Corn Gray leaf spot/gray%20leaf%20spot.jpg,data/raw/plantdoc/train/Corn Gray leaf spot/gray%20leaf%20spot.jpg,d7a31ca4a9455b3d9574e4b513600d87a13f4041e9ee431111f9ad55cf4a02f9,d7a31ca4a9455b3d9574e4b513600d87a13f4041e9ee431111f9ad55cf4a02f9,37266,482,378,RGB,train,Corn Gray leaf spot,,materialized,
5467f6012d78d1c446145d5f582da6096f852ae8,train/Corn Gray leaf spot/gray-leafspt-09-227x300.jpg,data/raw/plantdoc/train/Corn Gray leaf spot/gray-leafspt-09-227x300.jpg,daa16cffbd2bf28b40e4059cf6490f5a543fcc8b7d96b75528616b2aaad72541,daa16cffbd2bf28b40e4059cf6490f5a543fcc8b7d96b75528616b2aaad72541,22386,227,300,RGB,train,Corn Gray leaf spot,,materialized,
5467f6012d78d1c446145d5f582da6096f852ae8,train/Corn Gray leaf spot/gray_leaf_spot.jpg,data/raw/plantdoc/train/Corn Gray leaf spot/gray_leaf_spot.jpg,ff1c976d0c0804c4477cfdcb0cf5597fe27c3b66b4c2c18d5b021e3d23c56e19,ff1c976d0c0804c4477cfdcb0cf5597fe27c3b66b4c2c18d5b021e3d23c56e19,108095,550,413,RGB,train,Corn Gray leaf spot,,materialized,
5467f6012d78d1c446145d5f582da6096f852ae8,train/Corn Gray leaf spot/gray_leaf_spot__1-14B8612C8B60CDBC8E2.jpg,data/raw/plantdoc/train/Corn Gray leaf spot/gray_leaf_spot__1-14B8612C8B60CDBC8E2.jpg,d548549a8a32295e5330ea352f93f7fd1163a8145e38719463a86e811f9f0b5b,d548549a8a32295e5330ea352f93f7fd1163a8145e38719463a86e811f9f0b5b,62729,630,433,RGB,train,Corn Gray leaf spot,,materialized,
5467f6012d78d1c446145d5f582da6096f852ae8,train/Corn Gray leaf spot/gray_leaf_spot_developing.jpg,data/raw/plantdoc/train/Corn Gray leaf spot/gray_leaf_spot_developing.jpg,68f4cb344d649fbb61bf91beb0a463bbf21eb093dd9bb5fc4e8634fcfa3b39ae,68f4cb344d649fbb61bf91beb0a463bbf21eb093dd9bb5fc4e8634fcfa3b39ae,74654,550,362,RGB,train,Corn Gray leaf spot,,materialized,
5467f6012d78d1c446145d5f582da6096f852ae8,train/Corn Gray leaf spot/grayleafspot99a.jpg,data/raw/plantdoc/train/Corn Gray leaf spot/grayleafspot99a.jpg,50c9aa04a1600e02ba52e205769933f8e23794d71f9d254b3a41acde4e8e77bf,50c9aa04a1600e02ba52e205769933f8e23794d71f9d254b3a41acde4e8e77bf,31704,432,324,RGB,train,Corn Gray leaf spot,,materialized,
5467f6012d78d1c446145d5f582da6096f852ae8,train/Corn Gray leaf spot/grayleafspot_earleaf.jpg,data/raw/plantdoc/train/Corn Gray leaf spot/grayleafspot_earleaf.jpg,a03d5be8ba52ddb438d41b5787246bf4f5e74ea2e120094739d9e8b6f57ba035,a03d5be8ba52ddb438d41b5787246bf4f5e74ea2e120094739d9e8b6f57ba035,66568,432,679,RGB,train,Corn Gray leaf spot,,materialized,
5467f6012d78d1c446145d5f582da6096f852ae8,train/Corn Gray leaf spot/grayleafspothybrid.jpg,data/raw/plantdoc/train/Corn Gray leaf spot/grayleafspothybrid.jpg,159eac3531a8c47cca1be3a5ddc88cc2d5f3382b86c1f36e4702fc24e9399948,159eac3531a8c47cca1be3a5ddc88cc2d5f3382b86c1f36e4702fc24e9399948,21426,432,273,RGB,train,Corn Gray leaf spot,,materialized,
5467f6012d78d1c446145d5f582da6096f852ae8,train/Corn Gray leaf spot/grayleafspotinbred.jpg,data/raw/plantdoc/train/Corn Gray leaf spot/grayleafspotinbred.jpg,7695c8fe59ae49731649152ffbca9af647e5119348ced96a345e73eaddb237c9,7695c8fe59ae49731649152ffbca9af647e5119348ced96a345e73eaddb237c9,26097,432,324,RGB,train,Corn Gray leaf spot,,materialized,
5467f6012d78d1c446145d5f582da6096f852ae8,train/Corn Gray leaf spot/grayspot.jpg,data/raw/plantdoc/train/Corn Gray leaf spot/grayspot.jpg,e149bc2dd717fd47677f43b63ab35865cebbd6b91bbb19a680bc342155f391a6,e149bc2dd717fd47677f43b63ab35865cebbd6b91bbb19a680bc342155f391a6,85715,550,413,RGB,train,Corn Gray leaf spot,,materialized,
5467f6012d78d1c446145d5f582da6096f852ae8,train/Corn Gray leaf spot/grey_leaf_spot.jpg,data/raw/plantdoc/train/Corn Gray leaf spot/grey_leaf_spot.jpg,94f10ca8d52bfc1c3893ab94e2ec8ece67c292a7be572c7b6f5c01ab6b78f6ba,94f10ca8d52bfc1c3893ab94e2ec8ece67c292a7be572c7b6f5c01ab6b78f6ba,107410,778,437,RGB,train,Corn Gray leaf spot,,materialized,
5467f6012d78d1c446145d5f582da6096f852ae8,train/Corn Gray leaf spot/lipps-d.jpg,data/raw/plantdoc/train/Corn Gray leaf spot/lipps-d.jpg,4ee7de1f98f5ecbffbc327139bf43e5a0f49cb64ed73e446c6082cae614917d6,4ee7de1f98f5ecbffbc327139bf43e5a0f49cb64ed73e446c6082cae614917d6,75855,480,320,RGB,train,Corn Gray leaf spot,,materialized,
5467f6012d78d1c446145d5f582da6096f852ae8,train/Corn Gray leaf spot/lipps-e.jpg,data/raw/plantdoc/train/Corn Gray leaf spot/lipps-e.jpg,0a7b7262c4b4bc086913125e36696b5b89e377f662a7bf7aca95a43d8eb811a1,0a7b7262c4b4bc086913125e36696b5b89e377f662a7bf7aca95a43d8eb811a1,89239,480,320,RGB,train,Corn Gray leaf spot,,materialized,
5467f6012d78d1c446145d5f582da6096f852ae8,train/Corn Gray leaf spot/rsz0715grayleafspot.jpg,data/raw/plantdoc/train/Corn Gray leaf spot/rsz0715grayleafspot.jpg,6b01689e89509afd36c6cb4fa60666e0a9daeff00255807b7fc054335b6cbce6,6b01689e89509afd36c6cb4fa60666e0a9daeff00255807b7fc054335b6cbce6,95502,390,259,RGB,train,Corn Gray leaf spot,,materialized,
5467f6012d78d1c446145d5f582da6096f852ae8,train/Corn Gray leaf spot/rsz0803Figure5.jpg,data/raw/plantdoc/train/Corn Gray leaf spot/rsz0803Figure5.jpg,c94d957b20467558fbaa1e393e9676e29dbfaa2b85c8563cd5b920a7d16fd77f,c94d957b20467558fbaa1e393e9676e29dbfaa2b85c8563cd5b920a7d16fd77f,46362,360,242,RGB,train,Corn Gray leaf spot,,materialized,
5467f6012d78d1c446145d5f582da6096f852ae8,train/Corn Gray leaf spot/uuid%3D23d9bc54-c4a7-4958-890c-0505ac310594%26groupId%3D1841%26t%3D1278717199836.jpg,data/raw/plantdoc/train/Corn Gray leaf spot/uuid%3D23d9bc54-c4a7-4958-890c-0505ac310594%26groupId%3D1841%26t%3D1278717199836.jpg,9bc4bab7012340fc205c6c5737e79f31676ab766052a6ad064e5277f578350dc,9bc4bab7012340fc205c6c5737e79f31676ab766052a6ad064e5277f578350dc,103831,320,228,RGB,train,Corn Gray leaf spot,,materialized,
5467f6012d78d1c446145d5f582da6096f852ae8,train/Corn leaf blight/00c.jpg,data/raw/plantdoc/train/Corn leaf blight/00c.jpg,a8953ce392e5abac59118335b72f78f16da1bef8a53cf771dee7ec8fcd99cd8b,a8953ce392e5abac59118335b72f78f16da1bef8a53cf771dee7ec8fcd99cd8b,372970,800,605,RGB,train,Corn leaf blight,,materialized,
5467f6012d78d1c446145d5f582da6096f852ae8,train/Corn leaf blight/011.jpg,data/raw/plantdoc/train/Corn leaf blight/011.jpg,bd60bdb08e206e38c319eb87ca74d240be3796a57e68c55246c558847ea49250,bd60bdb08e206e38c319eb87ca74d240be3796a57e68c55246c558847ea49250,58466,510,347,RGB,train,Corn leaf blight,,materialized,
5467f6012d78d1c446145d5f582da6096f852ae8,train/Corn leaf blight/01c.jpg,data/raw/plantdoc/train/Corn leaf blight/01c.jpg,351febb01a29a3b953b0f59d56b9878f292245f5f4249bf7f242871526b4a0f3,351febb01a29a3b953b0f59d56b9878f292245f5f4249bf7f242871526b4a0f3,67103,960,477,RGB,train,Corn leaf blight,,materialized,
5467f6012d78d1c446145d5f582da6096f852ae8,train/Corn leaf blight/02.JPG.jpg,data/raw/plantdoc/train/Corn leaf blight/02.JPG.jpg,2f6e70b736435edc598a16b0bef6cbb8972527f48595406a2c3739910a0e8b57,2f6e70b736435edc598a16b0bef6cbb8972527f48595406a2c3739910a0e8b57,26371,482,296,RGB,train,Corn leaf blight,,materialized,
5467f6012d78d1c446145d5f582da6096f852ae8,train/Corn leaf blight/022.jpg,data/raw/plantdoc/train/Corn leaf blight/022.jpg,4a94729561c4072cc20bd5eefb523d094297cfede4662ef6cc4b4d0a0c0f6902,4a94729561c4072cc20bd5eefb523d094297cfede4662ef6cc4b4d0a0c0f6902,38069,505,283,RGB,train,Corn leaf blight,,materialized,
5467f6012d78d1c446145d5f582da6096f852ae8,train/Corn leaf blight/03c.jpg,data/raw/plantdoc/train/Corn leaf blight/03c.jpg,5fead7eb53228ab43831ca399a6db220e440291f6d3da5df709b8bf2c6011ebb,5fead7eb53228ab43831ca399a6db220e440291f6d3da5df709b8bf2c6011ebb,22292,400,300,RGB,train,Corn leaf blight,,materialized,
5467f6012d78d1c446145d5f582da6096f852ae8,train/Corn leaf blight/04c.jpg,data/raw/plantdoc/train/Corn leaf blight/04c.jpg,0824326d71a477130d5412664807b3ade1552c12332790eeb7517742845eb97e,0824326d71a477130d5412664807b3ade1552c12332790eeb7517742845eb97e,348672,800,776,RGB,train,Corn leaf blight,,materialized,
5467f6012d78d1c446145d5f582da6096f852ae8,train/Corn leaf blight/05c.jpg,data/raw/plantdoc/train/Corn leaf blight/05c.jpg,ac577169323167bcdaa47ab3d33b42b4ab642651010deba18d1a1d117ae7f205,ac577169323167bcdaa47ab3d33b42b4ab642651010deba18d1a1d117ae7f205,151614,900,675,RGB,train,Corn leaf blight,,materialized,
5467f6012d78d1c446145d5f582da6096f852ae8,train/Corn leaf blight/06c.jpg,data/raw/plantdoc/train/Corn leaf blight/06c.jpg,0d24d3485ba1ebd0549ea5fd0310fcc65f8816555176e7d4117fe465c8142944,0d24d3485ba1ebd0549ea5fd0310fcc65f8816555176e7d4117fe465c8142944,58086,641,482,RGB,train,Corn leaf blight,,materialized,
5467f6012d78d1c446145d5f582da6096f852ae8,train/Corn leaf blight/071409%20Vincelli%20nlb%20on%20corn%20leaf.JPG.jpg,data/raw/plantdoc/train/Corn leaf blight/071409%20Vincelli%20nlb%20on%20corn%20leaf.JPG.jpg,62391621aba8bfaf3d65a34024adf1cbbce2dd6bd4e5fde7a05f80ef984c9a99,62391621aba8bfaf3d65a34024adf1cbbce2dd6bd4e5fde7a05f80ef984c9a99,50143,628,472,RGB,train,Corn leaf blight,,materialized,
5467f6012d78d1c446145d5f582da6096f852ae8,train/Corn leaf blight/0796.33anthracn.jpg,data/raw/plantdoc/train/Corn leaf blight/0796.33anthracn.jpg,9e07695e7c428d02fb2c8d0efb700a073bd491163c55c8993ef91f94bd4dbca0,9e07695e7c428d02fb2c8d0efb700a073bd491163c55c8993ef91f94bd4dbca0,32794,432,313,RGB,train,Corn leaf blight,,materialized,
5467f6012d78d1c446145d5f582da6096f852ae8,train/Corn leaf blight/0805Fig3400.jpg,data/raw/plantdoc/train/Corn leaf blight/0805Fig3400.jpg,a7ea9078e7d9603d21d0e68ee212edcc224aa02cb50e4e74de786850a4099b2e,a7ea9078e7d9603d21d0e68ee212edcc224aa02cb50e4e74de786850a4099b2e,24040,400,261,RGB,train,Corn leaf blight,,materialized,
5467f6012d78d1c446145d5f582da6096f852ae8,train/Corn leaf blight/09c.jpg,data/raw/plantdoc/train/Corn leaf blight/09c.jpg,bd0535cdb71c769f700a14a822e8081febce14c3e3478b60219740e457fa9f61,bd0535cdb71c769f700a14a822e8081febce14c3e3478b60219740e457fa9f61,101222,384,287,RGB,train,Corn leaf blight,,materialized,
5467f6012d78d1c446145d5f582da6096f852ae8,train/Corn leaf blight/1-495x400.jpg,data/raw/plantdoc/train/Corn leaf blight/1-495x400.jpg,781844def7393bce84e4697419a90ad3d35f395d96175927b9544d4b6dec2295,781844def7393bce84e4697419a90ad3d35f395d96175927b9544d4b6dec2295,71571,495,400,RGB,train,Corn leaf blight,,materialized,
5467f6012d78d1c446145d5f582da6096f852ae8,train/Corn leaf blight/1200px-Northern_corn_leaf_blight.JPG.jpg,data/raw/plantdoc/train/Corn leaf blight/1200px-Northern_corn_leaf_blight.JPG.jpg,6b06c8aa1cb6e92291d0d8bd2bd3a92195717e870e6d1366c0d57fcc4c234469,6b06c8aa1cb6e92291d0d8bd2bd3a92195717e870e6d1366c0d57fcc4c234469,306753,1200,900,RGB,train,Corn leaf blight,,materialized,
5467f6012d78d1c446145d5f582da6096f852ae8,train/Corn leaf blight/186116-325x209-Northern-Corn-Leaf-Blight-Chilvers.jpg,data/raw/plantdoc/train/Corn leaf blight/186116-325x209-Northern-Corn-Leaf-Blight-Chilvers.jpg,9d4b4c895bc3d2739487ce288a269ec1a706d5c6d6d5e3252333ad793fba92f0,9d4b4c895bc3d2739487ce288a269ec1a706d5c6d6d5e3252333ad793fba92f0,12708,325,209,RGB,train,Corn leaf blight,,materialized,
5467f6012d78d1c446145d5f582da6096f852ae8,train/Corn leaf blight/2-3%20Gray%20leaf%20spot%20BRUCE.jpg,data/raw/plantdoc/train/Corn leaf blight/2-3%20Gray%20leaf%20spot%20BRUCE.jpg,497337684fd02b87627e7363eccdd58ab40e8288f93f5245d65c40931a0f7f16,497337684fd02b87627e7363eccdd58ab40e8288f93f5245d65c40931a0f7f16,275395,500,357,RGB,train,Corn leaf blight,,materialized,
5467f6012d78d1c446145d5f582da6096f852ae8,train/Corn leaf blight/2014-07-23-corngosswilt.jpg,data/raw/plantdoc/train/Corn leaf blight/2014-07-23-corngosswilt.jpg,3d7aaadf47f17cc75213e79d78a355cca62d1c9f6590e66d3a88613c51afc085,3d7aaadf47f17cc75213e79d78a355cca62d1c9f6590e66d3a88613c51afc085,44595,640,427,RGB,train,Corn leaf blight,,materialized,
5467f6012d78d1c446145d5f582da6096f852ae8,train/Corn leaf blight/20140826_131630.jpg,data/raw/plantdoc/train/Corn leaf blight/20140826_131630.jpg,88f9880868edee472fa2f3ab373d732a1bbe96feb828306b8ebee7edc9ccfbaa,88f9880868edee472fa2f3ab373d732a1bbe96feb828306b8ebee7edc9ccfbaa,451293,1600,900,RGB,train,Corn leaf blight,,materialized,
5467f6012d78d1c446145d5f582da6096f852ae8,train/Corn leaf blight/20160812__13ST_xanthomonas~1.jpg,data/raw/plantdoc/train/Corn leaf blight/20160812__13ST_xanthomonas~1.jpg,39c41822ca4ce7d4fc555657bd987c691fd480283ad7c54af095489e0ca661c0,39c41822ca4ce7d4fc555657bd987c691fd480283ad7c54af095489e0ca661c0,69455,490,654,RGB,train,Corn leaf blight,,materialized,
5467f6012d78d1c446145d5f582da6096f852ae8,train/Corn leaf blight/20160826-corndisease-unlt.jpg,data/raw/plantdoc/train/Corn leaf blight/20160826-corndisease-unlt.jpg,f84c1f453240161e6ceb827fcf04107c6f5559aae72de4909a1a97ecf769212c,f84c1f453240161e6ceb827fcf04107c6f5559aae72de4909a1a97ecf769212c,183035,960,540,RGB,train,Corn leaf blight,,materialized,
5467f6012d78d1c446145d5f582da6096f852ae8,train/Corn leaf blight/203725159.jpg,data/raw/plantdoc/train/Corn leaf blight/203725159.jpg,1dd43c1ea91c34592b27801efdf9e09eabef65580f64e233a7ac81a36ff52aec,1dd43c1ea91c34592b27801efdf9e09eabef65580f64e233a7ac81a36ff52aec,69860,337,470,RGB,train,Corn leaf blight,,materialized,
5467f6012d78d1c446145d5f582da6096f852ae8,train/Corn leaf blight/2159_0.jpeg?itok=eBFRbolm.jpg,data/raw/plantdoc/train/Corn leaf blight/2159_0.jpeg?itok=eBFRbolm.jpg,c36030f289e9d34e3a11b4e9e1efb3f1bc3b4b536e2ecd8fc5346d73c4ec0280,c36030f289e9d34e3a11b4e9e1efb3f1bc3b4b536e2ecd8fc5346d73c4ec0280,23813,256,385,RGB,train,Corn leaf blight,,materialized,
5467f6012d78d1c446145d5f582da6096f852ae8,train/Corn leaf blight/220px-Sporulation_on_leaf.JPG.jpg,data/raw/plantdoc/train/Corn leaf blight/220px-Sporulation_on_leaf.JPG.jpg,5903981420c863ed6bbfe7b8cee8ec3d23337cacddc41a1e6794b03c558ef231,5903981420c863ed6bbfe7b8cee8ec3d23337cacddc41a1e6794b03c558ef231,18145,220,293,RGB,train,Corn leaf blight,,materialized,
5467f6012d78d1c446145d5f582da6096f852ae8,train/Corn leaf blight/24154194959_fd4b42edde_b.jpg,data/raw/plantdoc/train/Corn leaf blight/24154194959_fd4b42edde_b.jpg,5ab7c7870945cfa2e6128d30573517d5a4b3086c8410bf566036cdc62f886b90,5ab7c7870945cfa2e6128d30573517d5a4b3086c8410bf566036cdc62f886b90,107335,1024,768,RGB,train,Corn leaf blight,,materialized,
5467f6012d78d1c446145d5f582da6096f852ae8,train/Corn leaf blight/28380-1024x768.jpg,data/raw/plantdoc/train/Corn leaf blight/28380-1024x768.jpg,afab56234f2926ea2ce6ae6223d7a2111c9f6a16fd3c051a6aa3c9edacd7d694,afab56234f2926ea2ce6ae6223d7a2111c9f6a16fd3c051a6aa3c9edacd7d694,204182,1024,768,RGB,train,Corn leaf blight,,materialized,
5467f6012d78d1c446145d5f582da6096f852ae8,train/Corn leaf blight/28430_rel.jpg,data/raw/plantdoc/train/Corn leaf blight/28430_rel.jpg,a0fae715f72f9137a708266a9118620f2d39fc6becfc072297f7a548559e0856,a0fae715f72f9137a708266a9118620f2d39fc6becfc072297f7a548559e0856,12069,200,383,RGB,train,Corn leaf blight,,materialized,
5467f6012d78d1c446145d5f582da6096f852ae8,train/Corn leaf blight/28430_web.jpg,data/raw/plantdoc/train/Corn leaf blight/28430_web.jpg,a446f8111ca8bdb2a6e3b17970d71302a2f253ffc5a5dbf1613228e782242e67,a446f8111ca8bdb2a6e3b17970d71302a2f253ffc5a5dbf1613228e782242e67,33803,400,766,RGB,train,Corn leaf blight,,materialized,
5467f6012d78d1c446145d5f582da6096f852ae8,train/Corn leaf blight/4885423651_3c983eaa16_b.jpg,data/raw/plantdoc/train/Corn leaf blight/4885423651_3c983eaa16_b.jpg,3c3837a956fa30f17a0715b712e911ce26dad58a83951db94694452a32b62d0a,3c3837a956fa30f17a0715b712e911ce26dad58a83951db94694452a32b62d0a,262582,650,1024,RGB,train,Corn leaf blight,,materialized,
5467f6012d78d1c446145d5f582da6096f852ae8,train/Corn leaf blight/80102321.jpg,data/raw/plantdoc/train/Corn leaf blight/80102321.jpg,5dd78266ced497aa0eb685ff8517efef063f16fdafb763aa7fa379392a0653d8,5dd78266ced497aa0eb685ff8517efef063f16fdafb763aa7fa379392a0653d8,191906,464,700,RGB,train,Corn leaf blight,,materialized,
5467f6012d78d1c446145d5f582da6096f852ae8,train/Corn leaf blight/BacterialLeafStreakinCornImage1.png.jpg,data/raw/plantdoc/train/Corn leaf blight/BacterialLeafStreakinCornImage1.png.jpg,d1782a395699767157c658dfff89a35a0083b948c44647c40d752eff832409ff,d1782a395699767157c658dfff89a35a0083b948c44647c40d752eff832409ff,38289,334,534,RGB,train,Corn leaf blight,,materialized,
5467f6012d78d1c446145d5f582da6096f852ae8,train/Corn leaf blight/Bsglqj_IYAATS3C.jpg%2Blarge.jpg,data/raw/plantdoc/train/Corn leaf blight/Bsglqj_IYAATS3C.jpg%2Blarge.jpg,9ad69fc78206a4f826b8fb70d9f2b6f06af23348cc0470d43a402d1350264764,9ad69fc78206a4f826b8fb70d9f2b6f06af23348cc0470d43a402d1350264764,52024,640,478,RGB,train,Corn leaf blight,,materialized,
5467f6012d78d1c446145d5f582da6096f852ae8,train/Corn leaf blight/CORN-DISEASE.jpg,data/raw/plantdoc/train/Corn leaf blight/CORN-DISEASE.jpg,5bd9b350d0529938995a53e0dfdb159f7da64181d0c34dcac927999c8f735cee,5bd9b350d0529938995a53e0dfdb159f7da64181d0c34dcac927999c8f735cee,75245,640,480,RGB,train,Corn leaf blight,,materialized,
5467f6012d78d1c446145d5f582da6096f852ae8,train/Corn leaf blight/CmyiAkUUIAAqSEa.jpg,data/raw/plantdoc/train/Corn leaf blight/CmyiAkUUIAAqSEa.jpg,f2ac48b550c9ee22715eb941e99cf9b97f3f4f76c29ce1c529248fa4abf3062d,f2ac48b550c9ee22715eb941e99cf9b97f3f4f76c29ce1c529248fa4abf3062d,98759,1024,577,RGB,train,Corn leaf blight,,materialized,
5467f6012d78d1c446145d5f582da6096f852ae8,train/Corn leaf blight/Cochliobolus_heterostrophus.jpg,data/raw/plantdoc/train/Corn leaf blight/Cochliobolus_heterostrophus.jpg,89505151f1435309f15791895f91ab36fb49499eed823842ac7452ee70b6594c,89505151f1435309f15791895f91ab36fb49499eed823842ac7452ee70b6594c,665651,1536,827,RGB,train,Corn leaf blight,,materialized,
5467f6012d78d1c446145d5f582da6096f852ae8,train/Corn leaf blight/Corn+Blight+1970+Fungus%3A+Southern+Corn+Leaf+Blight.jpg,data/raw/plantdoc/train/Corn leaf blight/Corn+Blight+1970+Fungus%3A+Southern+Corn+Leaf+Blight.jpg,e2eaecf5f27a0423d0a523b14d57fbc837d10d0859d9d1ebc181fe14c495a663,e2eaecf5f27a0423d0a523b14d57fbc837d10d0859d9d1ebc181fe14c495a663,87055,960,720,RGB,train,Corn leaf blight,,materialized,
5467f6012d78d1c446145d5f582da6096f852ae8,train/Corn leaf blight/Corn-Disease-NCLB-A-Nelson-6-18-2015-F1.jpg,data/raw/plantdoc/train/Corn leaf blight/Corn-Disease-NCLB-A-Nelson-6-18-2015-F1.jpg,2b80c1f17bbd07ca2ff3bbc114860c92f098f9d70d6d8b2395640b2cc7bd36d1,2b80c1f17bbd07ca2ff3bbc114860c92f098f9d70d6d8b2395640b2cc7bd36d1,23370,374,350,RGB,train,Corn leaf blight,,materialized,
5467f6012d78d1c446145d5f582da6096f852ae8,train/Corn leaf blight/Corn-GLS-Picture2-e1403817927977-1024x416.jpg,data/raw/plantdoc/train/Corn leaf blight/Corn-GLS-Picture2-e1403817927977-1024x416.jpg,6a03dc8e9739343b3cd809f86886883f708e52d550b1fdc3048c046308c88d4c,6a03dc8e9739343b3cd809f86886883f708e52d550b1fdc3048c046308c88d4c,102830,1024,416,RGB,train,Corn leaf blight,,materialized,
5467f6012d78d1c446145d5f582da6096f852ae8,train/Corn leaf blight/Corn-Gray-Leaf-Spot-7-31-F2.jpg,data/raw/plantdoc/train/Corn leaf blight/Corn-Gray-Leaf-Spot-7-31-F2.jpg,02b6624a339f6af8a79ff0ba0c129e29e6d7be9327945a6ed4cebf56c1262c84,02b6624a339f6af8a79ff0ba0c129e29e6d7be9327945a6ed4cebf56c1262c84,364626,900,1200,RGB,train,Corn leaf blight,,materialized,
5467f6012d78d1c446145d5f582da6096f852ae8,train/Corn leaf blight/Corn-NCLB.jpg,data/raw/plantdoc/train/Corn leaf blight/Corn-NCLB.jpg,e248693f71d4c8218a5201e967b7901a28dd5070ce7b0a262cd3cc5f7913eff9,e248693f71d4c8218a5201e967b7901a28dd5070ce7b0a262cd3cc5f7913eff9,171309,1024,758,RGB,train,Corn leaf blight,,materialized,
5467f6012d78d1c446145d5f582da6096f852ae8,train/Corn leaf blight/Corn-disease-small-NCLB-lesions-A-Nelson-6-16-2015-F2.jpg,data/raw/plantdoc/train/Corn leaf blight/Corn-disease-small-NCLB-lesions-A-Nelson-6-16-2015-F2.jpg,215683f34a4c2d1667571cce3851aceaf5e3791c75d6d62ae2a6914f21ecfaf7,215683f34a4c2d1667571cce3851aceaf5e3791c75d6d62ae2a6914f21ecfaf7,15003,194,350,RGB,train,Corn leaf blight,,materialized,
5467f6012d78d1c446145d5f582da6096f852ae8,train/Corn leaf blight/Corn-gray-leaf-spot-8-14-15-F1.jpg,data/raw/plantdoc/train/Corn leaf blight/Corn-gray-leaf-spot-8-14-15-F1.jpg,c0420699cb1efca68d19b1301f53e29089353e3bf46409c0a44e9eed12391494,c0420699cb1efca68d19b1301f53e29089353e3bf46409c0a44e9eed12391494,902633,1200,900,RGB,train,Corn leaf blight,,materialized,
5467f6012d78d1c446145d5f582da6096f852ae8,train/Corn leaf blight/Corn-gray-leaf-spot-8-21.jpg,data/raw/plantdoc/train/Corn leaf blight/Corn-gray-leaf-spot-8-21.jpg,d840d7ec52e5a6c19b8af81ce72252cc4803c09096579850c6ae0dd1bb968fb4,d840d7ec52e5a6c19b8af81ce72252cc4803c09096579850c6ae0dd1bb968fb4,507714,1000,442,RGB,train,Corn leaf blight,,materialized,
5467f6012d78d1c446145d5f582da6096f852ae8,train/Corn leaf blight/Corn-gray-leaf-spot-F2-8-7-15.jpg,data/raw/plantdoc/train/Corn leaf blight/Corn-gray-leaf-spot-F2-8-7-15.jpg,fb16a8da1962e074677fda79b37d1496e8637d741785c842395b0c3e026032f3,fb16a8da1962e074677fda79b37d1496e8637d741785c842395b0c3e026032f3,381820,500,889,RGB,train,Corn leaf blight,,materialized,
5467f6012d78d1c446145d5f582da6096f852ae8,train/Corn leaf blight/Corn-northern%20corn%20leaf%20blight-8-21.jpg,data/raw/plantdoc/train/Corn leaf blight/Corn-northern%20corn%20leaf%20blight-8-21.jpg,64ca7181ed679be5c7b921ebdf4b5dc466ff427a533033ac0701ca12949c1092,64ca7181ed679be5c7b921ebdf4b5dc466ff427a533033ac0701ca12949c1092,814569,1500,657,RGB,train,Corn leaf blight,,materialized,
5467f6012d78d1c446145d5f582da6096f852ae8,train/Corn leaf blight/Corn020Fig2.jpg,data/raw/plantdoc/train/Corn leaf blight/Corn020Fig2.jpg,1df0365613c0ca65318cd8df4304b6e60a8f695a500a6f5560769f3ac7e21285,1df0365613c0ca65318cd8df4304b6e60a8f695a500a6f5560769f3ac7e21285,115502,400,300,RGB,train,Corn leaf blight,,materialized,
5467f6012d78d1c446145d5f582da6096f852ae8,train/Corn leaf blight/Corn_Fig10.jpg,data/raw/plantdoc/train/Corn leaf blight/Corn_Fig10.jpg,4332c581f47fea2d6a97f017cb1481f5f52c13f6eb1026b42acef4fe7dfa3ae8,4332c581f47fea2d6a97f017cb1481f5f52c13f6eb1026b42acef4fe7dfa3ae8,137946,282,460,RGB,train,Corn leaf blight,,materialized,
5467f6012d78d1c446145d5f582da6096f852ae8,train/Corn leaf blight/DSCN0119.jpg,data/raw/plantdoc/train/Corn leaf blight/DSCN0119.jpg,f6400fa51b4288f14c8eed99991c7824b0605e1823a6069d389d51e2848f7ad1,f6400fa51b4288f14c8eed99991c7824b0605e1823a6069d389d51e2848f7ad1,2408575,4608,3456,RGB,train,Corn leaf blight,,materialized,
5467f6012d78d1c446145d5f582da6096f852ae8,train/Corn leaf blight/DSCN0128.jpg,data/raw/plantdoc/train/Corn leaf blight/DSCN0128.jpg,7466bfb37ba553705c8b0e47fe142b2fbd0844066a69ed7e053b2fea6879e9e6,7466bfb37ba553705c8b0e47fe142b2fbd0844066a69ed7e053b2fea6879e9e6,2470559,4608,3456,RGB,train,Corn leaf blight,,materialized,
5467f6012d78d1c446145d5f582da6096f852ae8,train/Corn leaf blight/Erv-sprayed-4.jpg,data/raw/plantdoc/train/Corn leaf blight/Erv-sprayed-4.jpg,494772b686b0549cb9e96b470d7c77ea0f4b11a61bfe3f0eb6645d6d4774c61d,494772b686b0549cb9e96b470d7c77ea0f4b11a61bfe3f0eb6645d6d4774c61d,960372,1600,1200,RGB,train,Corn leaf blight,,materialized,
5467f6012d78d1c446145d5f582da6096f852ae8,train/Corn leaf blight/FJ_018_F16271-2.jpg,data/raw/plantdoc/train/Corn leaf blight/FJ_018_F16271-2.jpg,08a60e38caee87720b49d3dac16ada70414efa7a673edda6538f2db643a899fa,08a60e38caee87720b49d3dac16ada70414efa7a673edda6538f2db643a899fa,22912,300,339,RGB,train,Corn leaf blight,,materialized,
5467f6012d78d1c446145d5f582da6096f852ae8,train/Corn leaf blight/Fig%201b%20BLS%20backlit%20new%20copy.jpg,data/raw/plantdoc/train/Corn leaf blight/Fig%201b%20BLS%20backlit%20new%20copy.jpg,3b2f6d026c415d4a2d9c809d95296a06c09255ceb4f289d243e0154ea73417f1,3b2f6d026c415d4a2d9c809d95296a06c09255ceb4f289d243e0154ea73417f1,36700,500,500,RGB,train,Corn leaf blight,,materialized,
5467f6012d78d1c446145d5f582da6096f852ae8,train/Corn leaf blight/Fig1_Northern_corn_leaf_blight.JPG.jpg,data/raw/plantdoc/train/Corn leaf blight/Fig1_Northern_corn_leaf_blight.JPG.jpg,c3513a420a7c7df89a7e0f77bdd17283fa5b17d81fe30c2887794d051adf905e,c3513a420a7c7df89a7e0f77bdd17283fa5b17d81fe30c2887794d051adf905e,55013,300,200,RGB,train,Corn leaf blight,,materialized,
5467f6012d78d1c446145d5f582da6096f852ae8,train/Corn leaf blight/Figure%202%20Foliar%20symptoms%20of%20similar%20diseases%20to%20Goss.jpg,data/raw/plantdoc/train/Corn leaf blight/Figure%202%20Foliar%20symptoms%20of%20similar%20diseases%20to%20Goss.jpg,aa31d6e4eee80c5e7660682ecaf2496a2c942c181abedbff07db5c4347d9baf6,aa31d6e4eee80c5e7660682ecaf2496a2c942c181abedbff07db5c4347d9baf6,44936,539,445,RGB,train,Corn leaf blight,,materialized,
5467f6012d78d1c446145d5f582da6096f852ae8,train/Corn leaf blight/Figure%202.JPG.jpg,data/raw/plantdoc/train/Corn leaf blight/Figure%202.JPG.jpg,f85b47cbfe4875c72d9b40a7928ecaacd100d83125fc36169face7b340372cfe,f85b47cbfe4875c72d9b40a7928ecaacd100d83125fc36169face7b340372cfe,290779,1080,421,RGB,train,Corn leaf blight,,materialized,
5467f6012d78d1c446145d5f582da6096f852ae8,train/Corn leaf blight/Figure-2-.jpg,data/raw/plantdoc/train/Corn leaf blight/Figure-2-.jpg,678d2081bfc2715f98ef12faa3cf24f296011093a86c9b269daf1961df77f2e3,678d2081bfc2715f98ef12faa3cf24f296011093a86c9b269daf1961df77f2e3,1553443,2448,3264,RGB,train,Corn leaf blight,,materialized,
5467f6012d78d1c446145d5f582da6096f852ae8,train/Corn leaf blight/Freckles-in-older-lesion1.jpg,data/raw/plantdoc/train/Corn leaf blight/Freckles-in-older-lesion1.jpg,56bd7e600d8e09d7c991f2fbed8810e7beb0f21f3ca18f13af49d9e2ae8c2f10,56bd7e600d8e09d7c991f2fbed8810e7beb0f21f3ca18f13af49d9e2ae8c2f10,21653,400,267,RGB,train,Corn leaf blight,,materialized,
5467f6012d78d1c446145d5f582da6096f852ae8,train/Corn leaf blight/GLSvsNCLB.jpg,data/raw/plantdoc/train/Corn leaf blight/GLSvsNCLB.jpg,3b00a48a87d27bf17f95e318e040b2503c1f85d45b9d22dd48e436f82bd9c7ef,3b00a48a87d27bf17f95e318e040b2503c1f85d45b9d22dd48e436f82bd9c7ef,95076,347,264,RGB,train,Corn leaf blight,,materialized,
5467f6012d78d1c446145d5f582da6096f852ae8,train/Corn leaf blight/Henrycorn1.jpg,data/raw/plantdoc/train/Corn leaf blight/Henrycorn1.jpg,015da00f83c40462d0d37f272be2882c0f9117e7c8a15da837c292a4e0f52999,015da00f83c40462d0d37f272be2882c0f9117e7c8a15da837c292a4e0f52999,306535,606,404,RGB,train,Corn leaf blight,,materialized,
5467f6012d78d1c446145d5f582da6096f852ae8,train/Corn leaf blight/IMG_1153.JPG.jpg,data/raw/plantdoc/train/Corn leaf blight/IMG_1153.JPG.jpg,3b1a9350245cde781bbe4d9d918c1623cfe49f253019e650de495cabcf2e051e,3b1a9350245cde781bbe4d9d918c1623cfe49f253019e650de495cabcf2e051e,345492,1600,1200,RGB,train,Corn leaf blight,,materialized,
5467f6012d78d1c446145d5f582da6096f852ae8,train/Corn leaf blight/IMG_1347.JPG.jpg,data/raw/plantdoc/train/Corn leaf blight/IMG_1347.JPG.jpg,413826ff40592d3c82e0b9bbfeaeeb588b6eb231ac9e0b7a85c7a01326947818,413826ff40592d3c82e0b9bbfeaeeb588b6eb231ac9e0b7a85c7a01326947818,399001,1200,1600,RGB,train,Corn leaf blight,,materialized,
5467f6012d78d1c446145d5f582da6096f852ae8,train/Corn leaf blight/IMG_1385.jpg,data/raw/plantdoc/train/Corn leaf blight/IMG_1385.jpg,6f455ca19195f2f82ec09528c086585430913a67c1f2ed4e7c3f2e95ef15c3ae,6f455ca19195f2f82ec09528c086585430913a67c1f2ed4e7c3f2e95ef15c3ae,1759488,2448,2448,RGB,train,Corn leaf blight,,materialized,
5467f6012d78d1c446145d5f582da6096f852ae8,train/Corn leaf blight/IMG_1468-431x323.JPG.jpg,data/raw/plantdoc/train/Corn leaf blight/IMG_1468-431x323.JPG.jpg,409cb9ce2a240d92dce8bdc97d389de9c51069ea9e303e277af7a1cc47f927ec,409cb9ce2a240d92dce8bdc97d389de9c51069ea9e303e277af7a1cc47f927ec,21680,431,323,RGB,train,Corn leaf blight,,materialized,
5467f6012d78d1c446145d5f582da6096f852ae8,train/Corn leaf blight/IMG_20140601_143916_7931.jpg,data/raw/plantdoc/train/Corn leaf blight/IMG_20140601_143916_7931.jpg,501163927be48ffbd021d7572670e021e9733b0903d18392ad4807784172aead,501163927be48ffbd021d7572670e021e9733b0903d18392ad4807784172aead,1810760,1836,3264,RGB,train,Corn leaf blight,,materialized,
5467f6012d78d1c446145d5f582da6096f852ae8,train/Corn leaf blight/IMG_20140601_143928_0711.jpg,data/raw/plantdoc/train/Corn leaf blight/IMG_20140601_143928_0711.jpg,5f7cad5e8caa856ea9fc24eb553f1ac0bf1691a6855e16cccf340cd9c0a67e96,5f7cad5e8caa856ea9fc24eb553f1ac0bf1691a6855e16cccf340cd9c0a67e96,1252606,1836,3264,RGB,train,Corn leaf blight,,materialized,
5467f6012d78d1c446145d5f582da6096f852ae8,train/Corn leaf blight/IMG_42231.jpg,data/raw/plantdoc/train/Corn leaf blight/IMG_42231.jpg,ee3838e2249e671b7b4510b0d3831f30882e2bcbf20c9c8c42ee8f4e1b95fcce,ee3838e2249e671b7b4510b0d3831f30882e2bcbf20c9c8c42ee8f4e1b95fcce,1577792,3264,2448,RGB,train,Corn leaf blight,,materialized,
5467f6012d78d1c446145d5f582da6096f852ae8,train/Corn leaf blight/Kelley%20NCLB.jpg,data/raw/plantdoc/train/Corn leaf blight/Kelley%20NCLB.jpg,b7a2d9f902c12641f5c1b3611a543f8b3bec3f58cde99a336b255fc835eca377,b7a2d9f902c12641f5c1b3611a543f8b3bec3f58cde99a336b255fc835eca377,17488,350,254,RGB,train,Corn leaf blight,,materialized,
5467f6012d78d1c446145d5f582da6096f852ae8,train/Corn leaf blight/N.-Corn-Leaf-Blight-20lx3t9.jpg,data/raw/plantdoc/train/Corn leaf blight/N.-Corn-Leaf-Blight-20lx3t9.jpg,c4e6f3b3822d96fbd0a0618e6616feccda8422c4e7c57b4d73d3f878ee55afad,c4e6f3b3822d96fbd0a0618e6616feccda8422c4e7c57b4d73d3f878ee55afad,31826,662,335,RGB,train,Corn leaf blight,,materialized,
5467f6012d78d1c446145d5f582da6096f852ae8,train/Corn leaf blight/NCLB-2.jpg,data/raw/plantdoc/train/Corn leaf blight/NCLB-2.jpg,1fc9780e05bf794b917feb4bf14eb5bb26a3dc5d0b77e2aba444c1e714a0774a,1fc9780e05bf794b917feb4bf14eb5bb26a3dc5d0b77e2aba444c1e714a0774a,235560,600,400,RGB,train,Corn leaf blight,,materialized,
5467f6012d78d1c446145d5f582da6096f852ae8,train/Corn leaf blight/NCLB6.jpg,data/raw/plantdoc/train/Corn leaf blight/NCLB6.jpg,ca54bd1e3dc60f7b6b0ee6a6727c1b5db0496a4ebfd83297c6fdd4daee430efc,ca54bd1e3dc60f7b6b0ee6a6727c1b5db0496a4ebfd83297c6fdd4daee430efc,96465,500,400,RGB,train,Corn leaf blight,,materialized,
5467f6012d78d1c446145d5f582da6096f852ae8,train/Corn leaf blight/NoCornLeafBlight13b.jpg,data/raw/plantdoc/train/Corn leaf blight/NoCornLeafBlight13b.jpg,3a086a8a31c9d003c33481e5cac2d12b573ec3e99a6cc18283fb2f469d747bcb,3a086a8a31c9d003c33481e5cac2d12b573ec3e99a6cc18283fb2f469d747bcb,2271286,2592,1944,RGB,train,Corn leaf blight,,materialized,
5467f6012d78d1c446145d5f582da6096f852ae8,train/Corn leaf blight/Northern-Corn-Blight.jpg,data/raw/plantdoc/train/Corn leaf blight/Northern-Corn-Blight.jpg,c7c7be808ec11573674f3ac8aa2d79565109cc5cf69fed3a5e6e42d99468be93,c7c7be808ec11573674f3ac8aa2d79565109cc5cf69fed3a5e6e42d99468be93,117916,1024,512,RGB,train,Corn leaf blight,,materialized,
5467f6012d78d1c446145d5f582da6096f852ae8,train/Corn leaf blight/Northern-Corn-Leaf-Blight-Lesions.jpg,data/raw/plantdoc/train/Corn leaf blight/Northern-Corn-Leaf-Blight-Lesions.jpg,630f387fee148049cc166f0e908060c1c4415c0010a816ece27d42857c4e9649,630f387fee148049cc166f0e908060c1c4415c0010a816ece27d42857c4e9649,35427,400,302,RGB,train,Corn leaf blight,,materialized,
5467f6012d78d1c446145d5f582da6096f852ae8,train/Corn leaf blight/Northern-Corn-Leaf-Blight-NCLB-med.jpg,data/raw/plantdoc/train/Corn leaf blight/Northern-Corn-Leaf-Blight-NCLB-med.jpg,50732ab483daf4786eb55784dbb5598f5e926d0e50a67a35d84326c55144aaa4,50732ab483daf4786eb55784dbb5598f5e926d0e50a67a35d84326c55144aaa4,594155,1920,1080,RGB,train,Corn leaf blight,,materialized,
5467f6012d78d1c446145d5f582da6096f852ae8,train/Corn leaf blight/Northern-Corn-Leaf-Blight-in-Sweet-Corn.jpg,data/raw/plantdoc/train/Corn leaf blight/Northern-Corn-Leaf-Blight-in-Sweet-Corn.jpg,ae476dce7aaba2752af5da5c0a9189d1ce404cb2c673efbda739592d50ab3365,ae476dce7aaba2752af5da5c0a9189d1ce404cb2c673efbda739592d50ab3365,180424,640,640,RGB,train,Corn leaf blight,,materialized,
5467f6012d78d1c446145d5f582da6096f852ae8,train/Corn leaf blight/Northern-Corn-Leaf-Blight.ashx.jpg,data/raw/plantdoc/train/Corn leaf blight/Northern-Corn-Leaf-Blight.ashx.jpg,1e27d9f667a0e6ae794c1d8a6e267d2cb57f12a7afc1df618241d8823926a11e,1e27d9f667a0e6ae794c1d8a6e267d2cb57f12a7afc1df618241d8823926a11e,343185,500,734,RGB,train,Corn leaf blight,,materialized,
5467f6012d78d1c446145d5f582da6096f852ae8,train/Corn leaf blight/Northern-Corn-Leaf-Blight.jpg,data/raw/plantdoc/train/Corn leaf blight/Northern-Corn-Leaf-Blight__4fbcb5158227.jpg,4fbcb5158227d2e9d4a126dda2aaab736805c545a45f0be7617ca88709394907,4fbcb5158227d2e9d4a126dda2aaab736805c545a45f0be7617ca88709394907,14226,332,250,RGB,train,Corn leaf blight,cg04,collision_safe_rename,distinct image content; original name collides case-insensitively with its pair member — extracted under a collision-safe name
5467f6012d78d1c446145d5f582da6096f852ae8,train/Corn leaf blight/Northern-Corn-Leaf-Blight4.jpg,data/raw/plantdoc/train/Corn leaf blight/Northern-Corn-Leaf-Blight4.jpg,36591e50d2d7f6bb43165433d62f0bdfc75468c60222d80947f8b51373b42029,36591e50d2d7f6bb43165433d62f0bdfc75468c60222d80947f8b51373b42029,24380,490,325,RGB,train,Corn leaf blight,,materialized,
5467f6012d78d1c446145d5f582da6096f852ae8,train/Corn leaf blight/Northern-corn-leaf-blight-NM-F1a.jpg,data/raw/plantdoc/train/Corn leaf blight/Northern-corn-leaf-blight-NM-F1a.jpg,e932c52e4760d839f21fc7be7708dd36c7b19d9c2c41745485dc16c7d1717243,e932c52e4760d839f21fc7be7708dd36c7b19d9c2c41745485dc16c7d1717243,1045590,1200,1494,RGB,train,Corn leaf blight,,materialized,
5467f6012d78d1c446145d5f582da6096f852ae8,train/Corn leaf blight/Northern-corn-leaf-blight-NM-F2.jpg,data/raw/plantdoc/train/Corn leaf blight/Northern-corn-leaf-blight-NM-F2.jpg,18900f842c15d79ac5f961e5d12bcfd191a5ca3b0215b92789562a1f898a7a35,18900f842c15d79ac5f961e5d12bcfd191a5ca3b0215b92789562a1f898a7a35,390546,1200,1600,RGB,train,Corn leaf blight,,materialized,
5467f6012d78d1c446145d5f582da6096f852ae8,train/Corn leaf blight/Northern-corn-leaf-blight-V12-leaf-NM-F3.jpg,data/raw/plantdoc/train/Corn leaf blight/Northern-corn-leaf-blight-V12-leaf-NM-F3.jpg,cb6b7b3eebe2e417f438e1184d7fa8bafe86a419cabde4d1b21fb3fa4ca74d3e,cb6b7b3eebe2e417f438e1184d7fa8bafe86a419cabde4d1b21fb3fa4ca74d3e,201357,1200,1600,RGB,train,Corn leaf blight,,materialized,
5467f6012d78d1c446145d5f582da6096f852ae8,train/Corn leaf blight/Northern-corn-leaf-blight2_twitter.jpg,data/raw/plantdoc/train/Corn leaf blight/Northern-corn-leaf-blight2_twitter.jpg,707aa1e423ccb2ca26de6805c722e28a0cd34d57044baf6f19eb87ab030635f1,707aa1e423ccb2ca26de6805c722e28a0cd34d57044baf6f19eb87ab030635f1,212214,1024,512,RGB,train,Corn leaf blight,,materialized,
5467f6012d78d1c446145d5f582da6096f852ae8,train/Corn leaf blight/Northern-corn-leafblight.jpg,data/raw/plantdoc/train/Corn leaf blight/Northern-corn-leafblight.jpg,f8cf5ad5c89a41bebb77279cbe32a037fe2bb6e10340903b9cb463559b36f89c,f8cf5ad5c89a41bebb77279cbe32a037fe2bb6e10340903b9cb463559b36f89c,287783,900,459,RGB,train,Corn leaf blight,,materialized,
5467f6012d78d1c446145d5f582da6096f852ae8,train/Corn leaf blight/Northern-leaf-blight-in-corn.jpg,data/raw/plantdoc/train/Corn leaf blight/Northern-leaf-blight-in-corn.jpg,4ce6f3493212f59ce90ee35814f2705790c02829135ec0aa955673b60b6969d6,4ce6f3493212f59ce90ee35814f2705790c02829135ec0aa955673b60b6969d6,138552,1024,400,RGB,train,Corn leaf blight,,materialized,
5467f6012d78d1c446145d5f582da6096f852ae8,train/Corn leaf blight/NorthernCornLeafBlight.jpg,data/raw/plantdoc/train/Corn leaf blight/NorthernCornLeafBlight.jpg,5ee08a7a560c6749805d8932883685f737fdfd8171b345bfac02f1a8d26c8d11,5ee08a7a560c6749805d8932883685f737fdfd8171b345bfac02f1a8d26c8d11,156706,400,226,RGB,train,Corn leaf blight,,materialized,
5467f6012d78d1c446145d5f582da6096f852ae8,train/Corn leaf blight/Ontario-Field-Crop-Report_July_27_2017_f1-1024x768.jpg,data/raw/plantdoc/train/Corn leaf blight/Ontario-Field-Crop-Report_July_27_2017_f1-1024x768.jpg,5298b1744fbedf856156e83a491d94ac2321fee3d2776ce92b5f5e9fd6b88a04,5298b1744fbedf856156e83a491d94ac2321fee3d2776ce92b5f5e9fd6b88a04,123255,1024,768,RGB,train,Corn leaf blight,,materialized,
5467f6012d78d1c446145d5f582da6096f852ae8,train/Corn leaf blight/P1000367.jpg,data/raw/plantdoc/train/Corn leaf blight/P1000367.jpg,1c895d703b4441d9aafdf79f1880ff2a2e67e71c62d45ff6799e481556490bcc,1c895d703b4441d9aafdf79f1880ff2a2e67e71c62d45ff6799e481556490bcc,189488,2048,1536,RGB,train,Corn leaf blight,,materialized,
5467f6012d78d1c446145d5f582da6096f852ae8,train/Corn leaf blight/P6120019.jpg,data/raw/plantdoc/train/Corn leaf blight/P6120019.jpg,0760cf98337449151782f864df37059ac09741c7bde4fea001b8e162a789ccfc,0760cf98337449151782f864df37059ac09741c7bde4fea001b8e162a789ccfc,33877,441,383,RGB,train,Corn leaf blight,,materialized,
5467f6012d78d1c446145d5f582da6096f852ae8,train/Corn leaf blight/Risk+factors+for+Goss%E2%80%99s+wilt+and+leaf+blight+Percent+surface+residue.jpg,data/raw/plantdoc/train/Corn leaf blight/Risk+factors+for+Goss%E2%80%99s+wilt+and+leaf+blight+Percent+surface+residue.jpg,2c142a4eb834135d4b4b03d3f3f8450dcd25f96cfcd2bed7928834f05dc2fec3,2c142a4eb834135d4b4b03d3f3f8450dcd25f96cfcd2bed7928834f05dc2fec3,100146,960,720,RGB,train,Corn leaf blight,,materialized,
5467f6012d78d1c446145d5f582da6096f852ae8,train/Corn leaf blight/SAM_0376.JPG.jpg,data/raw/plantdoc/train/Corn leaf blight/SAM_0376.JPG.jpg,f18bca8d2bb6629b8b27bc0e50cb0c5eb500a954a88f3741830e47ee822be6a5,f18bca8d2bb6629b8b27bc0e50cb0c5eb500a954a88f3741830e47ee822be6a5,70950,360,640,RGB,train,Corn leaf blight,,materialized,
5467f6012d78d1c446145d5f582da6096f852ae8,train/Corn leaf blight/Slide1.preview.jpg,data/raw/plantdoc/train/Corn leaf blight/Slide1.preview.jpg,4013b7e47bf94acd7e4bd49a8b4143b6d2937b928f73e89698d673ccc2420689,4013b7e47bf94acd7e4bd49a8b4143b6d2937b928f73e89698d673ccc2420689,40212,640,480,RGB,train,Corn leaf blight,,materialized,
5467f6012d78d1c446145d5f582da6096f852ae8,train/Corn leaf blight/Southern-Corn-Leaf-Blight-USDA.ashx?w=770.jpg,data/raw/plantdoc/train/Corn leaf blight/Southern-Corn-Leaf-Blight-USDA.ashx?w=770.jpg,617b92c017ea893f62daa5c6bfcdcc28c21dc92aa5809c72184be2208599d8ab,617b92c017ea893f62daa5c6bfcdcc28c21dc92aa5809c72184be2208599d8ab,103563,770,534,RGB,train,Corn leaf blight,,materialized,
5467f6012d78d1c446145d5f582da6096f852ae8,train/Corn leaf blight/Stewarts-Leaf-Blight-Phase-24.jpg,data/raw/plantdoc/train/Corn leaf blight/Stewarts-Leaf-Blight-Phase-24.jpg,d52e665b3275aaf435ecdee1ed5ac8d54a81c6e2c5eafdd7d7d4eaa161321410,d52e665b3275aaf435ecdee1ed5ac8d54a81c6e2c5eafdd7d7d4eaa161321410,106141,444,185,RGB,train,Corn leaf blight,,materialized,
5467f6012d78d1c446145d5f582da6096f852ae8,train/Corn leaf blight/agriculture-crop-disease-northern-corn-leaf-blight-fungus-exserohilum-FRA00E.jpg,data/raw/plantdoc/train/Corn leaf blight/agriculture-crop-disease-northern-corn-leaf-blight-fungus-exserohilum-FRA00E.jpg,e3b301d9e52ace966a7f52f727e0eb09dcd1eb6a02a2a30eafd2b031978484f1,e3b301d9e52ace966a7f52f727e0eb09dcd1eb6a02a2a30eafd2b031978484f1,169344,886,1390,RGB,train,Corn leaf blight,,materialized,
5467f6012d78d1c446145d5f582da6096f852ae8,train/Corn leaf blight/agriculture-crop-disease-northern-corn-leaf-blight-fungus-exserohilum-turcicum-closeup-of-lesions-on-corn-leaves-texas-usa-x74mbx.jpg,data/raw/plantdoc/train/Corn leaf blight/agriculture-crop-disease-northern-corn-leaf-blight-fungus-exserohilum-turcicum-closeup-of-lesions-on-corn-leaves-texas-usa-x74mbx.jpg,2c3652f788beb54eb95f37920130acf2a68e613f79f1f33982fd6b918ed9846c,2c3652f788beb54eb95f37920130acf2a68e613f79f1f33982fd6b918ed9846c,36585,300,460,RGB,train,Corn leaf blight,,materialized,
5467f6012d78d1c446145d5f582da6096f852ae8,train/Corn leaf blight/anthracnoseblight.jpg,data/raw/plantdoc/train/Corn leaf blight/anthracnoseblight.jpg,b61f468f82ef99c9ef35ad2039956e83c1ea75fd9febb61d05d66579a6feb0b1,b61f468f82ef99c9ef35ad2039956e83c1ea75fd9febb61d05d66579a6feb0b1,27638,432,324,RGB,train,Corn leaf blight,,materialized,
5467f6012d78d1c446145d5f582da6096f852ae8,train/Corn leaf blight/article-fungicides-northern-corn-leaf-blight.jpg,data/raw/plantdoc/train/Corn leaf blight/article-fungicides-northern-corn-leaf-blight.jpg,db157d735651b3e808f040cc2b9d22cc9220940bc634dbcf3e1f9da53961b20a,db157d735651b3e808f040cc2b9d22cc9220940bc634dbcf3e1f9da53961b20a,71532,400,350,RGB,train,Corn leaf blight,,materialized,
5467f6012d78d1c446145d5f582da6096f852ae8,train/Corn leaf blight/bacterial-corn-1.jpg,data/raw/plantdoc/train/Corn leaf blight/bacterial-corn-1.jpg,c83713992d548ac734c7405311dfd71afc6f9f9ac2e9781ba09ccd28178c28e5,c83713992d548ac734c7405311dfd71afc6f9f9ac2e9781ba09ccd28178c28e5,83261,400,400,RGB,train,Corn leaf blight,,materialized,
5467f6012d78d1c446145d5f582da6096f852ae8,train/Corn leaf blight/bacterial-corn-300x300.jpg,data/raw/plantdoc/train/Corn leaf blight/bacterial-corn-300x300.jpg,87a09564fbd01084ac532766d625dd4e4a7dc0af91f803e831d7271aedd2ad8e,87a09564fbd01084ac532766d625dd4e4a7dc0af91f803e831d7271aedd2ad8e,28185,300,300,RGB,train,Corn leaf blight,,materialized,
5467f6012d78d1c446145d5f582da6096f852ae8,train/Corn leaf blight/bacterial-leaf-streak-corn.jpg,data/raw/plantdoc/train/Corn leaf blight/bacterial-leaf-streak-corn.jpg,204cc4ab4cd2cf1841be683817d4d55b5f9c6bbcb41289722676cb1c5a34800d,204cc4ab4cd2cf1841be683817d4d55b5f9c6bbcb41289722676cb1c5a34800d,112998,1024,473,RGB,train,Corn leaf blight,,materialized,
5467f6012d78d1c446145d5f582da6096f852ae8,train/Corn leaf blight/bacterial-leaf-streak-of-corn-450-F1.jpg,data/raw/plantdoc/train/Corn leaf blight/bacterial-leaf-streak-of-corn-450-F1.jpg,a94d73859cd54befb5cb7b54690fc3c5fc6cbf230555285cf331debd47335701,a94d73859cd54befb5cb7b54690fc3c5fc6cbf230555285cf331debd47335701,29931,450,300,RGB,train,Corn leaf blight,,materialized,
5467f6012d78d1c446145d5f582da6096f852ae8,train/Corn leaf blight/bacterial-leaf-streak-of-corn.jpg,data/raw/plantdoc/train/Corn leaf blight/bacterial-leaf-streak-of-corn.jpg,91f52f661649090eefbcc86d1f6c74db0b3ade5250e4108c613d48513ee7f728,91f52f661649090eefbcc86d1f6c74db0b3ade5250e4108c613d48513ee7f728,64585,800,480,RGB,train,Corn leaf blight,,materialized,
5467f6012d78d1c446145d5f582da6096f852ae8,train/Corn leaf blight/bls-lesions-tjz-hr.jpg,data/raw/plantdoc/train/Corn leaf blight/bls-lesions-tjz-hr.jpg,9dbf56c8345ebff56685d32f748c0d65e9fe637b5fab737372eb7127091c14c1,9dbf56c8345ebff56685d32f748c0d65e9fe637b5fab737372eb7127091c14c1,220488,780,511,RGB,train,Corn leaf blight,,materialized,
5467f6012d78d1c446145d5f582da6096f852ae8,train/Corn leaf blight/clip_image010.jpg,data/raw/plantdoc/train/Corn leaf blight/clip_image010.jpg,8eb56ae47c30cb4a117e4ce49ce7b6180ea1c340bff4d3f09fc71875fc495ce3,8eb56ae47c30cb4a117e4ce49ce7b6180ea1c340bff4d3f09fc71875fc495ce3,20908,300,300,RGB,train,Corn leaf blight,,materialized,
5467f6012d78d1c446145d5f582da6096f852ae8,train/Corn leaf blight/corn-BLS-irregular-lesions.jpg,data/raw/plantdoc/train/Corn leaf blight/corn-BLS-irregular-lesions.jpg,cdc37c2ddeb38dbc64a78148f64223230a486404ce9ee94527751f0fab41e6d6,cdc37c2ddeb38dbc64a78148f64223230a486404ce9ee94527751f0fab41e6d6,84561,525,699,RGB,train,Corn leaf blight,,materialized,
5467f6012d78d1c446145d5f582da6096f852ae8,train/Corn leaf blight/corn-bacterial-leaf-streak-V4-AdamsCnty-THartman-F1a.jpg,data/raw/plantdoc/train/Corn leaf blight/corn-bacterial-leaf-streak-V4-AdamsCnty-THartman-F1a.jpg,72431ace9b7165d375820015635637a47adf9e135a0e02afff06fb55c666af55,72431ace9b7165d375820015635637a47adf9e135a0e02afff06fb55c666af55,120374,1200,900,RGB,train,Corn leaf blight,,materialized,
5467f6012d78d1c446145d5f582da6096f852ae8,train/Corn leaf blight/corn-bacterial-leaf-streak-backlit-severe-lesions.jpg,data/raw/plantdoc/train/Corn leaf blight/corn-bacterial-leaf-streak-backlit-severe-lesions.jpg,ec72f8a0261686acbd681db89f2627336309c59f346e31ba0bd73834fe5022c7,ec72f8a0261686acbd681db89f2627336309c59f346e31ba0bd73834fe5022c7,135838,675,1200,RGB,train,Corn leaf blight,,materialized,
5467f6012d78d1c446145d5f582da6096f852ae8,train/Corn leaf blight/corn-bacterial-leaf-streak-f1.JPG.jpg,data/raw/plantdoc/train/Corn leaf blight/corn-bacterial-leaf-streak-f1.JPG.jpg,b6baeb77b10174afadd0bc964c17579062fb5ff208cc01e960ee14973bc7876a,b6baeb77b10174afadd0bc964c17579062fb5ff208cc01e960ee14973bc7876a,141804,900,1200,RGB,train,Corn leaf blight,,materialized,
5467f6012d78d1c446145d5f582da6096f852ae8,train/Corn leaf blight/corn-bacterial-leaf-streak-f4.jpg,data/raw/plantdoc/train/Corn leaf blight/corn-bacterial-leaf-streak-f4.jpg,0119e09b243f6d6daa0dbf0e03629a086c6553318da3a3cd5051819b5259aefd,0119e09b243f6d6daa0dbf0e03629a086c6553318da3a3cd5051819b5259aefd,165626,460,340,RGB,train,Corn leaf blight,,materialized,
5467f6012d78d1c446145d5f582da6096f852ae8,train/Corn leaf blight/corn-bacterial-leaf-streak-f7a-b.jpg,data/raw/plantdoc/train/Corn leaf blight/corn-bacterial-leaf-streak-f7a-b.jpg,52a097f6364f9345b7612c72bb0ca179b9da9af6adf075ecbc3623e29e58ad4c,52a097f6364f9345b7612c72bb0ca179b9da9af6adf075ecbc3623e29e58ad4c,209719,341,454,RGB,train,Corn leaf blight,,materialized,
5467f6012d78d1c446145d5f582da6096f852ae8,train/Corn leaf blight/corn-bacterial-leaf-streak-narrow-stripes.jpg,data/raw/plantdoc/train/Corn leaf blight/corn-bacterial-leaf-streak-narrow-stripes.jpg,fdd5b4ff8cf23f946c8f45d98e4257d4b50ab7183a5282202e0b3836f86ea3e8,fdd5b4ff8cf23f946c8f45d98e4257d4b50ab7183a5282202e0b3836f86ea3e8,100429,675,1200,RGB,train,Corn leaf blight,,materialized,
5467f6012d78d1c446145d5f582da6096f852ae8,train/Corn leaf blight/corn-bacterial-leaf-streak-zoomed.jpg,data/raw/plantdoc/train/Corn leaf blight/corn-bacterial-leaf-streak-zoomed.jpg,32061fd1a7ae0da8e727d5de28c803bbc0cfe5b2527ecd1c651dc3bc8adab884,32061fd1a7ae0da8e727d5de28c803bbc0cfe5b2527ecd1c651dc3bc8adab884,76766,676,1200,RGB,train,Corn leaf blight,,materialized,
5467f6012d78d1c446145d5f582da6096f852ae8,train/Corn leaf blight/corn-baterial-leaf-stripe-f1b.JPG.jpg,data/raw/plantdoc/train/Corn leaf blight/corn-baterial-leaf-stripe-f1b.JPG.jpg,b8252b7a55a3200452876de2e9a74069eab802dfb1768b6cb1a0b173beff9129,b8252b7a55a3200452876de2e9a74069eab802dfb1768b6cb1a0b173beff9129,256708,569,426,RGB,train,Corn leaf blight,,materialized,
5467f6012d78d1c446145d5f582da6096f852ae8,train/Corn leaf blight/corn-disease-update-fig-1-northern-leaf-blight.jpg,data/raw/plantdoc/train/Corn leaf blight/corn-disease-update-fig-1-northern-leaf-blight.jpg,b30d11f1635a39e08b477c28fc040a06bcf27c47e4d8b32b5ae2f923b01d0c08,b30d11f1635a39e08b477c28fc040a06bcf27c47e4d8b32b5ae2f923b01d0c08,743160,1500,2000,RGB,train,Corn leaf blight,,materialized,
5467f6012d78d1c446145d5f582da6096f852ae8,train/Corn leaf blight/corn-disease-update-fig-2-diplodia-leaf-streak1.jpg,data/raw/plantdoc/train/Corn leaf blight/corn-disease-update-fig-2-diplodia-leaf-streak1.jpg,eec2402f9fc2eb67c3a8297b27be3fb8f5bbd861323636688054a86e8df6ec89,eec2402f9fc2eb67c3a8297b27be3fb8f5bbd861323636688054a86e8df6ec89,574294,2128,1500,RGB,train,Corn leaf blight,,materialized,
5467f6012d78d1c446145d5f582da6096f852ae8,train/Corn leaf blight/corn-fig-1.jpg,data/raw/plantdoc/train/Corn leaf blight/corn-fig-1.jpg,536bd7c04f471ed5c4dfb5591027d3732a0326f229875a1772917d613daff437,536bd7c04f471ed5c4dfb5591027d3732a0326f229875a1772917d613daff437,92345,400,300,RGB,train,Corn leaf blight,,materialized,
5467f6012d78d1c446145d5f582da6096f852ae8,train/Corn leaf blight/corn-fig-2.jpg,data/raw/plantdoc/train/Corn leaf blight/corn-fig-2.jpg,e73fa16be58fd9361134106dc95d40c45b5063b47f6eaea8a3a08cb610875582,e73fa16be58fd9361134106dc95d40c45b5063b47f6eaea8a3a08cb610875582,157729,485,358,RGB,train,Corn leaf blight,,materialized,
5467f6012d78d1c446145d5f582da6096f852ae8,train/Corn leaf blight/corn-gray-leaf-spot-f5.jpg,data/raw/plantdoc/train/Corn leaf blight/corn-gray-leaf-spot-f5.jpg,8fea1634544927b907cb825bc66673558d25ec1f7a6fcf3bc7b8987d7dc360fa,8fea1634544927b907cb825bc66673558d25ec1f7a6fcf3bc7b8987d7dc360fa,228940,751,1001,RGB,train,Corn leaf blight,,materialized,
5467f6012d78d1c446145d5f582da6096f852ae8,train/Corn leaf blight/corn-large-wavy-Xanth-lesions-f3.jpg,data/raw/plantdoc/train/Corn leaf blight/corn-large-wavy-Xanth-lesions-f3.jpg,1929318032a7aff24e3a631eb5b878e7936ed23a90cdc03f404eeea4c6606bc6,1929318032a7aff24e3a631eb5b878e7936ed23a90cdc03f404eeea4c6606bc6,325809,600,1067,RGB,train,Corn leaf blight,,materialized,
5467f6012d78d1c446145d5f582da6096f852ae8,train/Corn leaf blight/corn-leaf-scald-9a.jpg,data/raw/plantdoc/train/Corn leaf blight/corn-leaf-scald-9a.jpg,c403125826f6ddc4c31ab92b373f5bf6ccd3d4924bc9cc4d702312619969d9d1,c403125826f6ddc4c31ab92b373f5bf6ccd3d4924bc9cc4d702312619969d9d1,90531,675,1200,RGB,train,Corn leaf blight,,materialized,
5467f6012d78d1c446145d5f582da6096f852ae8,train/Corn leaf blight/corn-leaf-scald-9c.jpg,data/raw/plantdoc/train/Corn leaf blight/corn-leaf-scald-9c.jpg,e8cbc0c4c1ed6677ba3a216fff749de09e5d394bb03cc3ced2866945a0fe64b4,e8cbc0c4c1ed6677ba3a216fff749de09e5d394bb03cc3ced2866945a0fe64b4,104324,675,1200,RGB,train,Corn leaf blight,,materialized,
5467f6012d78d1c446145d5f582da6096f852ae8,train/Corn leaf blight/corn-leaf-scald-9d.jpg,data/raw/plantdoc/train/Corn leaf blight/corn-leaf-scald-9d.jpg,83bad3cd054a231c9276efc15b12560c1f97cfd1721f80f6fde88cc22da85546,83bad3cd054a231c9276efc15b12560c1f97cfd1721f80f6fde88cc22da85546,89681,675,1200,RGB,train,Corn leaf blight,,materialized,
5467f6012d78d1c446145d5f582da6096f852ae8,train/Corn leaf blight/corn-mature-bacterial-leaf-streak.jpg,data/raw/plantdoc/train/Corn leaf blight/corn-mature-bacterial-leaf-streak.jpg,5c4ee4a4b0f44c5caca653795d2370e09e77e93b312f8b1b3ffbe625516de0aa,5c4ee4a4b0f44c5caca653795d2370e09e77e93b312f8b1b3ffbe625516de0aa,156902,675,1200,RGB,train,Corn leaf blight,,materialized,
5467f6012d78d1c446145d5f582da6096f852ae8,train/Corn leaf blight/corn-northern-corn-leaf-blight-f6.jpg,data/raw/plantdoc/train/Corn leaf blight/corn-northern-corn-leaf-blight-f6.jpg,a8ccd0f5cf1e1a2e319997e856409c55d686f1446a4c8eb613f45368d81e1dec,a8ccd0f5cf1e1a2e319997e856409c55d686f1446a4c8eb613f45368d81e1dec,96365,675,1200,RGB,train,Corn leaf blight,,materialized,
5467f6012d78d1c446145d5f582da6096f852ae8,train/Corn leaf blight/corn-northern-corn-leaf-blight.jpg,data/raw/plantdoc/train/Corn leaf blight/corn-northern-corn-leaf-blight.jpg,61684cd8f16dafeb5cbb6f7f97ca47bbcc48ebe73b298e47493d84603b4b75a6,61684cd8f16dafeb5cbb6f7f97ca47bbcc48ebe73b298e47493d84603b4b75a6,115666,1000,563,RGB,train,Corn leaf blight,,materialized,
5467f6012d78d1c446145d5f582da6096f852ae8,train/Corn leaf blight/corn-several-Holcus%20spot%20lesions-f4.jpg,data/raw/plantdoc/train/Corn leaf blight/corn-several-Holcus%20spot%20lesions-f4.jpg,4d60a717344a60b54a2aa88e7f4d4ceba71db90410f548c41ac37806270551a8,4d60a717344a60b54a2aa88e7f4d4ceba71db90410f548c41ac37806270551a8,94330,675,1200,RGB,train,Corn leaf blight,,materialized,
5467f6012d78d1c446145d5f582da6096f852ae8,train/Corn leaf blight/corn-short-backlit-Xanth-lesions-halos-f2-.jpg,data/raw/plantdoc/train/Corn leaf blight/corn-short-backlit-Xanth-lesions-halos-f2-.jpg,1a424a2836520a3faf8647ba9349a2b7b85b3a8c312ba27ca9a8b971fb68e955,1a424a2836520a3faf8647ba9349a2b7b85b3a8c312ba27ca9a8b971fb68e955,170206,588,887,RGB,train,Corn leaf blight,,materialized,
5467f6012d78d1c446145d5f582da6096f852ae8,train/Corn leaf blight/corn-short-backlit-Xanth-lesions-halos-f2.jpg,data/raw/plantdoc/train/Corn leaf blight/corn-short-backlit-Xanth-lesions-halos-f2.jpg,0a7a00f52021270f39f8d8daaa63507fad43b2c24cbf5b744486a198f06ed98a,0a7a00f52021270f39f8d8daaa63507fad43b2c24cbf5b744486a198f06ed98a,169432,600,887,RGB,train,Corn leaf blight,,materialized,
5467f6012d78d1c446145d5f582da6096f852ae8,train/Corn leaf blight/corn-stalk-rot-leaf-symptoms-F1.jpg.jpeg,data/raw/plantdoc/train/Corn leaf blight/corn-stalk-rot-leaf-symptoms-F1.jpg.jpeg,bb91e0a3c455df67d2f7ebd9837cbd1d947a9f86211258b279e4d41a61292bc8,bb91e0a3c455df67d2f7ebd9837cbd1d947a9f86211258b279e4d41a61292bc8,493607,1000,585,RGB,train,Corn leaf blight,,materialized,
5467f6012d78d1c446145d5f582da6096f852ae8,train/Corn leaf blight/corn1.jpg,data/raw/plantdoc/train/Corn leaf blight/corn1.jpg,d70bfc6d530123a29346fe353197fc885c0cd9e3ef71e4a1937a4928291eb555,d70bfc6d530123a29346fe353197fc885c0cd9e3ef71e4a1937a4928291eb555,89753,480,320,RGB,train,Corn leaf blight,,materialized,
5467f6012d78d1c446145d5f582da6096f852ae8,train/Corn leaf blight/corn_disease_clip_image001_0003.jpg,data/raw/plantdoc/train/Corn leaf blight/corn_disease_clip_image001_0003.jpg,1b86c2a8546959550f237e650f73ff850a95273b2df236a30b59bccd43f03783,1b86c2a8546959550f237e650f73ff850a95273b2df236a30b59bccd43f03783,11079,259,308,RGB,train,Corn leaf blight,,materialized,
5467f6012d78d1c446145d5f582da6096f852ae8,train/Corn leaf blight/corn_gray_leaf_spot.jpg,data/raw/plantdoc/train/Corn leaf blight/corn_gray_leaf_spot.jpg,f8ce8a1f5fc8d3740c2c222a34f3ee9b913c826430908b8297718c53f7299b6c,f8ce8a1f5fc8d3740c2c222a34f3ee9b913c826430908b8297718c53f7299b6c,91994,600,400,RGB,train,Corn leaf blight,,materialized,
5467f6012d78d1c446145d5f582da6096f852ae8,train/Corn leaf blight/cp_VA-123_northern_corn_leaf_blight_article.jpg,data/raw/plantdoc/train/Corn leaf blight/cp_VA-123_northern_corn_leaf_blight_article.jpg,7335de47f1404ba3f9bb7a4c05125f7624a5da08099352c68c3d2d8c6f93b956,7335de47f1404ba3f9bb7a4c05125f7624a5da08099352c68c3d2d8c6f93b956,35213,690,345,RGB,train,Corn leaf blight,,materialized,
5467f6012d78d1c446145d5f582da6096f852ae8,train/Corn leaf blight/disease.jpg,data/raw/plantdoc/train/Corn leaf blight/disease.jpg,b3723c9ec2c8579b2eb6939b9f260535133a4ce6ee6dbf19034c45ba0b73f8d9,b3723c9ec2c8579b2eb6939b9f260535133a4ce6ee6dbf19034c45ba0b73f8d9,220312,398,299,RGB,train,Corn leaf blight,,materialized,
5467f6012d78d1c446145d5f582da6096f852ae8,train/Corn leaf blight/disease3.jpg,data/raw/plantdoc/train/Corn leaf blight/disease3.jpg,1d3803f8f70fb5d6b07474304cd3d4b35e1ba48070f07b6dca0872c52a1a0e29,1d3803f8f70fb5d6b07474304cd3d4b35e1ba48070f07b6dca0872c52a1a0e29,2774730,4000,3000,RGB,train,Corn leaf blight,,materialized,
5467f6012d78d1c446145d5f582da6096f852ae8,train/Corn leaf blight/disease4.jpg,data/raw/plantdoc/train/Corn leaf blight/disease4.jpg,80b5cf8ce73c1c80e8cc3342891c983220f8bff4801bcfa249be4fb41e6440d8,80b5cf8ce73c1c80e8cc3342891c983220f8bff4801bcfa249be4fb41e6440d8,6574069,4608,3456,RGB,train,Corn leaf blight,,materialized,
5467f6012d78d1c446145d5f582da6096f852ae8,train/Corn leaf blight/dsc5270.jpg,data/raw/plantdoc/train/Corn leaf blight/dsc5270.jpg,074ee0c75f14b05dc1d45b2e4a1f52d357f9833e4d5a36bf7c504d862fd663d0,074ee0c75f14b05dc1d45b2e4a1f52d357f9833e4d5a36bf7c504d862fd663d0,369708,800,532,RGB,train,Corn leaf blight,,materialized,
5467f6012d78d1c446145d5f582da6096f852ae8,train/Corn leaf blight/dsc5582.jpg,data/raw/plantdoc/train/Corn leaf blight/dsc5582.jpg,71b01dc12f98c6fd47822ee109a0dd79715399fb15bea932a76d61579eeb3264,71b01dc12f98c6fd47822ee109a0dd79715399fb15bea932a76d61579eeb3264,363777,800,532,RGB,train,Corn leaf blight,,materialized,
5467f6012d78d1c446145d5f582da6096f852ae8,train/Corn leaf blight/f7bd710e84db49829a918d85a2ff809c1.jpg,data/raw/plantdoc/train/Corn leaf blight/f7bd710e84db49829a918d85a2ff809c1.jpg,17575b008ad644896ec5fccefb358195b76834eb10fb12446d2523b3a2251292,17575b008ad644896ec5fccefb358195b76834eb10fb12446d2523b3a2251292,74824,472,480,RGB,train,Corn leaf blight,,materialized,
5467f6012d78d1c446145d5f582da6096f852ae8,train/Corn leaf blight/fi00245.JPG.jpg,data/raw/plantdoc/train/Corn leaf blight/fi00245.JPG.jpg,466c2ece7d0a8fb378b54065dc95360fd0d0875bfeb9942078141c736c758c94,466c2ece7d0a8fb378b54065dc95360fd0d0875bfeb9942078141c736c758c94,307018,575,431,RGB,train,Corn leaf blight,,materialized,
5467f6012d78d1c446145d5f582da6096f852ae8,train/Corn leaf blight/ga-2015-05-20-nclb.jpg,data/raw/plantdoc/train/Corn leaf blight/ga-2015-05-20-nclb.jpg,2f96506bdbf2edc41f6590f0269e376954d9bebecc1313f5b6b9cc7c96e13d31,2f96506bdbf2edc41f6590f0269e376954d9bebecc1313f5b6b9cc7c96e13d31,123584,450,612,RGB,train,Corn leaf blight,,materialized,
5467f6012d78d1c446145d5f582da6096f852ae8,train/Corn leaf blight/gls99-anamosa-400x334.jpg,data/raw/plantdoc/train/Corn leaf blight/gls99-anamosa-400x334.jpg,2bdc6dae1b05e27405e0fbb6e35f2137e2547acaffb9b1b519dcbe1dc038ef57,2bdc6dae1b05e27405e0fbb6e35f2137e2547acaffb9b1b519dcbe1dc038ef57,36274,400,334,RGB,train,Corn leaf blight,,materialized,
5467f6012d78d1c446145d5f582da6096f852ae8,train/Corn leaf blight/gosswilt_TMB.jpg,data/raw/plantdoc/train/Corn leaf blight/gosswilt_TMB.jpg,942be09796cb79eec33ba54cae0c8290b06b6c21dec1a864d25a082d7aa09252,942be09796cb79eec33ba54cae0c8290b06b6c21dec1a864d25a082d7aa09252,50683,340,255,RGB,train,Corn leaf blight,,materialized,
5467f6012d78d1c446145d5f582da6096f852ae8,train/Corn leaf blight/gray-leaf-spot-lesions-F4.jpg,data/raw/plantdoc/train/Corn leaf blight/gray-leaf-spot-lesions-F4.jpg,fd00790441ba4d97505a14b117f69a2dea10e5626d02eeb58d1213fe895b7a90,fd00790441ba4d97505a14b117f69a2dea10e5626d02eeb58d1213fe895b7a90,95892,618,463,RGB,train,Corn leaf blight,,materialized,
5467f6012d78d1c446145d5f582da6096f852ae8,train/Corn leaf blight/gray-leaf-spot-severe--.jpg,data/raw/plantdoc/train/Corn leaf blight/gray-leaf-spot-severe--.jpg,c02e12e991b8f9be3d2b4b8d6bb581ee10948f0e03b194bd5049a32f0ce5648d,c02e12e991b8f9be3d2b4b8d6bb581ee10948f0e03b194bd5049a32f0ce5648d,207071,1158,1200,RGB,train,Corn leaf blight,,materialized,
5467f6012d78d1c446145d5f582da6096f852ae8,train/Corn leaf blight/helminthosporium-or-turcicum-leaf-stains-on-corn-leaf-disease-of-corn-plant-R5GR3C.jpg,data/raw/plantdoc/train/Corn leaf blight/helminthosporium-or-turcicum-leaf-stains-on-corn-leaf-disease-of-corn-plant-R5GR3C.jpg,d8d349528d4567c3dfe72f32397e38a46f7bfd2f9e4cc37f95473c07508c3f0a,d8d349528d4567c3dfe72f32397e38a46f7bfd2f9e4cc37f95473c07508c3f0a,275311,1300,1065,RGB,train,Corn leaf blight,,materialized,
5467f6012d78d1c446145d5f582da6096f852ae8,train/Corn leaf blight/image.jpg,data/raw/plantdoc/train/Corn leaf blight/image.jpg,4b8e95347f2f2dc23966bec1bfc9663ee5e6220e766a51956179a6b1fbe9a672,4b8e95347f2f2dc23966bec1bfc9663ee5e6220e766a51956179a6b1fbe9a672,26596,362,240,RGB,train,Corn leaf blight,,materialized,
5467f6012d78d1c446145d5f582da6096f852ae8,train/Corn leaf blight/image393.jpg,data/raw/plantdoc/train/Corn leaf blight/image393.jpg,adbc26bf56eb62563deb5055212f33056686a4dcd9e5263a4dd90dafd879220f,adbc26bf56eb62563deb5055212f33056686a4dcd9e5263a4dd90dafd879220f,16822,250,200,RGB,train,Corn leaf blight,,materialized,
5467f6012d78d1c446145d5f582da6096f852ae8,train/Corn leaf blight/image_1500x1500%253E.jpeg?1473988930.jpg,data/raw/plantdoc/train/Corn leaf blight/image_1500x1500%253E.jpeg?1473988930.jpg,526a71428d57514240e895849a9e2404a7934da6738165e5793e2632eec5e5a8,526a71428d57514240e895849a9e2404a7934da6738165e5793e2632eec5e5a8,824513,1500,1125,RGB,train,Corn leaf blight,,materialized,
5467f6012d78d1c446145d5f582da6096f852ae8,train/Corn leaf blight/image_1500x1500%253E.jpeg?1473988931.jpg,data/raw/plantdoc/train/Corn leaf blight/image_1500x1500%253E.jpeg?1473988931.jpg,0a5a2e26d5d6258e4737307cda92a1f40f4a0771f4201b4084c47c8b3aab7e90,0a5a2e26d5d6258e4737307cda92a1f40f4a0771f4201b4084c47c8b3aab7e90,1030422,1500,1125,RGB,train,Corn leaf blight,,materialized,
5467f6012d78d1c446145d5f582da6096f852ae8,train/Corn leaf blight/img_0099-2.jpg,data/raw/plantdoc/train/Corn leaf blight/img_0099-2.jpg,ad7ccf6373f234ceb7bbb992e0ee1d575aa9c4e88855b9487be50d991f044c99,ad7ccf6373f234ceb7bbb992e0ee1d575aa9c4e88855b9487be50d991f044c99,2190482,2592,1936,RGB,train,Corn leaf blight,,materialized,
5467f6012d78d1c446145d5f582da6096f852ae8,train/Corn leaf blight/img_5593211e4bf88_49361.jpg,data/raw/plantdoc/train/Corn leaf blight/img_5593211e4bf88_49361.jpg,fda2f5386cf230df9e219bccf952da427996cc61ac521dcfe7a4786f5609fdac,fda2f5386cf230df9e219bccf952da427996cc61ac521dcfe7a4786f5609fdac,24858,550,365,RGB,train,Corn leaf blight,,materialized,
5467f6012d78d1c446145d5f582da6096f852ae8,train/Corn leaf blight/leafblightcorn.jpg,data/raw/plantdoc/train/Corn leaf blight/leafblightcorn.jpg,3c7fa047838771576a8ce2e5630cda0d0503fc9bffcdb6ca2f382cb886b6e91a,3c7fa047838771576a8ce2e5630cda0d0503fc9bffcdb6ca2f382cb886b6e91a,35944,400,300,RGB,train,Corn leaf blight,,materialized,
5467f6012d78d1c446145d5f582da6096f852ae8,train/Corn leaf blight/nclb-2015-n-mcghee.jpg,data/raw/plantdoc/train/Corn leaf blight/nclb-2015-n-mcghee.jpg,b526aeb632c46dcc81ee11b5e39745cf41098145365fd3620eb2662e6e5a7e96,b526aeb632c46dcc81ee11b5e39745cf41098145365fd3620eb2662e6e5a7e96,106062,576,1024,RGB,train,Corn leaf blight,,materialized,
5467f6012d78d1c446145d5f582da6096f852ae8,train/Corn leaf blight/nclb3_rob_factsheetimage.jpg,data/raw/plantdoc/train/Corn leaf blight/nclb3_rob_factsheetimage.jpg,8fd4f4ae157bf15cd6a033a0a04e601817496c255f88f5161756ed8b6ca7883c,8fd4f4ae157bf15cd6a033a0a04e601817496c255f88f5161756ed8b6ca7883c,310039,1000,666,RGB,train,Corn leaf blight,,materialized,
5467f6012d78d1c446145d5f582da6096f852ae8,train/Corn leaf blight/nclb3x1200.jpg,data/raw/plantdoc/train/Corn leaf blight/nclb3x1200.jpg,8e4f654f5b4cda42e4da6f15deda796016769425ac67b1ae36ce824caa5847c0,8e4f654f5b4cda42e4da6f15deda796016769425ac67b1ae36ce824caa5847c0,836128,1200,1600,RGB,train,Corn leaf blight,,materialized,
5467f6012d78d1c446145d5f582da6096f852ae8,train/Corn leaf blight/nclb4x1200.jpg,data/raw/plantdoc/train/Corn leaf blight/nclb4x1200.jpg,07248983e7a3d08716745c6e31aa38335d075213ce7fae71f5652e64be910e58,07248983e7a3d08716745c6e31aa38335d075213ce7fae71f5652e64be910e58,753590,1200,1600,RGB,train,Corn leaf blight,,materialized,
5467f6012d78d1c446145d5f582da6096f852ae8,train/Corn leaf blight/nclb7x1200.jpg,data/raw/plantdoc/train/Corn leaf blight/nclb7x1200.jpg,0274ac23d9a60c39a14ff9d95b0bb8be17387e8fe329dfc2c799061135a49bb0,0274ac23d9a60c39a14ff9d95b0bb8be17387e8fe329dfc2c799061135a49bb0,1080386,1200,1600,RGB,train,Corn leaf blight,,materialized,
5467f6012d78d1c446145d5f582da6096f852ae8,train/Corn leaf blight/ncls-2016-a-shirley.jpg,data/raw/plantdoc/train/Corn leaf blight/ncls-2016-a-shirley.jpg,294a5893e41b2e24fb9ed224ee2f1fed66bdb8ffbc69dd9841a3c3d0f1b09621,294a5893e41b2e24fb9ed224ee2f1fed66bdb8ffbc69dd9841a3c3d0f1b09621,185838,960,1280,RGB,train,Corn leaf blight,,materialized,
5467f6012d78d1c446145d5f582da6096f852ae8,train/Corn leaf blight/ncorn_leaf_blight_0796_02.jpg,data/raw/plantdoc/train/Corn leaf blight/ncorn_leaf_blight_0796_02.jpg,08c1b124e186227337d5c9495b4cc0a7a4cde7cda2b483c736ccc4bb25514b66,08c1b124e186227337d5c9495b4cc0a7a4cde7cda2b483c736ccc4bb25514b66,19138,432,290,RGB,train,Corn leaf blight,,materialized,
5467f6012d78d1c446145d5f582da6096f852ae8,train/Corn leaf blight/northern-corn-leaf-blight-exserohilum-turcicum-lesions-on-a-maize-BBFWRB.jpg,data/raw/plantdoc/train/Corn leaf blight/northern-corn-leaf-blight-exserohilum-turcicum-lesions-on-a-maize-BBFWRB.jpg,6897867233e4f97075b069b41ab1bd18ac0f22c8b690844327ff177324268fb9,6897867233e4f97075b069b41ab1bd18ac0f22c8b690844327ff177324268fb9,144088,1076,1390,RGB,train,Corn leaf blight,,materialized,
5467f6012d78d1c446145d5f582da6096f852ae8,train/Corn leaf blight/northern-corn-leaf-blight-exserohilum-turcicum-lesions-on-a-maize-BX3K2K.jpg,data/raw/plantdoc/train/Corn leaf blight/northern-corn-leaf-blight-exserohilum-turcicum-lesions-on-a-maize-BX3K2K.jpg,9680ebcd66b6d73cf8e2bbd234769180c43540b6084ee4468a36d38da10d0a14,9680ebcd66b6d73cf8e2bbd234769180c43540b6084ee4468a36d38da10d0a14,209713,861,1390,RGB,train,Corn leaf blight,,materialized,
5467f6012d78d1c446145d5f582da6096f852ae8,train/Corn leaf blight/northern-corn-leaf-blight-exserohilum-turcicum-lesions-on-a-maize-leaf-south-africa-XDYJWY.jpg,data/raw/plantdoc/train/Corn leaf blight/northern-corn-leaf-blight-exserohilum-turcicum-lesions-on-a-maize-leaf-south-africa-XDYJWY.jpg,53928b88f17f0b42d0f5ac9cf1f181e5306fcdd087bc5db9b9737a34478d5bf4,53928b88f17f0b42d0f5ac9cf1f181e5306fcdd087bc5db9b9737a34478d5bf4,210313,860,1390,RGB,train,Corn leaf blight,,materialized,
5467f6012d78d1c446145d5f582da6096f852ae8,train/Corn leaf blight/northern-corn-leaf-blight-exserohilum-turcicum-lesions-on-a-maize-leaf-south-africa-xe3a7j.jpg,data/raw/plantdoc/train/Corn leaf blight/northern-corn-leaf-blight-exserohilum-turcicum-lesions-on-a-maize-leaf-south-africa-xe3a7j.jpg,12620520f7d8ed8f39cdbfd73bc265a766ad52fb9a8f3b095b9e647da65b80f0,12620520f7d8ed8f39cdbfd73bc265a766ad52fb9a8f3b095b9e647da65b80f0,37688,300,382,RGB,train,Corn leaf blight,,materialized,
5467f6012d78d1c446145d5f582da6096f852ae8,train/Corn leaf blight/northern-corn-leaf-blight.jpg,data/raw/plantdoc/train/Corn leaf blight/northern-corn-leaf-blight__2c2cc7cec2c4.jpg,2c2cc7cec2c4cc95a28f7bdd46b7e3adb9a194b528aa95af28f979da6b732dac,2c2cc7cec2c4cc95a28f7bdd46b7e3adb9a194b528aa95af28f979da6b732dac,59950,750,350,RGB,train,Corn leaf blight,cg04,collision_safe_rename,distinct image content; original name collides case-insensitively with its pair member — extracted under a collision-safe name
5467f6012d78d1c446145d5f582da6096f852ae8,train/Corn leaf blight/northern_corn_leaf_blight_university_of_delaware-600x400.jpg,data/raw/plantdoc/train/Corn leaf blight/northern_corn_leaf_blight_university_of_delaware-600x400.jpg,ebba0adbb3c8f9457c5b94caeeecbf3106289179f62ad17fe50b2ed8e16d5012,ebba0adbb3c8f9457c5b94caeeecbf3106289179f62ad17fe50b2ed8e16d5012,47779,600,400,RGB,train,Corn leaf blight,,materialized,
5467f6012d78d1c446145d5f582da6096f852ae8,train/Corn leaf blight/northern_leaf_blight.jpg,data/raw/plantdoc/train/Corn leaf blight/northern_leaf_blight.jpg,41282ec0509957e7bce24eef5dcf02a31896d4ed7e7789e76eed8881cbb06b37,41282ec0509957e7bce24eef5dcf02a31896d4ed7e7789e76eed8881cbb06b37,88236,563,554,RGB,train,Corn leaf blight,,materialized,
5467f6012d78d1c446145d5f582da6096f852ae8,train/Corn leaf blight/photo-7-004.jpg,data/raw/plantdoc/train/Corn leaf blight/photo-7-004.jpg,b89c20086d94066f8d535d63ce04d1813fd7fd7c27e467e5d3253445e38c7359,b89c20086d94066f8d535d63ce04d1813fd7fd7c27e467e5d3253445e38c7359,163907,723,451,RGB,train,Corn leaf blight,,materialized,
5467f6012d78d1c446145d5f582da6096f852ae8,train/Corn leaf blight/possible-northerncornleafspot.jpg,data/raw/plantdoc/train/Corn leaf blight/possible-northerncornleafspot.jpg,1ff7270d72dd53af1f46ba40c57802a4d8c44e45adde6d31dd4dd849a6891687,1ff7270d72dd53af1f46ba40c57802a4d8c44e45adde6d31dd4dd849a6891687,3872282,2448,3264,RGB,train,Corn leaf blight,,materialized,
5467f6012d78d1c446145d5f582da6096f852ae8,train/Corn leaf blight/rsz0731northernleafblightcigarshapedlesionsfig5.jpg,data/raw/plantdoc/train/Corn leaf blight/rsz0731northernleafblightcigarshapedlesionsfig5.jpg,fffc3d27cb58ddec577d10e15626651329263b42a527ed19040092bd52939c91,fffc3d27cb58ddec577d10e15626651329263b42a527ed19040092bd52939c91,51945,290,358,RGB,train,Corn leaf blight,,materialized,
5467f6012d78d1c446145d5f582da6096f852ae8,train/Corn leaf blight/show_picture.asp?id=aaaaaaaaaanoroz&w=524.jpg,data/raw/plantdoc/train/Corn leaf blight/show_picture.asp?id=aaaaaaaaaanoroz&w=524.jpg,821078c915771fce9e3e56e28abcf89bbefe83e268acc0636106ede5abe036f3,821078c915771fce9e3e56e28abcf89bbefe83e268acc0636106ede5abe036f3,745394,524,393,RGB,train,Corn leaf blight,,materialized,
5467f6012d78d1c446145d5f582da6096f852ae8,train/Corn leaf blight/smaller-Septoria2.jpg,data/raw/plantdoc/train/Corn leaf blight/smaller-Septoria2.jpg,878e3928c0a5c0d50b66fb5fbf5358bbed751ea0de733ea92c0200ea10dd9b45,878e3928c0a5c0d50b66fb5fbf5358bbed751ea0de733ea92c0200ea10dd9b45,110974,1936,1296,RGB,train,Corn leaf blight,,materialized,
5467f6012d78d1c446145d5f582da6096f852ae8,train/Corn leaf blight/stewartswilt.jpg,data/raw/plantdoc/train/Corn leaf blight/stewartswilt.jpg,0b2e074625183ab61005cb9a8fcf6979f4bdfce21de2cc29b2500c9d487d9295,0b2e074625183ab61005cb9a8fcf6979f4bdfce21de2cc29b2500c9d487d9295,26226,500,236,RGB,train,Corn leaf blight,,materialized,
5467f6012d78d1c446145d5f582da6096f852ae8,train/Corn leaf blight/stock-photo-northern-corn-leaf-blight-nclb-is-a-foliar-disease-of-corn-maize-caused-by-exserohilum-turcicum-592778840.jpg,data/raw/plantdoc/train/Corn leaf blight/stock-photo-northern-corn-leaf-blight-nclb-is-a-foliar-disease-of-corn-maize-caused-by-exserohilum-turcicum-592778840.jpg,7d8165558c441580514b96d9eb3cb996844204bbd8b6048a5263d1b12eb5102c,7d8165558c441580514b96d9eb3cb996844204bbd8b6048a5263d1b12eb5102c,602244,1125,1600,RGB,train,Corn leaf blight,,materialized,
5467f6012d78d1c446145d5f582da6096f852ae8,train/Corn leaf blight/stock-photo-northern-corn-leaf-blight-nclb-is-a-foliar-disease-of-corn-maize-caused-by-exserohilum-turcicum-592778861.jpg,data/raw/plantdoc/train/Corn leaf blight/stock-photo-northern-corn-leaf-blight-nclb-is-a-foliar-disease-of-corn-maize-caused-by-exserohilum-turcicum-592778861.jpg,f74663a6842c4fd521da19fce430f52277e3fc93d73b61d6ad40a0becb71afd1,f74663a6842c4fd521da19fce430f52277e3fc93d73b61d6ad40a0becb71afd1,41536,338,470,RGB,train,Corn leaf blight,,materialized,
5467f6012d78d1c446145d5f582da6096f852ae8,train/Corn leaf blight/stock-photo-northern-corn-leaf-blight-nclb-is-a-foliar-disease-of-corn-maize-caused-by-exserohilum-turcicum-592778870.jpg,data/raw/plantdoc/train/Corn leaf blight/stock-photo-northern-corn-leaf-blight-nclb-is-a-foliar-disease-of-corn-maize-caused-by-exserohilum-turcicum-592778870.jpg,7bea0d72bb297199dc8d1a6a3c7d16323a0cc47b6de48c7a1f88ce11d3a711e3,7bea0d72bb297199dc8d1a6a3c7d16323a0cc47b6de48c7a1f88ce11d3a711e3,51025,338,470,RGB,train,Corn leaf blight,,materialized,
5467f6012d78d1c446145d5f582da6096f852ae8,train/Corn leaf blight/stock-photo-northern-corn-leaf-blight-nclb-is-a-foliar-disease-of-corn-maize-caused-by-exserohilum-turcicum-592778882.jpg,data/raw/plantdoc/train/Corn leaf blight/stock-photo-northern-corn-leaf-blight-nclb-is-a-foliar-disease-of-corn-maize-caused-by-exserohilum-turcicum-592778882.jpg,5bb44f8887f6b84514b0eb501c9fb26d3638eb70d775961c91a086c49eab9c11,5bb44f8887f6b84514b0eb501c9fb26d3638eb70d775961c91a086c49eab9c11,40114,338,470,RGB,train,Corn leaf blight,,materialized,
5467f6012d78d1c446145d5f582da6096f852ae8,train/Corn leaf blight/swcdg1-e1482969712678-300x188.jpg,data/raw/plantdoc/train/Corn leaf blight/swcdg1-e1482969712678-300x188.jpg,6d04614f71ed2571f4e921adfeaac718594d30580d582aff01e7a5bec8052e3c,6d04614f71ed2571f4e921adfeaac718594d30580d582aff01e7a5bec8052e3c,15397,300,188,RGB,train,Corn leaf blight,,materialized,
5467f6012d78d1c446145d5f582da6096f852ae8,train/Corn leaf blight/swcdg1.jpg,data/raw/plantdoc/train/Corn leaf blight/swcdg1.jpg,e3a87c6a6935d31845d76857dfade2d6f7127c5e5cbbb0293d09280688e01b50,e3a87c6a6935d31845d76857dfade2d6f7127c5e5cbbb0293d09280688e01b50,136924,521,833,RGB,train,Corn leaf blight,,materialized,
5467f6012d78d1c446145d5f582da6096f852ae8,train/Corn leaf blight/sweetcorn_Northern-corn-leaf-blight_zoom.jpg,data/raw/plantdoc/train/Corn leaf blight/sweetcorn_Northern-corn-leaf-blight_zoom.jpg,5257395e12de18240d077db0862ffb469b1107f148bb53e3911c8055bd68ee3b,5257395e12de18240d077db0862ffb469b1107f148bb53e3911c8055bd68ee3b,29943,504,335,RGB,train,Corn leaf blight,,materialized,
5467f6012d78d1c446145d5f582da6096f852ae8,train/Corn rust leaf/36687400253_a227c2ca28_b.jpg,data/raw/plantdoc/train/Corn rust leaf/36687400253_a227c2ca28_b.jpg,6e130df02a30e39483c87b9cfc7dff024068ef831185bc0cf1afdfbc3a2bba5e,6e130df02a30e39483c87b9cfc7dff024068ef831185bc0cf1afdfbc3a2bba5e,377749,1022,1024,RGB,train,Corn rust leaf,,materialized,
5467f6012d78d1c446145d5f582da6096f852ae8,train/Corn rust leaf/37310253326_7f32b316d1_b.jpg,data/raw/plantdoc/train/Corn rust leaf/37310253326_7f32b316d1_b.jpg,0de97196782cbd3741bce6fcdf9571f81cc8a3f61326e648110ba518d8334b9c,0de97196782cbd3741bce6fcdf9571f81cc8a3f61326e648110ba518d8334b9c,234755,1024,768,RGB,train,Corn rust leaf,,materialized,
5467f6012d78d1c446145d5f582da6096f852ae8,train/Corn rust leaf/37310253806_04fee91918_b.jpg,data/raw/plantdoc/train/Corn rust leaf/37310253806_04fee91918_b.jpg,16977964fb1e3a13a8e8b366b73dacb7be286aa7702d6ab30400f3d35c04e806,16977964fb1e3a13a8e8b366b73dacb7be286aa7702d6ab30400f3d35c04e806,165186,768,1024,RGB,train,Corn rust leaf,,materialized,
5467f6012d78d1c446145d5f582da6096f852ae8,train/Corn rust leaf/37356969601_4208f8bb7f_b.jpg,data/raw/plantdoc/train/Corn rust leaf/37356969601_4208f8bb7f_b.jpg,5d4722f78643aec07d928b2408fed382039f6047840500140107023eec722321,5d4722f78643aec07d928b2408fed382039f6047840500140107023eec722321,300365,1024,768,RGB,train,Corn rust leaf,,materialized,
5467f6012d78d1c446145d5f582da6096f852ae8,train/Corn rust leaf/5833328024_724f1df3f2_b.jpg,data/raw/plantdoc/train/Corn rust leaf/5833328024_724f1df3f2_b.jpg,bb6513c8d45b22472dd5e8ee2c28bd5eac6ab2655f53a7ec7a9bcd9c1b7e77ca,bb6513c8d45b22472dd5e8ee2c28bd5eac6ab2655f53a7ec7a9bcd9c1b7e77ca,491349,1024,608,RGB,train,Corn rust leaf,,materialized,
5467f6012d78d1c446145d5f582da6096f852ae8,train/Corn rust leaf/COURTESY_southernrust-greyleaf.jpg,data/raw/plantdoc/train/Corn rust leaf/COURTESY_southernrust-greyleaf.jpg,b95ab0e40d8981fb94a0512c99b94e555e82d5a360cdfea880b48b72abe98264,b95ab0e40d8981fb94a0512c99b94e555e82d5a360cdfea880b48b72abe98264,106296,800,310,RGB,train,Corn rust leaf,,materialized,
5467f6012d78d1c446145d5f582da6096f852ae8,train/Corn rust leaf/Common-rust-east-central-Indiana.jpg,data/raw/plantdoc/train/Corn rust leaf/Common-rust-east-central-Indiana.jpg,ad01f79cc01e70d8facaa924f0e20b6acf9227807cda84eaaa0d7d73e725d7dd,ad01f79cc01e70d8facaa924f0e20b6acf9227807cda84eaaa0d7d73e725d7dd,192643,1229,880,RGB,train,Corn rust leaf,,materialized,
5467f6012d78d1c446145d5f582da6096f852ae8,train/Corn rust leaf/Common-rust-of-corn-Tedford.jpg,data/raw/plantdoc/train/Corn rust leaf/Common-rust-of-corn-Tedford.jpg,5397ce27f445482018c65dae2ec851849b8f175a9ab485452500b14b340f2597,5397ce27f445482018c65dae2ec851849b8f175a9ab485452500b14b340f2597,764506,2048,1536,RGB,train,Corn rust leaf,,materialized,
5467f6012d78d1c446145d5f582da6096f852ae8,train/Corn rust leaf/Corn%20Common%20Rust.png.jpg,data/raw/plantdoc/train/Corn rust leaf/Corn%20Common%20Rust.png.jpg,4b9dbb1d8e0d7777b41e140216433ad1825f837b3391b8ad381dd88c82a24709,4b9dbb1d8e0d7777b41e140216433ad1825f837b3391b8ad381dd88c82a24709,121318,1000,573,RGB,train,Corn rust leaf,,materialized,
5467f6012d78d1c446145d5f582da6096f852ae8,train/Corn rust leaf/Corn-Common-Rust-300x225.jpg,data/raw/plantdoc/train/Corn rust leaf/Corn-Common-Rust-300x225.jpg,b7dd69037b5425387b1e87dd0a172c6870554e429d6632a441ff47697f9a43b2,b7dd69037b5425387b1e87dd0a172c6870554e429d6632a441ff47697f9a43b2,16669,300,225,RGB,train,Corn rust leaf,,materialized,
5467f6012d78d1c446145d5f582da6096f852ae8,train/Corn rust leaf/Corn-Common-Rust.jpg,data/raw/plantdoc/train/Corn rust leaf/Corn-Common-Rust.jpg,8d0748672aff25d99eaa3b714a3ee1a3773ec8e0b46fde756d9f565b70c74e36,8d0748672aff25d99eaa3b714a3ee1a3773ec8e0b46fde756d9f565b70c74e36,520434,1278,958,RGB,train,Corn rust leaf,,materialized,
5467f6012d78d1c446145d5f582da6096f852ae8,train/Corn rust leaf/Corn-Rusts-wKBishop-story-622x467.jpg,data/raw/plantdoc/train/Corn rust leaf/Corn-Rusts-wKBishop-story-622x467.jpg,a2a78968f4ec72d4b16ec82899bde6a3286a75e8a5eeb24c99bb8b18366daad1,a2a78968f4ec72d4b16ec82899bde6a3286a75e8a5eeb24c99bb8b18366daad1,76712,622,467,RGB,train,Corn rust leaf,,materialized,
5467f6012d78d1c446145d5f582da6096f852ae8,train/Corn rust leaf/Corn-Southern-Rust-7-17-F1.jpg,data/raw/plantdoc/train/Corn rust leaf/Corn-Southern-Rust-7-17-F1.jpg,06cc7a508103b94a381f99e06a895dcbf380de39e2afe77c3d58341d0488d3f6,06cc7a508103b94a381f99e06a895dcbf380de39e2afe77c3d58341d0488d3f6,1114595,1200,900,RGB,train,Corn rust leaf,,materialized,
5467f6012d78d1c446145d5f582da6096f852ae8,train/Corn rust leaf/Corn-southern-rust-C-Schleicher-7-31-F1.jpg,data/raw/plantdoc/train/Corn rust leaf/Corn-southern-rust-C-Schleicher-7-31-F1.jpg,908fd04d2c48653b44ef973d61ced18d5f20a12d2d3b7cc9e8cd360f4f8fe3eb,908fd04d2c48653b44ef973d61ced18d5f20a12d2d3b7cc9e8cd360f4f8fe3eb,281372,1200,900,RGB,train,Corn rust leaf,,materialized,
5467f6012d78d1c446145d5f582da6096f852ae8,train/Corn rust leaf/Corn-southern-rust-F1%20%281%29.jpg,data/raw/plantdoc/train/Corn rust leaf/Corn-southern-rust-F1%20%281%29.jpg,ba9387abc45e7906047f7b5c0c41634a0062753d9dcaa7c72c84acd234d00d21,ba9387abc45e7906047f7b5c0c41634a0062753d9dcaa7c72c84acd234d00d21,52293,450,338,RGB,train,Corn rust leaf,,materialized,
5467f6012d78d1c446145d5f582da6096f852ae8,train/Corn rust leaf/Corn-southern-rust-advanced-F1b-8-7-15.jpg,data/raw/plantdoc/train/Corn rust leaf/Corn-southern-rust-advanced-F1b-8-7-15.jpg,262eaceaf8719405124afdc3bc235a36040b7d1c1556cbf234217b66e3726324,262eaceaf8719405124afdc3bc235a36040b7d1c1556cbf234217b66e3726324,1115723,1333,1000,RGB,train,Corn rust leaf,,materialized,
5467f6012d78d1c446145d5f582da6096f852ae8,train/Corn rust leaf/Corn-southern-rust-early-F1a-8-7-15.jpg,data/raw/plantdoc/train/Corn rust leaf/Corn-southern-rust-early-F1a-8-7-15.jpg,5309a8422ffda596a73323deb92a2388854f50da33347166a64bb44ca4b12903,5309a8422ffda596a73323deb92a2388854f50da33347166a64bb44ca4b12903,1411249,1333,1000,RGB,train,Corn rust leaf,,materialized,
5467f6012d78d1c446145d5f582da6096f852ae8,train/Corn rust leaf/CornRust1.jpg,data/raw/plantdoc/train/Corn rust leaf/CornRust1.jpg,655371ecd3c752bb6489472c9f4113d10775d4c065f2af1106b07b3edb7a395c,655371ecd3c752bb6489472c9f4113d10775d4c065f2af1106b07b3edb7a395c,30954,400,268,RGB,train,Corn rust leaf,,materialized,
5467f6012d78d1c446145d5f582da6096f852ae8,train/Corn rust leaf/CornRustFS1.jpg,data/raw/plantdoc/train/Corn rust leaf/CornRustFS1.jpg,4747f0ac44e95197d33595aa667c2aaf753d192f90c22212b58756aad956adaa,4747f0ac44e95197d33595aa667c2aaf753d192f90c22212b58756aad956adaa,33529,400,272,RGB,train,Corn rust leaf,,materialized,
5467f6012d78d1c446145d5f582da6096f852ae8,train/Corn rust leaf/CornRustFS3.jpg,data/raw/plantdoc/train/Corn rust leaf/CornRustFS3.jpg,b234c7d11d83a62df5f6d6ad3751f982bc61ca7bfea353a84ee104dd3c60933e,b234c7d11d83a62df5f6d6ad3751f982bc61ca7bfea353a84ee104dd3c60933e,44273,400,263,RGB,train,Corn rust leaf,,materialized,
5467f6012d78d1c446145d5f582da6096f852ae8,train/Corn rust leaf/Faske%20Southern%20rust%20of%20corn.jpg,data/raw/plantdoc/train/Corn rust leaf/Faske%20Southern%20rust%20of%20corn.jpg,de379d4358356de272c96d14e2940fa348871389caa3efec148963059d22c5e4,de379d4358356de272c96d14e2940fa348871389caa3efec148963059d22c5e4,31827,350,466,RGB,train,Corn rust leaf,,materialized,
5467f6012d78d1c446145d5f582da6096f852ae8,train/Corn rust leaf/Fig3_Common_rust.JPG.jpg,data/raw/plantdoc/train/Corn rust leaf/Fig3_Common_rust.JPG.jpg,e44bca07fd5a88cb20e319b779de670482c9af46db337924d10d2ca6fb493ef2,e44bca07fd5a88cb20e319b779de670482c9af46db337924d10d2ca6fb493ef2,71015,300,200,RGB,train,Corn rust leaf,,materialized,
5467f6012d78d1c446145d5f582da6096f852ae8,train/Corn rust leaf/Figure%201%20Common%20rust%20on%20a%20corn.jpg,data/raw/plantdoc/train/Corn rust leaf/Figure%201%20Common%20rust%20on%20a%20corn.jpg,c99aeae44934e054aa528a2855f35e3ea817b33755d64317b0a3a3d0176f0dad,c99aeae44934e054aa528a2855f35e3ea817b33755d64317b0a3a3d0176f0dad,35186,516,366,RGB,train,Corn rust leaf,,materialized,
5467f6012d78d1c446145d5f582da6096f852ae8,train/Corn rust leaf/Figure%201%20common%20rust%20on%20corn.jpg,data/raw/plantdoc/train/Corn rust leaf/Figure%201%20common%20rust%20on%20corn.jpg,96da82806781abb772ce57fa4df279c4a4b8657c3aa2ece794efc4684b298b91,96da82806781abb772ce57fa4df279c4a4b8657c3aa2ece794efc4684b298b91,41869,417,275,RGB,train,Corn rust leaf,,materialized,
5467f6012d78d1c446145d5f582da6096f852ae8,train/Corn rust leaf/Figure%201%20early%20southern%20rust.JPG.jpg,data/raw/plantdoc/train/Corn rust leaf/Figure%201%20early%20southern%20rust.JPG.jpg,574bbd082bf34ff3902a2e7f76fe989dacdf37b0f94952dd04610f33d3217fc8,574bbd082bf34ff3902a2e7f76fe989dacdf37b0f94952dd04610f33d3217fc8,1264042,2761,2027,RGB,train,Corn rust leaf,,materialized,
5467f6012d78d1c446145d5f582da6096f852ae8,train/Corn rust leaf/Figure%201a%20%20early%20symptoms%20S%20rust.jpg,data/raw/plantdoc/train/Corn rust leaf/Figure%201a%20%20early%20symptoms%20S%20rust.jpg,50cfd3469e014aac799f9259f95d9bd3f6e0369d486bffbb0453717c62e2e89f,50cfd3469e014aac799f9259f95d9bd3f6e0369d486bffbb0453717c62e2e89f,157998,1200,902,RGB,train,Corn rust leaf,,materialized,
5467f6012d78d1c446145d5f582da6096f852ae8,train/Corn rust leaf/Figure%202a%20older%20S%20rust%20pustules.jpg,data/raw/plantdoc/train/Corn rust leaf/Figure%202a%20older%20S%20rust%20pustules.jpg,1bcc55422934346cc293bc3749299fa546a9fdf96d4137100c33c901d6c7b92a,1bcc55422934346cc293bc3749299fa546a9fdf96d4137100c33c901d6c7b92a,202908,1200,906,RGB,train,Corn rust leaf,,materialized,
5467f6012d78d1c446145d5f582da6096f852ae8,train/Corn rust leaf/Figure-12.jpg,data/raw/plantdoc/train/Corn rust leaf/Figure-12.jpg,577afc59342f7d001ba28e98ebc2744c84b313f7d2741ef6d7993e8a41a65569,577afc59342f7d001ba28e98ebc2744c84b313f7d2741ef6d7993e8a41a65569,229472,1132,849,RGB,train,Corn rust leaf,,materialized,
5467f6012d78d1c446145d5f582da6096f852ae8,train/Corn rust leaf/Figure-4-stripe-rust.jpg,data/raw/plantdoc/train/Corn rust leaf/Figure-4-stripe-rust.jpg,140fe3b69954e735b8fa8ba687bdff6b85d66a7a2a2679493b82efef17a40f85,140fe3b69954e735b8fa8ba687bdff6b85d66a7a2a2679493b82efef17a40f85,483686,1712,1368,RGB,train,Corn rust leaf,,materialized,
5467f6012d78d1c446145d5f582da6096f852ae8,train/Corn rust leaf/GetStoredImage?symbolicName=originalX19261YsiteXDTNYcatalogXcatalog%20&category=CMS.jpg,data/raw/plantdoc/train/Corn rust leaf/GetStoredImage?symbolicName=originalX19261YsiteXDTNYcatalogXcatalog%20&category=CMS.jpg,69be38bd51be49cdcbaee7c322457deb256d0c54aef570625860f89f2c2aa7d3,69be38bd51be49cdcbaee7c322457deb256d0c54aef570625860f89f2c2aa7d3,124800,640,480,RGB,train,Corn rust leaf,,materialized,
5467f6012d78d1c446145d5f582da6096f852ae8,train/Corn rust leaf/IMG_1360-1.jpg,data/raw/plantdoc/train/Corn rust leaf/IMG_1360-1.jpg,c1033c6d337ac90ebc8563b98f170f18a3c5aac779924f4efbd3d14dce4df812,c1033c6d337ac90ebc8563b98f170f18a3c5aac779924f4efbd3d14dce4df812,153672,1280,1280,RGB,train,Corn rust leaf,,materialized,
5467f6012d78d1c446145d5f582da6096f852ae8,train/Corn rust leaf/IMG_1376-300x300.jpg,data/raw/plantdoc/train/Corn rust leaf/IMG_1376-300x300.jpg,7269a9752e3a27f2d7b89ffe3e657e82b0df8ead0d116af8eef0574d6d922220,7269a9752e3a27f2d7b89ffe3e657e82b0df8ead0d116af8eef0574d6d922220,24633,300,300,RGB,train,Corn rust leaf,,materialized,
5467f6012d78d1c446145d5f582da6096f852ae8,train/Corn rust leaf/IMG_1762.jpg,data/raw/plantdoc/train/Corn rust leaf/IMG_1762.jpg,2bf742a5b9c877c018f324ed6149f484e0cb793da0a6212e212519659c004997,2bf742a5b9c877c018f324ed6149f484e0cb793da0a6212e212519659c004997,1077756,3264,2448,RGB,train,Corn rust leaf,,materialized,
5467f6012d78d1c446145d5f582da6096f852ae8,train/Corn rust leaf/IMG_1841.jpg,data/raw/plantdoc/train/Corn rust leaf/IMG_1841.jpg,d34bd176982a7543c47af7f1c2d1f2fa640db74a7eba6ac264665a7dc8e281d7,d34bd176982a7543c47af7f1c2d1f2fa640db74a7eba6ac264665a7dc8e281d7,1549625,3264,2448,RGB,train,Corn rust leaf,,materialized,
5467f6012d78d1c446145d5f582da6096f852ae8,train/Corn rust leaf/IMG_20130620_190316.jpg,data/raw/plantdoc/train/Corn rust leaf/IMG_20130620_190316.jpg,0f5296c13e9b8297eb8847968fc1dde2ddc3866b5373cbf250cb0883fb3ee5bb,0f5296c13e9b8297eb8847968fc1dde2ddc3866b5373cbf250cb0883fb3ee5bb,163113,1280,960,RGB,train,Corn rust leaf,,materialized,
5467f6012d78d1c446145d5f582da6096f852ae8,train/Corn rust leaf/IMG_5011-15vruqb.jpg,data/raw/plantdoc/train/Corn rust leaf/IMG_5011-15vruqb.jpg,679092f8e7a539356a906a8c85fbeeea6612b70033ef3003a57c3413c9664f6f,679092f8e7a539356a906a8c85fbeeea6612b70033ef3003a57c3413c9664f6f,211130,800,600,RGB,train,Corn rust leaf,,materialized,
5467f6012d78d1c446145d5f582da6096f852ae8,train/Corn rust leaf/Ontario-Field-Crop-Report_July_27_2017_f2-1024x768.jpg,data/raw/plantdoc/train/Corn rust leaf/Ontario-Field-Crop-Report_July_27_2017_f2-1024x768.jpg,15df14a0c1400eaa34c4faf17471c9e2113bef28afd7d31a11f96d0997d37f46,15df14a0c1400eaa34c4faf17471c9e2113bef28afd7d31a11f96d0997d37f46,172237,1024,768,RGB,train,Corn rust leaf,,materialized,
5467f6012d78d1c446145d5f582da6096f852ae8,train/Corn rust leaf/Resized_DSC_0191_Rust-Closeup.jpg,data/raw/plantdoc/train/Corn rust leaf/Resized_DSC_0191_Rust-Closeup.jpg,ccbb42a29855fd454cbfe61804c596793d95348ea4d9d4fce0c5351be8f48975,ccbb42a29855fd454cbfe61804c596793d95348ea4d9d4fce0c5351be8f48975,275029,1054,702,RGB,train,Corn rust leaf,,materialized,
5467f6012d78d1c446145d5f582da6096f852ae8,train/Corn rust leaf/SCR-2015.jpg,data/raw/plantdoc/train/Corn rust leaf/SCR-2015.jpg,2f718e759f961a747c2626408b9a2ee6d3dd71f0e070c9b2d8b237a64470a9d0,2f718e759f961a747c2626408b9a2ee6d3dd71f0e070c9b2d8b237a64470a9d0,119473,576,1024,RGB,train,Corn rust leaf,,materialized,
5467f6012d78d1c446145d5f582da6096f852ae8,train/Corn rust leaf/SCR.jpg,data/raw/plantdoc/train/Corn rust leaf/SCR.jpg,b3b023558a56759e98aa052362e76a5faecb82a0797c532f2a4fe3a7e3737418,b3b023558a56759e98aa052362e76a5faecb82a0797c532f2a4fe3a7e3737418,316758,1430,1073,RGB,train,Corn rust leaf,,materialized,
5467f6012d78d1c446145d5f582da6096f852ae8,train/Corn rust leaf/STANDALONE_Southern-corn-rust_01-WEB.jpg,data/raw/plantdoc/train/Corn rust leaf/STANDALONE_Southern-corn-rust_01-WEB.jpg,92c6741a2b662d8e14c429ac3e5c7eb293d94975aadd1fcc78f5e102a383aadf,92c6741a2b662d8e14c429ac3e5c7eb293d94975aadd1fcc78f5e102a383aadf,181249,600,340,RGB,train,Corn rust leaf,,materialized,
5467f6012d78d1c446145d5f582da6096f852ae8,train/Corn rust leaf/So-Corn-Rust.jpg,data/raw/plantdoc/train/Corn rust leaf/So-Corn-Rust.jpg,548b61bf64e3199d8c407e1048dcf6c5185f2bc672b226062aa72340e7af51d1,548b61bf64e3199d8c407e1048dcf6c5185f2bc672b226062aa72340e7af51d1,196108,462,353,RGB,train,Corn rust leaf,,materialized,
5467f6012d78d1c446145d5f582da6096f852ae8,train/Corn rust leaf/Southern%20corn%20rust.ashx?w=600.jpg,data/raw/plantdoc/train/Corn rust leaf/Southern%20corn%20rust.ashx?w=600.jpg,aa5d1f93c19d5083f78303cb64f737440ac7cab9d329871c4c899857945e3eba,aa5d1f93c19d5083f78303cb64f737440ac7cab9d329871c4c899857945e3eba,184492,600,400,RGB,train,Corn rust leaf,,materialized,
5467f6012d78d1c446145d5f582da6096f852ae8,train/Corn rust leaf/Southern%20rust.jpg,data/raw/plantdoc/train/Corn rust leaf/Southern%20rust.jpg,97f2945c086f44705be02432d10392cd2f92416e9f871fe6fc1ed8fb462c06b8,97f2945c086f44705be02432d10392cd2f92416e9f871fe6fc1ed8fb462c06b8,190067,675,1200,RGB,train,Corn rust leaf,,materialized,
5467f6012d78d1c446145d5f582da6096f852ae8,train/Corn rust leaf/Southern-Corn-Rust.ashx?w=770.jpg,data/raw/plantdoc/train/Corn rust leaf/Southern-Corn-Rust.ashx?w=770.jpg,09488b1f7a3bd4f17a28238e9db3c54358495c6c764a22b660ba2b086631af69,09488b1f7a3bd4f17a28238e9db3c54358495c6c764a22b660ba2b086631af69,116622,770,513,RGB,train,Corn rust leaf,,materialized,
5467f6012d78d1c446145d5f582da6096f852ae8,train/Corn rust leaf/Southern-Corn-Rust1.jpg,data/raw/plantdoc/train/Corn rust leaf/Southern-Corn-Rust1.jpg,622ad00aff260b950272bbd3abcb82eba567aec762e175e3d1339535e4a56a76,622ad00aff260b950272bbd3abcb82eba567aec762e175e3d1339535e4a56a76,203455,768,1024,RGB,train,Corn rust leaf,,materialized,
5467f6012d78d1c446145d5f582da6096f852ae8,train/Corn rust leaf/Southern-Rust4-300x200.jpg,data/raw/plantdoc/train/Corn rust leaf/Southern-Rust4-300x200.jpg,e1e1a01ddf5e5a3b3f5d13cdfb1fce133adc445c924f1e33ff71d1208d3493c1,e1e1a01ddf5e5a3b3f5d13cdfb1fce133adc445c924f1e33ff71d1208d3493c1,16493,300,200,RGB,train,Corn rust leaf,,materialized,
5467f6012d78d1c446145d5f582da6096f852ae8,train/Corn rust leaf/Southern-rust-2_Wise.jpg,data/raw/plantdoc/train/Corn rust leaf/Southern-rust-2_Wise.jpg,476b69fbd1ba592a032a8a00447513c7a4f463a4a7d41427bc09aeb1e874c655,476b69fbd1ba592a032a8a00447513c7a4f463a4a7d41427bc09aeb1e874c655,676607,1920,1440,RGB,train,Corn rust leaf,,materialized,
5467f6012d78d1c446145d5f582da6096f852ae8,train/Corn rust leaf/Southern-rust-underside-of-leaf-1.jpg,data/raw/plantdoc/train/Corn rust leaf/Southern-rust-underside-of-leaf-1.jpg,59c3da6c1bd38e1661ce4f3157f836dc62ed8a19fa31a67183c255bbbad10c47,59c3da6c1bd38e1661ce4f3157f836dc62ed8a19fa31a67183c255bbbad10c47,35723,765,325,RGB,train,Corn rust leaf,,materialized,
5467f6012d78d1c446145d5f582da6096f852ae8,train/Corn rust leaf/Southern-rust-upper-side-of-leaf-with-pustules-1.jpg,data/raw/plantdoc/train/Corn rust leaf/Southern-rust-upper-side-of-leaf-with-pustules-1.jpg,7c73a47c92d5a83c00259bd759f7fd524aba51adc492354c7d151c945b3e23e7,7c73a47c92d5a83c00259bd759f7fd524aba51adc492354c7d151c945b3e23e7,31740,765,257,RGB,train,Corn rust leaf,,materialized,
5467f6012d78d1c446145d5f582da6096f852ae8,train/Corn rust leaf/SouthernRustLeaf.png.jpg,data/raw/plantdoc/train/Corn rust leaf/SouthernRustLeaf.png.jpg,78c95a0c1ddb962acbc7256ab1d6dad2f92fb0c76617b88b37a576de2f60807c,78c95a0c1ddb962acbc7256ab1d6dad2f92fb0c76617b88b37a576de2f60807c,538541,666,443,RGBA,train,Corn rust leaf,,materialized,
5467f6012d78d1c446145d5f582da6096f852ae8,train/Corn rust leaf/common-rust-in-field-300x200.jpg,data/raw/plantdoc/train/Corn rust leaf/common-rust-in-field-300x200.jpg,26dc49c5191806d424eafd6b75de6156550f2d7ece5abe718ac3a0344a103d1f,26dc49c5191806d424eafd6b75de6156550f2d7ece5abe718ac3a0344a103d1f,13805,300,200,RGB,train,Corn rust leaf,,materialized,
5467f6012d78d1c446145d5f582da6096f852ae8,train/Corn rust leaf/common-rust-lower-leaf-side.jpg,data/raw/plantdoc/train/Corn rust leaf/common-rust-lower-leaf-side.jpg,064359df124f01d51c773d5f13703deb8da2e819febed2003ee31f73c8032a23,064359df124f01d51c773d5f13703deb8da2e819febed2003ee31f73c8032a23,605245,2592,1728,RGB,train,Corn rust leaf,,materialized,
5467f6012d78d1c446145d5f582da6096f852ae8,train/Corn rust leaf/common-rust-upper-leaf-side.jpg,data/raw/plantdoc/train/Corn rust leaf/common-rust-upper-leaf-side.jpg,6ed77c5672788a9066ba1802e20797f6d044c5dcf143003b1ae8afec64fb03c2,6ed77c5672788a9066ba1802e20797f6d044c5dcf143003b1ae8afec64fb03c2,449312,2592,1728,RGB,train,Corn rust leaf,,materialized,
5467f6012d78d1c446145d5f582da6096f852ae8,train/Corn rust leaf/common-rust3.jpg,data/raw/plantdoc/train/Corn rust leaf/common-rust3.jpg,04cfdf7dd6686ca8a6dccd08c968df23ec7b61742d7c80ecd5a53aa7957cdf19,04cfdf7dd6686ca8a6dccd08c968df23ec7b61742d7c80ecd5a53aa7957cdf19,302297,2048,1536,RGB,train,Corn rust leaf,,materialized,
5467f6012d78d1c446145d5f582da6096f852ae8,train/Corn rust leaf/commonrust-2016-a-shirley.jpg,data/raw/plantdoc/train/Corn rust leaf/commonrust-2016-a-shirley.jpg,25d84f401230627b17240c91ab7bbd20453105d16265220e3cc16a68afe429eb,25d84f401230627b17240c91ab7bbd20453105d16265220e3cc16a68afe429eb,238243,960,1280,RGB,train,Corn rust leaf,,materialized,
5467f6012d78d1c446145d5f582da6096f852ae8,train/Corn rust leaf/commonrust2-1024x768.jpg,data/raw/plantdoc/train/Corn rust leaf/commonrust2-1024x768.jpg,ec17e9324b96e1d6cade04880b52476e82eab564e7a21bc523799dc6e1172995,ec17e9324b96e1d6cade04880b52476e82eab564e7a21bc523799dc6e1172995,183475,1024,768,RGB,train,Corn rust leaf,,materialized,
5467f6012d78d1c446145d5f582da6096f852ae8,train/Corn rust leaf/corn%20rust.jpg,data/raw/plantdoc/train/Corn rust leaf/corn%20rust.jpg,8d322ebc2f434ec07add308af8d717e63b0f15a23a5028a7439efcb4ac28cbf5,8d322ebc2f434ec07add308af8d717e63b0f15a23a5028a7439efcb4ac28cbf5,49720,748,540,RGB,train,Corn rust leaf,,materialized,
5467f6012d78d1c446145d5f582da6096f852ae8,train/Corn rust leaf/corn-common-rust-f5-R.jpg,data/raw/plantdoc/train/Corn rust leaf/corn-common-rust-f5-R.jpg,53eff8a1fa33c6e71bc4ece73c2b53952e994bd4013ff2ce925ecef29eb47a7c,53eff8a1fa33c6e71bc4ece73c2b53952e994bd4013ff2ce925ecef29eb47a7c,752571,672,832,RGB,train,Corn rust leaf,,materialized,
5467f6012d78d1c446145d5f582da6096f852ae8,train/Corn rust leaf/corn-diseases-fig-1-so-rust.jpg,data/raw/plantdoc/train/Corn rust leaf/corn-diseases-fig-1-so-rust.jpg,ab441d48f6e0812d019853a38b3216c9eb4c10f61172c4716c87d465c7710bff,ab441d48f6e0812d019853a38b3216c9eb4c10f61172c4716c87d465c7710bff,1342670,1500,1125,RGB,train,Corn rust leaf,,materialized,
5467f6012d78d1c446145d5f582da6096f852ae8,train/Corn rust leaf/corn-diseases-fig-2-tar-spot.jpg,data/raw/plantdoc/train/Corn rust leaf/corn-diseases-fig-2-tar-spot.jpg,deb8cc040e3bfa7d65af51e4c8befb1a79e5bc80188139b9638ba4657575e56e,deb8cc040e3bfa7d65af51e4c8befb1a79e5bc80188139b9638ba4657575e56e,246965,960,720,RGB,train,Corn rust leaf,,materialized,
5467f6012d78d1c446145d5f582da6096f852ae8,train/Corn rust leaf/corn-leaf-rust.jpg,data/raw/plantdoc/train/Corn rust leaf/corn-leaf-rust.jpg,c54df284dca7a12de1d4c0b7e41818589e1d95232d017708acb9c32e27ee8969,c54df284dca7a12de1d4c0b7e41818589e1d95232d017708acb9c32e27ee8969,140972,640,640,RGB,train,Corn rust leaf,,materialized,
5467f6012d78d1c446145d5f582da6096f852ae8,train/Corn rust leaf/corn-rust-2.jpg,data/raw/plantdoc/train/Corn rust leaf/corn-rust-2.jpg,07efdd8f59d1cce626238d4c4a456d780b4ab405ef46afb8d29a93edc35c897f,07efdd8f59d1cce626238d4c4a456d780b4ab405ef46afb8d29a93edc35c897f,56462,750,350,RGB,train,Corn rust leaf,,materialized,
5467f6012d78d1c446145d5f582da6096f852ae8,train/Corn rust leaf/corn-rust-3.jpg,data/raw/plantdoc/train/Corn rust leaf/corn-rust-3.jpg,ccbbe5f94578b6c1c31e290c0f904f6a0e93520625b2c52a246b642d39d49639,ccbbe5f94578b6c1c31e290c0f904f6a0e93520625b2c52a246b642d39d49639,56047,750,350,RGB,train,Corn rust leaf,,materialized,
5467f6012d78d1c446145d5f582da6096f852ae8,train/Corn rust leaf/corn-rust-4.jpg,data/raw/plantdoc/train/Corn rust leaf/corn-rust-4.jpg,2e58f04b91cdbaa570d8473de989fb0742069643d88878f0a77efaafed5da353,2e58f04b91cdbaa570d8473de989fb0742069643d88878f0a77efaafed5da353,56457,750,350,RGB,train,Corn rust leaf,,materialized,
5467f6012d78d1c446145d5f582da6096f852ae8,train/Corn rust leaf/corn-rust-5.jpg,data/raw/plantdoc/train/Corn rust leaf/corn-rust-5.jpg,518d94c34572b0b11600f6c7aab2ebe41c4e6ca3fef7984c434ef5a49025c675,518d94c34572b0b11600f6c7aab2ebe41c4e6ca3fef7984c434ef5a49025c675,63318,750,350,RGB,train,Corn rust leaf,,materialized,
5467f6012d78d1c446145d5f582da6096f852ae8,train/Corn rust leaf/corn-rust-6_19_17-image.jpg,data/raw/plantdoc/train/Corn rust leaf/corn-rust-6_19_17-image.jpg,748f7d5eac1d12e87d4d8e954c9c68a923f9b6b4597748cd5efb39a0c1206023,748f7d5eac1d12e87d4d8e954c9c68a923f9b6b4597748cd5efb39a0c1206023,1067624,1440,2560,RGB,train,Corn rust leaf,,materialized,
5467f6012d78d1c446145d5f582da6096f852ae8,train/Corn rust leaf/corn-rust-disease-pests-leaf-260nw-1038062233.jpg,data/raw/plantdoc/train/Corn rust leaf/corn-rust-disease-pests-leaf-260nw-1038062233.jpg,a355808195906cc41585369504daf96c0287f4f33f3ae4d2adf0144216b07902,a355808195906cc41585369504daf96c0287f4f33f3ae4d2adf0144216b07902,34084,390,280,RGB,train,Corn rust leaf,,materialized,
5467f6012d78d1c446145d5f582da6096f852ae8,train/Corn rust leaf/corn-rust.jpg,data/raw/plantdoc/train/Corn rust leaf/corn-rust.jpg,1a80adce5fb14748e1d31c5361f50491dede887c8cc84bc7ee7219d2aa14d168,1a80adce5fb14748e1d31c5361f50491dede887c8cc84bc7ee7219d2aa14d168,61309,750,350,RGB,train,Corn rust leaf,,materialized,
5467f6012d78d1c446145d5f582da6096f852ae8,train/Corn rust leaf/corn-southern-rust-2.jpg,data/raw/plantdoc/train/Corn rust leaf/corn-southern-rust-2.jpg,7d41e7396b7db514ac238cf4cde4429433f0682568480f35290018b506667765,7d41e7396b7db514ac238cf4cde4429433f0682568480f35290018b506667765,715371,1000,750,RGB,train,Corn rust leaf,,materialized,
5467f6012d78d1c446145d5f582da6096f852ae8,train/Corn rust leaf/corn-southern-rust-pustules.JPG?itok=VXIzyv8m.jpg,data/raw/plantdoc/train/Corn rust leaf/corn-southern-rust-pustules.JPG?itok=VXIzyv8m.jpg,283fcf1518e8d4cfde87fccb7e7dacb0c25e4b93938d83fc7ce941fe54ba69ca,283fcf1518e8d4cfde87fccb7e7dacb0c25e4b93938d83fc7ce941fe54ba69ca,28312,480,360,RGB,train,Corn rust leaf,,materialized,
5467f6012d78d1c446145d5f582da6096f852ae8,train/Corn rust leaf/corn-southern-rust-spores.jpg,data/raw/plantdoc/train/Corn rust leaf/corn-southern-rust-spores.jpg,69e9e25c40784ce44e949d08962fca3500f95cc8322891e5416b2bdb8b96d630,69e9e25c40784ce44e949d08962fca3500f95cc8322891e5416b2bdb8b96d630,117442,675,1200,RGB,train,Corn rust leaf,,materialized,
5467f6012d78d1c446145d5f582da6096f852ae8,train/Corn rust leaf/corn_rust.jpg,data/raw/plantdoc/train/Corn rust leaf/corn_rust.jpg,937b1af17ffeb0d9ee5824c7c7bbd0ef509c26c2a5cc1a22cbc976461c512abc,937b1af17ffeb0d9ee5824c7c7bbd0ef509c26c2a5cc1a22cbc976461c512abc,95313,375,255,RGB,train,Corn rust leaf,,materialized,
5467f6012d78d1c446145d5f582da6096f852ae8,train/Corn rust leaf/corn_rust1_l.jpg,data/raw/plantdoc/train/Corn rust leaf/corn_rust1_l.jpg,76521fc8dff0786be64d4ab6b9785c700a5fdca2ebeeecd4c18b92d33490a01f,76521fc8dff0786be64d4ab6b9785c700a5fdca2ebeeecd4c18b92d33490a01f,31995,774,528,RGB,train,Corn rust leaf,,materialized,
5467f6012d78d1c446145d5f582da6096f852ae8,train/Corn rust leaf/disease.JPG.jpg,data/raw/plantdoc/train/Corn rust leaf/disease.JPG.jpg,e6682e5657bfc734c81e3136743738193e91ecc83fe4fc2a1a2ada36a2048766,e6682e5657bfc734c81e3136743738193e91ecc83fe4fc2a1a2ada36a2048766,240804,1080,660,RGB,train,Corn rust leaf,,materialized,
5467f6012d78d1c446145d5f582da6096f852ae8,train/Corn rust leaf/disease1.jpg,data/raw/plantdoc/train/Corn rust leaf/disease1.jpg,d1d7951e111bb1b351700ee58c6c289b3f43f11dcc1d086ae8761ce929e38b5a,d1d7951e111bb1b351700ee58c6c289b3f43f11dcc1d086ae8761ce929e38b5a,181969,500,375,RGB,train,Corn rust leaf,,materialized,
5467f6012d78d1c446145d5f582da6096f852ae8,train/Corn rust leaf/disease2.jpg,data/raw/plantdoc/train/Corn rust leaf/disease2.jpg,0bf0ff94125cbbb584f2892f02cc3950ab1e69f3ede6f8aeec34405b8130fdad,0bf0ff94125cbbb584f2892f02cc3950ab1e69f3ede6f8aeec34405b8130fdad,205687,862,882,RGB,train,Corn rust leaf,,materialized,
5467f6012d78d1c446145d5f582da6096f852ae8,train/Corn rust leaf/g14-1680-1.jpg,data/raw/plantdoc/train/Corn rust leaf/g14-1680-1.jpg,500699a905ce91e9ff72e1e8824fc1fc1f2da4930cbbf40cdc8d970af5559783,500699a905ce91e9ff72e1e8824fc1fc1f2da4930cbbf40cdc8d970af5559783,179831,320,388,RGB,train,Corn rust leaf,,materialized,
5467f6012d78d1c446145d5f582da6096f852ae8,train/Corn rust leaf/g14-1680-6.jpg,data/raw/plantdoc/train/Corn rust leaf/g14-1680-6.jpg,16de55d16b3b2fb7f752ed7d40f83f7a72661c06230a09639ed4ab5f279c8abe,16de55d16b3b2fb7f752ed7d40f83f7a72661c06230a09639ed4ab5f279c8abe,126531,320,240,RGB,train,Corn rust leaf,,materialized,
5467f6012d78d1c446145d5f582da6096f852ae8,train/Corn rust leaf/ga-2015-06-01-crust-02.jpg,data/raw/plantdoc/train/Corn rust leaf/ga-2015-06-01-crust-02.jpg,bdb4e7089edeaffaedc2d230aa4a375593f0d00308a9c6fd53537d3d700765a1,bdb4e7089edeaffaedc2d230aa4a375593f0d00308a9c6fd53537d3d700765a1,322244,580,662,RGB,train,Corn rust leaf,,materialized,
5467f6012d78d1c446145d5f582da6096f852ae8,train/Corn rust leaf/imag4090.jpg,data/raw/plantdoc/train/Corn rust leaf/imag4090.jpg,e353fc7796a796b4abb8ed63d71b64a8687754fc9c6f4e4b419ca3001cee9407,e353fc7796a796b4abb8ed63d71b64a8687754fc9c6f4e4b419ca3001cee9407,824025,2048,1152,RGB,train,Corn rust leaf,,materialized,
5467f6012d78d1c446145d5f582da6096f852ae8,train/Corn rust leaf/image1.jpg,data/raw/plantdoc/train/Corn rust leaf/image1.jpg,34bde8aa6159888f11357a79aed72e8c0857001a85d18dfd524b617399bc4ddb,34bde8aa6159888f11357a79aed72e8c0857001a85d18dfd524b617399bc4ddb,3142253,4032,3024,RGB,train,Corn rust leaf,,materialized,
5467f6012d78d1c446145d5f582da6096f852ae8,train/Corn rust leaf/imgF.jpg,data/raw/plantdoc/train/Corn rust leaf/imgF.jpg,584e5e61f790f27fadb995ad6ee4f29cb26d21f6e971d7f626b6d2a15be2f952,584e5e61f790f27fadb995ad6ee4f29cb26d21f6e971d7f626b6d2a15be2f952,38761,450,338,RGB,train,Corn rust leaf,,materialized,
5467f6012d78d1c446145d5f582da6096f852ae8,train/Corn rust leaf/markjones-corn-001.jpg,data/raw/plantdoc/train/Corn rust leaf/markjones-corn-001.jpg,7bd077daf8c4477e8a818039029b07e66f69ad4d95253059ce7632e0516b0b07,7bd077daf8c4477e8a818039029b07e66f69ad4d95253059ce7632e0516b0b07,254238,500,375,RGB,train,Corn rust leaf,,materialized,
5467f6012d78d1c446145d5f582da6096f852ae8,train/Corn rust leaf/plant-rust-southern-rust-on-corn-leaf-plant-diseases-rust-of-wheat.jpg,data/raw/plantdoc/train/Corn rust leaf/plant-rust-southern-rust-on-corn-leaf-plant-diseases-rust-of-wheat.jpg,8213ef2677772a76806b9407b632db3104945c55c55b5fe99cdd28ca511d7486,8213ef2677772a76806b9407b632db3104945c55c55b5fe99cdd28ca511d7486,78627,700,482,RGB,train,Corn rust leaf,,materialized,
5467f6012d78d1c446145d5f582da6096f852ae8,train/Corn rust leaf/ppth-friskop-1-corn-rust.png.jpg,data/raw/plantdoc/train/Corn rust leaf/ppth-friskop-1-corn-rust.png.jpg,d3b923d3e5147c94fc68ad3ee2f8b412cdb317d9c32cbc89dee43cf07a096144,d3b923d3e5147c94fc68ad3ee2f8b412cdb317d9c32cbc89dee43cf07a096144,261700,578,224,RGBA,train,Corn rust leaf,,materialized,
5467f6012d78d1c446145d5f582da6096f852ae8,train/Corn rust leaf/pu_polysora.jpg,data/raw/plantdoc/train/Corn rust leaf/pu_polysora.jpg,1ea38554bcfc35b46ef1ec647be7793c9457e1c81fe87512a929cc524e3a6da3,1ea38554bcfc35b46ef1ec647be7793c9457e1c81fe87512a929cc524e3a6da3,63794,754,482,RGB,train,Corn rust leaf,,materialized,
5467f6012d78d1c446145d5f582da6096f852ae8,train/Corn rust leaf/rust-3.jpg,data/raw/plantdoc/train/Corn rust leaf/rust-3.jpg,5141c6858549a34b681a1d9066a4b2635bc1aa6910b5c45cc844644766f6bb3d,5141c6858549a34b681a1d9066a4b2635bc1aa6910b5c45cc844644766f6bb3d,823030,1836,3264,RGB,train,Corn rust leaf,,materialized,
5467f6012d78d1c446145d5f582da6096f852ae8,train/Corn rust leaf/rust.jpg,data/raw/plantdoc/train/Corn rust leaf/rust.jpg,b197cb1ed7a14ffc3bc44ef3282b565846b4e14fcdc875440d66e42f77834e07,b197cb1ed7a14ffc3bc44ef3282b565846b4e14fcdc875440d66e42f77834e07,148059,1338,357,RGB,train,Corn rust leaf,,materialized,
5467f6012d78d1c446145d5f582da6096f852ae8,train/Corn rust leaf/rust1_600px-2emtnhc.jpg,data/raw/plantdoc/train/Corn rust leaf/rust1_600px-2emtnhc.jpg,85161728c306773fae03ca4d1dd3bf950dd6e2157031d8c3b8cf7fc461d44f70,85161728c306773fae03ca4d1dd3bf950dd6e2157031d8c3b8cf7fc461d44f70,31681,600,450,RGB,train,Corn rust leaf,,materialized,
5467f6012d78d1c446145d5f582da6096f852ae8,train/Corn rust leaf/sevc.jpg,data/raw/plantdoc/train/Corn rust leaf/sevc.jpg,0689254a9070ca0e21372ac7e1da30d1f963195cf7745919dcff2facb718aa2d,0689254a9070ca0e21372ac7e1da30d1f963195cf7745919dcff2facb718aa2d,28846,392,236,RGB,train,Corn rust leaf,,materialized,
5467f6012d78d1c446145d5f582da6096f852ae8,train/Corn rust leaf/southern-rust-2.jpg,data/raw/plantdoc/train/Corn rust leaf/southern-rust-2.jpg,6459c281458563c6a4fc395557bd313bb1597327b9acc552e1723aefa2395c8b,6459c281458563c6a4fc395557bd313bb1597327b9acc552e1723aefa2395c8b,209367,1024,768,RGB,train,Corn rust leaf,,materialized,
5467f6012d78d1c446145d5f582da6096f852ae8,train/Corn rust leaf/southern-rust-als.jpg,data/raw/plantdoc/train/Corn rust leaf/southern-rust-als.jpg,5644d4339de9e24b073d53ebdd93ac1382d7329638e59a3a0358f567a3ad21c5,5644d4339de9e24b073d53ebdd93ac1382d7329638e59a3a0358f567a3ad21c5,2125803,3264,2448,RGB,train,Corn rust leaf,,materialized,
5467f6012d78d1c446145d5f582da6096f852ae8,train/Corn rust leaf/southern-rust-close.jpg,data/raw/plantdoc/train/Corn rust leaf/southern-rust-close.jpg,6369884b4de3a50304e0a32809b39bec7144f47505df87bfee498a313b1fb911,6369884b4de3a50304e0a32809b39bec7144f47505df87bfee498a313b1fb911,6483951,2848,4272,RGB,train,Corn rust leaf,,materialized,
5467f6012d78d1c446145d5f582da6096f852ae8,train/Corn rust leaf/southern-rust-lower-side.jpg,data/raw/plantdoc/train/Corn rust leaf/southern-rust-lower-side.jpg,6b1f1d1cf4bf233b49a91bd560208786856cc9caaec174425554441294f224b7,6b1f1d1cf4bf233b49a91bd560208786856cc9caaec174425554441294f224b7,917400,1836,3264,RGB,train,Corn rust leaf,,materialized,
5467f6012d78d1c446145d5f582da6096f852ae8,train/Corn rust leaf/southern-rust-upper-side-576x1024.jpg,data/raw/plantdoc/train/Corn rust leaf/southern-rust-upper-side-576x1024.jpg,f0b6dc614ef754bf4396bb2bbce8984c7ee5243d238a248764b5a4e14b196376,f0b6dc614ef754bf4396bb2bbce8984c7ee5243d238a248764b5a4e14b196376,133106,576,1024,RGB,train,Corn rust leaf,,materialized,
5467f6012d78d1c446145d5f582da6096f852ae8,train/Corn rust leaf/southernrust-seminole-june1.jpg,data/raw/plantdoc/train/Corn rust leaf/southernrust-seminole-june1.jpg,20e5582ad6e45e9174354c97405eec1e11458fda9c962f85f815d64185d17129,20e5582ad6e45e9174354c97405eec1e11458fda9c962f85f815d64185d17129,2043110,2448,3264,RGB,train,Corn rust leaf,,materialized,
5467f6012d78d1c446145d5f582da6096f852ae8,train/Corn rust leaf/southernrust.jpg,data/raw/plantdoc/train/Corn rust leaf/southernrust.jpg,aea6c0ca1aa122863dbcbb482c853bf5dd361125945b1e59b154c175736f48ee,aea6c0ca1aa122863dbcbb482c853bf5dd361125945b1e59b154c175736f48ee,1459136,2273,1901,RGB,train,Corn rust leaf,,materialized,
5467f6012d78d1c446145d5f582da6096f852ae8,train/Corn rust leaf/southernrust1.png.jpg,data/raw/plantdoc/train/Corn rust leaf/southernrust1.png.jpg,b6be07a0e79d7cac01e7c8972cf6b3f5699b9a594050182ad4995b39f13eddf5,b6be07a0e79d7cac01e7c8972cf6b3f5699b9a594050182ad4995b39f13eddf5,608961,471,628,RGBA,train,Corn rust leaf,,materialized,
5467f6012d78d1c446145d5f582da6096f852ae8,train/Corn rust leaf/stock-photo-rust-disease-in-corn-field-119923045.jpg,data/raw/plantdoc/train/Corn rust leaf/stock-photo-rust-disease-in-corn-field-119923045.jpg,89b738fbfa3127544b08c0dfa02918835b28e49ed11f635abfec4c0d27665a40,89b738fbfa3127544b08c0dfa02918835b28e49ed11f635abfec4c0d27665a40,707038,1500,1101,RGB,train,Corn rust leaf,,materialized,
5467f6012d78d1c446145d5f582da6096f852ae8,train/Corn rust leaf/swcdg3.jpg,data/raw/plantdoc/train/Corn rust leaf/swcdg3.jpg,cbf8e5d8962d27b04cc69d2d6516127b8ccdcdb5caa01fb63dfabda375711679,cbf8e5d8962d27b04cc69d2d6516127b8ccdcdb5caa01fb63dfabda375711679,168075,612,501,RGB,train,Corn rust leaf,,materialized,
5467f6012d78d1c446145d5f582da6096f852ae8,train/Corn rust leaf/swcdg4.jpg,data/raw/plantdoc/train/Corn rust leaf/swcdg4.jpg,f66a37380c290aa4bda11252e4d65b8fdde270a185226e121c9f3d3b1beda284,f66a37380c290aa4bda11252e4d65b8fdde270a185226e121c9f3d3b1beda284,186150,694,583,RGB,train,Corn rust leaf,,materialized,
5467f6012d78d1c446145d5f582da6096f852ae8,train/Corn rust leaf/sweetcorn_Rust-2_zoom.jpg,data/raw/plantdoc/train/Corn rust leaf/sweetcorn_Rust-2_zoom.jpg,133bb0648d387f86d4d3adfb3255ba7ce8c1aff813725abfd3fd7d3690ea8ab7,133bb0648d387f86d4d3adfb3255ba7ce8c1aff813725abfd3fd7d3690ea8ab7,119895,900,595,RGB,train,Corn rust leaf,,materialized,
5467f6012d78d1c446145d5f582da6096f852ae8,train/Corn rust leaf/sweetcorn_Rust-3_zoom.jpg,data/raw/plantdoc/train/Corn rust leaf/sweetcorn_Rust-3_zoom.jpg,5b55e18ac3be2e4ff9975df6b433dbbf3d1cad740045ea75e1143bbef8fd349c,5b55e18ac3be2e4ff9975df6b433dbbf3d1cad740045ea75e1143bbef8fd349c,108371,900,675,RGB,train,Corn rust leaf,,materialized,
5467f6012d78d1c446145d5f582da6096f852ae8,train/Corn rust leaf/uuid%3Db547b743-d1a1-4788-86dc-8e90ad17e170%26groupId%3D1841%26t%3D1375243802648.jpg,data/raw/plantdoc/train/Corn rust leaf/uuid%3Db547b743-d1a1-4788-86dc-8e90ad17e170%26groupId%3D1841%26t%3D1375243802648.jpg,6f5a324559a80c14210110ab8fe7d84909887a27916a351591d176ff0ef70080,6f5a324559a80c14210110ab8fe7d84909887a27916a351591d176ff0ef70080,24603,350,263,RGB,train,Corn rust leaf,,materialized,
5467f6012d78d1c446145d5f582da6096f852ae8,train/Corn rust leaf/web1_cusoutherncornrust.jpg,data/raw/plantdoc/train/Corn rust leaf/web1_cusoutherncornrust.jpg,c0cc58aeb9af270e4d51f39282c0f15d17d5dda67114ceee200e47ceab9b8c95,c0cc58aeb9af270e4d51f39282c0f15d17d5dda67114ceee200e47ceab9b8c95,273201,640,428,RGB,train,Corn rust leaf,,materialized,
5467f6012d78d1c446145d5f582da6096f852ae8,train/Peach leaf/0052.jpg,data/raw/plantdoc/train/Peach leaf/0052.jpg,0620de5de8bc1c36a2877c595590031460f71891c7348a306f2a771f5c82d720,0620de5de8bc1c36a2877c595590031460f71891c7348a306f2a771f5c82d720,1289368,2304,3072,RGB,train,Peach leaf,,materialized,
5467f6012d78d1c446145d5f582da6096f852ae8,train/Peach leaf/020.JPG.jpg,data/raw/plantdoc/train/Peach leaf/020.JPG.jpg,505b7633a3b18edbb3c7f8d1dd15ee1056076ab776387b24a388b74661a12dc6,505b7633a3b18edbb3c7f8d1dd15ee1056076ab776387b24a388b74661a12dc6,210659,1600,1200,RGB,train,Peach leaf,,materialized,
5467f6012d78d1c446145d5f582da6096f852ae8,train/Peach leaf/0pe.jpg,data/raw/plantdoc/train/Peach leaf/0pe.jpg,262df3cc0d907bcac76911ca56f0910ebf43a4173f549e801a9cbd9cbc38ab71,262df3cc0d907bcac76911ca56f0910ebf43a4173f549e801a9cbd9cbc38ab71,2864825,5472,3648,RGB,train,Peach leaf,,materialized,
5467f6012d78d1c446145d5f582da6096f852ae8,train/Peach leaf/0peach.jpg,data/raw/plantdoc/train/Peach leaf/0peach.jpg,1891e69404a192fc66ba37012e57c6387c11996a22afbb57364e57793d42c972,1891e69404a192fc66ba37012e57c6387c11996a22afbb57364e57793d42c972,239111,1600,991,RGB,train,Peach leaf,,materialized,
5467f6012d78d1c446145d5f582da6096f852ae8,train/Peach leaf/1200px-Illustration_Prunus_persica0.jpg,data/raw/plantdoc/train/Peach leaf/1200px-Illustration_Prunus_persica0.jpg,33045f5e3621a56c1ced80643edeb89d4959f98811ce9b0e18e6df9937f360a1,33045f5e3621a56c1ced80643edeb89d4959f98811ce9b0e18e6df9937f360a1,704987,1200,1941,RGB,train,Peach leaf,,materialized,
5467f6012d78d1c446145d5f582da6096f852ae8,train/Peach leaf/1343.jpg,data/raw/plantdoc/train/Peach leaf/1343.jpg,49e378098b5cbff68c8f688e00c2e8e4c2bf818b0002cfb66b1722276c95f80d,49e378098b5cbff68c8f688e00c2e8e4c2bf818b0002cfb66b1722276c95f80d,136289,1024,1510,RGB,train,Peach leaf,,materialized,
5467f6012d78d1c446145d5f582da6096f852ae8,train/Peach leaf/1737796_orig.jpg,data/raw/plantdoc/train/Peach leaf/1737796_orig.jpg,4b0a58284dbcc4c87f9e22a8db2b9d2356441b7365bae0ee20b820a9bab068cc,4b0a58284dbcc4c87f9e22a8db2b9d2356441b7365bae0ee20b820a9bab068cc,143193,800,800,RGB,train,Peach leaf,,materialized,
5467f6012d78d1c446145d5f582da6096f852ae8,train/Peach leaf/17558-peach-and-leaves.jpg,data/raw/plantdoc/train/Peach leaf/17558-peach-and-leaves.jpg,8a9c167d60d5866089826c2a54a5963d2bc4e9192c9296ca667ec909ac016038,8a9c167d60d5866089826c2a54a5963d2bc4e9192c9296ca667ec909ac016038,100542,1024,786,RGB,train,Peach leaf,,materialized,
5467f6012d78d1c446145d5f582da6096f852ae8,train/Peach leaf/1921.jpg,data/raw/plantdoc/train/Peach leaf/1921.jpg,1ffbd3e7084142e02f19dd3945179ce9f1c09889e7fe5e3368269d05b9c86e7e,1ffbd3e7084142e02f19dd3945179ce9f1c09889e7fe5e3368269d05b9c86e7e,433614,800,800,RGB,train,Peach leaf,,materialized,
5467f6012d78d1c446145d5f582da6096f852ae8,train/Peach leaf/22+August+2013+008-1.jpg,data/raw/plantdoc/train/Peach leaf/22+August+2013+008-1.jpg,6c5fdbad1408be5dc4ac25eff2808a63a06717055bb8c885967f1d2673b96d89,6c5fdbad1408be5dc4ac25eff2808a63a06717055bb8c885967f1d2673b96d89,748480,1200,1600,RGB,train,Peach leaf,,materialized,
5467f6012d78d1c446145d5f582da6096f852ae8,train/Peach leaf/22+August+2013+010-1.jpg,data/raw/plantdoc/train/Peach leaf/22+August+2013+010-1.jpg,7c44746eb7cb0ce5be72087f2c21dfc9995171d6cf23b349a0708f1e8dcad84b,7c44746eb7cb0ce5be72087f2c21dfc9995171d6cf23b349a0708f1e8dcad84b,713354,1200,1600,RGB,train,Peach leaf,,materialized,
5467f6012d78d1c446145d5f582da6096f852ae8,train/Peach leaf/24570793-peach-leaf.jpg,data/raw/plantdoc/train/Peach leaf/24570793-peach-leaf.jpg,bb2441c105586b6c678ac51dd7940ec25c2c1c883b726c035f8c7ff85a2474cc,bb2441c105586b6c678ac51dd7940ec25c2c1c883b726c035f8c7ff85a2474cc,58693,660,440,RGB,train,Peach leaf,,materialized,
5467f6012d78d1c446145d5f582da6096f852ae8,train/Peach leaf/300117.jpg,data/raw/plantdoc/train/Peach leaf/300117.jpg,37a13b6f18dce9965cafaf2abd7dadba0e59af1eca33e7b8dc53befaf6bd04c3,37a13b6f18dce9965cafaf2abd7dadba0e59af1eca33e7b8dc53befaf6bd04c3,339584,500,500,RGB,train,Peach leaf,,materialized,
5467f6012d78d1c446145d5f582da6096f852ae8,train/Peach leaf/300117_1.jpg,data/raw/plantdoc/train/Peach leaf/300117_1.jpg,68a71cf07c508e1275044724d648800e17a83f8b411f6cf7ab444f9315f0979a,68a71cf07c508e1275044724d648800e17a83f8b411f6cf7ab444f9315f0979a,275548,500,500,RGB,train,Peach leaf,,materialized,
5467f6012d78d1c446145d5f582da6096f852ae8,train/Peach leaf/366.jpg,data/raw/plantdoc/train/Peach leaf/366.jpg,225d3ed7a2b13d8f32fb1af3ef4a222a25258bfd2514b31a4d48922a6c83ba96,225d3ed7a2b13d8f32fb1af3ef4a222a25258bfd2514b31a4d48922a6c83ba96,1175893,2304,3072,RGB,train,Peach leaf,,materialized,
5467f6012d78d1c446145d5f582da6096f852ae8,train/Peach leaf/3939-960x960.jpg,data/raw/plantdoc/train/Peach leaf/3939-960x960.jpg,f4eb8e58be7320ecdd89b652c8ba0c298ae115c68aee68b3c60a3d0b7f0c404d,f4eb8e58be7320ecdd89b652c8ba0c298ae115c68aee68b3c60a3d0b7f0c404d,89376,800,800,RGB,train,Peach leaf,,materialized,
5467f6012d78d1c446145d5f582da6096f852ae8,train/Peach leaf/3940-960x960.jpg,data/raw/plantdoc/train/Peach leaf/3940-960x960.jpg,01f9da89110b83b5bc385f2ccc4f98bca6d6fdef88db1eb69d027ecddcd3e675,01f9da89110b83b5bc385f2ccc4f98bca6d6fdef88db1eb69d027ecddcd3e675,87309,800,799,RGB,train,Peach leaf,,materialized,
5467f6012d78d1c446145d5f582da6096f852ae8,train/Peach leaf/6uo5q.jpg,data/raw/plantdoc/train/Peach leaf/6uo5q.jpg,c51b718321138d3998014385dda7cbbe2fc6a64eba0ad5a5479ffb1862c30e30,c51b718321138d3998014385dda7cbbe2fc6a64eba0ad5a5479ffb1862c30e30,704515,2448,3264,RGB,train,Peach leaf,,materialized,
5467f6012d78d1c446145d5f582da6096f852ae8,train/Peach leaf/78517936.jpg,data/raw/plantdoc/train/Peach leaf/78517936.jpg,67676f3bca6ff9248619da84b6954aa519d4c4988c2d36d9de7b8e53d0eb574a,67676f3bca6ff9248619da84b6954aa519d4c4988c2d36d9de7b8e53d0eb574a,111192,1200,630,RGB,train,Peach leaf,,materialized,
5467f6012d78d1c446145d5f582da6096f852ae8,train/Peach leaf/79a24e562c768cd993776c518b238eed--storyboard-toe.jpg,data/raw/plantdoc/train/Peach leaf/79a24e562c768cd993776c518b238eed--storyboard-toe.jpg,e336e7ba304dcbee0bfe2a7a5d47affaf20e7ea7b7d340d312b2f4f38f09cc06,e336e7ba304dcbee0bfe2a7a5d47affaf20e7ea7b7d340d312b2f4f38f09cc06,84481,375,500,RGB,train,Peach leaf,,materialized,
5467f6012d78d1c446145d5f582da6096f852ae8,train/Peach leaf/DSC02329.jpg,data/raw/plantdoc/train/Peach leaf/DSC02329.jpg,8e4ccb65c4760f8a2fa8bbc99b41b2581671779a8e21ad1c8cd5042ca6b95b38,8e4ccb65c4760f8a2fa8bbc99b41b2581671779a8e21ad1c8cd5042ca6b95b38,359304,1162,778,RGB,train,Peach leaf,,materialized,
5467f6012d78d1c446145d5f582da6096f852ae8,train/Peach leaf/DSCN1913.JPG.jpg,data/raw/plantdoc/train/Peach leaf/DSCN1913.JPG.jpg,029af9e8cbab34e01064cf8fdce7ee9012ba2bcf0c82158ee6565c1da84d25c3,029af9e8cbab34e01064cf8fdce7ee9012ba2bcf0c82158ee6565c1da84d25c3,172809,1600,1200,RGB,train,Peach leaf,,materialized,
5467f6012d78d1c446145d5f582da6096f852ae8,train/Peach leaf/Dwarf-Red-Leaf-Peach-leaves-closeup.jpg,data/raw/plantdoc/train/Peach leaf/Dwarf-Red-Leaf-Peach-leaves-closeup.jpg,569ee1e69ae441c85949cae8f6dd76e48fc5b57171c78e430b9dcfa31b94f199,569ee1e69ae441c85949cae8f6dd76e48fc5b57171c78e430b9dcfa31b94f199,281727,480,640,RGB,train,Peach leaf,,materialized,
5467f6012d78d1c446145d5f582da6096f852ae8,train/Peach leaf/H2c1o.jpg,data/raw/plantdoc/train/Peach leaf/H2c1o.jpg,5abc15ac891bb76e254093978ff40fccb7e3d6253426b722093b9be8a7687f81,5abc15ac891bb76e254093978ff40fccb7e3d6253426b722093b9be8a7687f81,494442,2448,3264,RGB,train,Peach leaf,,materialized,
5467f6012d78d1c446145d5f582da6096f852ae8,train/Peach leaf/P1010703.JPG.jpg,data/raw/plantdoc/train/Peach leaf/P1010703.JPG.jpg,3b17090e984e8388d06689d4061774954e07783cb8f6366a1604fda5713ce7fe,3b17090e984e8388d06689d4061774954e07783cb8f6366a1604fda5713ce7fe,444182,1024,768,RGB,train,Peach leaf,,materialized,
5467f6012d78d1c446145d5f582da6096f852ae8,train/Peach leaf/P1015750.JPG.jpg,data/raw/plantdoc/train/Peach leaf/P1015750.JPG.jpg,141f1f2d313dd39651155081b18eb48aa57648a89b671df0f031c3a213f0b530,141f1f2d313dd39651155081b18eb48aa57648a89b671df0f031c3a213f0b530,450141,1197,1600,RGB,train,Peach leaf,,materialized,
5467f6012d78d1c446145d5f582da6096f852ae8,train/Peach leaf/P1015775.JPG.jpg,data/raw/plantdoc/train/Peach leaf/P1015775.JPG.jpg,109bb20502b9c01179feab29326f91649cc74332095cc3929845f5a9c02a9cee,109bb20502b9c01179feab29326f91649cc74332095cc3929845f5a9c02a9cee,404271,1600,1197,RGB,train,Peach leaf,,materialized,
5467f6012d78d1c446145d5f582da6096f852ae8,train/Peach leaf/Peach-Leaf.jpg,data/raw/plantdoc/train/Peach leaf/Peach-Leaf__3e557ad64269.jpg,3e557ad64269414513144ef37942807877d3b2788b34048f3a2dfa31d31ef32e,3e557ad64269414513144ef37942807877d3b2788b34048f3a2dfa31d31ef32e,156315,420,420,RGB,train,Peach leaf,cg05,collision_safe_rename,distinct image content; original name collides case-insensitively with its pair member — extracted under a collision-safe name
5467f6012d78d1c446145d5f582da6096f852ae8,train/Peach leaf/Peach-Pixzee-tree.jpg,data/raw/plantdoc/train/Peach leaf/Peach-Pixzee-tree.jpg,806cd6b18d6598093c25a87956c8de6ccfa4cfa657f0abc760a1699362f40e83,806cd6b18d6598093c25a87956c8de6ccfa4cfa657f0abc760a1699362f40e83,1508670,1704,2272,RGB,train,Peach leaf,,materialized,
5467f6012d78d1c446145d5f582da6096f852ae8,train/Peach leaf/Peach-leaves.jpg,data/raw/plantdoc/train/Peach leaf/Peach-leaves.jpg,b61c33c326559fedbfe389fe494bca374b58179d81b599750bebad4865a9491d,b61c33c326559fedbfe389fe494bca374b58179d81b599750bebad4865a9491d,915726,1536,2048,RGB,train,Peach leaf,,materialized,
5467f6012d78d1c446145d5f582da6096f852ae8,train/Peach leaf/Peach_leaves_raw.jpg,data/raw/plantdoc/train/Peach leaf/Peach_leaves_raw.jpg,2803e7239f1d91c96eca72ddf2af86522fff2c8c6cdf6670eae85464e7d5696d,2803e7239f1d91c96eca72ddf2af86522fff2c8c6cdf6670eae85464e7d5696d,1566454,2592,1944,RGB,train,Peach leaf,,materialized,
5467f6012d78d1c446145d5f582da6096f852ae8,train/Peach leaf/Peachleaf-Willow-leaf-1.jpg,data/raw/plantdoc/train/Peach leaf/Peachleaf-Willow-leaf-1.jpg,75cdae6eda54119d6a3cba11f9de9e6a37cf916305dd088a83f85cb7c85b1697,75cdae6eda54119d6a3cba11f9de9e6a37cf916305dd088a83f85cb7c85b1697,571504,2247,1500,RGB,train,Peach leaf,,materialized,
5467f6012d78d1c446145d5f582da6096f852ae8,train/Peach leaf/Stephanes-Babcock-peach.Few-branches-without-any-leaves.jpg,data/raw/plantdoc/train/Peach leaf/Stephanes-Babcock-peach.Few-branches-without-any-leaves.jpg,b4d61a3a622f6a8e30edf3f9503c6d7ee40a5c7937f5ff05bda018e9304c9804,b4d61a3a622f6a8e30edf3f9503c6d7ee40a5c7937f5ff05bda018e9304c9804,2607472,2448,3264,RGB,train,Peach leaf,,materialized,
5467f6012d78d1c446145d5f582da6096f852ae8,train/Peach leaf/Sweet-September-Yellow-Peach.jpg,data/raw/plantdoc/train/Peach leaf/Sweet-September-Yellow-Peach.jpg,860fdffb9acc486f23910cc40a5d4584fc5b7d7269032d4d5d31a14950732e67,860fdffb9acc486f23910cc40a5d4584fc5b7d7269032d4d5d31a14950732e67,781786,1100,953,RGB,train,Peach leaf,,materialized,
5467f6012d78d1c446145d5f582da6096f852ae8,train/Peach leaf/depositphotos_140609182-stock-photo-beauty-peach-with-leaf.jpg,data/raw/plantdoc/train/Peach leaf/depositphotos_140609182-stock-photo-beauty-peach-with-leaf.jpg,cac1fac6a409bbfead43b1ec00db0c0b884e1b4d6918954db2d14fc680246a2f,cac1fac6a409bbfead43b1ec00db0c0b884e1b4d6918954db2d14fc680246a2f,20887,450,363,RGB,train,Peach leaf,,materialized,
5467f6012d78d1c446145d5f582da6096f852ae8,train/Peach leaf/depositphotos_31403089-stock-photo-ripe-peach-with-leaf.jpg,data/raw/plantdoc/train/Peach leaf/depositphotos_31403089-stock-photo-ripe-peach-with-leaf.jpg,cb45855018003d6e53a4dc4fc16bf300d2c8edc5458a88fbd278ef340469b508,cb45855018003d6e53a4dc4fc16bf300d2c8edc5458a88fbd278ef340469b508,79196,1024,912,RGB,train,Peach leaf,,materialized,
5467f6012d78d1c446145d5f582da6096f852ae8,train/Peach leaf/depositphotos_4009139-stock-photo-ripe-peach-with-leaves.jpg,data/raw/plantdoc/train/Peach leaf/depositphotos_4009139-stock-photo-ripe-peach-with-leaves.jpg,799ee25a21e2a0f8a3ff31870531aba3353141e3b28314d86a532ce1342620ac,799ee25a21e2a0f8a3ff31870531aba3353141e3b28314d86a532ce1342620ac,109682,1023,996,RGB,train,Peach leaf,,materialized,
5467f6012d78d1c446145d5f582da6096f852ae8,train/Peach leaf/depositphotos_50812601-stock-photo-peach-leaf-isolated-on-white.jpg,data/raw/plantdoc/train/Peach leaf/depositphotos_50812601-stock-photo-peach-leaf-isolated-on-white.jpg,5a7930de9b1efad08a92234760389d97f3037e3fb46e170c7b7be484c0553ba5,5a7930de9b1efad08a92234760389d97f3037e3fb46e170c7b7be484c0553ba5,55371,1024,862,RGB,train,Peach leaf,,materialized,
5467f6012d78d1c446145d5f582da6096f852ae8,train/Peach leaf/depositphotos_6870648-stock-photo-ripe-peach-fruit-with-leaves.jpg,data/raw/plantdoc/train/Peach leaf/depositphotos_6870648-stock-photo-ripe-peach-fruit-with-leaves.jpg,f87f3e0beb26e66e812b2c10ad885a5a33d03f58d07cb4d95ed7491d20fb8041,f87f3e0beb26e66e812b2c10ad885a5a33d03f58d07cb4d95ed7491d20fb8041,106272,1024,774,RGB,train,Peach leaf,,materialized,
5467f6012d78d1c446145d5f582da6096f852ae8,train/Peach leaf/depositphotos_88236122-stock-photo-peach-leaf-isolated-on-white.jpg,data/raw/plantdoc/train/Peach leaf/depositphotos_88236122-stock-photo-peach-leaf-isolated-on-white.jpg,d6a9778aacfc43a80336e0bf9f9cad87c8fe0dc5b0d5414a6f27c4bf9b785dd4,d6a9778aacfc43a80336e0bf9f9cad87c8fe0dc5b0d5414a6f27c4bf9b785dd4,63928,1024,796,RGB,train,Peach leaf,,materialized,
5467f6012d78d1c446145d5f582da6096f852ae8,train/Peach leaf/dsc06413.jpg,data/raw/plantdoc/train/Peach leaf/dsc06413.jpg,6ac92f6c6d5cdd65c253d4fd3c4784e843b9642cad69c1f66138d899152a5afe,6ac92f6c6d5cdd65c253d4fd3c4784e843b9642cad69c1f66138d899152a5afe,384111,1534,2048,RGB,train,Peach leaf,,materialized,
5467f6012d78d1c446145d5f582da6096f852ae8,train/Peach leaf/foodjuly2011+026.jpg,data/raw/plantdoc/train/Peach leaf/foodjuly2011+026.jpg,181ac25414a2a58f7eed9a22f3d71e5c5486fcd2633eee004437d906913d0374,181ac25414a2a58f7eed9a22f3d71e5c5486fcd2633eee004437d906913d0374,108353,1011,804,RGB,train,Peach leaf,,materialized,
5467f6012d78d1c446145d5f582da6096f852ae8,train/Peach leaf/fresh-peach-fruits-green-leaves-15654533.jpg,data/raw/plantdoc/train/Peach leaf/fresh-peach-fruits-green-leaves-15654533.jpg,58fce5b8e68f92712301d9be19ae0d48ea1421ec405becd8b8d3b11e61d3055f,58fce5b8e68f92712301d9be19ae0d48ea1421ec405becd8b8d3b11e61d3055f,99692,1300,1229,RGB,train,Peach leaf,,materialized,
5467f6012d78d1c446145d5f582da6096f852ae8,train/Peach leaf/fresh-peach-green-leaf-3346348.jpg,data/raw/plantdoc/train/Peach leaf/fresh-peach-green-leaf-3346348.jpg,dd877abd1eb54c4bef5b0ea65292c4ff3c6640461321121e4cbdb03fbfb7f094,dd877abd1eb54c4bef5b0ea65292c4ff3c6640461321121e4cbdb03fbfb7f094,147128,1300,1194,RGB,train,Peach leaf,,materialized,
5467f6012d78d1c446145d5f582da6096f852ae8,train/Peach leaf/image_original.jpeg?1473123508.jpg,data/raw/plantdoc/train/Peach leaf/image_original.jpeg?1473123508.jpg,03adc7cb53ef2702e5e6d8e7a7389d56080d69edb9ef4ea58c388b03e951c580,03adc7cb53ef2702e5e6d8e7a7389d56080d69edb9ef4ea58c388b03e951c580,1588176,3024,3024,RGB,train,Peach leaf,,materialized,
5467f6012d78d1c446145d5f582da6096f852ae8,train/Peach leaf/peach-1024x754.jpg,data/raw/plantdoc/train/Peach leaf/peach-1024x754.jpg,7b4006ded7661db8a636ad2c63f3b416a7438f5e0a362500011fdab000bb33db,7b4006ded7661db8a636ad2c63f3b416a7438f5e0a362500011fdab000bb33db,190589,1024,754,RGB,train,Peach leaf,,materialized,
5467f6012d78d1c446145d5f582da6096f852ae8,train/Peach leaf/peach-and-leaf-stock-image-2809274.jpg,data/raw/plantdoc/train/Peach leaf/peach-and-leaf-stock-image-2809274.jpg,a86aa4b041e91a5f989fd2650aab217dbaa974d32d62cf7a5041cdd633358ec8,a86aa4b041e91a5f989fd2650aab217dbaa974d32d62cf7a5041cdd633358ec8,185148,1300,1186,RGB,train,Peach leaf,,materialized,
5467f6012d78d1c446145d5f582da6096f852ae8,train/Peach leaf/peach-and-leaf-stock-image-2809275.jpg,data/raw/plantdoc/train/Peach leaf/peach-and-leaf-stock-image-2809275.jpg,d32c5b4d43c3bb65fef6e882110e4df93ae39e530de6f280253ac61857e25b50,d32c5b4d43c3bb65fef6e882110e4df93ae39e530de6f280253ac61857e25b50,171995,1300,1099,RGB,train,Peach leaf,,materialized,
5467f6012d78d1c446145d5f582da6096f852ae8,train/Peach leaf/peach-and-leaf-stock-picture-2809277.jpg,data/raw/plantdoc/train/Peach leaf/peach-and-leaf-stock-picture-2809277.jpg,ebefc42b089a14fa193c9726e24a4c32cdc61a53c5a1036e87f33a60bb3c9b18,ebefc42b089a14fa193c9726e24a4c32cdc61a53c5a1036e87f33a60bb3c9b18,158814,1300,1131,RGB,train,Peach leaf,,materialized,
5467f6012d78d1c446145d5f582da6096f852ae8,train/Peach leaf/peach-and-nectarine-leaves.jpg,data/raw/plantdoc/train/Peach leaf/peach-and-nectarine-leaves.jpg,74ef059f2f9d42fd35405e58f9263a79e90a4b8b7f8dbd24d156518176ab7bdb,74ef059f2f9d42fd35405e58f9263a79e90a4b8b7f8dbd24d156518176ab7bdb,304200,900,856,RGB,train,Peach leaf,,materialized,
5467f6012d78d1c446145d5f582da6096f852ae8,train/Peach leaf/peach-leaf-11810082.jpg,data/raw/plantdoc/train/Peach leaf/peach-leaf-11810082.jpg,fda1cf15fed5c59293191aeca414a4b8bb3d66815deddcad1346cae6c00dbecf,fda1cf15fed5c59293191aeca414a4b8bb3d66815deddcad1346cae6c00dbecf,147666,1300,1390,RGB,train,Peach leaf,,materialized,
5467f6012d78d1c446145d5f582da6096f852ae8,train/Peach leaf/peach-leaf-1677674.jpg,data/raw/plantdoc/train/Peach leaf/peach-leaf-1677674.jpg,8de844c8549930ccc01a905cb2fed45725e795b315641fa10a7862a6b8360dab,8de844c8549930ccc01a905cb2fed45725e795b315641fa10a7862a6b8360dab,288728,1300,1065,RGB,train,Peach leaf,,materialized,
5467f6012d78d1c446145d5f582da6096f852ae8,train/Peach leaf/peach-leaf-isolated-white-background-39426456.jpg,data/raw/plantdoc/train/Peach leaf/peach-leaf-isolated-white-background-39426456.jpg,ed714104effae0199f0d33d5db869e4b4b401026b592572f455984dd2d77a042,ed714104effae0199f0d33d5db869e4b4b401026b592572f455984dd2d77a042,106892,800,800,RGB,train,Peach leaf,,materialized,
5467f6012d78d1c446145d5f582da6096f852ae8,train/Peach leaf/peach-leaf-isolated-white-background-42295151.jpg,data/raw/plantdoc/train/Peach leaf/peach-leaf-isolated-white-background-42295151.jpg,2ff103da383e41706b32ad7fb01cb135ca7a313db4f1ba92ca2880c9bec7862a,2ff103da383e41706b32ad7fb01cb135ca7a313db4f1ba92ca2880c9bec7862a,75234,1300,916,RGB,train,Peach leaf,,materialized,
5467f6012d78d1c446145d5f582da6096f852ae8,train/Peach leaf/peach-leaf-isolated-white-background-42295196.jpg,data/raw/plantdoc/train/Peach leaf/peach-leaf-isolated-white-background-42295196.jpg,a590eec260b832e928dd39d76d8297dea53b7f597b64452f6ea648e8e21661e0,a590eec260b832e928dd39d76d8297dea53b7f597b64452f6ea648e8e21661e0,73145,1300,965,RGB,train,Peach leaf,,materialized,
5467f6012d78d1c446145d5f582da6096f852ae8,train/Peach leaf/peach-leaf-isolated-white-background-43668230.jpg,data/raw/plantdoc/train/Peach leaf/peach-leaf-isolated-white-background-43668230.jpg,11310e346de9a2b9b386821b58d420e575ab8f8937c498f6e20a814909118562,11310e346de9a2b9b386821b58d420e575ab8f8937c498f6e20a814909118562,81819,1300,1290,RGB,train,Peach leaf,,materialized,
5467f6012d78d1c446145d5f582da6096f852ae8,train/Peach leaf/peach-leaf-stock-picture-855439.jpg,data/raw/plantdoc/train/Peach leaf/peach-leaf-stock-picture-855439.jpg,64ce6e90693c9ca949c48be5c3597ff7b0214e7ee16569214b16878724f3fee4,64ce6e90693c9ca949c48be5c3597ff7b0214e7ee16569214b16878724f3fee4,227276,1300,930,RGB,train,Peach leaf,,materialized,
5467f6012d78d1c446145d5f582da6096f852ae8,train/Peach leaf/peach-leaf-white-background-40292976.jpg,data/raw/plantdoc/train/Peach leaf/peach-leaf-white-background-40292976.jpg,1c6444698cc1232243f78112109a8cfcac130246c35c51bf68be36fdeb69f5fb,1c6444698cc1232243f78112109a8cfcac130246c35c51bf68be36fdeb69f5fb,177043,1300,1303,RGB,train,Peach leaf,,materialized,
5467f6012d78d1c446145d5f582da6096f852ae8,train/Peach leaf/peach-leaf.jpg,data/raw/plantdoc/train/Peach leaf/peach-leaf__0571261a682b.jpg,0571261a682b6174b2f9ee041e4cf9bfbfb5b6f9e6b045c367e05fa900fadf45,0571261a682b6174b2f9ee041e4cf9bfbfb5b6f9e6b045c367e05fa900fadf45,148756,2136,1424,RGB,train,Peach leaf,cg05,collision_safe_rename,distinct image content; original name collides case-insensitively with its pair member — extracted under a collision-safe name
5467f6012d78d1c446145d5f582da6096f852ae8,train/Peach leaf/peach-leaves-18058413.jpg,data/raw/plantdoc/train/Peach leaf/peach-leaves-18058413.jpg,540de979ea53b4128f5bb8fbf46bf1603867a26030ce79c74910c665d25bbd48,540de979ea53b4128f5bb8fbf46bf1603867a26030ce79c74910c665d25bbd48,154339,1300,1002,RGB,train,Peach leaf,,materialized,
5467f6012d78d1c446145d5f582da6096f852ae8,train/Peach leaf/peach-leaves-26807890.jpg,data/raw/plantdoc/train/Peach leaf/peach-leaves-26807890.jpg,beebabdab606dc779ade89fb687d9b71c8bcd8fcfc650355ce3e110bbeea9241,beebabdab606dc779ade89fb687d9b71c8bcd8fcfc650355ce3e110bbeea9241,318735,1300,1367,RGB,train,Peach leaf,,materialized,
5467f6012d78d1c446145d5f582da6096f852ae8,train/Peach leaf/peach-leaves-isolated-white-background-43668179.jpg,data/raw/plantdoc/train/Peach leaf/peach-leaves-isolated-white-background-43668179.jpg,f259a59f99d3c34b45ab1420be43c1be58e3360f8bf2fccfbbb34cbcea2f6098,f259a59f99d3c34b45ab1420be43c1be58e3360f8bf2fccfbbb34cbcea2f6098,74766,1300,1002,RGB,train,Peach leaf,,materialized,
5467f6012d78d1c446145d5f582da6096f852ae8,train/Peach leaf/peach-leaves-isolated-white-background-43668233.jpg,data/raw/plantdoc/train/Peach leaf/peach-leaves-isolated-white-background-43668233.jpg,240bfa837a3a1409585b77c373a8177f443569725a09b0ec0b440802ddc2dad6,240bfa837a3a1409585b77c373a8177f443569725a09b0ec0b440802ddc2dad6,114708,1300,1120,RGB,train,Peach leaf,,materialized,
5467f6012d78d1c446145d5f582da6096f852ae8,train/Peach leaf/peach-prunus-persica-roter-ellerstaedter-prunus-persica-roter-ellerstaedter-DAM2J4.jpg,data/raw/plantdoc/train/Peach leaf/peach-prunus-persica-roter-ellerstaedter-prunus-persica-roter-ellerstaedter-DAM2J4.jpg,d9d53968daa5b50043e3e8f7cb3105c464d063b01a84e2b22ae1f08823288a3a,d9d53968daa5b50043e3e8f7cb3105c464d063b01a84e2b22ae1f08823288a3a,206315,1300,960,RGB,train,Peach leaf,,materialized,
5467f6012d78d1c446145d5f582da6096f852ae8,train/Peach leaf/peach-tree-leaf-3-1024x681.jpg,data/raw/plantdoc/train/Peach leaf/peach-tree-leaf-3-1024x681.jpg,e1021bd0dc9d199664e0d1d6958751de180c46081fec5f9d8b92fb072c0773b8,e1021bd0dc9d199664e0d1d6958751de180c46081fec5f9d8b92fb072c0773b8,103739,1024,681,RGB,train,Peach leaf,,materialized,
5467f6012d78d1c446145d5f582da6096f852ae8,train/Peach leaf/peach-tree-trunk-new-leaf-18757494.jpg,data/raw/plantdoc/train/Peach leaf/peach-tree-trunk-new-leaf-18757494.jpg,6408a835d083075b178f70699fb71b2c6d40aab36af4cc1ddd8a10f15ebc2c90,6408a835d083075b178f70699fb71b2c6d40aab36af4cc1ddd8a10f15ebc2c90,163964,957,1300,RGB,train,Peach leaf,,materialized,
5467f6012d78d1c446145d5f582da6096f852ae8,train/Peach leaf/peach-with-leaf-isolated-on-white-picture-id466696757.jpg,data/raw/plantdoc/train/Peach leaf/peach-with-leaf-isolated-on-white-picture-id466696757.jpg,640c719edffc5f4fd37351a38b26225d9c0f11f807937f7de62cb3397c390c07,640c719edffc5f4fd37351a38b26225d9c0f11f807937f7de62cb3397c390c07,489021,1024,1024,RGB,train,Peach leaf,,materialized,
5467f6012d78d1c446145d5f582da6096f852ae8,train/Peach leaf/peach-with-leaf-picture-id124561113.jpg,data/raw/plantdoc/train/Peach leaf/peach-with-leaf-picture-id124561113.jpg,f5a4b3ecbeb32463d801cc0716685ac19766cd5dd77aafcb5e8add94712cd71e,f5a4b3ecbeb32463d801cc0716685ac19766cd5dd77aafcb5e8add94712cd71e,292922,765,1024,RGB,train,Peach leaf,,materialized,
5467f6012d78d1c446145d5f582da6096f852ae8,train/Peach leaf/peach-with-leaves-stock-image-1765504.jpg,data/raw/plantdoc/train/Peach leaf/peach-with-leaves-stock-image-1765504.jpg,f1b4a1f7b69e67e9980de9391a3da01a499b61fc9b54e6822f66e5579e4f940c,f1b4a1f7b69e67e9980de9391a3da01a499b61fc9b54e6822f66e5579e4f940c,192202,1114,1392,RGB,train,Peach leaf,,materialized,
5467f6012d78d1c446145d5f582da6096f852ae8,train/Peach leaf/peach-with-leaves-stock-picture-1662209.jpg,data/raw/plantdoc/train/Peach leaf/peach-with-leaves-stock-picture-1662209.jpg,c5b20e87f93f6153760112eb397c1c54ec3d375851b47b7ac7edece53e7e5fe8,c5b20e87f93f6153760112eb397c1c54ec3d375851b47b7ac7edece53e7e5fe8,189974,866,1392,RGB,train,Peach leaf,,materialized,
5467f6012d78d1c446145d5f582da6096f852ae8,train/Peach leaf/peach-with-leaves-stock-picture-1662453.jpg,data/raw/plantdoc/train/Peach leaf/peach-with-leaves-stock-picture-1662453.jpg,766d46bb63a1a51d8541456efe342b45a1828e28c8ea15d3536c464676070e08,766d46bb63a1a51d8541456efe342b45a1828e28c8ea15d3536c464676070e08,150272,877,1392,RGB,train,Peach leaf,,materialized,
5467f6012d78d1c446145d5f582da6096f852ae8,train/Peach leaf/peach-with-leaves-stock-picture-1721709.jpg,data/raw/plantdoc/train/Peach leaf/peach-with-leaves-stock-picture-1721709.jpg,66d4ffb04a71173d8e3bfb6e895b5cb9d72c3bbe5683cc6c0709b7f46200bef6,66d4ffb04a71173d8e3bfb6e895b5cb9d72c3bbe5683cc6c0709b7f46200bef6,145585,1300,1033,RGB,train,Peach leaf,,materialized,
5467f6012d78d1c446145d5f582da6096f852ae8,train/Peach leaf/peach.jpg,data/raw/plantdoc/train/Peach leaf/peach.jpg,3d6447df363736238e2c6b90fc25f53de147e20cc57fb3e4e8408938c2fb6df0,3d6447df363736238e2c6b90fc25f53de147e20cc57fb3e4e8408938c2fb6df0,294049,1650,1257,RGB,train,Peach leaf,,materialized,
5467f6012d78d1c446145d5f582da6096f852ae8,train/Peach leaf/peach_tree_20100523.jpg,data/raw/plantdoc/train/Peach leaf/peach_tree_20100523.jpg,b793a4898ed20c691eecfbeb726dd54b62ee499790c3b4c66cfac469012d4456,b793a4898ed20c691eecfbeb726dd54b62ee499790c3b4c66cfac469012d4456,503234,1600,1200,RGB,train,Peach leaf,,materialized,
5467f6012d78d1c446145d5f582da6096f852ae8,train/Peach leaf/peaches-growing-in-tree.jpg,data/raw/plantdoc/train/Peach leaf/peaches-growing-in-tree.jpg,dc3a785976c7afb21080a2767f3802ed739b19bc71e4bcb9409d47e440eb1211,dc3a785976c7afb21080a2767f3802ed739b19bc71e4bcb9409d47e440eb1211,72497,1000,706,RGB,train,Peach leaf,,materialized,
5467f6012d78d1c446145d5f582da6096f852ae8,train/Peach leaf/peaches-w-leaves.jpg,data/raw/plantdoc/train/Peach leaf/peaches-w-leaves.jpg,29f226fbc233d3bd7fb2ed314f8023146d981de178eb0ee6d85c3030eb7b0110,29f226fbc233d3bd7fb2ed314f8023146d981de178eb0ee6d85c3030eb7b0110,1955941,3387,2302,RGB,train,Peach leaf,,materialized,
5467f6012d78d1c446145d5f582da6096f852ae8,train/Peach leaf/product_Peach-leaf.jpg,data/raw/plantdoc/train/Peach leaf/product_Peach-leaf.jpg,0dfa092d9ddbb27815bd7fc595199dc1909b1f9d1ebf0b6b13c56397725d941f,0dfa092d9ddbb27815bd7fc595199dc1909b1f9d1ebf0b6b13c56397725d941f,104584,768,1024,RGB,train,Peach leaf,,materialized,
5467f6012d78d1c446145d5f582da6096f852ae8,train/Peach leaf/ripe-peach-fresh-red-tree-green-leaves-57508021.jpg,data/raw/plantdoc/train/Peach leaf/ripe-peach-fresh-red-tree-green-leaves-57508021.jpg,bad61f07a306a71c147c0aade7f6253eb9a081c2da0434230abe4458415c9b6f,bad61f07a306a71c147c0aade7f6253eb9a081c2da0434230abe4458415c9b6f,147855,1000,1300,RGB,train,Peach leaf,,materialized,
5467f6012d78d1c446145d5f582da6096f852ae8,train/Peach leaf/stock-photo-fresh-peach-fruits-with-green-leaves-isolated-on-white-background-59305621.jpg,data/raw/plantdoc/train/Peach leaf/stock-photo-fresh-peach-fruits-with-green-leaves-isolated-on-white-background-59305621.jpg,6c694c4591a3acfa57bd3df77d3bed26be1485a37b0018ab9bd53897e7e5876e,6c694c4591a3acfa57bd3df77d3bed26be1485a37b0018ab9bd53897e7e5876e,31867,450,414,RGB,train,Peach leaf,,materialized,
5467f6012d78d1c446145d5f582da6096f852ae8,train/Peach leaf/stock-photo-peach-fresh-peach-with-green-leaf-isolated-on-white-background-548680618.jpg,data/raw/plantdoc/train/Peach leaf/stock-photo-peach-fresh-peach-with-green-leaf-isolated-on-white-background-548680618.jpg,e4929f2e8c4a7e65de9483c4a0a1498041adc369acdab9812da14ea417b710e6,e4929f2e8c4a7e65de9483c4a0a1498041adc369acdab9812da14ea417b710e6,39189,438,470,RGB,train,Peach leaf,,materialized,
5467f6012d78d1c446145d5f582da6096f852ae8,train/Peach leaf/stock-photo-peach-fruit-isolated-on-white-332799767.jpg,data/raw/plantdoc/train/Peach leaf/stock-photo-peach-fruit-isolated-on-white-332799767.jpg,616e10ea81ea8bba4ac4dcb7e3412254a4b073ba887387e71e5a3db3e0066ae6,616e10ea81ea8bba4ac4dcb7e3412254a4b073ba887387e71e5a3db3e0066ae6,43742,450,470,RGB,train,Peach leaf,,materialized,
5467f6012d78d1c446145d5f582da6096f852ae8,train/Peach leaf/stock-photo-peach-fruits-with-leaf-isolated-on-white-background-639972919.jpg,data/raw/plantdoc/train/Peach leaf/stock-photo-peach-fruits-with-leaf-isolated-on-white-background-639972919.jpg,328233b7f4d4684c11cfed84f0575a1ef9428fb3367b2304ff6dea80f39dbd1d,328233b7f4d4684c11cfed84f0575a1ef9428fb3367b2304ff6dea80f39dbd1d,41024,450,470,RGB,train,Peach leaf,,materialized,
5467f6012d78d1c446145d5f582da6096f852ae8,train/Peach leaf/stock-photo-peach-leaf-collection-isolated-on-white-236633248.jpg,data/raw/plantdoc/train/Peach leaf/stock-photo-peach-leaf-collection-isolated-on-white-236633248.jpg,fe3fa7af6c1f4222c9ad9a8ca3e5fcfbe6f908dc336140fe96ea7bb25ede89ef,fe3fa7af6c1f4222c9ad9a8ca3e5fcfbe6f908dc336140fe96ea7bb25ede89ef,52102,450,470,RGB,train,Peach leaf,,materialized,
5467f6012d78d1c446145d5f582da6096f852ae8,train/Peach leaf/stock-photo-peach-leaf-isolated-363604259.jpg,data/raw/plantdoc/train/Peach leaf/stock-photo-peach-leaf-isolated-363604259.jpg,c1626fad2cfec7798ed0154042a41ccc11678ce09d1551e1b43386f883cdce7a,c1626fad2cfec7798ed0154042a41ccc11678ce09d1551e1b43386f883cdce7a,609555,1500,1569,RGB,train,Peach leaf,,materialized,
5467f6012d78d1c446145d5f582da6096f852ae8,train/Peach leaf/stock-photo-peach-leaf-isolated-370117730.jpg,data/raw/plantdoc/train/Peach leaf/stock-photo-peach-leaf-isolated-370117730.jpg,a9a848fa14125ee2ae6fa39ba3ea7da062b6acf938f4f5794331a4a6d9992465,a9a848fa14125ee2ae6fa39ba3ea7da062b6acf938f4f5794331a4a6d9992465,531086,1500,1321,RGB,train,Peach leaf,,materialized,
5467f6012d78d1c446145d5f582da6096f852ae8,train/Peach leaf/stock-photo-peach-leaf-isolated-on-white-background-195325289.jpg,data/raw/plantdoc/train/Peach leaf/stock-photo-peach-leaf-isolated-on-white-background-195325289.jpg,ef8822779cb8bd202ec81997d9c6df4a653a63379ef0b40c6883b202361a1cd5,ef8822779cb8bd202ec81997d9c6df4a653a63379ef0b40c6883b202361a1cd5,452079,1292,1600,RGB,train,Peach leaf,,materialized,
5467f6012d78d1c446145d5f582da6096f852ae8,train/Peach leaf/stock-photo-peach-leaf-isolated-on-white-background-198744794.jpg,data/raw/plantdoc/train/Peach leaf/stock-photo-peach-leaf-isolated-on-white-background-198744794.jpg,a29d43c44273405c1b19a88b295e2fbf53377e2908157c0284151e9774543594,a29d43c44273405c1b19a88b295e2fbf53377e2908157c0284151e9774543594,343759,1500,1572,RGB,train,Peach leaf,,materialized,
5467f6012d78d1c446145d5f582da6096f852ae8,train/Peach leaf/stock-photo-peach-leaf-isolated-on-white-background-207823156.jpg,data/raw/plantdoc/train/Peach leaf/stock-photo-peach-leaf-isolated-on-white-background-207823156.jpg,4f79b626ffd092dce9fd2537878b5710abdc1ebc3f6e77ff0f3c6beb0dea765a,4f79b626ffd092dce9fd2537878b5710abdc1ebc3f6e77ff0f3c6beb0dea765a,256520,1500,1153,RGB,train,Peach leaf,,materialized,
5467f6012d78d1c446145d5f582da6096f852ae8,train/Peach leaf/stock-photo-peach-leaf-isolated-on-white-background-254975221.jpg,data/raw/plantdoc/train/Peach leaf/stock-photo-peach-leaf-isolated-on-white-background-254975221.jpg,ab76e6be6b38a168fe5ec4089a73446d1d5b601748f39b17a4752488f6611ae9,ab76e6be6b38a168fe5ec4089a73446d1d5b601748f39b17a4752488f6611ae9,28910,450,389,RGB,train,Peach leaf,,materialized,
5467f6012d78d1c446145d5f582da6096f852ae8,train/Peach leaf/stock-photo-peach-leaves-isolated-203326555.jpg,data/raw/plantdoc/train/Peach leaf/stock-photo-peach-leaves-isolated-203326555.jpg,1648ec22c80f397c569a1bc4cc79c0ccffaadf1f10cd624245d9e605a527ae1c,1648ec22c80f397c569a1bc4cc79c0ccffaadf1f10cd624245d9e605a527ae1c,286703,1500,1485,RGB,train,Peach leaf,,materialized,
5467f6012d78d1c446145d5f582da6096f852ae8,train/Peach leaf/stock-photo-peach-leaves-isolated-on-white-background-298277570.jpg,data/raw/plantdoc/train/Peach leaf/stock-photo-peach-leaves-isolated-on-white-background-298277570.jpg,b7b73eb98c85432689cd6fe39c055d5b83ab3333ccfcbd90f0a27d2b23a388bf,b7b73eb98c85432689cd6fe39c055d5b83ab3333ccfcbd90f0a27d2b23a388bf,468840,1500,1171,RGB,train,Peach leaf,,materialized,
5467f6012d78d1c446145d5f582da6096f852ae8,train/Peach leaf/stock-photo-peach-leaves-isolated-on-white-background-302224460.jpg,data/raw/plantdoc/train/Peach leaf/stock-photo-peach-leaves-isolated-on-white-background-302224460.jpg,343040d20e74f85296fe3d7316f29ad86ea58ef9c86d2cda6b6e509a79574f9f,343040d20e74f85296fe3d7316f29ad86ea58ef9c86d2cda6b6e509a79574f9f,470911,1500,1329,RGB,train,Peach leaf,,materialized,
5467f6012d78d1c446145d5f582da6096f852ae8,train/Peach leaf/stock-photo-peach-leaves-isolated-on-white-background-529501441.jpg,data/raw/plantdoc/train/Peach leaf/stock-photo-peach-leaves-isolated-on-white-background-529501441.jpg,a53291ef7c2973b3143936d15acd633e99889eb910ca146213b14be89702585f,a53291ef7c2973b3143936d15acd633e99889eb910ca146213b14be89702585f,40284,450,412,RGB,train,Peach leaf,,materialized,
5467f6012d78d1c446145d5f582da6096f852ae8,train/Peach leaf/stock-photo-peach-leaves-isolated-on-white-background-618456884.jpg,data/raw/plantdoc/train/Peach leaf/stock-photo-peach-leaves-isolated-on-white-background-618456884.jpg,5038755be7f9733e8ab71c484e6734bed7efaa5242e7ea0098d2f6f7e995dcd6,5038755be7f9733e8ab71c484e6734bed7efaa5242e7ea0098d2f6f7e995dcd6,43395,450,439,RGB,train,Peach leaf,,materialized,
5467f6012d78d1c446145d5f582da6096f852ae8,train/Peach leaf/stock-photo-peach-wet-fruit-with-leaf-isolated-on-white-248733745.jpg,data/raw/plantdoc/train/Peach leaf/stock-photo-peach-wet-fruit-with-leaf-isolated-on-white-248733745.jpg,738323efae5ba9f0b4828fa02afc7cd7d6259281c147e587f7615aa708cbc0e6,738323efae5ba9f0b4828fa02afc7cd7d6259281c147e587f7615aa708cbc0e6,65394,450,470,RGB,train,Peach leaf,,materialized,
5467f6012d78d1c446145d5f582da6096f852ae8,train/Peach leaf/stock-photo-peach-with-leaf-699537772.jpg,data/raw/plantdoc/train/Peach leaf/stock-photo-peach-with-leaf-699537772.jpg,fa6ab1eb5a3a94315eb0efe5b599a6e2c9a591af2093578ff711e03596cfb8eb,fa6ab1eb5a3a94315eb0efe5b599a6e2c9a591af2093578ff711e03596cfb8eb,42288,450,457,RGB,train,Peach leaf,,materialized,
5467f6012d78d1c446145d5f582da6096f852ae8,train/Peach leaf/stock-photo-peach-with-leaf-isolated-on-white-168119267.jpg,data/raw/plantdoc/train/Peach leaf/stock-photo-peach-with-leaf-isolated-on-white-168119267.jpg,a47e53e846246c0991fc1e2d544a85cc8e33d8c494b1f1ee4a54e7328356976e,a47e53e846246c0991fc1e2d544a85cc8e33d8c494b1f1ee4a54e7328356976e,49790,450,470,RGB,train,Peach leaf,,materialized,
5467f6012d78d1c446145d5f582da6096f852ae8,train/Peach leaf/stock-photo-peach-with-leaf-isolated-on-white-with-clipping-path-494602609.jpg,data/raw/plantdoc/train/Peach leaf/stock-photo-peach-with-leaf-isolated-on-white-with-clipping-path-494602609.jpg,19a9714573a248860763a178a90571d3f08aad80cb674d978bab2aa08232316e,19a9714573a248860763a178a90571d3f08aad80cb674d978bab2aa08232316e,61272,450,470,RGB,train,Peach leaf,,materialized,
5467f6012d78d1c446145d5f582da6096f852ae8,train/Peach leaf/stock-photo-peach-with-leaves-isolated-on-white-246532954.jpg,data/raw/plantdoc/train/Peach leaf/stock-photo-peach-with-leaves-isolated-on-white-246532954.jpg,a809de9643dbcb45c95d43f9cb9f7b60672026cfaed4190441631bb9f042dc1f,a809de9643dbcb45c95d43f9cb9f7b60672026cfaed4190441631bb9f042dc1f,913699,1500,1600,RGB,train,Peach leaf,,materialized,
5467f6012d78d1c446145d5f582da6096f852ae8,train/Peach leaf/stock-photo-single-peach-with-leaves-on-a-white-background-111042830.jpg,data/raw/plantdoc/train/Peach leaf/stock-photo-single-peach-with-leaves-on-a-white-background-111042830.jpg,970757aa5cda1f117c828aad88fc48dd47a4dc6c78179ebde9338259c2c0d937,970757aa5cda1f117c828aad88fc48dd47a4dc6c78179ebde9338259c2c0d937,519008,1500,1308,RGB,train,Peach leaf,,materialized,
5467f6012d78d1c446145d5f582da6096f852ae8,train/Peach leaf/stock-photo-two-peach-leaves-isolated-on-white-311533217.jpg,data/raw/plantdoc/train/Peach leaf/stock-photo-two-peach-leaves-isolated-on-white-311533217.jpg,a2c9c950a0a74a130a0fb3eb83bf852b19b2f62785454d13c32f244d6ffb201c,a2c9c950a0a74a130a0fb3eb83bf852b19b2f62785454d13c32f244d6ffb201c,30503,450,470,RGB,train,Peach leaf,,materialized,
5467f6012d78d1c446145d5f582da6096f852ae8,train/Peach leaf/stock-photo-two-sides-of-peach-leaf-isolate-on-white-17407162.jpg,data/raw/plantdoc/train/Peach leaf/stock-photo-two-sides-of-peach-leaf-isolate-on-white-17407162.jpg,30b51531bc1bd63c64175383f6c0f73fde22e32567cc14db32eaffbe9465193e,30b51531bc1bd63c64175383f6c0f73fde22e32567cc14db32eaffbe9465193e,613782,1500,1461,RGB,train,Peach leaf,,materialized,
5467f6012d78d1c446145d5f582da6096f852ae8,train/Peach leaf/two-peach-leaves-isolated-on-white-picture-id519433636.jpg,data/raw/plantdoc/train/Peach leaf/two-peach-leaves-isolated-on-white-picture-id519433636.jpg,5433d2a268c2c8e0e3d9d93bd4b9bae857d23e88474a84d3ca0371c9df68851b,5433d2a268c2c8e0e3d9d93bd4b9bae857d23e88474a84d3ca0371c9df68851b,284165,1024,1024,RGB,train,Peach leaf,,materialized,
5467f6012d78d1c446145d5f582da6096f852ae8,train/Potato leaf early blight/00009.jpg,data/raw/plantdoc/train/Potato leaf early blight/00009.jpg,277201bacd26529175733458740c1181de800c7199dbb250a61bd361a34d078c,277201bacd26529175733458740c1181de800c7199dbb250a61bd361a34d078c,82942,479,640,RGB,train,Potato leaf early blight,,materialized,
5467f6012d78d1c446145d5f582da6096f852ae8,train/Potato leaf early blight/0042241.jpg,data/raw/plantdoc/train/Potato leaf early blight/0042241.jpg,f1b93ce7dede615c0a3e9638e86650a56c5b593d82a3d230b715b056d356ab5d,f1b93ce7dede615c0a3e9638e86650a56c5b593d82a3d230b715b056d356ab5d,131826,533,800,RGB,train,Potato leaf early blight,,materialized,
5467f6012d78d1c446145d5f582da6096f852ae8,train/Potato leaf early blight/0061.jpg,data/raw/plantdoc/train/Potato leaf early blight/0061.jpg,dabdd2b332d328f67178173e5b0106bbbb0410bdd4f2111708050e4b52c8ecf1,dabdd2b332d328f67178173e5b0106bbbb0410bdd4f2111708050e4b52c8ecf1,41602,448,336,RGB,train,Potato leaf early blight,,materialized,
5467f6012d78d1c446145d5f582da6096f852ae8,train/Potato leaf early blight/1024_x_576_-_alternaria_early_infection_symptoms_spreading.jpg,data/raw/plantdoc/train/Potato leaf early blight/1024_x_576_-_alternaria_early_infection_symptoms_spreading.jpg,3eda2dadcc702184ce3f15001aafc996e6b1bb214da671fa373459a1c9489c66,3eda2dadcc702184ce3f15001aafc996e6b1bb214da671fa373459a1c9489c66,411608,1024,576,RGB,train,Potato leaf early blight,,materialized,
5467f6012d78d1c446145d5f582da6096f852ae8,train/Potato leaf early blight/1024px-Phytophthora_infestans_potato_%27Dor%C3%A9%27%2C_aardappelziekte_Dor%C3%A9.jpg,data/raw/plantdoc/train/Potato leaf early blight/1024px-Phytophthora_infestans_potato_%27Dor%C3%A9%27%2C_aardappelziekte_Dor%C3%A9.jpg,d97ae7cad3d7cf3bf0d13050e6fefac88df226b1cdc1ac33b13843e6ad1c8eab,d97ae7cad3d7cf3bf0d13050e6fefac88df226b1cdc1ac33b13843e6ad1c8eab,264812,1024,768,RGB,train,Potato leaf early blight,,materialized,
5467f6012d78d1c446145d5f582da6096f852ae8,train/Potato leaf early blight/1200px-Late_blight_on_potato_leaf_2.jpg,data/raw/plantdoc/train/Potato leaf early blight/1200px-Late_blight_on_potato_leaf_2.jpg,e1df8209b89fd2c1bedbe907188aaca7f165fb7d7b873e3dcaba1cd4e089ae53,e1df8209b89fd2c1bedbe907188aaca7f165fb7d7b873e3dcaba1cd4e089ae53,118885,1200,753,RGB,train,Potato leaf early blight,,materialized,
5467f6012d78d1c446145d5f582da6096f852ae8,train/Potato leaf early blight/1421_0.jpeg?itok=FMtmgePj.jpg,data/raw/plantdoc/train/Potato leaf early blight/1421_0.jpeg?itok=FMtmgePj.jpg,c53ad8d40c38debfbc0b79a87d0f3649c20b933a65f5b78a6931f59d06aad498,c53ad8d40c38debfbc0b79a87d0f3649c20b933a65f5b78a6931f59d06aad498,59758,640,480,RGB,train,Potato leaf early blight,,materialized,
5467f6012d78d1c446145d5f582da6096f852ae8,train/Potato leaf early blight/14321627273_58d893c3e2_potato-plant.jpg,data/raw/plantdoc/train/Potato leaf early blight/14321627273_58d893c3e2_potato-plant.jpg,9ed101561e6c03eff8eb46223dd423da83a9ccd74050e1dbf867374924b9d84b,9ed101561e6c03eff8eb46223dd423da83a9ccd74050e1dbf867374924b9d84b,103582,500,333,RGB,train,Potato leaf early blight,,materialized,
5467f6012d78d1c446145d5f582da6096f852ae8,train/Potato leaf early blight/1573852-Early-Blight-e1515624612559.jpg,data/raw/plantdoc/train/Potato leaf early blight/1573852-Early-Blight-e1515624612559.jpg,4caf285642d0f1b45811a41fd595c145403373720bb9c05980e8a541ea9952f0,4caf285642d0f1b45811a41fd595c145403373720bb9c05980e8a541ea9952f0,34038,665,450,RGB,train,Potato leaf early blight,,materialized,
5467f6012d78d1c446145d5f582da6096f852ae8,train/Potato leaf early blight/15hrt15a1f1.jpg,data/raw/plantdoc/train/Potato leaf early blight/15hrt15a1f1.jpg,e8b5d2f224ccdbba1094528560f9d0afbc9f58540b8a6b2c5230f6a824ac4cff,e8b5d2f224ccdbba1094528560f9d0afbc9f58540b8a6b2c5230f6a824ac4cff,128819,600,472,RGB,train,Potato leaf early blight,,materialized,
5467f6012d78d1c446145d5f582da6096f852ae8,train/Potato leaf early blight/18028_1.jpg,data/raw/plantdoc/train/Potato leaf early blight/18028_1.jpg,e5f14a70fc7a687a5846749d5499872c7c3320e81aea1358e481f7100b7ba242,e5f14a70fc7a687a5846749d5499872c7c3320e81aea1358e481f7100b7ba242,216600,832,624,RGB,train,Potato leaf early blight,,materialized,
5467f6012d78d1c446145d5f582da6096f852ae8,train/Potato leaf early blight/20080710-early%2Bblight%2Blesions%2Bwith%2Byellow%2Bhaloes.jpg,data/raw/plantdoc/train/Potato leaf early blight/20080710-early%2Bblight%2Blesions%2Bwith%2Byellow%2Bhaloes.jpg,45388f4b9d5c3a9e9d8301d4f1f1f6b0672a0afc9c22b4a3c0324a096cc5b195,45388f4b9d5c3a9e9d8301d4f1f1f6b0672a0afc9c22b4a3c0324a096cc5b195,97967,500,333,RGB,train,Potato leaf early blight,,materialized,
5467f6012d78d1c446145d5f582da6096f852ae8,train/Potato leaf early blight/20100816earlyblight.jpg,data/raw/plantdoc/train/Potato leaf early blight/20100816earlyblight.jpg,187bd18367544702713d98b7ace2818588726651373f37ad88b99f4f174d38cb,187bd18367544702713d98b7ace2818588726651373f37ad88b99f4f174d38cb,127956,300,400,RGB,train,Potato leaf early blight,,materialized,
5467f6012d78d1c446145d5f582da6096f852ae8,train/Potato leaf early blight/21-late%20blight-early%20symptoms%20potato.jpg,data/raw/plantdoc/train/Potato leaf early blight/21-late%20blight-early%20symptoms%20potato.jpg,1a250e054fb9aabf9dba98638c2c57157c771a3a8b04f507934e3722dabb7ddb,1a250e054fb9aabf9dba98638c2c57157c771a3a8b04f507934e3722dabb7ddb,2540337,3072,2032,RGB,train,Potato leaf early blight,,materialized,
5467f6012d78d1c446145d5f582da6096f852ae8,train/Potato leaf early blight/2643371-version%3D1.0%26t%3D1260361493000.jpg,data/raw/plantdoc/train/Potato leaf early blight/2643371-version%3D1.0%26t%3D1260361493000.jpg,92dee4c156df60a4a7658ccdd72a231fca297459e7e5f31bad98e2e72c740403,92dee4c156df60a4a7658ccdd72a231fca297459e7e5f31bad98e2e72c740403,136839,300,240,RGB,train,Potato leaf early blight,,materialized,
5467f6012d78d1c446145d5f582da6096f852ae8,train/Potato leaf early blight/27013702151_95bd415ba9_o.jpg,data/raw/plantdoc/train/Potato leaf early blight/27013702151_95bd415ba9_o.jpg,4f1a8dec3cf61808c258c33437e394949db2a7eb7e5c556fa789c5132231bf01,4f1a8dec3cf61808c258c33437e394949db2a7eb7e5c556fa789c5132231bf01,122734,800,500,RGB,train,Potato leaf early blight,,materialized,
5467f6012d78d1c446145d5f582da6096f852ae8,train/Potato leaf early blight/2D1A9552.jpg,data/raw/plantdoc/train/Potato leaf early blight/2D1A9552.jpg,3f6885cc3a00a1f79836a833d04f7b8c3de0de67eab2aa076e73a001955192e1,3f6885cc3a00a1f79836a833d04f7b8c3de0de67eab2aa076e73a001955192e1,94340,500,336,RGB,train,Potato leaf early blight,,materialized,
5467f6012d78d1c446145d5f582da6096f852ae8,train/Potato leaf early blight/2OBH_29_Gardening_early_blight.jpg,data/raw/plantdoc/train/Potato leaf early blight/2OBH_29_Gardening_early_blight.jpg,f748f35d0801ab88be6644598876bfc173fe281b0f01e2d12439eb53f9bde818,f748f35d0801ab88be6644598876bfc173fe281b0f01e2d12439eb53f9bde818,36887,300,225,RGB,train,Potato leaf early blight,,materialized,
5467f6012d78d1c446145d5f582da6096f852ae8,train/Potato leaf early blight/36-early-blight-concentric-rings.jpg,data/raw/plantdoc/train/Potato leaf early blight/36-early-blight-concentric-rings.jpg,3491d3cbff6a350106d4d1bc21766378d5d64825246cb1b416d69795d001042d,3491d3cbff6a350106d4d1bc21766378d5d64825246cb1b416d69795d001042d,234067,675,1013,RGB,train,Potato leaf early blight,,materialized,
5467f6012d78d1c446145d5f582da6096f852ae8,train/Potato leaf early blight/3785483636_d888419c98_o.jpg,data/raw/plantdoc/train/Potato leaf early blight/3785483636_d888419c98_o.jpg,e2e59ad81dc4691fbe579e65b0ecafeed2f1d9a537383c8eee701dfb2ad53451,e2e59ad81dc4691fbe579e65b0ecafeed2f1d9a537383c8eee701dfb2ad53451,167854,800,500,RGB,train,Potato leaf early blight,,materialized,
5467f6012d78d1c446145d5f582da6096f852ae8,train/Potato leaf early blight/45035_1.jpg,data/raw/plantdoc/train/Potato leaf early blight/45035_1.jpg,adaee93874d17252870b7d4a49e8941af36309a0d1889afabd67aaf80fc0a261,adaee93874d17252870b7d4a49e8941af36309a0d1889afabd67aaf80fc0a261,116797,1200,750,RGB,train,Potato leaf early blight,,materialized,
5467f6012d78d1c446145d5f582da6096f852ae8,train/Potato leaf early blight/500px-Tomato_Early_Blight_Leaf.jpg,data/raw/plantdoc/train/Potato leaf early blight/500px-Tomato_Early_Blight_Leaf.jpg,ba58718f18314d0f17b0185a95f05643cf807a20067a95c24b208c7ee23a6464,ba58718f18314d0f17b0185a95f05643cf807a20067a95c24b208c7ee23a6464,48453,500,333,RGB,train,Potato leaf early blight,,materialized,
5467f6012d78d1c446145d5f582da6096f852ae8,train/Potato leaf early blight/5688742112_147f33b89d_Phytophthora-Infestans.jpg,data/raw/plantdoc/train/Potato leaf early blight/5688742112_147f33b89d_Phytophthora-Infestans.jpg,86d499067dd5d2e237424658ee36b238a09eb082088142a4e610e6979b468048,86d499067dd5d2e237424658ee36b238a09eb082088142a4e610e6979b468048,109345,500,335,RGB,train,Potato leaf early blight,,materialized,
5467f6012d78d1c446145d5f582da6096f852ae8,train/Potato leaf early blight/5816740026_d42ef24413_Phytophthora-Infestans.jpg,data/raw/plantdoc/train/Potato leaf early blight/5816740026_d42ef24413_Phytophthora-Infestans.jpg,a981ee59e5e1dcafd0d225f74369a05969200352c17743318c31987083ab6f4c,a981ee59e5e1dcafd0d225f74369a05969200352c17743318c31987083ab6f4c,98347,333,500,RGB,train,Potato leaf early blight,,materialized,
5467f6012d78d1c446145d5f582da6096f852ae8,train/Potato leaf early blight/80109626.jpg,data/raw/plantdoc/train/Potato leaf early blight/80109626.jpg,8341af059ffb70b73bebb119a3943d5c96e3ee621437e3cca8b176aa81d563b4,8341af059ffb70b73bebb119a3943d5c96e3ee621437e3cca8b176aa81d563b4,238785,677,700,RGB,train,Potato leaf early blight,,materialized,
5467f6012d78d1c446145d5f582da6096f852ae8,train/Potato leaf early blight/87A_Pot_Early.jpg,data/raw/plantdoc/train/Potato leaf early blight/87A_Pot_Early.jpg,d6031dd60efad84167f6cba8ca253d211c0615720bb802c53833b7ef234a21d5,d6031dd60efad84167f6cba8ca253d211c0615720bb802c53833b7ef234a21d5,18518,400,267,RGB,train,Potato leaf early blight,,materialized,
5467f6012d78d1c446145d5f582da6096f852ae8,train/Potato leaf early blight/AF_news_p4_p5_p6_Blight.jpg,data/raw/plantdoc/train/Potato leaf early blight/AF_news_p4_p5_p6_Blight.jpg,a10d18383acf24fc659ef606a4df9d97e8fcd5427a9244162f46975a561e7d24,a10d18383acf24fc659ef606a4df9d97e8fcd5427a9244162f46975a561e7d24,73900,1100,619,RGB,train,Potato leaf early blight,,materialized,
5467f6012d78d1c446145d5f582da6096f852ae8,train/Potato leaf early blight/AGS-154646-S-5801.jpg,data/raw/plantdoc/train/Potato leaf early blight/AGS-154646-S-5801.jpg,572e7706e2008ab58703883916e427934826cee4513efdcd46044ae737a944df,572e7706e2008ab58703883916e427934826cee4513efdcd46044ae737a944df,48245,514,359,RGB,train,Potato leaf early blight,,materialized,
5467f6012d78d1c446145d5f582da6096f852ae8,train/Potato leaf early blight/B2650214-Potato_leaf_blight-SPL.jpg,data/raw/plantdoc/train/Potato leaf early blight/B2650214-Potato_leaf_blight-SPL.jpg,18a91f30ec4c438806cdf5c8ae3d6d8be85870e7d05ea5bce0cc78023bfce5a9,18a91f30ec4c438806cdf5c8ae3d6d8be85870e7d05ea5bce0cc78023bfce5a9,200198,800,580,RGB,train,Potato leaf early blight,,materialized,
5467f6012d78d1c446145d5f582da6096f852ae8,train/Potato leaf early blight/Blght.jpg,data/raw/plantdoc/train/Potato leaf early blight/Blght.jpg,8300fc21b4e6d93c481a75ffc201988fa280af06f8f2fbc8d13e45b479b71325,8300fc21b4e6d93c481a75ffc201988fa280af06f8f2fbc8d13e45b479b71325,748545,2400,1800,RGB,train,Potato leaf early blight,,materialized,
5467f6012d78d1c446145d5f582da6096f852ae8,train/Potato leaf early blight/Blight-leaf-.jpg,data/raw/plantdoc/train/Potato leaf early blight/Blight-leaf-.jpg,64fadc207d3a32eace7aa4ee0ba2e49a3f3ca32e8ccfbfc0014583c9965e6c18,64fadc207d3a32eace7aa4ee0ba2e49a3f3ca32e8ccfbfc0014583c9965e6c18,89406,547,546,RGB,train,Potato leaf early blight,,materialized,
5467f6012d78d1c446145d5f582da6096f852ae8,train/Potato leaf early blight/Close-up-view-of-blight-lesion-on-leaf-of-potato-c-Blackthorn-Arable-615x346.jpg,data/raw/plantdoc/train/Potato leaf early blight/Close-up-view-of-blight-lesion-on-leaf-of-potato-c-Blackthorn-Arable-615x346.jpg,91d077ba3f6d3941d91ed750a19e8f44f3b597e42492eb97ee87e7ce17f7396b,91d077ba3f6d3941d91ed750a19e8f44f3b597e42492eb97ee87e7ce17f7396b,60825,615,346,RGB,train,Potato leaf early blight,,materialized,
5467f6012d78d1c446145d5f582da6096f852ae8,train/Potato leaf early blight/EB%20lesions1_opt.jpeg.jpg,data/raw/plantdoc/train/Potato leaf early blight/EB%20lesions1_opt.jpeg.jpg,69fcef346a429b1a0e101b1350b8b75cbc5fa5637b414d15cfbe8248bb1743cb,69fcef346a429b1a0e101b1350b8b75cbc5fa5637b414d15cfbe8248bb1743cb,67404,576,386,RGB,train,Potato leaf early blight,,materialized,
5467f6012d78d1c446145d5f582da6096f852ae8,train/Potato leaf early blight/Early%20Blight%20-%20Potatoes.ashx?w=350.jpg,data/raw/plantdoc/train/Potato leaf early blight/Early%20Blight%20-%20Potatoes.ashx?w=350.jpg,a85f4eaf371d93f8b9bc1a1ed4a2fb290b6cc15d38a7069d552d816fef3832c2,a85f4eaf371d93f8b9bc1a1ed4a2fb290b6cc15d38a7069d552d816fef3832c2,34994,350,233,RGB,train,Potato leaf early blight,,materialized,
5467f6012d78d1c446145d5f582da6096f852ae8,train/Potato leaf early blight/Early-Blight-Leaves-56a348bf3df78cf7727cb35e.jpg,data/raw/plantdoc/train/Potato leaf early blight/Early-Blight-Leaves-56a348bf3df78cf7727cb35e.jpg,32c2acfef0fe441ba45e0d70f1d286e85ffebc4ecff3cad263939b036ce73e14,32c2acfef0fe441ba45e0d70f1d286e85ffebc4ecff3cad263939b036ce73e14,79718,768,768,RGB,train,Potato leaf early blight,,materialized,
5467f6012d78d1c446145d5f582da6096f852ae8,train/Potato leaf early blight/Early-Blight-UK-A.jpg,data/raw/plantdoc/train/Potato leaf early blight/Early-Blight-UK-A.jpg,1640f9d4bd61114b47dad63e576ae4b5bfede6db9ed1b6986d528f5755e3bd0b,1640f9d4bd61114b47dad63e576ae4b5bfede6db9ed1b6986d528f5755e3bd0b,95966,768,576,RGB,train,Potato leaf early blight,,materialized,
5467f6012d78d1c446145d5f582da6096f852ae8,train/Potato leaf early blight/Early_Blight_of_Tomato177.jpg,data/raw/plantdoc/train/Potato leaf early blight/Early_Blight_of_Tomato177.jpg,9564fb41e4b31345aeb76c204be4824d8e27d0881fdff0afeff2cb56a3b8b3d2,9564fb41e4b31345aeb76c204be4824d8e27d0881fdff0afeff2cb56a3b8b3d2,41037,800,600,RGB,train,Potato leaf early blight,,materialized,
5467f6012d78d1c446145d5f582da6096f852ae8,train/Potato leaf early blight/Early_blight_on_tomato_leaves_7871930010-Fairfax.jpg,data/raw/plantdoc/train/Potato leaf early blight/Early_blight_on_tomato_leaves_7871930010-Fairfax.jpg,c293b969065094134b5dd96e1ea7e158cf79b01f8c67a5fc403216905563c974,c293b969065094134b5dd96e1ea7e158cf79b01f8c67a5fc403216905563c974,109794,800,500,RGB,train,Potato leaf early blight,,materialized,
5467f6012d78d1c446145d5f582da6096f852ae8,train/Potato leaf early blight/IMG_0014.jpg,data/raw/plantdoc/train/Potato leaf early blight/IMG_0014.jpg,868ae5706f481a26f30fc76dec6c107896bedd45e24d04f6c360754169422a1f,868ae5706f481a26f30fc76dec6c107896bedd45e24d04f6c360754169422a1f,1772671,4000,3000,RGB,train,Potato leaf early blight,,materialized,
5467f6012d78d1c446145d5f582da6096f852ae8,train/Potato leaf early blight/IMG_0020.jpg,data/raw/plantdoc/train/Potato leaf early blight/IMG_0020.jpg,a7a431c8f1eeffa8e27adfe03998f50af6cfb6a54db6bd3dc0fd41e16ae644b6,a7a431c8f1eeffa8e27adfe03998f50af6cfb6a54db6bd3dc0fd41e16ae644b6,2415965,4000,3000,RGB,train,Potato leaf early blight,,materialized,
5467f6012d78d1c446145d5f582da6096f852ae8,train/Potato leaf early blight/IMG_0022.jpg,data/raw/plantdoc/train/Potato leaf early blight/IMG_0022.jpg,9078808f466dbf81bc32b97e53850b9df414dbe855e369b519706b62ef96e4c9,9078808f466dbf81bc32b97e53850b9df414dbe855e369b519706b62ef96e4c9,2455234,4000,2374,RGB,train,Potato leaf early blight,,materialized,
5467f6012d78d1c446145d5f582da6096f852ae8,train/Potato leaf early blight/IMG_9055.JPG.jpg,data/raw/plantdoc/train/Potato leaf early blight/IMG_9055.JPG.jpg,f24fc176c4c0a18e65185c1ade695c8debd2fb70d4c8e1c809b662c43c9ddf08,f24fc176c4c0a18e65185c1ade695c8debd2fb70d4c8e1c809b662c43c9ddf08,90562,640,480,RGB,train,Potato leaf early blight,,materialized,
5467f6012d78d1c446145d5f582da6096f852ae8,train/Potato leaf early blight/Leaves-with-early-blight-need-to-be-removed-225x300.jpg,data/raw/plantdoc/train/Potato leaf early blight/Leaves-with-early-blight-need-to-be-removed-225x300.jpg,50a0969b769b8556c314fb467dfa2efb8213060a877c78b66c1488c62517300d,50a0969b769b8556c314fb467dfa2efb8213060a877c78b66c1488c62517300d,56092,225,300,RGB,train,Potato leaf early blight,,materialized,
5467f6012d78d1c446145d5f582da6096f852ae8,train/Potato leaf early blight/PHYTIN23.img.jpg,data/raw/plantdoc/train/Potato leaf early blight/PHYTIN23.img.jpg,7a69f8023dc13c8c30756c1e337b7c59c6370328745ee59dc3026480dde467f3,7a69f8023dc13c8c30756c1e337b7c59c6370328745ee59dc3026480dde467f3,68209,520,400,RGB,train,Potato leaf early blight,,materialized,
5467f6012d78d1c446145d5f582da6096f852ae8,train/Potato leaf early blight/Potato-Blight-Infecting-Leaves.jpg,data/raw/plantdoc/train/Potato leaf early blight/Potato-Blight-Infecting-Leaves.jpg,2835ab633d11ed4840e493a0bdf30ff02cc6e9e7bdc3ee180e23a9fa4d26da53,2835ab633d11ed4840e493a0bdf30ff02cc6e9e7bdc3ee180e23a9fa4d26da53,126510,816,612,RGB,train,Potato leaf early blight,,materialized,
5467f6012d78d1c446145d5f582da6096f852ae8,train/Potato leaf early blight/Potato-Blight-on-Leaves.jpg,data/raw/plantdoc/train/Potato leaf early blight/Potato-Blight-on-Leaves.jpg,ba191160d95e5251c4981473d5411900642d7e1e32c4f79d3ab9bceb2bcb1201,ba191160d95e5251c4981473d5411900642d7e1e32c4f79d3ab9bceb2bcb1201,161644,1240,699,RGB,train,Potato leaf early blight,,materialized,
5467f6012d78d1c446145d5f582da6096f852ae8,train/Potato leaf early blight/Potato-blight-leaves-B.jpg,data/raw/plantdoc/train/Potato leaf early blight/Potato-blight-leaves-B.jpg,4609c3a996872ad426aa00a4e17dfe75359cb9137c8bb8c654c5909cd081b874,4609c3a996872ad426aa00a4e17dfe75359cb9137c8bb8c654c5909cd081b874,109986,668,363,RGB,train,Potato leaf early blight,,materialized,
5467f6012d78d1c446145d5f582da6096f852ae8,train/Potato leaf early blight/Potato-blight-on-leaf.jpg,data/raw/plantdoc/train/Potato leaf early blight/Potato-blight-on-leaf.jpg,559f5cb7d8054fde0aca625cece2d58b6ee1f13ac740e6ac74384b7c846ad4f2,559f5cb7d8054fde0aca625cece2d58b6ee1f13ac740e6ac74384b7c846ad4f2,125815,566,566,RGB,train,Potato leaf early blight,,materialized,
5467f6012d78d1c446145d5f582da6096f852ae8,train/Potato leaf early blight/Potato-earlyblight2.jpg,data/raw/plantdoc/train/Potato leaf early blight/Potato-earlyblight2.jpg,4f52d7b4258c742f1ac02e2ff8d1d8e572c2a2c15a959221e0ab63cd89cefab2,4f52d7b4258c742f1ac02e2ff8d1d8e572c2a2c15a959221e0ab63cd89cefab2,12073,300,197,RGB,train,Potato leaf early blight,,materialized,
5467f6012d78d1c446145d5f582da6096f852ae8,train/Potato leaf early blight/Potato_Blight_Leaf.jpg,data/raw/plantdoc/train/Potato leaf early blight/Potato_Blight_Leaf.jpg,bfbf2298e7ba8634b43dbc57dc648518c0bd19b9c32eb1d5714437e8e4949cea,bfbf2298e7ba8634b43dbc57dc648518c0bd19b9c32eb1d5714437e8e4949cea,512765,3071,2062,RGB,train,Potato leaf early blight,,materialized,
5467f6012d78d1c446145d5f582da6096f852ae8,train/Potato leaf early blight/Potato_Early_Blight_%26_Late_Blight.jpg,data/raw/plantdoc/train/Potato leaf early blight/Potato_Early_Blight_%26_Late_Blight.jpg,9d8cc89933bb4c3871bbc2885ab9e0af020b56d7f92caa735018f77bf90eeca5,9d8cc89933bb4c3871bbc2885ab9e0af020b56d7f92caa735018f77bf90eeca5,211747,500,343,RGB,train,Potato leaf early blight,,materialized,
5467f6012d78d1c446145d5f582da6096f852ae8,train/Potato leaf early blight/a_solani.jpg,data/raw/plantdoc/train/Potato leaf early blight/a_solani.jpg,f1f04786211738e0e754310a53c3f26fd4cfd473a51e857216a9872e1a1e28ff,f1f04786211738e0e754310a53c3f26fd4cfd473a51e857216a9872e1a1e28ff,65453,742,472,RGB,train,Potato leaf early blight,,materialized,
5467f6012d78d1c446145d5f582da6096f852ae8,train/Potato leaf early blight/agriculture-potato-early-blight-leaf-symptoms-on-a-potato-leaf-caused-picture-id586884353.jpg,data/raw/plantdoc/train/Potato leaf early blight/agriculture-potato-early-blight-leaf-symptoms-on-a-potato-leaf-caused-picture-id586884353.jpg,422e28353cebceb5268c559563c515561e1347918af781b408f9dc63cc91558e,422e28353cebceb5268c559563c515561e1347918af781b408f9dc63cc91558e,490741,1024,690,RGB,train,Potato leaf early blight,,materialized,
5467f6012d78d1c446145d5f582da6096f852ae8,train/Potato leaf early blight/alternaria%20%2824%29.JPG.jpg,data/raw/plantdoc/train/Potato leaf early blight/alternaria%20%2824%29.JPG.jpg,2d5462b68aaafd4700f2586d21f6bbd569f634d86b1958a5011aa2345592d71c,2d5462b68aaafd4700f2586d21f6bbd569f634d86b1958a5011aa2345592d71c,1971798,3648,2736,RGB,train,Potato leaf early blight,,materialized,
5467f6012d78d1c446145d5f582da6096f852ae8,train/Potato leaf early blight/backus-045-potato-blight.jpg,data/raw/plantdoc/train/Potato leaf early blight/backus-045-potato-blight.jpg,d472ecfbcce11cbb8448f6598427e6a8ba7cca3b2526636a37752d19cbffb2a5,d472ecfbcce11cbb8448f6598427e6a8ba7cca3b2526636a37752d19cbffb2a5,1493896,2848,2136,RGB,train,Potato leaf early blight,,materialized,
5467f6012d78d1c446145d5f582da6096f852ae8,train/Potato leaf early blight/blight-2x.jpg,data/raw/plantdoc/train/Potato leaf early blight/blight-2x.jpg,53ccad105d637bee5850d2193b36743b9454c2fb39d897cf5e42b015aac6da82,53ccad105d637bee5850d2193b36743b9454c2fb39d897cf5e42b015aac6da82,51488,750,350,RGB,train,Potato leaf early blight,,materialized,
5467f6012d78d1c446145d5f582da6096f852ae8,train/Potato leaf early blight/blight-leaf-top.jpg,data/raw/plantdoc/train/Potato leaf early blight/blight-leaf-top.jpg,a72f376827de40fefef7c751713bcccc0878e74bb09507eb77e6233d3bb3923f,a72f376827de40fefef7c751713bcccc0878e74bb09507eb77e6233d3bb3923f,108571,727,617,RGB,train,Potato leaf early blight,,materialized,
5467f6012d78d1c446145d5f582da6096f852ae8,train/Potato leaf early blight/blighted-potatoe-leave.jpg,data/raw/plantdoc/train/Potato leaf early blight/blighted-potatoe-leave.jpg,034acb763ff9aa34965c897a431f104ec7f7f9831a281f03fb65557d63cf441d,034acb763ff9aa34965c897a431f104ec7f7f9831a281f03fb65557d63cf441d,42150,640,480,RGB,train,Potato leaf early blight,,materialized,
5467f6012d78d1c446145d5f582da6096f852ae8,train/Potato leaf early blight/cq5dam.web.16-9.8.jpg,data/raw/plantdoc/train/Potato leaf early blight/cq5dam.web.16-9.8.jpg,08ac2c59b8d6ecc4160d3b4600ea22ff9c90df93c708992116f8283cd102b6fe,08ac2c59b8d6ecc4160d3b4600ea22ff9c90df93c708992116f8283cd102b6fe,184337,750,422,RGB,train,Potato leaf early blight,,materialized,
5467f6012d78d1c446145d5f582da6096f852ae8,train/Potato leaf early blight/early%20blight.tom_.jpg,data/raw/plantdoc/train/Potato leaf early blight/early%20blight.tom_.jpg,55b98d846ea8f41e2b14724eb275fa0dd19d0556102b01ae4295b9346f2b229a,55b98d846ea8f41e2b14724eb275fa0dd19d0556102b01ae4295b9346f2b229a,130180,550,385,RGB,train,Potato leaf early blight,,materialized,
5467f6012d78d1c446145d5f582da6096f852ae8,train/Potato leaf early blight/early-blight-2.jpg,data/raw/plantdoc/train/Potato leaf early blight/early-blight-2.jpg,e587791cc6ac3c30742b1e0dce123aa8cfac0ae438d16f4baf97785832d8d87f,e587791cc6ac3c30742b1e0dce123aa8cfac0ae438d16f4baf97785832d8d87f,25222,590,443,RGB,train,Potato leaf early blight,,materialized,
5467f6012d78d1c446145d5f582da6096f852ae8,train/Potato leaf early blight/early-blight-alternaria-alternata-leaf-spotting-on-potato-leaf-ACG5WF.jpg,data/raw/plantdoc/train/Potato leaf early blight/early-blight-alternaria-alternata-leaf-spotting-on-potato-leaf-ACG5WF.jpg,4dfcfdd54e7ae5ee94e13e6d104cbc74089f7854c6ff5c22fe135c263f6c5218,4dfcfdd54e7ae5ee94e13e6d104cbc74089f7854c6ff5c22fe135c263f6c5218,220696,1300,1199,RGB,train,Potato leaf early blight,,materialized,
5467f6012d78d1c446145d5f582da6096f852ae8,train/Potato leaf early blight/early-blight-closeup-NCSU.jpg,data/raw/plantdoc/train/Potato leaf early blight/early-blight-closeup-NCSU.jpg,e81e3a070908de5a356b6a7b503744c3f6db9abdb95f32694631ac95ba96f583,e81e3a070908de5a356b6a7b503744c3f6db9abdb95f32694631ac95ba96f583,122927,454,291,RGB,train,Potato leaf early blight,,materialized,
5467f6012d78d1c446145d5f582da6096f852ae8,train/Potato leaf early blight/early-blight-cmyk-opt.jpeg.jpg,data/raw/plantdoc/train/Potato leaf early blight/early-blight-cmyk-opt.jpeg.jpg,0aedfcf2a695ecfa37585861841b6ae3ed07e08f202bfdb1cbba73fea2df5145,0aedfcf2a695ecfa37585861841b6ae3ed07e08f202bfdb1cbba73fea2df5145,94058,396,385,RGB,train,Potato leaf early blight,,materialized,
5467f6012d78d1c446145d5f582da6096f852ae8,train/Potato leaf early blight/early-blight-courtesy-Melanson-MS-State-U-Ext-Bugwood.jpg,data/raw/plantdoc/train/Potato leaf early blight/early-blight-courtesy-Melanson-MS-State-U-Ext-Bugwood.jpg,ece3a091bebf8b0cddcee6e91583e3ff776614a19cebcc048319e37ccd809c9c,ece3a091bebf8b0cddcee6e91583e3ff776614a19cebcc048319e37ccd809c9c,112123,400,533,RGB,train,Potato leaf early blight,,materialized,
5467f6012d78d1c446145d5f582da6096f852ae8,train/Potato leaf early blight/early-blight-or-target-spot-alternaria-solani-lesions-on-a-tomato-by9j8r.jpg,data/raw/plantdoc/train/Potato leaf early blight/early-blight-or-target-spot-alternaria-solani-lesions-on-a-tomato-by9j8r.jpg,c875391c0eb5d614a7b7aac573b46a0a98ae97830bfc0b77a93f765f95e95918,c875391c0eb5d614a7b7aac573b46a0a98ae97830bfc0b77a93f765f95e95918,36256,307,320,RGB,train,Potato leaf early blight,,materialized,
5467f6012d78d1c446145d5f582da6096f852ae8,train/Potato leaf early blight/early-blight-or-targfet-spot-alternaria-solani-lesions-on-a-tomato-ACG8W6.jpg,data/raw/plantdoc/train/Potato leaf early blight/early-blight-or-targfet-spot-alternaria-solani-lesions-on-a-tomato-ACG8W6.jpg,088123f744ce4eb19e90e54bcd50d2e4d6b19f0a791c5a9834b320b24108767b,088123f744ce4eb19e90e54bcd50d2e4d6b19f0a791c5a9834b320b24108767b,312117,1300,1065,RGB,train,Potato leaf early blight,,materialized,
5467f6012d78d1c446145d5f582da6096f852ae8,train/Potato leaf early blight/early-blight-potatoes.jpg,data/raw/plantdoc/train/Potato leaf early blight/early-blight-potatoes.jpg,6ca3684c43951eccd9a77b6d7d3223b9e042ed7f4d7c4585d4ca08e48e9b0d7a,6ca3684c43951eccd9a77b6d7d3223b9e042ed7f4d7c4585d4ca08e48e9b0d7a,195296,1536,1005,RGB,train,Potato leaf early blight,,materialized,
5467f6012d78d1c446145d5f582da6096f852ae8,train/Potato leaf early blight/early-blight-septoria-ls-fig-1.jpg,data/raw/plantdoc/train/Potato leaf early blight/early-blight-septoria-ls-fig-1.jpg,3ce6fea778c66b8fa9793596ce1c501517ebd5157f2a84946c2524b94468435e,3ce6fea778c66b8fa9793596ce1c501517ebd5157f2a84946c2524b94468435e,850879,1500,844,RGB,train,Potato leaf early blight,,materialized,
5467f6012d78d1c446145d5f582da6096f852ae8,train/Potato leaf early blight/early_blight1.jpg,data/raw/plantdoc/train/Potato leaf early blight/early_blight1.jpg,a05518985128ded3416b3290af75913b87603a6586a088fafe3fafd4d5e7bba6,a05518985128ded3416b3290af75913b87603a6586a088fafe3fafd4d5e7bba6,47263,600,265,RGB,train,Potato leaf early blight,,materialized,
5467f6012d78d1c446145d5f582da6096f852ae8,train/Potato leaf early blight/earlyblight21.jpg,data/raw/plantdoc/train/Potato leaf early blight/earlyblight21.jpg,e94abbf4f82572b74f54dc474260e0631c2b58daa9cf91a0da4a57fb058f0514,e94abbf4f82572b74f54dc474260e0631c2b58daa9cf91a0da4a57fb058f0514,62985,681,510,RGB,train,Potato leaf early blight,,materialized,
5467f6012d78d1c446145d5f582da6096f852ae8,train/Potato leaf early blight/eb2.jpg,data/raw/plantdoc/train/Potato leaf early blight/eb2.jpg,8d7ce74b8249967dacc36342904f0a7b1da9aa36d1a9090cd5cf62549801b094,8d7ce74b8249967dacc36342904f0a7b1da9aa36d1a9090cd5cf62549801b094,54016,500,375,RGB,train,Potato leaf early blight,,materialized,
5467f6012d78d1c446145d5f582da6096f852ae8,train/Potato leaf early blight/f1078eef6945e3430829706f84bf70c0.jpg,data/raw/plantdoc/train/Potato leaf early blight/f1078eef6945e3430829706f84bf70c0.jpg,676431791e350fc8b657019fb46f6f8ddce2dcc30812c8b2ddc2f9852ea0197f,676431791e350fc8b657019fb46f6f8ddce2dcc30812c8b2ddc2f9852ea0197f,48104,490,325,RGB,train,Potato leaf early blight,,materialized,
5467f6012d78d1c446145d5f582da6096f852ae8,train/Potato leaf early blight/f204d9b6516c961f48502e0b7ae3f746.jpg,data/raw/plantdoc/train/Potato leaf early blight/f204d9b6516c961f48502e0b7ae3f746.jpg,95c3ad83438303527a123244d6b36a1cfaed20e7c1c68a06424ab7d5ba30c787,95c3ad83438303527a123244d6b36a1cfaed20e7c1c68a06424ab7d5ba30c787,31512,420,420,RGB,train,Potato leaf early blight,,materialized,
5467f6012d78d1c446145d5f582da6096f852ae8,train/Potato leaf early blight/fac66s01a.jpg,data/raw/plantdoc/train/Potato leaf early blight/fac66s01a.jpg,0202f4660c7fd962504c28cb07bca0bd5cbd8453e3fe0c8003e27c8c388c1187,0202f4660c7fd962504c28cb07bca0bd5cbd8453e3fe0c8003e27c8c388c1187,21240,448,311,RGB,train,Potato leaf early blight,,materialized,
5467f6012d78d1c446145d5f582da6096f852ae8,train/Potato leaf early blight/fac66s01h.jpg,data/raw/plantdoc/train/Potato leaf early blight/fac66s01h.jpg,accaabad3e125ac091e2f50e8a658847f5898a2298205c474e1630dc0e395e42,accaabad3e125ac091e2f50e8a658847f5898a2298205c474e1630dc0e395e42,11471,316,228,RGB,train,Potato leaf early blight,,materialized,
5467f6012d78d1c446145d5f582da6096f852ae8,train/Potato leaf early blight/fi000294.jpg,data/raw/plantdoc/train/Potato leaf early blight/fi000294.jpg,ca2facca88c49276e79ca4f97b683fb230b77380f852995b1344e73a2ff5b66b,ca2facca88c49276e79ca4f97b683fb230b77380f852995b1344e73a2ff5b66b,321070,575,383,RGB,train,Potato leaf early blight,,materialized,
5467f6012d78d1c446145d5f582da6096f852ae8,train/Potato leaf early blight/home-design.jpg,data/raw/plantdoc/train/Potato leaf early blight/home-design.jpg,533d05eb4ac7a4a13588481053195eddffa421dea5a98d9f7105b242e57cb8c1,533d05eb4ac7a4a13588481053195eddffa421dea5a98d9f7105b242e57cb8c1,70890,500,500,RGB,train,Potato leaf early blight,,materialized,
5467f6012d78d1c446145d5f582da6096f852ae8,train/Potato leaf early blight/irish-blight-symptoms-on-potato-leaves-atmf8b.jpg,data/raw/plantdoc/train/Potato leaf early blight/irish-blight-symptoms-on-potato-leaves-atmf8b.jpg,9dd93b4217495fbb725cfdded86d3dc5f98955c9616fff5323be1a00df17be8b,9dd93b4217495fbb725cfdded86d3dc5f98955c9616fff5323be1a00df17be8b,56066,640,437,RGB,train,Potato leaf early blight,,materialized,
5467f6012d78d1c446145d5f582da6096f852ae8,train/Potato leaf early blight/maxresdefault.jpg,data/raw/plantdoc/train/Potato leaf early blight/maxresdefault.jpg,ad5552668530c4aeb836eadb3c08cc2d22dd053a3e156d046e243c6ad5c7c751,ad5552668530c4aeb836eadb3c08cc2d22dd053a3e156d046e243c6ad5c7c751,165771,1280,720,RGB,train,Potato leaf early blight,,materialized,
5467f6012d78d1c446145d5f582da6096f852ae8,train/Potato leaf early blight/pe-mi-lateblightleaf.jpg,data/raw/plantdoc/train/Potato leaf early blight/pe-mi-lateblightleaf.jpg,723a7883c4d07eadccf9aa726a0a95cbe9618ee1af86c8612eea4e75472ec655,723a7883c4d07eadccf9aa726a0a95cbe9618ee1af86c8612eea4e75472ec655,29595,620,349,RGB,train,Potato leaf early blight,,materialized,
5467f6012d78d1c446145d5f582da6096f852ae8,train/Potato leaf early blight/potato-blight-damage-on-leaves-caused-by-fungus-phytophthora-picture-id505322893.jpg,data/raw/plantdoc/train/Potato leaf early blight/potato-blight-damage-on-leaves-caused-by-fungus-phytophthora-picture-id505322893.jpg,fcd4875dd0af67502f9ce3ed52810a54460f140b3bb7e92afff5ebac9574b11b,fcd4875dd0af67502f9ce3ed52810a54460f140b3bb7e92afff5ebac9574b11b,292778,681,1024,RGB,train,Potato leaf early blight,,materialized,
5467f6012d78d1c446145d5f582da6096f852ae8,train/Potato leaf early blight/potato-blight-leaf.jpg,data/raw/plantdoc/train/Potato leaf early blight/potato-blight-leaf.jpg,37ea445206483333bdb2e6a3f5265d7afa8148bed155f7a7e5ce55f4ab44f1db,37ea445206483333bdb2e6a3f5265d7afa8148bed155f7a7e5ce55f4ab44f1db,78391,800,936,RGB,train,Potato leaf early blight,,materialized,
5467f6012d78d1c446145d5f582da6096f852ae8,train/Potato leaf early blight/potato-blight-phytophora-infestans-close-up-of-infected-leaf-showing-A60HXN.jpg,data/raw/plantdoc/train/Potato leaf early blight/potato-blight-phytophora-infestans-close-up-of-infected-leaf-showing-A60HXN__79aeef9fa53b.jpg,79aeef9fa53b2e2ea083e27bb9a5952643ea3424b64be79d85fde27ddc9e4194,79aeef9fa53b2e2ea083e27bb9a5952643ea3424b64be79d85fde27ddc9e4194,241221,1300,956,RGB,train,Potato leaf early blight,cg06,collision_safe_rename,distinct image content; original name collides case-insensitively with its pair member — extracted under a collision-safe name
5467f6012d78d1c446145d5f582da6096f852ae8,train/Potato leaf early blight/potato-blight-phytophora-infestans-close-up-of-infected-leaf-showing-a60hxn.jpg,data/raw/plantdoc/train/Potato leaf early blight/potato-blight-phytophora-infestans-close-up-of-infected-leaf-showing-a60hxn__0ea1317f5e20.jpg,0ea1317f5e200ddec3cfadee3b1815620f2a49506c1838a23f69555f5d7d7d1b,0ea1317f5e200ddec3cfadee3b1815620f2a49506c1838a23f69555f5d7d7d1b,113078,640,447,RGB,train,Potato leaf early blight,cg06,collision_safe_rename,distinct image content; original name collides case-insensitively with its pair member — extracted under a collision-safe name
5467f6012d78d1c446145d5f582da6096f852ae8,train/Potato leaf early blight/potato-blight-phytophora-infestans-close-up-of-infected-leaf-top-surface-a60hxg.jpg,data/raw/plantdoc/train/Potato leaf early blight/potato-blight-phytophora-infestans-close-up-of-infected-leaf-top-surface-a60hxg.jpg,47f33aabcb6649bcec07f85fcdde007062cb9ac4a0f0392ea8f79853b619ee85,47f33aabcb6649bcec07f85fcdde007062cb9ac4a0f0392ea8f79853b619ee85,100048,640,447,RGB,train,Potato leaf early blight,,materialized,
5467f6012d78d1c446145d5f582da6096f852ae8,train/Potato leaf early blight/potato-blight-phytophthora-infestans-close-up-of-upper-surface-of-bmmrxd.jpg,data/raw/plantdoc/train/Potato leaf early blight/potato-blight-phytophthora-infestans-close-up-of-upper-surface-of-bmmrxd.jpg,9c99fca0d258d9bfd25ac53bbf59d91616563924456b75f4e864bc4993c60f3a,9c99fca0d258d9bfd25ac53bbf59d91616563924456b75f4e864bc4993c60f3a,66090,640,447,RGB,train,Potato leaf early blight,,materialized,
5467f6012d78d1c446145d5f582da6096f852ae8,train/Potato leaf early blight/potato-blight-phytophthora-infestans-showing-infected-leaf-top-surface-bmmrtd.jpg,data/raw/plantdoc/train/Potato leaf early blight/potato-blight-phytophthora-infestans-showing-infected-leaf-top-surface-bmmrtd.jpg,004a6826c8a076db0e5f33a5c8333a6bbe14da994c15084b3b3038db40aa2344,004a6826c8a076db0e5f33a5c8333a6bbe14da994c15084b3b3038db40aa2344,65057,640,447,RGB,train,Potato leaf early blight,,materialized,
5467f6012d78d1c446145d5f582da6096f852ae8,train/Potato leaf early blight/potato-blight-showing-on-potato-plant-leaves-KJ70DB.jpg,data/raw/plantdoc/train/Potato leaf early blight/potato-blight-showing-on-potato-plant-leaves-KJ70DB.jpg,6500a6737107dc74243e8c5c87ab8e254354d104a598acbbd641675437489323,6500a6737107dc74243e8c5c87ab8e254354d104a598acbbd641675437489323,125985,866,1390,RGB,train,Potato leaf early blight,,materialized,
5467f6012d78d1c446145d5f582da6096f852ae8,train/Potato leaf early blight/potato-early-blight-alternaria-alternata-discreet-lesions-on-a-potato-BY651F.jpg,data/raw/plantdoc/train/Potato leaf early blight/potato-early-blight-alternaria-alternata-discreet-lesions-on-a-potato-BY651F.jpg,250a53f61fd2404bc6eaaa527cae21f0fb2eceff5e77ef5b412d6d1a943bbcee,250a53f61fd2404bc6eaaa527cae21f0fb2eceff5e77ef5b412d6d1a943bbcee,240191,1300,1181,RGB,train,Potato leaf early blight,,materialized,
5467f6012d78d1c446145d5f582da6096f852ae8,train/Potato leaf early blight/potato-early-blight-alternaria-alternata-lesion-on-a-potato-leaf-X96EFD.jpg,data/raw/plantdoc/train/Potato leaf early blight/potato-early-blight-alternaria-alternata-lesion-on-a-potato-leaf-X96EFD.jpg,a6eaed0ba93463b51369ec7da6d6c9d067f6a9ea13a2ed9414f9a1a12cf2ec27,a6eaed0ba93463b51369ec7da6d6c9d067f6a9ea13a2ed9414f9a1a12cf2ec27,218209,1300,1238,RGB,train,Potato leaf early blight,,materialized,
5467f6012d78d1c446145d5f582da6096f852ae8,train/Potato leaf early blight/potato-early-blight-alternaria-alternata-lesions-on-a-potato-leaf-by650f.jpg,data/raw/plantdoc/train/Potato leaf early blight/potato-early-blight-alternaria-alternata-lesions-on-a-potato-leaf-by650f.jpg,97b73efd28d131b139e46338f8bd64e80b91e470c69fd7012eb69cdc3ad30a55,97b73efd28d131b139e46338f8bd64e80b91e470c69fd7012eb69cdc3ad30a55,29739,379,320,RGB,train,Potato leaf early blight,,materialized,
5467f6012d78d1c446145d5f582da6096f852ae8,train/Potato leaf early blight/potato-early-blight-alternaria-alternata-lesions-on-potato-leaf-XDF64E.jpg,data/raw/plantdoc/train/Potato leaf early blight/potato-early-blight-alternaria-alternata-lesions-on-potato-leaf-XDF64E.jpg,0886fb5a46ae7a49cddb6e9c2fbdcee85ff56d5bdf585cecb918dcfb0fc395e9,0886fb5a46ae7a49cddb6e9c2fbdcee85ff56d5bdf585cecb918dcfb0fc395e9,250057,1257,1390,RGB,train,Potato leaf early blight,,materialized,
5467f6012d78d1c446145d5f582da6096f852ae8,train/Potato leaf early blight/potato-early-blight-alternaria-alternata-target-spot-lesion-on-a-potato-leaf-x63fwh.jpg,data/raw/plantdoc/train/Potato leaf early blight/potato-early-blight-alternaria-alternata-target-spot-lesion-on-a-potato-leaf-x63fwh.jpg,fdf95540c32a5001a41fcc121335d444f3675ee5ef8550f1f66fd5f668106fcb,fdf95540c32a5001a41fcc121335d444f3675ee5ef8550f1f66fd5f668106fcb,46508,340,320,RGB,train,Potato leaf early blight,,materialized,
5467f6012d78d1c446145d5f582da6096f852ae8,train/Potato leaf early blight/potato-early-blight-alternaria-alternata-target-spot-lesions-on-a-by64yw.jpg,data/raw/plantdoc/train/Potato leaf early blight/potato-early-blight-alternaria-alternata-target-spot-lesions-on-a-by64yw.jpg,881028829d03f24ec1a2e47e2de5e352b188a3d5a7dfe469314e4bfb3b5a43e9,881028829d03f24ec1a2e47e2de5e352b188a3d5a7dfe469314e4bfb3b5a43e9,103579,640,519,RGB,train,Potato leaf early blight,,materialized,
5467f6012d78d1c446145d5f582da6096f852ae8,train/Potato leaf early blight/potato-early-blight-lesion-on-a-potato-leaf-picture-id81781211.jpg,data/raw/plantdoc/train/Potato leaf early blight/potato-early-blight-lesion-on-a-potato-leaf-picture-id81781211.jpg,fe9ef9ce817e1bc532faa12d2ba4ee71cd1731b9d2a81d7b0f9683bc3596fc2a,fe9ef9ce817e1bc532faa12d2ba4ee71cd1731b9d2a81d7b0f9683bc3596fc2a,482241,1024,904,RGB,train,Potato leaf early blight,,materialized,
5467f6012d78d1c446145d5f582da6096f852ae8,train/Potato leaf early blight/potato_alternaria_03_zoom.jpg,data/raw/plantdoc/train/Potato leaf early blight/potato_alternaria_03_zoom.jpg,379f08cb74cab5e2059644b4f2e0568ca27b753dfb2de0ca3ca2fed12855f600,379f08cb74cab5e2059644b4f2e0568ca27b753dfb2de0ca3ca2fed12855f600,179886,900,743,RGB,train,Potato leaf early blight,,materialized,
5467f6012d78d1c446145d5f582da6096f852ae8,train/Potato leaf early blight/potato_alternaria_04_zoom.jpg,data/raw/plantdoc/train/Potato leaf early blight/potato_alternaria_04_zoom.jpg,54dbdd9db6fbeac10e6e0706f9a15570771dc061dd97eb093ba3a06557864e02,54dbdd9db6fbeac10e6e0706f9a15570771dc061dd97eb093ba3a06557864e02,251110,800,887,RGB,train,Potato leaf early blight,,materialized,
5467f6012d78d1c446145d5f582da6096f852ae8,train/Potato leaf early blight/potato_early-blight_01_zoom.jpg,data/raw/plantdoc/train/Potato leaf early blight/potato_early-blight_01_zoom.jpg,f457be74c849a5b1fbc43de16ca98fe68e4cdfb29aeb8944772ee1579511e731,f457be74c849a5b1fbc43de16ca98fe68e4cdfb29aeb8944772ee1579511e731,301296,900,692,RGB,train,Potato leaf early blight,,materialized,
5467f6012d78d1c446145d5f582da6096f852ae8,train/Potato leaf early blight/potato_early-blight_02_zoom.jpg,data/raw/plantdoc/train/Potato leaf early blight/potato_early-blight_02_zoom.jpg,204453c7c8d9b8150f517071876460bba0b1e4bdaea15eb7154db5d10bc0d1ca,204453c7c8d9b8150f517071876460bba0b1e4bdaea15eb7154db5d10bc0d1ca,181019,900,610,RGB,train,Potato leaf early blight,,materialized,
5467f6012d78d1c446145d5f582da6096f852ae8,train/Potato leaf early blight/potato_early-blight_03_zoom.jpg,data/raw/plantdoc/train/Potato leaf early blight/potato_early-blight_03_zoom.jpg,f674f733d937998fffcb74837136ebf0084677d1ba3a3c7886be6fa0b5cffa4d,f674f733d937998fffcb74837136ebf0084677d1ba3a3c7886be6fa0b5cffa4d,154981,700,822,RGB,train,Potato leaf early blight,,materialized,
5467f6012d78d1c446145d5f582da6096f852ae8,train/Potato leaf early blight/potato_early-blight_04_zoom.jpg,data/raw/plantdoc/train/Potato leaf early blight/potato_early-blight_04_zoom.jpg,9878dcfe1929c3e4428d92562907b6a8dc6646ba6914cba5d9472bb6b4946d3b,9878dcfe1929c3e4428d92562907b6a8dc6646ba6914cba5d9472bb6b4946d3b,204346,900,639,RGB,train,Potato leaf early blight,,materialized,
5467f6012d78d1c446145d5f582da6096f852ae8,train/Potato leaf early blight/potato_early-blight_05_zoom.jpg,data/raw/plantdoc/train/Potato leaf early blight/potato_early-blight_05_zoom.jpg,0f3a0033a6def68dfa5d243d1102047112652782dd7b95f95b7b8c0169ae427f,0f3a0033a6def68dfa5d243d1102047112652782dd7b95f95b7b8c0169ae427f,275145,900,778,RGB,train,Potato leaf early blight,,materialized,
5467f6012d78d1c446145d5f582da6096f852ae8,train/Potato leaf early blight/potato_early-blight_06_zoom.jpg,data/raw/plantdoc/train/Potato leaf early blight/potato_early-blight_06_zoom.jpg,4a569e0c75adc1d97b4db502c46640492a992b7563b6fd4e248d7974e9574d13,4a569e0c75adc1d97b4db502c46640492a992b7563b6fd4e248d7974e9574d13,219155,900,662,RGB,train,Potato leaf early blight,,materialized,
5467f6012d78d1c446145d5f582da6096f852ae8,train/Potato leaf early blight/potatoaltkc.jpg,data/raw/plantdoc/train/Potato leaf early blight/potatoaltkc.jpg,84eca08987a0d36c5ff656e9b9b27468edeb8451150aa68ea2adccb2d13ef8aa,84eca08987a0d36c5ff656e9b9b27468edeb8451150aa68ea2adccb2d13ef8aa,62253,900,600,RGB,train,Potato leaf early blight,,materialized,
5467f6012d78d1c446145d5f582da6096f852ae8,train/Potato leaf early blight/potatoearlyblight.jpg,data/raw/plantdoc/train/Potato leaf early blight/potatoearlyblight.jpg,f12e98c0c995c4507bb48111bc8d7c6034fce86081fb914b0eafd6997817dc80,f12e98c0c995c4507bb48111bc8d7c6034fce86081fb914b0eafd6997817dc80,173143,500,331,RGB,train,Potato leaf early blight,,materialized,
5467f6012d78d1c446145d5f582da6096f852ae8,train/Potato leaf early blight/potatoearlyblightcloseup_pdc.jpg,data/raw/plantdoc/train/Potato leaf early blight/potatoearlyblightcloseup_pdc.jpg,deaa4732752ffeadeb20d0ca0fbe5df2e45915722a391471f3fb51285d02ed22,deaa4732752ffeadeb20d0ca0fbe5df2e45915722a391471f3fb51285d02ed22,16111,328,288,RGB,train,Potato leaf early blight,,materialized,
5467f6012d78d1c446145d5f582da6096f852ae8,train/Potato leaf early blight/potatolb_full_leafx1200.jpg,data/raw/plantdoc/train/Potato leaf early blight/potatolb_full_leafx1200.jpg,d1f159a4f8c439d057ff480f53f68391eae823dcdcd09735936ffcc0cc23d500,d1f159a4f8c439d057ff480f53f68391eae823dcdcd09735936ffcc0cc23d500,534777,1200,900,RGB,train,Potato leaf early blight,,materialized,
5467f6012d78d1c446145d5f582da6096f852ae8,train/Potato leaf early blight/potatolb_small_leaf_lesionx1200.jpg,data/raw/plantdoc/train/Potato leaf early blight/potatolb_small_leaf_lesionx1200.jpg,2b0dfca224d94132ccdd42afc3b457270dad32c942de67c348160d8627a27fa2,2b0dfca224d94132ccdd42afc3b457270dad32c942de67c348160d8627a27fa2,209754,1200,962,RGB,train,Potato leaf early blight,,materialized,
5467f6012d78d1c446145d5f582da6096f852ae8,train/Potato leaf late blight/14321627273_58d893c3e2_b.jpg,data/raw/plantdoc/train/Potato leaf late blight/14321627273_58d893c3e2_b.jpg,4b16ae48d7489f97753d7488807b6005db82ddc8f4b3d831e297ce7824e7d4c0,4b16ae48d7489f97753d7488807b6005db82ddc8f4b3d831e297ce7824e7d4c0,63764,850,566,RGB,train,Potato leaf late blight,,materialized,
5467f6012d78d1c446145d5f582da6096f852ae8,train/Potato leaf late blight/22-late%20blight-advanced%20symptoms%20potato.jpg,data/raw/plantdoc/train/Potato leaf late blight/22-late%20blight-advanced%20symptoms%20potato.jpg,13927ca7ce98841db41c0c0da50a0c1ac598d2c39a8a5ebf49c42fffdbc0fbdf,13927ca7ce98841db41c0c0da50a0c1ac598d2c39a8a5ebf49c42fffdbc0fbdf,2249918,3071,2016,RGB,train,Potato leaf late blight,,materialized,
5467f6012d78d1c446145d5f582da6096f852ae8,train/Potato leaf late blight/24064_1.jpg,data/raw/plantdoc/train/Potato leaf late blight/24064_1.jpg,e5f14a70fc7a687a5846749d5499872c7c3320e81aea1358e481f7100b7ba242,e5f14a70fc7a687a5846749d5499872c7c3320e81aea1358e481f7100b7ba242,216600,832,624,RGB,train,Potato leaf late blight,,materialized,
5467f6012d78d1c446145d5f582da6096f852ae8,train/Potato leaf late blight/24847793510_7859b46a3d.jpg,data/raw/plantdoc/train/Potato leaf late blight/24847793510_7859b46a3d.jpg,17221c3037deeea7da90951e181eba399126373ff778f61cdffc843d140bdc7b,17221c3037deeea7da90951e181eba399126373ff778f61cdffc843d140bdc7b,76673,500,333,RGB,train,Potato leaf late blight,,materialized,
5467f6012d78d1c446145d5f582da6096f852ae8,train/Potato leaf late blight/2619_600.jpg,data/raw/plantdoc/train/Potato leaf late blight/2619_600.jpg,083eec31f7fa5b34da772da890e5927bc90e571d78c1362a6749ff7e5bdc54ce,083eec31f7fa5b34da772da890e5927bc90e571d78c1362a6749ff7e5bdc54ce,28843,600,398,RGB,train,Potato leaf late blight,,materialized,
5467f6012d78d1c446145d5f582da6096f852ae8,train/Potato leaf late blight/286_1600.jpg,data/raw/plantdoc/train/Potato leaf late blight/286_1600.jpg,84c4d61eb80adc2e648982d207b525bd18a43291f3f1036d028f42b4a2caa926,84c4d61eb80adc2e648982d207b525bd18a43291f3f1036d028f42b4a2caa926,260203,1600,1296,RGB,train,Potato leaf late blight,,materialized,
5467f6012d78d1c446145d5f582da6096f852ae8,train/Potato leaf late blight/2976_1600.jpg,data/raw/plantdoc/train/Potato leaf late blight/2976_1600.jpg,7f9ebb7a033f84f79497d3b34938bf478dccebe67d6955c9a718837684c2ddfd,7f9ebb7a033f84f79497d3b34938bf478dccebe67d6955c9a718837684c2ddfd,262144,1280,960,RGB,train,Potato leaf late blight,,materialized,
5467f6012d78d1c446145d5f582da6096f852ae8,train/Potato leaf late blight/3720946948_339251cc94_z.jpg,data/raw/plantdoc/train/Potato leaf late blight/3720946948_339251cc94_z.jpg,3904737fd3f10f11d2af8d8a1722a689290467db127803c74d5108932e1898dd,3904737fd3f10f11d2af8d8a1722a689290467db127803c74d5108932e1898dd,88470,640,426,RGB,train,Potato leaf late blight,,materialized,
5467f6012d78d1c446145d5f582da6096f852ae8,train/Potato leaf late blight/3782849713_398f3a1086_b.jpg,data/raw/plantdoc/train/Potato leaf late blight/3782849713_398f3a1086_b.jpg,be0656edf8067f6b12884b5d5e12966a17c196120826cb8e35bef355d7bc67b3,be0656edf8067f6b12884b5d5e12966a17c196120826cb8e35bef355d7bc67b3,366222,1024,768,RGB,train,Potato leaf late blight,,materialized,
5467f6012d78d1c446145d5f582da6096f852ae8,train/Potato leaf late blight/39-late-blight-mold.jpg,data/raw/plantdoc/train/Potato leaf late blight/39-late-blight-mold.jpg,973fe191f399e1e76c4cac20eabf75e47d025316e72037fc46a4f71f4b95c0f5,973fe191f399e1e76c4cac20eabf75e47d025316e72037fc46a4f71f4b95c0f5,153905,675,468,RGB,train,Potato leaf late blight,,materialized,
5467f6012d78d1c446145d5f582da6096f852ae8,train/Potato leaf late blight/4-late-blight-cmyk-opt.jpeg.jpg,data/raw/plantdoc/train/Potato leaf late blight/4-late-blight-cmyk-opt.jpeg.jpg,adbe3b17681e01eb526d319017d9c5df193bd74f0df055cb60c37569ded2f57e,adbe3b17681e01eb526d319017d9c5df193bd74f0df055cb60c37569ded2f57e,92199,396,385,RGB,train,Potato leaf late blight,,materialized,
5467f6012d78d1c446145d5f582da6096f852ae8,train/Potato leaf late blight/4442_1600.jpg,data/raw/plantdoc/train/Potato leaf late blight/4442_1600.jpg,918ef85bd5da1475b5b597500f836218970ff8ee6881fd0e2e70102536df4381,918ef85bd5da1475b5b597500f836218970ff8ee6881fd0e2e70102536df4381,31492,400,300,RGB,train,Potato leaf late blight,,materialized,
5467f6012d78d1c446145d5f582da6096f852ae8,train/Potato leaf late blight/460_1600.jpg,data/raw/plantdoc/train/Potato leaf late blight/460_1600.jpg,9840ce285b35f82de6a6fa21dcce1fe5ed4c69fdd058602af982969f0c9db89b,9840ce285b35f82de6a6fa21dcce1fe5ed4c69fdd058602af982969f0c9db89b,136738,1600,1063,RGB,train,Potato leaf late blight,,materialized,
5467f6012d78d1c446145d5f582da6096f852ae8,train/Potato leaf late blight/6-13lateblightleavesMARY.jpg,data/raw/plantdoc/train/Potato leaf late blight/6-13lateblightleavesMARY.jpg,e7e583a79cd9e9ca0a153e4c633b4e5a756979ff8aff2ca17f6da7f6ffda5cb4,e7e583a79cd9e9ca0a153e4c633b4e5a756979ff8aff2ca17f6da7f6ffda5cb4,22811,450,338,RGB,train,Potato leaf late blight,,materialized,
5467f6012d78d1c446145d5f582da6096f852ae8,train/Potato leaf late blight/6a00d8341c4fe353ef011571354632970c-800wi.jpg,data/raw/plantdoc/train/Potato leaf late blight/6a00d8341c4fe353ef011571354632970c-800wi.jpg,fade62e5533a444677c70df78d65e4bd76d4264a1b411597345d3a6cb95aaf49,fade62e5533a444677c70df78d65e4bd76d4264a1b411597345d3a6cb95aaf49,91236,800,600,RGB,train,Potato leaf late blight,,materialized,
5467f6012d78d1c446145d5f582da6096f852ae8,train/Potato leaf late blight/B2650062-Potato_late_blight-SPL.jpg,data/raw/plantdoc/train/Potato leaf late blight/B2650062-Potato_late_blight-SPL.jpg,0b8ac51337be541c665f2444eae8afccc2683112b848c0bd633071ed7d698cd1,0b8ac51337be541c665f2444eae8afccc2683112b848c0bd633071ed7d698cd1,231012,779,800,RGB,train,Potato leaf late blight,,materialized,
5467f6012d78d1c446145d5f582da6096f852ae8,train/Potato leaf late blight/B2750121-Potato_late_blight-SPL.jpg,data/raw/plantdoc/train/Potato leaf late blight/B2750121-Potato_late_blight-SPL.jpg,eb857a67002dbb51c928223b169ee3a5850ead6e0ab4c2ecc41cf370f7262c7d,eb857a67002dbb51c928223b169ee3a5850ead6e0ab4c2ecc41cf370f7262c7d,145623,590,800,RGB,train,Potato leaf late blight,,materialized,
5467f6012d78d1c446145d5f582da6096f852ae8,train/Potato leaf late blight/Blog-3.jpg,data/raw/plantdoc/train/Potato leaf late blight/Blog-3.jpg,fc1254eb4d2a8313a0e7c63d8e3a9004e30929d2a09b78bf8d75f4e35b363ba9,fc1254eb4d2a8313a0e7c63d8e3a9004e30929d2a09b78bf8d75f4e35b363ba9,141492,400,400,RGB,train,Potato leaf late blight,,materialized,
5467f6012d78d1c446145d5f582da6096f852ae8,train/Potato leaf late blight/CzFxqKtWEAA4U3g.jpg,data/raw/plantdoc/train/Potato leaf late blight/CzFxqKtWEAA4U3g.jpg,6c240fd4339d039d0c6d739283a397538e39eaaf0c91379c1d9f67e09e54985f,6c240fd4339d039d0c6d739283a397538e39eaaf0c91379c1d9f67e09e54985f,186406,1200,803,RGB,train,Potato leaf late blight,,materialized,
5467f6012d78d1c446145d5f582da6096f852ae8,train/Potato leaf late blight/IMG_0019.jpg,data/raw/plantdoc/train/Potato leaf late blight/IMG_0019.jpg,a9fffcc6ef73f1b97b615d5377c54fbb2c1c4988bc99a6c2b9de8bb3c4b75240,a9fffcc6ef73f1b97b615d5377c54fbb2c1c4988bc99a6c2b9de8bb3c4b75240,2036814,4000,3000,RGB,train,Potato leaf late blight,,materialized,
5467f6012d78d1c446145d5f582da6096f852ae8,train/Potato leaf late blight/IMG_5358.jpg,data/raw/plantdoc/train/Potato leaf late blight/IMG_5358.jpg,d3a3a42ff8cb4b81d30ee60868064aa4e8f633d72adc6f74b9222725bf829f5c,d3a3a42ff8cb4b81d30ee60868064aa4e8f633d72adc6f74b9222725bf829f5c,27012,500,382,RGB,train,Potato leaf late blight,,materialized,
5467f6012d78d1c446145d5f582da6096f852ae8,train/Potato leaf late blight/IMG_5390.jpg,data/raw/plantdoc/train/Potato leaf late blight/IMG_5390.jpg,6b1bbb111c59adbc5a33d9a55d56458dd3df88bd22e5d0cf135068937c96bdfe,6b1bbb111c59adbc5a33d9a55d56458dd3df88bd22e5d0cf135068937c96bdfe,72789,500,403,RGB,train,Potato leaf late blight,,materialized,
5467f6012d78d1c446145d5f582da6096f852ae8,train/Potato leaf late blight/IMG_5813-1024x768.jpg,data/raw/plantdoc/train/Potato leaf late blight/IMG_5813-1024x768.jpg,d6571d4ea8e5e5739b0b44dd996efe9f3319e7bdbe4537a12d66810b03996c40,d6571d4ea8e5e5739b0b44dd996efe9f3319e7bdbe4537a12d66810b03996c40,119098,1024,768,RGB,train,Potato leaf late blight,,materialized,
5467f6012d78d1c446145d5f582da6096f852ae8,train/Potato leaf late blight/Jessore-potato-late-blight-8-2h2fdkl.jpg,data/raw/plantdoc/train/Potato leaf late blight/Jessore-potato-late-blight-8-2h2fdkl.jpg,0b6f4d2de2f71df550ed08edf5c50aeb307666f9a661013a6cfd99ff5d951836,0b6f4d2de2f71df550ed08edf5c50aeb307666f9a661013a6cfd99ff5d951836,944664,2448,3264,RGB,train,Potato leaf late blight,,materialized,
5467f6012d78d1c446145d5f582da6096f852ae8,train/Potato leaf late blight/LB_potato_leaf_topside.jpg,data/raw/plantdoc/train/Potato leaf late blight/LB_potato_leaf_topside.jpg,5c063b6d55aa671a8cc7cf492303ebae1f170395c178760d80809a5dd0140468,5c063b6d55aa671a8cc7cf492303ebae1f170395c178760d80809a5dd0140468,1548943,3008,2000,RGB,train,Potato leaf late blight,,materialized,
5467f6012d78d1c446145d5f582da6096f852ae8,train/Potato leaf late blight/Late+Blight+of+Potato+and+Tomato.jpg,data/raw/plantdoc/train/Potato leaf late blight/Late+Blight+of+Potato+and+Tomato.jpg,d5ec0ce260f8449c1b5b379da414380bdb7c717c963e8cca139896f8e3de5302,d5ec0ce260f8449c1b5b379da414380bdb7c717c963e8cca139896f8e3de5302,78966,960,720,RGB,train,Potato leaf late blight,,materialized,
5467f6012d78d1c446145d5f582da6096f852ae8,train/Potato leaf late blight/Late+blight+on+potato.jpg,data/raw/plantdoc/train/Potato leaf late blight/Late+blight+on+potato.jpg,1d37b80d5b7061808cc5dae83ebb3665e69aa4f2baa3d6ecba4b49595762079d,1d37b80d5b7061808cc5dae83ebb3665e69aa4f2baa3d6ecba4b49595762079d,241018,1600,1000,RGB,train,Potato leaf late blight,,materialized,
5467f6012d78d1c446145d5f582da6096f852ae8,train/Potato leaf late blight/Late-Blight-336x437.jpg,data/raw/plantdoc/train/Potato leaf late blight/Late-Blight-336x437.jpg,a1df5fd50e3e96fda8d8298f8982cbe6b1c509ab068b205287820ce9c9039bef,a1df5fd50e3e96fda8d8298f8982cbe6b1c509ab068b205287820ce9c9039bef,33359,336,437,RGB,train,Potato leaf late blight,,materialized,
5467f6012d78d1c446145d5f582da6096f852ae8,train/Potato leaf late blight/Late-Blight-56a34bc55f9b58b7d0d15210.jpg,data/raw/plantdoc/train/Potato leaf late blight/Late-Blight-56a34bc55f9b58b7d0d15210.jpg,35ff9f612893557adcf44a23102c8ef7dac04216bff0cc5841fa36a3f42e62b7,35ff9f612893557adcf44a23102c8ef7dac04216bff0cc5841fa36a3f42e62b7,217721,1600,1067,RGB,train,Potato leaf late blight,,materialized,
5467f6012d78d1c446145d5f582da6096f852ae8,train/Potato leaf late blight/Late-blight-infected-potato-plants_2.jpg,data/raw/plantdoc/train/Potato leaf late blight/Late-blight-infected-potato-plants_2.jpg,eb94cb23217180019b87eb41ca4efa67b9e57219a535d0c40dccc368c6554b9f,eb94cb23217180019b87eb41ca4efa67b9e57219a535d0c40dccc368c6554b9f,1165657,5760,3840,RGB,train,Potato leaf late blight,,materialized,
5467f6012d78d1c446145d5f582da6096f852ae8,train/Potato leaf late blight/Late-blight-leaves_261x240.jpg,data/raw/plantdoc/train/Potato leaf late blight/Late-blight-leaves_261x240.jpg,8fee0b1832b2da1bb8f4ddc3f3203a3cf2ed31499320f056471b2b462f73d0b2,8fee0b1832b2da1bb8f4ddc3f3203a3cf2ed31499320f056471b2b462f73d0b2,40104,261,240,RGB,train,Potato leaf late blight,,materialized,
5467f6012d78d1c446145d5f582da6096f852ae8,train/Potato leaf late blight/Late-blight-on-leaf-email.jpg,data/raw/plantdoc/train/Potato leaf late blight/Late-blight-on-leaf-email.jpg,74dbde966b652d8bc98b328b16616332392ddade6b291bba9e71d0bebed3e57b,74dbde966b652d8bc98b328b16616332392ddade6b291bba9e71d0bebed3e57b,249276,700,423,RGB,train,Potato leaf late blight,,materialized,
5467f6012d78d1c446145d5f582da6096f852ae8,train/Potato leaf late blight/Late-blight.jpg,data/raw/plantdoc/train/Potato leaf late blight/Late-blight.jpg,6584516937cc4d2a1f2cfe190d139886aff3d8c2170b89692c443272d9b430c9,6584516937cc4d2a1f2cfe190d139886aff3d8c2170b89692c443272d9b430c9,724036,2272,1704,RGB,train,Potato leaf late blight,,materialized,
5467f6012d78d1c446145d5f582da6096f852ae8,train/Potato leaf late blight/LateBlight02.jpg,data/raw/plantdoc/train/Potato leaf late blight/LateBlight02.jpg,3b77a9eac4df033bbe3ab1e9d77c01b96ef0b66079156c09c7f938e10d03f7a7,3b77a9eac4df033bbe3ab1e9d77c01b96ef0b66079156c09c7f938e10d03f7a7,45485,438,313,RGB,train,Potato leaf late blight,,materialized,
5467f6012d78d1c446145d5f582da6096f852ae8,train/Potato leaf late blight/LateBlight03.jpg,data/raw/plantdoc/train/Potato leaf late blight/LateBlight03.jpg,e3725a450a9118bc7967ebac0a18c4d42b36ed43a682363d497993f690e71fa3,e3725a450a9118bc7967ebac0a18c4d42b36ed43a682363d497993f690e71fa3,39695,480,320,RGB,train,Potato leaf late blight,,materialized,
5467f6012d78d1c446145d5f582da6096f852ae8,train/Potato leaf late blight/LateBlight13.jpg,data/raw/plantdoc/train/Potato leaf late blight/LateBlight13.jpg,70d67227d04f1d64caa2da32a39eaf84f94f24b0c07af26754a4bebb8c02fec8,70d67227d04f1d64caa2da32a39eaf84f94f24b0c07af26754a4bebb8c02fec8,32963,490,320,RGB,train,Potato leaf late blight,,materialized,
5467f6012d78d1c446145d5f582da6096f852ae8,train/Potato leaf late blight/LateBlightFig3new.jpg,data/raw/plantdoc/train/Potato leaf late blight/LateBlightFig3new.jpg,5f38e1546605939ee931cdf07eae4358d833944700897f38d89ba694d78ab761,5f38e1546605939ee931cdf07eae4358d833944700897f38d89ba694d78ab761,1095001,1100,825,RGB,train,Potato leaf late blight,,materialized,
5467f6012d78d1c446145d5f582da6096f852ae8,train/Potato leaf late blight/Late_blight_on_potato_leaf.jpg,data/raw/plantdoc/train/Potato leaf late blight/Late_blight_on_potato_leaf.jpg,4a3259ede4c213a9ba1fd8df0320f26e5611e3ee774727a425bf8b6b1609d470,4a3259ede4c213a9ba1fd8df0320f26e5611e3ee774727a425bf8b6b1609d470,319480,1487,989,RGB,train,Potato leaf late blight,,materialized,
5467f6012d78d1c446145d5f582da6096f852ae8,train/Potato leaf late blight/Late_blight_on_potato_leaf_3-58bcf5055f9b58af5c27bf74.jpg,data/raw/plantdoc/train/Potato leaf late blight/Late_blight_on_potato_leaf_3-58bcf5055f9b58af5c27bf74.jpg,9ab81b469622cc223347d0905549fb6b55f1953fae7aeda13a46b7d07f0c2bb4,9ab81b469622cc223347d0905549fb6b55f1953fae7aeda13a46b7d07f0c2bb4,80564,960,588,RGB,train,Potato leaf late blight,,materialized,
5467f6012d78d1c446145d5f582da6096f852ae8,train/Potato leaf late blight/Lateblight.jpg,data/raw/plantdoc/train/Potato leaf late blight/Lateblight.jpg,2a8f83a1e22d7c51f071c03f2f5bae21477ce00eb52e193a6790720a6a6dc7b3,2a8f83a1e22d7c51f071c03f2f5bae21477ce00eb52e193a6790720a6a6dc7b3,345766,1024,768,RGB,train,Potato leaf late blight,,materialized,
5467f6012d78d1c446145d5f582da6096f852ae8,train/Potato leaf late blight/Potato-Late-Blight-3-06202014.jpeg.jpg,data/raw/plantdoc/train/Potato leaf late blight/Potato-Late-Blight-3-06202014.jpeg.jpg,4d1d0324e2cbcb5f5eb585c42bc0d63901eb9aae0fea6298c9a8b2e1c298f21e,4d1d0324e2cbcb5f5eb585c42bc0d63901eb9aae0fea6298c9a8b2e1c298f21e,1969095,2276,3370,RGB,train,Potato leaf late blight,,materialized,
5467f6012d78d1c446145d5f582da6096f852ae8,train/Potato leaf late blight/Potato-late-blight-008.jpg,data/raw/plantdoc/train/Potato leaf late blight/Potato-late-blight-008.jpg,17d0bc8bafc49d94518ec0a902f2164ebdc26cd91856c3bed5547f392361ef21,17d0bc8bafc49d94518ec0a902f2164ebdc26cd91856c3bed5547f392361ef21,37892,460,276,RGB,train,Potato leaf late blight,,materialized,
5467f6012d78d1c446145d5f582da6096f852ae8,train/Potato leaf late blight/Potato-late-blight-caused-by-Phytophthora-infestans_Q320.jpg,data/raw/plantdoc/train/Potato leaf late blight/Potato-late-blight-caused-by-Phytophthora-infestans_Q320.jpg,4b6db3571c44bfef2db15f06bcad9dd140fccd5e49b59b44f8e4d297dad884d4,4b6db3571c44bfef2db15f06bcad9dd140fccd5e49b59b44f8e4d297dad884d4,23525,320,320,RGB,train,Potato leaf late blight,,materialized,
5467f6012d78d1c446145d5f582da6096f852ae8,train/Potato leaf late blight/Potato-late-blight-in-field-trial-1.jpg,data/raw/plantdoc/train/Potato leaf late blight/Potato-late-blight-in-field-trial-1.jpg,7a827ee1e5b21d7c7d1f86144dc189a2d72f94bf6287cd40b6e9aa1a9dcb2b05,7a827ee1e5b21d7c7d1f86144dc189a2d72f94bf6287cd40b6e9aa1a9dcb2b05,3432283,3008,2000,RGB,train,Potato leaf late blight,,materialized,
5467f6012d78d1c446145d5f582da6096f852ae8,train/Potato leaf late blight/PotatoLateBlight2.jpg,data/raw/plantdoc/train/Potato leaf late blight/PotatoLateBlight2.jpg,bd66eb0876b22d38cc7a5ec3e59475ebf071fa0cd52108025b80ef6b141f753f,bd66eb0876b22d38cc7a5ec3e59475ebf071fa0cd52108025b80ef6b141f753f,54236,313,208,RGB,train,Potato leaf late blight,,materialized,
5467f6012d78d1c446145d5f582da6096f852ae8,train/Potato leaf late blight/Symptom_potato_late_blight.jpg,data/raw/plantdoc/train/Potato leaf late blight/Symptom_potato_late_blight.jpg,d4c652c5cbdc24ef0e5553f8b1628ba9f6ef81ab742048df42e79abb5918c38e,d4c652c5cbdc24ef0e5553f8b1628ba9f6ef81ab742048df42e79abb5918c38e,90161,800,559,RGB,train,Potato leaf late blight,,materialized,
5467f6012d78d1c446145d5f582da6096f852ae8,train/Potato leaf late blight/White-mould-potato-blight.jpg,data/raw/plantdoc/train/Potato leaf late blight/White-mould-potato-blight.jpg,3a561cb9b7ea3476082f12af3753fd44c9723cc4a5a078b5cc79f95bb4ae1eb6,3a561cb9b7ea3476082f12af3753fd44c9723cc4a5a078b5cc79f95bb4ae1eb6,554099,1200,1164,RGB,train,Potato leaf late blight,,materialized,
5467f6012d78d1c446145d5f582da6096f852ae8,train/Potato leaf late blight/b3a52d4eda0deedc34260c4dee847a5b.jpg,data/raw/plantdoc/train/Potato leaf late blight/b3a52d4eda0deedc34260c4dee847a5b.jpg,50466281cbb13f25936fa70a12ce378ff62ceb5e8b8596feb0ef2143367a4610,50466281cbb13f25936fa70a12ce378ff62ceb5e8b8596feb0ef2143367a4610,17235,250,249,RGB,train,Potato leaf late blight,,materialized,
5467f6012d78d1c446145d5f582da6096f852ae8,train/Potato leaf late blight/backus-056-potato-blight.jpg,data/raw/plantdoc/train/Potato leaf late blight/backus-056-potato-blight.jpg,64c0f7b5701e815769bad881c0834ffb3b58018233fc3af42c3a1b7968f86973,64c0f7b5701e815769bad881c0834ffb3b58018233fc3af42c3a1b7968f86973,1477148,2848,2136,RGB,train,Potato leaf late blight,,materialized,
5467f6012d78d1c446145d5f582da6096f852ae8,train/Potato leaf late blight/blight-on-potato-leaves.jpg,data/raw/plantdoc/train/Potato leaf late blight/blight-on-potato-leaves.jpg,4349392931c234adb755398d3fd99566dfd05d73fa341a99aa27380d0cd72e05,4349392931c234adb755398d3fd99566dfd05d73fa341a99aa27380d0cd72e05,269442,1000,664,RGB,train,Potato leaf late blight,,materialized,
5467f6012d78d1c446145d5f582da6096f852ae8,train/Potato leaf late blight/cropped-symptom_potato_late_blight.jpg,data/raw/plantdoc/train/Potato leaf late blight/cropped-symptom_potato_late_blight.jpg,986f4aa70fce85a86e57e5670b1813274e8b83d709f5fcf130b869b1aa4eb8ed,986f4aa70fce85a86e57e5670b1813274e8b83d709f5fcf130b869b1aa4eb8ed,41135,940,198,RGB,train,Potato leaf late blight,,materialized,
5467f6012d78d1c446145d5f582da6096f852ae8,train/Potato leaf late blight/d4fc0f56-da2e-4d7e-9a22-2430b562eeee.jpeg.jpg,data/raw/plantdoc/train/Potato leaf late blight/d4fc0f56-da2e-4d7e-9a22-2430b562eeee.jpeg.jpg,954e8ff027f1b8689336f55598d7d48bd70428b993a91f51b68acc2eacb10211,954e8ff027f1b8689336f55598d7d48bd70428b993a91f51b68acc2eacb10211,104708,512,768,RGB,train,Potato leaf late blight,,materialized,
5467f6012d78d1c446145d5f582da6096f852ae8,train/Potato leaf late blight/dsc_8151s.jpg,data/raw/plantdoc/train/Potato leaf late blight/dsc_8151s.jpg,8b5f773c4cd8822a9fa00515064b18e5d6ae2c35d5478ed9a5e8fef2530366c5,8b5f773c4cd8822a9fa00515064b18e5d6ae2c35d5478ed9a5e8fef2530366c5,1362339,1930,1282,RGB,train,Potato leaf late blight,,materialized,
5467f6012d78d1c446145d5f582da6096f852ae8,train/Potato leaf late blight/early_blight.jpg,data/raw/plantdoc/train/Potato leaf late blight/early_blight.jpg,93f8d16d26178976bbb84dfb94b077a47bb15035ce5bd9999f30e05e2c3b97f0,93f8d16d26178976bbb84dfb94b077a47bb15035ce5bd9999f30e05e2c3b97f0,22812,250,249,RGB,train,Potato leaf late blight,,materialized,
5467f6012d78d1c446145d5f582da6096f852ae8,train/Potato leaf late blight/fi000293.jpg,data/raw/plantdoc/train/Potato leaf late blight/fi000293.jpg,0d3924c402141048df8daf586ac119261bb7353f11fd7a9dfdf6d9639d0e266c,0d3924c402141048df8daf586ac119261bb7353f11fd7a9dfdf6d9639d0e266c,235049,575,383,RGB,train,Potato leaf late blight,,materialized,
5467f6012d78d1c446145d5f582da6096f852ae8,train/Potato leaf late blight/fig1a_500.jpg,data/raw/plantdoc/train/Potato leaf late blight/fig1a_500.jpg,abab30a68df3aedba164996386446275d6219e94f7608d7ebdb786bd477e855e,abab30a68df3aedba164996386446275d6219e94f7608d7ebdb786bd477e855e,34061,500,332,RGB,train,Potato leaf late blight,,materialized,
5467f6012d78d1c446145d5f582da6096f852ae8,train/Potato leaf late blight/figure-7-gudmestad-opt.jpeg.jpg,data/raw/plantdoc/train/Potato leaf late blight/figure-7-gudmestad-opt.jpeg.jpg,c59a07c992d37978c48e5eb304274b6b541bf62b37559aace74f93bd65ddb2a3,c59a07c992d37978c48e5eb304274b6b541bf62b37559aace74f93bd65ddb2a3,350248,765,1020,RGB,train,Potato leaf late blight,,materialized,
5467f6012d78d1c446145d5f582da6096f852ae8,train/Potato leaf late blight/foliar_late_blight.jpg,data/raw/plantdoc/train/Potato leaf late blight/foliar_late_blight.jpg,729ed962f22c486e3c760989b8d9f8fa6636dee1b0c0c788fcc9241e06654558,729ed962f22c486e3c760989b8d9f8fa6636dee1b0c0c788fcc9241e06654558,190550,375,500,RGB,train,Potato leaf late blight,,materialized,
5467f6012d78d1c446145d5f582da6096f852ae8,train/Potato leaf late blight/gcp_A-2_Late_Blight_of_potatoes_callout1.jpg,data/raw/plantdoc/train/Potato leaf late blight/gcp_A-2_Late_Blight_of_potatoes_callout1.jpg,412f8d882d18725fb233f6ad5c34b103a8acc7ccfe9e789f78bb8fef5495bd64,412f8d882d18725fb233f6ad5c34b103a8acc7ccfe9e789f78bb8fef5495bd64,42393,690,345,RGB,train,Potato leaf late blight,,materialized,
5467f6012d78d1c446145d5f582da6096f852ae8,train/Potato leaf late blight/late-blight-leaf-figure1.jpg,data/raw/plantdoc/train/Potato leaf late blight/late-blight-leaf-figure1.jpg,1626d99562cba7a0ce8fdbbb5f9b0515011ef122e0ee963e34a2fe8baef1ec77,1626d99562cba7a0ce8fdbbb5f9b0515011ef122e0ee963e34a2fe8baef1ec77,34646,400,195,RGB,train,Potato leaf late blight,,materialized,
5467f6012d78d1c446145d5f582da6096f852ae8,train/Potato leaf late blight/late-blight-leaf.jpg,data/raw/plantdoc/train/Potato leaf late blight/late-blight-leaf.jpg,a4236face52bfd3038c4e6e1694f0ac6c09d42eae94516934b4cf03c86fb8892,a4236face52bfd3038c4e6e1694f0ac6c09d42eae94516934b4cf03c86fb8892,85205,480,375,RGB,train,Potato leaf late blight,,materialized,
5467f6012d78d1c446145d5f582da6096f852ae8,train/Potato leaf late blight/late-blight-leaves.jpg,data/raw/plantdoc/train/Potato leaf late blight/late-blight-leaves.jpg,3241207742dbfae7f7e2ef477193e61822b8908e8a40b01454f21ec8fb58fea4,3241207742dbfae7f7e2ef477193e61822b8908e8a40b01454f21ec8fb58fea4,125290,641,428,RGB,train,Potato leaf late blight,,materialized,
5467f6012d78d1c446145d5f582da6096f852ae8,train/Potato leaf late blight/late-blight-lesions-potato-leaf-miller-research-809.jpg,data/raw/plantdoc/train/Potato leaf late blight/late-blight-lesions-potato-leaf-miller-research-809.jpg,3dc4a7f49f38608c4c2e5090ab7cf778d54d9263b3576e54d1eabaa19beda54d,3dc4a7f49f38608c4c2e5090ab7cf778d54d9263b3576e54d1eabaa19beda54d,250244,809,521,RGB,train,Potato leaf late blight,,materialized,
5467f6012d78d1c446145d5f582da6096f852ae8,train/Potato leaf late blight/late-blight-midwest_twitter.jpg,data/raw/plantdoc/train/Potato leaf late blight/late-blight-midwest_twitter.jpg,44b165813009ca4eefab499e867d64db119d28d57d7e6a6a54c79b1c81030130,44b165813009ca4eefab499e867d64db119d28d57d7e6a6a54c79b1c81030130,194927,1024,512,RGB,train,Potato leaf late blight,,materialized,
5467f6012d78d1c446145d5f582da6096f852ae8,train/Potato leaf late blight/late-blight-on-potato-leaf-550.jpg,data/raw/plantdoc/train/Potato leaf late blight/late-blight-on-potato-leaf-550.jpg,2ce36aaa6fc5bda8532f3b5b52574ff082c55390471baaee5b1bc1d9d2f2a8ad,2ce36aaa6fc5bda8532f3b5b52574ff082c55390471baaee5b1bc1d9d2f2a8ad,172809,550,398,RGB,train,Potato leaf late blight,,materialized,
5467f6012d78d1c446145d5f582da6096f852ae8,train/Potato leaf late blight/late-blight-potato.jpg,data/raw/plantdoc/train/Potato leaf late blight/late-blight-potato.jpg,3ad6ee5b3ef4f22967e29e717e0363357faece3e25ce916548f45a745ea1f658,3ad6ee5b3ef4f22967e29e717e0363357faece3e25ce916548f45a745ea1f658,60317,750,350,RGB,train,Potato leaf late blight,,materialized,
5467f6012d78d1c446145d5f582da6096f852ae8,train/Potato leaf late blight/late.jpg,data/raw/plantdoc/train/Potato leaf late blight/late.jpg,d4c0a3605a94fb327eea9d4b571be0772b8ee293e745cad9cecfc3eeaa8a1248,d4c0a3605a94fb327eea9d4b571be0772b8ee293e745cad9cecfc3eeaa8a1248,131549,1176,784,RGB,train,Potato leaf late blight,,materialized,
5467f6012d78d1c446145d5f582da6096f852ae8,train/Potato leaf late blight/late_blight.jpg,data/raw/plantdoc/train/Potato leaf late blight/late_blight.jpg,8769c6b52e907d49e33608483c2144c779704dd6f64aab7caefb676dc5d071f5,8769c6b52e907d49e33608483c2144c779704dd6f64aab7caefb676dc5d071f5,66206,543,379,RGB,train,Potato leaf late blight,,materialized,
5467f6012d78d1c446145d5f582da6096f852ae8,train/Potato leaf late blight/late_blight_potato_leaf_500.jpg,data/raw/plantdoc/train/Potato leaf late blight/late_blight_potato_leaf_500.jpg,a66ed7856b23d9f7e6e391db10837d1fd777228a41f71fe91b41b523de164a71,a66ed7856b23d9f7e6e391db10837d1fd777228a41f71fe91b41b523de164a71,50355,500,375,RGB,train,Potato leaf late blight,,materialized,
5467f6012d78d1c446145d5f582da6096f852ae8,train/Potato leaf late blight/lateblight1.JPG.jpg,data/raw/plantdoc/train/Potato leaf late blight/lateblight1.JPG.jpg,cff70316802ab5185e548c763d1423c0764d2936d67ddcf7fd602603ed286732,cff70316802ab5185e548c763d1423c0764d2936d67ddcf7fd602603ed286732,50065,400,269,RGB,train,Potato leaf late blight,,materialized,
5467f6012d78d1c446145d5f582da6096f852ae8,train/Potato leaf late blight/lateblight2.JPG.jpg,data/raw/plantdoc/train/Potato leaf late blight/lateblight2.JPG.jpg,9de31fa94e0affca7afc4d7fdd2169136574f6cacbf0514e29687cc14bd43955,9de31fa94e0affca7afc4d7fdd2169136574f6cacbf0514e29687cc14bd43955,38982,400,268,RGB,train,Potato leaf late blight,,materialized,
5467f6012d78d1c446145d5f582da6096f852ae8,train/Potato leaf late blight/lateblight8.jpg,data/raw/plantdoc/train/Potato leaf late blight/lateblight8.jpg,1cad145da7b9008d76fdf9856914c4c9e7a9f46cb27aac6656927cd060563401,1cad145da7b9008d76fdf9856914c4c9e7a9f46cb27aac6656927cd060563401,82243,800,600,RGB,train,Potato leaf late blight,,materialized,
5467f6012d78d1c446145d5f582da6096f852ae8,train/Potato leaf late blight/lateblightleaf.jpg,data/raw/plantdoc/train/Potato leaf late blight/lateblightleaf.jpg,f742f500e1c1cfc5389b6f6eef403d16c64c67747b1ab7d7e34973d54c100601,f742f500e1c1cfc5389b6f6eef403d16c64c67747b1ab7d7e34973d54c100601,265126,500,332,RGB,train,Potato leaf late blight,,materialized,
5467f6012d78d1c446145d5f582da6096f852ae8,train/Potato leaf late blight/lateblightlesions_1.jpg,data/raw/plantdoc/train/Potato leaf late blight/lateblightlesions_1.jpg,de6579c5be8111695706bb8545783c5b3e1c4290776a0e99780c1e0ba88b4153,de6579c5be8111695706bb8545783c5b3e1c4290776a0e99780c1e0ba88b4153,229068,400,372,RGB,train,Potato leaf late blight,,materialized,
5467f6012d78d1c446145d5f582da6096f852ae8,train/Potato leaf late blight/lb4_l.jpg,data/raw/plantdoc/train/Potato leaf late blight/lb4_l.jpg,681d39f5bd76b6ae28f66671a5808e4bed1608b13d4cd5b17a6b769604a53738,681d39f5bd76b6ae28f66671a5808e4bed1608b13d4cd5b17a6b769604a53738,37339,508,796,RGB,train,Potato leaf late blight,,materialized,
5467f6012d78d1c446145d5f582da6096f852ae8,train/Potato leaf late blight/lb7_l.jpg,data/raw/plantdoc/train/Potato leaf late blight/lb7_l.jpg,43962c502ca47b97680e3980b64ca92bc61221e38487a9d66362b4f7a9e62f97,43962c502ca47b97680e3980b64ca92bc61221e38487a9d66362b4f7a9e62f97,30891,802,532,RGB,train,Potato leaf late blight,,materialized,
5467f6012d78d1c446145d5f582da6096f852ae8,train/Potato leaf late blight/phytophthora-infestans-late-blight-or-potato-blight-on-the-haulm-of-E29H6G.jpg,data/raw/plantdoc/train/Potato leaf late blight/phytophthora-infestans-late-blight-or-potato-blight-on-the-haulm-of-E29H6G.jpg,8b9102651718f88426b63eb920f8651fffb93cb06fee061d65f6cf0d6e6f0a51,8b9102651718f88426b63eb920f8651fffb93cb06fee061d65f6cf0d6e6f0a51,124046,865,1390,RGB,train,Potato leaf late blight,,materialized,
5467f6012d78d1c446145d5f582da6096f852ae8,train/Potato leaf late blight/phytophthora-infestans-late-blight-or-potato-blight-on-the-haulm-of-EHW1RD.jpg,data/raw/plantdoc/train/Potato leaf late blight/phytophthora-infestans-late-blight-or-potato-blight-on-the-haulm-of-EHW1RD.jpg,1563df07e606d7c60c8acf3d0c34b2d8fe88a416103106d8a9471bba55f6c44f,1563df07e606d7c60c8acf3d0c34b2d8fe88a416103106d8a9471bba55f6c44f,145745,865,1390,RGB,train,Potato leaf late blight,,materialized,
5467f6012d78d1c446145d5f582da6096f852ae8,train/Potato leaf late blight/phytophthora-infestans-potato-blight-first-foliar-symptoms-on-solanum-EJKRCK.jpg,data/raw/plantdoc/train/Potato leaf late blight/phytophthora-infestans-potato-blight-first-foliar-symptoms-on-solanum-EJKRCK.jpg,0e3bd59c29fdb7939cd76d6a097846ea2ce3134dd5c5509e84e4b91d8528c5d0,0e3bd59c29fdb7939cd76d6a097846ea2ce3134dd5c5509e84e4b91d8528c5d0,144745,866,1390,RGB,train,Potato leaf late blight,,materialized,
5467f6012d78d1c446145d5f582da6096f852ae8,train/Potato leaf late blight/potato-blight-phytophora-infestans-close-up-of-infected-leaf-top-surface-A60HXG.jpg,data/raw/plantdoc/train/Potato leaf late blight/potato-blight-phytophora-infestans-close-up-of-infected-leaf-top-surface-A60HXG.jpg,fb5605128c458af8afc0ea32ae48e65eb9e302f992ef431190a982b9df2b5af4,fb5605128c458af8afc0ea32ae48e65eb9e302f992ef431190a982b9df2b5af4,206178,1300,956,RGB,train,Potato leaf late blight,,materialized,
5467f6012d78d1c446145d5f582da6096f852ae8,train/Potato leaf late blight/potato-late-blight-phytophthora-infestans-lesions-on-potato-foliage-X4XJF4.jpg,data/raw/plantdoc/train/Potato leaf late blight/potato-late-blight-phytophthora-infestans-lesions-on-potato-foliage-X4XJF4.jpg,ac840e23c5f68737fbe83ad0e1010e1bcb07e79c6780e4284d55d2aae18b201f,ac840e23c5f68737fbe83ad0e1010e1bcb07e79c6780e4284d55d2aae18b201f,204085,1296,1390,RGB,train,Potato leaf late blight,,materialized,
5467f6012d78d1c446145d5f582da6096f852ae8,train/Potato leaf late blight/potato-late-blight-phytophthora-infestans-lesions-on-potato-foliage-a1w19k.jpg,data/raw/plantdoc/train/Potato leaf late blight/potato-late-blight-phytophthora-infestans-lesions-on-potato-foliage-a1w19k.jpg,1856124f5391f04b6fdda63d9e81fe9f6bda63be66767af2fe369c3276f67746,1856124f5391f04b6fdda63d9e81fe9f6bda63be66767af2fe369c3276f67746,76427,519,540,RGB,train,Potato leaf late blight,,materialized,
5467f6012d78d1c446145d5f582da6096f852ae8,train/Potato leaf late blight/potato-late-blight-phytophthora-infestans-necrotic-disease-lesions-B7DEW3.jpg,data/raw/plantdoc/train/Potato leaf late blight/potato-late-blight-phytophthora-infestans-necrotic-disease-lesions-B7DEW3.jpg,94a8060dbd253775da81eb75a7f8679c5752c0eaa42a8436c95ead8628b64191,94a8060dbd253775da81eb75a7f8679c5752c0eaa42a8436c95ead8628b64191,295819,1293,1390,RGB,train,Potato leaf late blight,,materialized,
5467f6012d78d1c446145d5f582da6096f852ae8,train/Potato leaf late blight/potato-late-blight-phytophthora-infestans-necrotic-disease-lesions-B7G2EC.jpg,data/raw/plantdoc/train/Potato leaf late blight/potato-late-blight-phytophthora-infestans-necrotic-disease-lesions-B7G2EC.jpg,baf835e1260ad5f4251566cbc55ce48d794dc2b8aacac2eded0c7098185fe870,baf835e1260ad5f4251566cbc55ce48d794dc2b8aacac2eded0c7098185fe870,231806,1236,1390,RGB,train,Potato leaf late blight,,materialized,
5467f6012d78d1c446145d5f582da6096f852ae8,train/Potato leaf late blight/potato-late-blight-symptom-on-leaves-PGB5H9.jpg,data/raw/plantdoc/train/Potato leaf late blight/potato-late-blight-symptom-on-leaves-PGB5H9.jpg,b1afb228c9908968bdce943cddcab33f2cb73b3314cec5b7e17593f8ef5d9232,b1afb228c9908968bdce943cddcab33f2cb73b3314cec5b7e17593f8ef5d9232,179350,1300,956,RGB,train,Potato leaf late blight,,materialized,
5467f6012d78d1c446145d5f582da6096f852ae8,train/Potato leaf late blight/potato-late-blight-symptom-on-leaves-PGB5NJ.jpg,data/raw/plantdoc/train/Potato leaf late blight/potato-late-blight-symptom-on-leaves-PGB5NJ.jpg,768750a6b433ec930e44bfa253cf24154cbb66b6f11857073569650294f06252,768750a6b433ec930e44bfa253cf24154cbb66b6f11857073569650294f06252,173132,1300,956,RGB,train,Potato leaf late blight,,materialized,
5467f6012d78d1c446145d5f582da6096f852ae8,train/Potato leaf late blight/potato-solanum-tuberosum-late-blight.jpg,data/raw/plantdoc/train/Potato leaf late blight/potato-solanum-tuberosum-late-blight.jpg,e4c6490ba3f227ae23424ccbf338235660c3dc45f4a5b236e6ade6d3e4267317,e4c6490ba3f227ae23424ccbf338235660c3dc45f4a5b236e6ade6d3e4267317,99752,1024,345,RGB,train,Potato leaf late blight,,materialized,
5467f6012d78d1c446145d5f582da6096f852ae8,train/Potato leaf late blight/potato_late-blight_02_zoom.jpg,data/raw/plantdoc/train/Potato leaf late blight/potato_late-blight_02_zoom.jpg,402ab27c0736b34ed93eddceffaac3b283fe1776058ddc5198d03c8d7db30e88,402ab27c0736b34ed93eddceffaac3b283fe1776058ddc5198d03c8d7db30e88,66565,900,264,RGB,train,Potato leaf late blight,,materialized,
5467f6012d78d1c446145d5f582da6096f852ae8,train/Potato leaf late blight/potato_late-blight_05_zoom.jpg,data/raw/plantdoc/train/Potato leaf late blight/potato_late-blight_05_zoom.jpg,a130fd070bec689001f8ee3b1c492be5d8c50c58ce3f54dd2873a49cedcc4af2,a130fd070bec689001f8ee3b1c492be5d8c50c58ce3f54dd2873a49cedcc4af2,168160,900,710,RGB,train,Potato leaf late blight,,materialized,
5467f6012d78d1c446145d5f582da6096f852ae8,train/Potato leaf late blight/potato_late-blight_07_zoom.jpg,data/raw/plantdoc/train/Potato leaf late blight/potato_late-blight_07_zoom.jpg,3798b182ccdd30d897363348554419c2078998edbd9bde2382e32bb0a675aaeb,3798b182ccdd30d897363348554419c2078998edbd9bde2382e32bb0a675aaeb,146071,900,722,RGB,train,Potato leaf late blight,,materialized,
5467f6012d78d1c446145d5f582da6096f852ae8,train/Potato leaf late blight/potato_late-blight_08_zoom.jpg,data/raw/plantdoc/train/Potato leaf late blight/potato_late-blight_08_zoom.jpg,08225e5f5940d234bffd9ad470561a7ea8e6e7ea7901dcb9c90da4fb5dd853b9,08225e5f5940d234bffd9ad470561a7ea8e6e7ea7901dcb9c90da4fb5dd853b9,166171,900,639,RGB,train,Potato leaf late blight,,materialized,
5467f6012d78d1c446145d5f582da6096f852ae8,train/Potato leaf late blight/potato_ocw_botrytis-lateblight.jpg,data/raw/plantdoc/train/Potato leaf late blight/potato_ocw_botrytis-lateblight.jpg,2eed00503d63b638ed15fa35810469a63c0e4bd94e21ef4eca750f9010e17142,2eed00503d63b638ed15fa35810469a63c0e4bd94e21ef4eca750f9010e17142,332966,770,411,RGB,train,Potato leaf late blight,,materialized,
5467f6012d78d1c446145d5f582da6096f852ae8,train/Potato leaf late blight/potato_ocw_lateblight-earlyblight.jpg,data/raw/plantdoc/train/Potato leaf late blight/potato_ocw_lateblight-earlyblight.jpg,e90b8b240b17103b4dfdc5967e6edc07ff65ab121bb9ab694aa3c170d3cdbcd9,e90b8b240b17103b4dfdc5967e6edc07ff65ab121bb9ab694aa3c170d3cdbcd9,312966,879,355,RGB,train,Potato leaf late blight,,materialized,
5467f6012d78d1c446145d5f582da6096f852ae8,train/Potato leaf late blight/potatolb_branchx500.jpg,data/raw/plantdoc/train/Potato leaf late blight/potatolb_branchx500.jpg,66d174f89a7e82b45c5fd716863c58d7898230d734de3515544cf1d8ae39ec0d,66d174f89a7e82b45c5fd716863c58d7898230d734de3515544cf1d8ae39ec0d,70886,500,375,RGB,train,Potato leaf late blight,,materialized,
5467f6012d78d1c446145d5f582da6096f852ae8,train/Potato leaf late blight/potatolb_symptoms_meg-cornell_300x225.jpg,data/raw/plantdoc/train/Potato leaf late blight/potatolb_symptoms_meg-cornell_300x225.jpg,fe49718855dcf1e31e7a573a52e5e1c9b706e9afb96408fbd256fde006e2a726,fe49718855dcf1e31e7a573a52e5e1c9b706e9afb96408fbd256fde006e2a726,42147,300,225,RGB,train,Potato leaf late blight,,materialized,
5467f6012d78d1c446145d5f582da6096f852ae8,train/Potato leaf late blight/potatolb_upper_leafcux1200.jpg,data/raw/plantdoc/train/Potato leaf late blight/potatolb_upper_leafcux1200.jpg,542506c48d3b6313a170bcb5357f3c9d6966bb968aae4265f95fd5ead18120e8,542506c48d3b6313a170bcb5357f3c9d6966bb968aae4265f95fd5ead18120e8,422991,1200,1009,RGB,train,Potato leaf late blight,,materialized,
5467f6012d78d1c446145d5f582da6096f852ae8,train/Potato leaf late blight/wur-late-blight-in-potato-809.jpg,data/raw/plantdoc/train/Potato leaf late blight/wur-late-blight-in-potato-809.jpg,28a6a75ed5aa94a35eef6e8c31ed8fdb77270afc579d2ed93f8b86da5a64e481,28a6a75ed5aa94a35eef6e8c31ed8fdb77270afc579d2ed93f8b86da5a64e481,110317,809,500,RGB,train,Potato leaf late blight,,materialized,
5467f6012d78d1c446145d5f582da6096f852ae8,train/Raspberry leaf/1-flowering-raspberry.jpg,data/raw/plantdoc/train/Raspberry leaf/1-flowering-raspberry.jpg,ca0a31bbf448a65b3e3928e3dbda94d72b75b4f47666850f11621226cc671f0a,ca0a31bbf448a65b3e3928e3dbda94d72b75b4f47666850f11621226cc671f0a,236869,1200,1105,RGB,train,Raspberry leaf,,materialized,
5467f6012d78d1c446145d5f582da6096f852ae8,train/Raspberry leaf/1029980206_21e73f8c57.jpg,data/raw/plantdoc/train/Raspberry leaf/1029980206_21e73f8c57.jpg,b33e8065fa5859a61050bbe34edaa27479e4feb207edb19c27c34dd70b22bc6e,b33e8065fa5859a61050bbe34edaa27479e4feb207edb19c27c34dd70b22bc6e,111272,500,333,RGB,train,Raspberry leaf,,materialized,
5467f6012d78d1c446145d5f582da6096f852ae8,train/Raspberry leaf/1200-534476178-bee-pollinate-flower-of-raspberry.jpg,data/raw/plantdoc/train/Raspberry leaf/1200-534476178-bee-pollinate-flower-of-raspberry.jpg,3ce6bd4568adab61d51678481f2ba9c4757ed04ea4dc9df6a5891fb7b76a7c6c,3ce6bd4568adab61d51678481f2ba9c4757ed04ea4dc9df6a5891fb7b76a7c6c,90799,1200,800,RGB,train,Raspberry leaf,,materialized,
5467f6012d78d1c446145d5f582da6096f852ae8,train/Raspberry leaf/12972raspberry_leaf.jpg,data/raw/plantdoc/train/Raspberry leaf/12972raspberry_leaf.jpg,2cea38ce2e68476ad66741309c28eb847dd4d7362c2b4a6bee2cc726f324a6da,2cea38ce2e68476ad66741309c28eb847dd4d7362c2b4a6bee2cc726f324a6da,125219,600,668,RGB,train,Raspberry leaf,,materialized,
5467f6012d78d1c446145d5f582da6096f852ae8,train/Raspberry leaf/140626%20Tiny%20Tree%20frog%20on%20raspberry%20leaf%20%281%29_0.jpg,data/raw/plantdoc/train/Raspberry leaf/140626%20Tiny%20Tree%20frog%20on%20raspberry%20leaf%20%281%29_0.jpg,842ce4b331eb242addba040581725d335bbe074b6467a55b92e6d34763c13ff7,842ce4b331eb242addba040581725d335bbe074b6467a55b92e6d34763c13ff7,241199,1600,1200,RGB,train,Raspberry leaf,,materialized,
5467f6012d78d1c446145d5f582da6096f852ae8,train/Raspberry leaf/171322132-56a6d3693df78cf7729070d3.jpg,data/raw/plantdoc/train/Raspberry leaf/171322132-56a6d3693df78cf7729070d3.jpg,8048c9b347d581e56dae85361f23e408cc1e5062849551982725a32236a2edbb,8048c9b347d581e56dae85361f23e408cc1e5062849551982725a32236a2edbb,451073,2126,1412,RGB,train,Raspberry leaf,,materialized,
5467f6012d78d1c446145d5f582da6096f852ae8,train/Raspberry leaf/18183295-H.jpg,data/raw/plantdoc/train/Raspberry leaf/18183295-H.jpg,337f2c7c1600271a4a417726d7b335f82e7aff6be19babd7a6c71f2827116db2,337f2c7c1600271a4a417726d7b335f82e7aff6be19babd7a6c71f2827116db2,89879,1024,700,RGB,train,Raspberry leaf,,materialized,
5467f6012d78d1c446145d5f582da6096f852ae8,train/Raspberry leaf/20130515+008.jpg,data/raw/plantdoc/train/Raspberry leaf/20130515+008.jpg,0f294dbc1b205bc8010654aa01f6eda4f34566d50463fde52ba00dbf052de753,0f294dbc1b205bc8010654aa01f6eda4f34566d50463fde52ba00dbf052de753,375265,1600,1200,RGB,train,Raspberry leaf,,materialized,
5467f6012d78d1c446145d5f582da6096f852ae8,train/Raspberry leaf/24049d1216854408-spots-raspberry-leaves-dscf1561.jpg,data/raw/plantdoc/train/Raspberry leaf/24049d1216854408-spots-raspberry-leaves-dscf1561.jpg,4a6d5787d24cdace9300fcdd2d29b7fdcd979ff70f8b90057dd50c0e3b9d8cd4,4a6d5787d24cdace9300fcdd2d29b7fdcd979ff70f8b90057dd50c0e3b9d8cd4,560643,1024,768,RGB,train,Raspberry leaf,,materialized,
5467f6012d78d1c446145d5f582da6096f852ae8,train/Raspberry leaf/2904.jpg,data/raw/plantdoc/train/Raspberry leaf/2904.jpg,378e85503ba48c20ba79b0c9716bbd2575ea55038da8b2714f12cde5b20ee8be,378e85503ba48c20ba79b0c9716bbd2575ea55038da8b2714f12cde5b20ee8be,94546,1024,768,RGB,train,Raspberry leaf,,materialized,
5467f6012d78d1c446145d5f582da6096f852ae8,train/Raspberry leaf/2905.jpg,data/raw/plantdoc/train/Raspberry leaf/2905.jpg,4e359eeca17db145833adcc4156c03d6fce4d06673e58a495472e73455126e83,4e359eeca17db145833adcc4156c03d6fce4d06673e58a495472e73455126e83,71946,1024,768,RGB,train,Raspberry leaf,,materialized,
5467f6012d78d1c446145d5f582da6096f852ae8,train/Raspberry leaf/483255d3dc56a615ebaa5b424309913c--raspberry-plants-red-raspberry.jpg,data/raw/plantdoc/train/Raspberry leaf/483255d3dc56a615ebaa5b424309913c--raspberry-plants-red-raspberry.jpg,18dea6905612600b04a82e3538cf7d11c6bc38bf078fe0ff1c224ddae9df03cb,18dea6905612600b04a82e3538cf7d11c6bc38bf078fe0ff1c224ddae9df03cb,77162,736,551,RGB,train,Raspberry leaf,,materialized,
5467f6012d78d1c446145d5f582da6096f852ae8,train/Raspberry leaf/4cffdc67492014fcf2c5f34b0565fad7.jpg,data/raw/plantdoc/train/Raspberry leaf/4cffdc67492014fcf2c5f34b0565fad7.jpg,4a795b3fe80a03a08804ce00bb07c7ff0c6217ef07c2abb5803ab9d597d3edd4,4a795b3fe80a03a08804ce00bb07c7ff0c6217ef07c2abb5803ab9d597d3edd4,79012,736,552,RGB,train,Raspberry leaf,,materialized,
5467f6012d78d1c446145d5f582da6096f852ae8,train/Raspberry leaf/5-leaf-berry-1-2.jpg,data/raw/plantdoc/train/Raspberry leaf/5-leaf-berry-1-2.jpg,3a8862871878035a05a801c82e58757b8c7622095fab07a1d9dc5a0ac17e3dd0,3a8862871878035a05a801c82e58757b8c7622095fab07a1d9dc5a0ac17e3dd0,93801,755,618,RGB,train,Raspberry leaf,,materialized,
5467f6012d78d1c446145d5f582da6096f852ae8,train/Raspberry leaf/53840458-raspberry-leaf.jpg,data/raw/plantdoc/train/Raspberry leaf/53840458-raspberry-leaf.jpg,f312c6f5d56a5c74195888df8261ecdb454a48b21ae9ca245c015de8670f9aee,f312c6f5d56a5c74195888df8261ecdb454a48b21ae9ca245c015de8670f9aee,104481,440,440,RGB,train,Raspberry leaf,,materialized,
5467f6012d78d1c446145d5f582da6096f852ae8,train/Raspberry leaf/579a1aa0c6b3fd0354d1a6b57a40ac42--red-raspberry-medicinal-plants.jpg,data/raw/plantdoc/train/Raspberry leaf/579a1aa0c6b3fd0354d1a6b57a40ac42--red-raspberry-medicinal-plants.jpg,53a852fc5fda104f96438d08e705d3c24e7d46005e37aceb5e11bc49e0e417f2,53a852fc5fda104f96438d08e705d3c24e7d46005e37aceb5e11bc49e0e417f2,156460,736,981,RGB,train,Raspberry leaf,,materialized,
5467f6012d78d1c446145d5f582da6096f852ae8,train/Raspberry leaf/5944718_f1024.jpg,data/raw/plantdoc/train/Raspberry leaf/5944718_f1024.jpg,2d238c4baf667d6c21580c27c2ffcc2012e76f91c444d41ddb9d6cae681e9c11,2d238c4baf667d6c21580c27c2ffcc2012e76f91c444d41ddb9d6cae681e9c11,113975,1024,682,RGB,train,Raspberry leaf,,materialized,
5467f6012d78d1c446145d5f582da6096f852ae8,train/Raspberry leaf/608e975059eb73da53ec9bf95362b153.jpg,data/raw/plantdoc/train/Raspberry leaf/608e975059eb73da53ec9bf95362b153.jpg,c70ad073fc3d03942784dc84ab4d4c0937946902257ca405ce4ca7a1ff167ed4,c70ad073fc3d03942784dc84ab4d4c0937946902257ca405ce4ca7a1ff167ed4,144351,736,1104,RGB,train,Raspberry leaf,,materialized,
5467f6012d78d1c446145d5f582da6096f852ae8,train/Raspberry leaf/800px_COLOURBOX4311119.jpg,data/raw/plantdoc/train/Raspberry leaf/800px_COLOURBOX4311119.jpg,0bfbbc817c61512a54c4b4b94ef150ece6ab53bb79c8456a319cf45116d95588,0bfbbc817c61512a54c4b4b94ef150ece6ab53bb79c8456a319cf45116d95588,84865,800,800,RGB,train,Raspberry leaf,,materialized,
5467f6012d78d1c446145d5f582da6096f852ae8,train/Raspberry leaf/Bee29A.jpg,data/raw/plantdoc/train/Raspberry leaf/Bee29A.jpg,8712cebfd72232c368fc38c3870627e63de7dafdb47fe39d6dff793f86db98c6,8712cebfd72232c368fc38c3870627e63de7dafdb47fe39d6dff793f86db98c6,243091,1214,920,RGB,train,Raspberry leaf,,materialized,
5467f6012d78d1c446145d5f582da6096f852ae8,train/Raspberry leaf/Beetles-Berry_3998.jpg,data/raw/plantdoc/train/Raspberry leaf/Beetles-Berry_3998.jpg,dd65d18ccf9173ee6e4d882678ec6324eedc7f056c9f7490bd0fb19d3f68d2de,dd65d18ccf9173ee6e4d882678ec6324eedc7f056c9f7490bd0fb19d3f68d2de,2813436,3648,2736,RGB,train,Raspberry leaf,,materialized,
5467f6012d78d1c446145d5f582da6096f852ae8,train/Raspberry leaf/Black%20raspberry%20late%20leaf%20rust%2008F.JPG.jpg,data/raw/plantdoc/train/Raspberry leaf/Black%20raspberry%20late%20leaf%20rust%2008F.JPG.jpg,b82d6dbfcc9d8cf01cc4bf4f56df58ad1557ee4503b4ec1c82026f39f8cb94d0,b82d6dbfcc9d8cf01cc4bf4f56df58ad1557ee4503b4ec1c82026f39f8cb94d0,398052,1600,1200,RGB,train,Raspberry leaf,,materialized,
5467f6012d78d1c446145d5f582da6096f852ae8,train/Raspberry leaf/Black%20raspberry%20late%20leaf%20rust%20top%20view05F.JPG.jpg,data/raw/plantdoc/train/Raspberry leaf/Black%20raspberry%20late%20leaf%20rust%20top%20view05F.JPG.jpg,256a3c2e2dd46b4b96c2ec2fdccc6fb631fd04932fe4d9c0a7b65333f1d16713,256a3c2e2dd46b4b96c2ec2fdccc6fb631fd04932fe4d9c0a7b65333f1d16713,425903,1600,1200,RGB,train,Raspberry leaf,,materialized,
5467f6012d78d1c446145d5f582da6096f852ae8,train/Raspberry leaf/Blackberry-black-raspberry-1024x707.jpg,data/raw/plantdoc/train/Raspberry leaf/Blackberry-black-raspberry-1024x707.jpg,7f632cd21d46a0a8d206a15b677de47d1c776075660d156b38676c9466659bde,7f632cd21d46a0a8d206a15b677de47d1c776075660d156b38676c9466659bde,251508,1024,707,RGB,train,Raspberry leaf,,materialized,
5467f6012d78d1c446145d5f582da6096f852ae8,train/Raspberry leaf/Blackberry-black-raspberry1-1024x440.jpg,data/raw/plantdoc/train/Raspberry leaf/Blackberry-black-raspberry1-1024x440.jpg,87ed74ec93beceb81a0b533a3d8655b60d88f5e2d88ac29d1267afc2ba5ff410,87ed74ec93beceb81a0b533a3d8655b60d88f5e2d88ac29d1267afc2ba5ff410,118270,1024,440,RGB,train,Raspberry leaf,,materialized,
5467f6012d78d1c446145d5f582da6096f852ae8,train/Raspberry leaf/Blackberry-black-raspberry2-1024x606.jpg,data/raw/plantdoc/train/Raspberry leaf/Blackberry-black-raspberry2-1024x606.jpg,b54c67650236e308b756a610d7a489d9a11846d37d40647bb2bf44e13ad8a32e,b54c67650236e308b756a610d7a489d9a11846d37d40647bb2bf44e13ad8a32e,119055,1024,606,RGB,train,Raspberry leaf,,materialized,
5467f6012d78d1c446145d5f582da6096f852ae8,train/Raspberry leaf/Blackberry-black-raspberry3-1024x665.jpg,data/raw/plantdoc/train/Raspberry leaf/Blackberry-black-raspberry3-1024x665.jpg,c2a28188125792bab6bb9f3ef3df33b380dca7f783a7055082517253654c7c39,c2a28188125792bab6bb9f3ef3df33b380dca7f783a7055082517253654c7c39,164569,1024,665,RGB,train,Raspberry leaf,,materialized,
5467f6012d78d1c446145d5f582da6096f852ae8,train/Raspberry leaf/DC77r.jpg,data/raw/plantdoc/train/Raspberry leaf/DC77r.jpg,a5c12412c431ac40951ed9e07d2664334098fcb77eab69c74ec263f3514a2dde,a5c12412c431ac40951ed9e07d2664334098fcb77eab69c74ec263f3514a2dde,356401,1840,3264,RGB,train,Raspberry leaf,,materialized,
5467f6012d78d1c446145d5f582da6096f852ae8,train/Raspberry leaf/DSC_0492.JPG.jpg,data/raw/plantdoc/train/Raspberry leaf/DSC_0492.JPG.jpg,8db4f26d981c863b932a963b767cdd46d07f53a806f22de30ab350029de6ee4e,8db4f26d981c863b932a963b767cdd46d07f53a806f22de30ab350029de6ee4e,212787,1600,1059,RGB,train,Raspberry leaf,,materialized,
5467f6012d78d1c446145d5f582da6096f852ae8,train/Raspberry leaf/FsSYF.jpg,data/raw/plantdoc/train/Raspberry leaf/FsSYF.jpg,837b07e22cf986c9bd49e22a256752135c715b848bd027ba6dcba1fc9e7e8d7e,837b07e22cf986c9bd49e22a256752135c715b848bd027ba6dcba1fc9e7e8d7e,185840,1067,1420,RGB,train,Raspberry leaf,,materialized,
5467f6012d78d1c446145d5f582da6096f852ae8,train/Raspberry leaf/IMG_0649.JPG.jpg,data/raw/plantdoc/train/Raspberry leaf/IMG_0649.JPG.jpg,d8507da2e4c4f3b00c0ccab91e709f4db7c9d3abcbd4fd93b33cadc8ddde5e98,d8507da2e4c4f3b00c0ccab91e709f4db7c9d3abcbd4fd93b33cadc8ddde5e98,2021195,2448,2448,RGB,train,Raspberry leaf,,materialized,
5467f6012d78d1c446145d5f582da6096f852ae8,train/Raspberry leaf/IMG_1982.jpg,data/raw/plantdoc/train/Raspberry leaf/IMG_1982.jpg,08f5ea1377ce4ab74fdff62b2e7b6307dfa37c7d3e54312f9313cab1122772a7,08f5ea1377ce4ab74fdff62b2e7b6307dfa37c7d3e54312f9313cab1122772a7,327904,1195,1600,RGB,train,Raspberry leaf,,materialized,
5467f6012d78d1c446145d5f582da6096f852ae8,train/Raspberry leaf/IMG_2474.JPG.jpg,data/raw/plantdoc/train/Raspberry leaf/IMG_2474.JPG.jpg,2d528fb7e1e1bcbd674494089feec4eba93d9231ceb28221fb4ad633dc6f76c0,2d528fb7e1e1bcbd674494089feec4eba93d9231ceb28221fb4ad633dc6f76c0,186042,1600,1149,RGB,train,Raspberry leaf,,materialized,
5467f6012d78d1c446145d5f582da6096f852ae8,train/Raspberry leaf/IMG_7182_original.JPG?1493665266.jpg,data/raw/plantdoc/train/Raspberry leaf/IMG_7182_original.JPG?1493665266.jpg,b453d5a863a04e180bbba88e1289cfbf6984cde118d59b7bde86371d1a6bfcb6,b453d5a863a04e180bbba88e1289cfbf6984cde118d59b7bde86371d1a6bfcb6,1722921,3264,2448,RGB,train,Raspberry leaf,,materialized,
5467f6012d78d1c446145d5f582da6096f852ae8,train/Raspberry leaf/Leaves-of-Mysore-raspberry.jpg,data/raw/plantdoc/train/Raspberry leaf/Leaves-of-Mysore-raspberry.jpg,686866bde4500a5a074866476a02c62709d0b9bc2bdd0d7307457f940fed596d,686866bde4500a5a074866476a02c62709d0b9bc2bdd0d7307457f940fed596d,264140,1000,875,RGB,train,Raspberry leaf,,materialized,
5467f6012d78d1c446145d5f582da6096f852ae8,train/Raspberry leaf/Lexicon_Raspberry.jpg,data/raw/plantdoc/train/Raspberry leaf/Lexicon_Raspberry.jpg,b6baa7f0d55dc522e68df569270b64fb7d792f2590534c1eb330047695be1341,b6baa7f0d55dc522e68df569270b64fb7d792f2590534c1eb330047695be1341,797022,2000,2000,RGB,train,Raspberry leaf,,materialized,
5467f6012d78d1c446145d5f582da6096f852ae8,train/Raspberry leaf/P1110947+Rubus+idaeus+fr+St.+Joe+River.JPG.jpg,data/raw/plantdoc/train/Raspberry leaf/P1110947+Rubus+idaeus+fr+St.+Joe+River.JPG.jpg,561feca3026ecd8299f3e8e6782d95f2d00f10d0366ff88797fa654c9a6e87f8,561feca3026ecd8299f3e8e6782d95f2d00f10d0366ff88797fa654c9a6e87f8,290279,1600,1068,RGB,train,Raspberry leaf,,materialized,
5467f6012d78d1c446145d5f582da6096f852ae8,train/Raspberry leaf/Poison_Ivy.jpg,data/raw/plantdoc/train/Raspberry leaf/Poison_Ivy.jpg,b531a25b19b4383fdebe81a72393ed91f6f39d4fe9ab96cc9898858c42a8c223,b531a25b19b4383fdebe81a72393ed91f6f39d4fe9ab96cc9898858c42a8c223,289966,1200,1600,RGB,train,Raspberry leaf,,materialized,
5467f6012d78d1c446145d5f582da6096f852ae8,train/Raspberry leaf/Raspberry-Suckers1.jpg,data/raw/plantdoc/train/Raspberry leaf/Raspberry-Suckers1.jpg,d209defae14e342248b4615368cd17d0ef1b104f3253a85ae2a616f29a0e5e57,d209defae14e342248b4615368cd17d0ef1b104f3253a85ae2a616f29a0e5e57,248544,960,1280,RGB,train,Raspberry leaf,,materialized,
5467f6012d78d1c446145d5f582da6096f852ae8,train/Raspberry leaf/Raspberry-leaf-and-thimbleberry-leaf.jpg,data/raw/plantdoc/train/Raspberry leaf/Raspberry-leaf-and-thimbleberry-leaf.jpg,89e9a14a8be7f82b2c0d9edbba242f16b66ff15424062348f0c72e47b4d99c36,89e9a14a8be7f82b2c0d9edbba242f16b66ff15424062348f0c72e47b4d99c36,451957,1192,711,RGB,train,Raspberry leaf,,materialized,
5467f6012d78d1c446145d5f582da6096f852ae8,train/Raspberry leaf/Raspberry-leaf-tea-benefits-_-Ayurvedum.jpg,data/raw/plantdoc/train/Raspberry leaf/Raspberry-leaf-tea-benefits-_-Ayurvedum.jpg,a361b539e19bbe98a69d19d901307b921b001dac8c1bf00e6675d9dd236083dc,a361b539e19bbe98a69d19d901307b921b001dac8c1bf00e6675d9dd236083dc,97958,1200,800,RGB,train,Raspberry leaf,,materialized,
5467f6012d78d1c446145d5f582da6096f852ae8,train/Raspberry leaf/Raspberry41.JPG.jpg,data/raw/plantdoc/train/Raspberry leaf/Raspberry41.JPG.jpg,03bf840b165e8ca2e2e1511778da7129fd4da8c405d60864214574e9a06818c1,03bf840b165e8ca2e2e1511778da7129fd4da8c405d60864214574e9a06818c1,348176,1600,1378,RGB,train,Raspberry leaf,,materialized,
5467f6012d78d1c446145d5f582da6096f852ae8,train/Raspberry leaf/Red-Rasp-Leaf.jpg,data/raw/plantdoc/train/Raspberry leaf/Red-Rasp-Leaf.jpg,f1321ed4090f24977482758f5195d8c9d8fc517f74e582d665584724191e148e,f1321ed4090f24977482758f5195d8c9d8fc517f74e582d665584724191e148e,130891,1024,768,RGB,train,Raspberry leaf,,materialized,
5467f6012d78d1c446145d5f582da6096f852ae8,train/Raspberry leaf/Rubus_idaeus_leaf.JPG.jpg,data/raw/plantdoc/train/Raspberry leaf/Rubus_idaeus_leaf.JPG.jpg,cfe911cce9a82ed8b9a21277bf66c72564df359a2188a386b06607bd6695f070,cfe911cce9a82ed8b9a21277bf66c72564df359a2188a386b06607bd6695f070,2015409,3072,2304,RGB,train,Raspberry leaf,,materialized,
5467f6012d78d1c446145d5f582da6096f852ae8,train/Raspberry leaf/Rubus_occidentalis_leaf.JPG.jpg,data/raw/plantdoc/train/Raspberry leaf/Rubus_occidentalis_leaf.JPG.jpg,3c36ce42c421f5794860e4ea66b1145d4eaac6139ce71cb5d4da15a44cfc7b66,3c36ce42c421f5794860e4ea66b1145d4eaac6139ce71cb5d4da15a44cfc7b66,488785,1440,2160,RGB,train,Raspberry leaf,,materialized,
5467f6012d78d1c446145d5f582da6096f852ae8,train/Raspberry leaf/a61a6-raspberry_leaf_tea_pregnancy.jpg,data/raw/plantdoc/train/Raspberry leaf/a61a6-raspberry_leaf_tea_pregnancy.jpg,c740f389f6f051646cd7cb33c6091afafcdbfd49a432572fc33f26102cd3c97c,c740f389f6f051646cd7cb33c6091afafcdbfd49a432572fc33f26102cd3c97c,109419,1600,1066,RGB,train,Raspberry leaf,,materialized,
5467f6012d78d1c446145d5f582da6096f852ae8,train/Raspberry leaf/basketofraspberryleaves.jpg,data/raw/plantdoc/train/Raspberry leaf/basketofraspberryleaves.jpg,b35da1aef380c4f30543ff0cf0cef495d0466fcba9e915bfb5a1051fe138f5f9,b35da1aef380c4f30543ff0cf0cef495d0466fcba9e915bfb5a1051fe138f5f9,739516,1000,750,RGB,train,Raspberry leaf,,materialized,
5467f6012d78d1c446145d5f582da6096f852ae8,train/Raspberry leaf/benefits-red-raspberry-leaf.jpg,data/raw/plantdoc/train/Raspberry leaf/benefits-red-raspberry-leaf.jpg,48cd3e3d1846eb4488318ff7460a8de90ac8377c0161982f4ae8d75001b58160,48cd3e3d1846eb4488318ff7460a8de90ac8377c0161982f4ae8d75001b58160,69973,800,532,RGB,train,Raspberry leaf,,materialized,
5467f6012d78d1c446145d5f582da6096f852ae8,train/Raspberry leaf/black-raspberry-01.jpg,data/raw/plantdoc/train/Raspberry leaf/black-raspberry-01.jpg,98416ef43963ac408f6177943821fb746604b15c5d014deb2399d6e4b1fc6e0b,98416ef43963ac408f6177943821fb746604b15c5d014deb2399d6e4b1fc6e0b,123276,599,449,RGB,train,Raspberry leaf,,materialized,
5467f6012d78d1c446145d5f582da6096f852ae8,train/Raspberry leaf/black-raspberry-three-leaves-like-poison-ivy.jpg,data/raw/plantdoc/train/Raspberry leaf/black-raspberry-three-leaves-like-poison-ivy.jpg,26be8793967a9717ecddaabf00ebcb1d6031ffc4cca31ca4867d301aaf7ab453,26be8793967a9717ecddaabf00ebcb1d6031ffc4cca31ca4867d301aaf7ab453,187709,900,652,RGB,train,Raspberry leaf,,materialized,
5467f6012d78d1c446145d5f582da6096f852ae8,train/Raspberry leaf/bramble_leaf_25.JPG.jpg,data/raw/plantdoc/train/Raspberry leaf/bramble_leaf_25.JPG.jpg,b12bef780e6deb73ed27c1cc2467243a1202735edbff000ae3d818e81f0e1650,b12bef780e6deb73ed27c1cc2467243a1202735edbff000ae3d818e81f0e1650,414305,1600,1200,RGB,train,Raspberry leaf,,materialized,
5467f6012d78d1c446145d5f582da6096f852ae8,train/Raspberry leaf/c-204-raspberry.jpg,data/raw/plantdoc/train/Raspberry leaf/c-204-raspberry.jpg,2930bb22ee2ab9b65e69e65505141c05a43090e1e1ea7b6665002334cfab2e99,2930bb22ee2ab9b65e69e65505141c05a43090e1e1ea7b6665002334cfab2e99,108192,1092,603,RGB,train,Raspberry leaf,,materialized,
5467f6012d78d1c446145d5f582da6096f852ae8,train/Raspberry leaf/d8731a01428301a3c46a643d12c6093d.jpg,data/raw/plantdoc/train/Raspberry leaf/d8731a01428301a3c46a643d12c6093d.jpg,e19a7a385075091e64032ac45c7c11db3df88dd8a24daebad61f42215cc0c8dc,e19a7a385075091e64032ac45c7c11db3df88dd8a24daebad61f42215cc0c8dc,93569,1024,768,RGB,train,Raspberry leaf,,materialized,
5467f6012d78d1c446145d5f582da6096f852ae8,train/Raspberry leaf/depositphotos_22512509-stock-photo-raspberry-leaf.jpg,data/raw/plantdoc/train/Raspberry leaf/depositphotos_22512509-stock-photo-raspberry-leaf.jpg,b9f31044f9163501e9d77e61fd6350f62aa2712a20dd28586a3647e514232f31,b9f31044f9163501e9d77e61fd6350f62aa2712a20dd28586a3647e514232f31,106398,1024,755,RGB,train,Raspberry leaf,,materialized,
5467f6012d78d1c446145d5f582da6096f852ae8,train/Raspberry leaf/dsc_0127.jpg,data/raw/plantdoc/train/Raspberry leaf/dsc_0127.jpg,9379b21a7996f482b0ec48a8d31d0a93c73eaffc4f8a2413a90a69b45ade45e3,9379b21a7996f482b0ec48a8d31d0a93c73eaffc4f8a2413a90a69b45ade45e3,2351902,3696,2448,RGB,train,Raspberry leaf,,materialized,
5467f6012d78d1c446145d5f582da6096f852ae8,train/Raspberry leaf/ed00fa5f-60af-4767-b8e8-f5405fd6eb44.jpg,data/raw/plantdoc/train/Raspberry leaf/ed00fa5f-60af-4767-b8e8-f5405fd6eb44.jpg,c8e340a58246bf1aca1b75c2fd240df89491b5e8e0fd1ab3e1810dea4fac884a,c8e340a58246bf1aca1b75c2fd240df89491b5e8e0fd1ab3e1810dea4fac884a,120696,1203,849,RGB,train,Raspberry leaf,,materialized,
5467f6012d78d1c446145d5f582da6096f852ae8,train/Raspberry leaf/edible_weeds_raspberry_leaf.jpg,data/raw/plantdoc/train/Raspberry leaf/edible_weeds_raspberry_leaf.jpg,65ca17c351e0fdf5fefdb19609fe18a2a88e1ec6e1d8110e2789744f099ca385,65ca17c351e0fdf5fefdb19609fe18a2a88e1ec6e1d8110e2789744f099ca385,98296,802,932,RGB,train,Raspberry leaf,,materialized,
5467f6012d78d1c446145d5f582da6096f852ae8,train/Raspberry leaf/feuille-de-framboisier.jpg,data/raw/plantdoc/train/Raspberry leaf/feuille-de-framboisier.jpg,3268bc8a8a69e408f4ad6f636ebbbb56121908eb88f3efe15f60b7c30ccf341b,3268bc8a8a69e408f4ad6f636ebbbb56121908eb88f3efe15f60b7c30ccf341b,450131,1920,1440,RGB,train,Raspberry leaf,,materialized,
5467f6012d78d1c446145d5f582da6096f852ae8,train/Raspberry leaf/fresh-green-raspberry-leaf-isolated-on-white-background-with-clipping-KH37NJ.jpg,data/raw/plantdoc/train/Raspberry leaf/fresh-green-raspberry-leaf-isolated-on-white-background-with-clipping-KH37NJ.jpg,c5c5c3c4ee3bbe47340512cb2c3001cd8e26d976e343601d1168c5cbf0ffc84b,c5c5c3c4ee3bbe47340512cb2c3001cd8e26d976e343601d1168c5cbf0ffc84b,170356,1170,1390,RGB,train,Raspberry leaf,,materialized,
5467f6012d78d1c446145d5f582da6096f852ae8,train/Raspberry leaf/gardening+004.JPG.jpg,data/raw/plantdoc/train/Raspberry leaf/gardening+004.JPG.jpg,b1a6d010df0b1c87b51195ae6f168db5be31415d4b8116e7d2a76be73976a3ce,b1a6d010df0b1c87b51195ae6f168db5be31415d4b8116e7d2a76be73976a3ce,195913,1600,1200,RGB,train,Raspberry leaf,,materialized,
5467f6012d78d1c446145d5f582da6096f852ae8,train/Raspberry leaf/gardening+008.JPG.jpg,data/raw/plantdoc/train/Raspberry leaf/gardening+008.JPG.jpg,001fcd83f1026dd76e1051ec94056ac60e0ce4225e6a98f7eef641b22c2362ee,001fcd83f1026dd76e1051ec94056ac60e0ce4225e6a98f7eef641b22c2362ee,196524,1600,1200,RGB,train,Raspberry leaf,,materialized,
5467f6012d78d1c446145d5f582da6096f852ae8,train/Raspberry leaf/green-leaves-cherry-raspberry-isolated-white-backgro-fresh-background-light-veins-close-up-herbarium-75513107.jpg,data/raw/plantdoc/train/Raspberry leaf/green-leaves-cherry-raspberry-isolated-white-backgro-fresh-background-light-veins-close-up-herbarium-75513107.jpg,cdc8924f93cd4be3c88a980221fc27aa59035aa8e2d0f1a74233292c0674134f,cdc8924f93cd4be3c88a980221fc27aa59035aa8e2d0f1a74233292c0674134f,217499,1300,1390,RGB,train,Raspberry leaf,,materialized,
5467f6012d78d1c446145d5f582da6096f852ae8,train/Raspberry leaf/green-raspberry-leaf-J68BYN.jpg,data/raw/plantdoc/train/Raspberry leaf/green-raspberry-leaf-J68BYN.jpg,98387cf3a6232c98f8906b74d9e17b896a771e89960bcf52dc2bf635ed3f1be1,98387cf3a6232c98f8906b74d9e17b896a771e89960bcf52dc2bf635ed3f1be1,86775,1300,956,RGB,train,Raspberry leaf,,materialized,
5467f6012d78d1c446145d5f582da6096f852ae8,train/Raspberry leaf/groovy-raspberry1000x1000.jpg,data/raw/plantdoc/train/Raspberry leaf/groovy-raspberry1000x1000.jpg,b54df991866597ba89408b8c92ab302a2275cfe68ba82c448a80ec5dfe0285a4,b54df991866597ba89408b8c92ab302a2275cfe68ba82c448a80ec5dfe0285a4,151363,1000,1000,RGB,train,Raspberry leaf,,materialized,
5467f6012d78d1c446145d5f582da6096f852ae8,train/Raspberry leaf/groovy-raspberry3_2.jpg,data/raw/plantdoc/train/Raspberry leaf/groovy-raspberry3_2.jpg,f5ca2e1c4c94269e773e7e738353a038d594a31b03a3b505feafad8c560bc82b,f5ca2e1c4c94269e773e7e738353a038d594a31b03a3b505feafad8c560bc82b,216142,1000,1499,RGB,train,Raspberry leaf,,materialized,
5467f6012d78d1c446145d5f582da6096f852ae8,train/Raspberry leaf/groovy-raspberry4.jpg,data/raw/plantdoc/train/Raspberry leaf/groovy-raspberry4.jpg,163c3369ef21416095c1966cde999b9cdd2bd8311079ad776656058390f1ab7a,163c3369ef21416095c1966cde999b9cdd2bd8311079ad776656058390f1ab7a,345013,1000,1490,RGB,train,Raspberry leaf,,materialized,
5467f6012d78d1c446145d5f582da6096f852ae8,train/Raspberry leaf/iStock-104258470_4x3.jpg,data/raw/plantdoc/train/Raspberry leaf/iStock-104258470_4x3.jpg,fa21f70e240d4a9db5bddc633c5b46a3bff53a49e80d7d83d297b3edf96d2728,fa21f70e240d4a9db5bddc633c5b46a3bff53a49e80d7d83d297b3edf96d2728,185385,1026,770,RGB,train,Raspberry leaf,,materialized,
5467f6012d78d1c446145d5f582da6096f852ae8,train/Raspberry leaf/img_0509.jpg,data/raw/plantdoc/train/Raspberry leaf/img_0509.jpg,c3d9808037cfcf86f1dc4783d51805e830af9b4999a43ae8274219f22d77fdd7,c3d9808037cfcf86f1dc4783d51805e830af9b4999a43ae8274219f22d77fdd7,103270,800,600,RGB,train,Raspberry leaf,,materialized,
5467f6012d78d1c446145d5f582da6096f852ae8,train/Raspberry leaf/img_5342.jpg,data/raw/plantdoc/train/Raspberry leaf/img_5342.jpg,34cbad461b9012663ec82a7c2d769e8755459595249df2c6113afd4031eb8536,34cbad461b9012663ec82a7c2d769e8755459595249df2c6113afd4031eb8536,1038845,2065,1460,RGB,train,Raspberry leaf,,materialized,
5467f6012d78d1c446145d5f582da6096f852ae8,train/Raspberry leaf/img_5426.jpg,data/raw/plantdoc/train/Raspberry leaf/img_5426.jpg,d6225338689dfc47db467ef6d1ef42bd51f6630a1207acbd0a020a7030651127,d6225338689dfc47db467ef6d1ef42bd51f6630a1207acbd0a020a7030651127,977803,1971,1333,RGB,train,Raspberry leaf,,materialized,
5467f6012d78d1c446145d5f582da6096f852ae8,train/Raspberry leaf/imgp9968.jpg,data/raw/plantdoc/train/Raspberry leaf/imgp9968.jpg,d153126e37f3c48245a8652551a4eb7abf8120f5341a4bcad74b3ebdd417ea1f,d153126e37f3c48245a8652551a4eb7abf8120f5341a4bcad74b3ebdd417ea1f,2449692,3872,2592,RGB,train,Raspberry leaf,,materialized,
5467f6012d78d1c446145d5f582da6096f852ae8,train/Raspberry leaf/iron-deficiency-symptoms-on-autumn-fruiting-raspberry-leaf-uk-garden-E4W76G.jpg,data/raw/plantdoc/train/Raspberry leaf/iron-deficiency-symptoms-on-autumn-fruiting-raspberry-leaf-uk-garden-E4W76G.jpg,830608862088441219613106065deb4463254d5cd3a596c68517b22e54b01227,830608862088441219613106065deb4463254d5cd3a596c68517b22e54b01227,201229,1300,821,RGB,train,Raspberry leaf,,materialized,
5467f6012d78d1c446145d5f582da6096f852ae8,train/Raspberry leaf/iron-deficiency-symptoms-on-autumn-fruiting-raspberry-leaf-uk-garden-E4W77P.jpg,data/raw/plantdoc/train/Raspberry leaf/iron-deficiency-symptoms-on-autumn-fruiting-raspberry-leaf-uk-garden-E4W77P.jpg,53683f9ec82c016947c0d63f8a6e08217f7132e21e7322247a8c4eeccb91379f,53683f9ec82c016947c0d63f8a6e08217f7132e21e7322247a8c4eeccb91379f,258745,1300,957,RGB,train,Raspberry leaf,,materialized,
5467f6012d78d1c446145d5f582da6096f852ae8,train/Raspberry leaf/leaf-on-raspberry-bush.jpg,data/raw/plantdoc/train/Raspberry leaf/leaf-on-raspberry-bush.jpg,108af4de82edae49882b56068ff997b06c4d4a38d932d98bf190705ec6bba584,108af4de82edae49882b56068ff997b06c4d4a38d932d98bf190705ec6bba584,227550,1920,1440,RGB,train,Raspberry leaf,,materialized,
5467f6012d78d1c446145d5f582da6096f852ae8,train/Raspberry leaf/leaves-of-a-raspberry-stock-photo-1206396.jpg,data/raw/plantdoc/train/Raspberry leaf/leaves-of-a-raspberry-stock-photo-1206396.jpg,f034e28473bbcbe1a3d4cda9f836de69d40acc518ec035749fcd37b09d4066b4,f034e28473bbcbe1a3d4cda9f836de69d40acc518ec035749fcd37b09d4066b4,195167,1300,1067,RGB,train,Raspberry leaf,,materialized,
5467f6012d78d1c446145d5f582da6096f852ae8,train/Raspberry leaf/leaves-of-a-raspberry-stock-photo-1214081.jpg,data/raw/plantdoc/train/Raspberry leaf/leaves-of-a-raspberry-stock-photo-1214081.jpg,4443368aa1dd8a9df42c950ea26d03240318c8c43b85a4e73cfc4620cc10f590,4443368aa1dd8a9df42c950ea26d03240318c8c43b85a4e73cfc4620cc10f590,207648,1300,1140,RGB,train,Raspberry leaf,,materialized,
5467f6012d78d1c446145d5f582da6096f852ae8,train/Raspberry leaf/marioncalico2.jpg,data/raw/plantdoc/train/Raspberry leaf/marioncalico2.jpg,fa966594c68ffc5be098cc11029e9b150c6651ded2cd687f50b0a9be8d164772,fa966594c68ffc5be098cc11029e9b150c6651ded2cd687f50b0a9be8d164772,285786,2048,1360,RGB,train,Raspberry leaf,,materialized,
5467f6012d78d1c446145d5f582da6096f852ae8,train/Raspberry leaf/muscari-raspberry-leaf-isolated-white-background-31953078.jpg,data/raw/plantdoc/train/Raspberry leaf/muscari-raspberry-leaf-isolated-white-background-31953078.jpg,2480bf49ecbf8602dca21b6f36a3415f23074459fa39245fb3451a2d2503787f,2480bf49ecbf8602dca21b6f36a3415f23074459fa39245fb3451a2d2503787f,156571,1300,951,RGB,train,Raspberry leaf,,materialized,
5467f6012d78d1c446145d5f582da6096f852ae8,train/Raspberry leaf/organic-herbal-smoke-tea-raspberry-leaf.jpg,data/raw/plantdoc/train/Raspberry leaf/organic-herbal-smoke-tea-raspberry-leaf.jpg,6bade338d4a72c878a309f07ae1311f39dd1145ea78d124afab8d3fb73945ce5,6bade338d4a72c878a309f07ae1311f39dd1145ea78d124afab8d3fb73945ce5,173766,800,800,RGB,train,Raspberry leaf,,materialized,
5467f6012d78d1c446145d5f582da6096f852ae8,train/Raspberry leaf/pbsNJ.jpg,data/raw/plantdoc/train/Raspberry leaf/pbsNJ.jpg,d58b6a532c320690f2aa5e013d2ee2fd6cf46e3385a9119ba65f57ff8fd5b6fb,d58b6a532c320690f2aa5e013d2ee2fd6cf46e3385a9119ba65f57ff8fd5b6fb,222655,1156,868,RGB,train,Raspberry leaf,,materialized,
5467f6012d78d1c446145d5f582da6096f852ae8,train/Raspberry leaf/product_red-raspberry-leaf-512x384.jpg,data/raw/plantdoc/train/Raspberry leaf/product_red-raspberry-leaf-512x384.jpg,51ee57dbc32283134e16c628a0df964f3e7851d242db768cdaedbbc665584174,51ee57dbc32283134e16c628a0df964f3e7851d242db768cdaedbbc665584174,30537,512,384,RGB,train,Raspberry leaf,,materialized,
5467f6012d78d1c446145d5f582da6096f852ae8,train/Raspberry leaf/raspberry%2Bleaves.jpg,data/raw/plantdoc/train/Raspberry leaf/raspberry%2Bleaves.jpg,9f6b35ba08ef7d8b7d207a34492bcacc69dff91ef75ea847d9dab4e0c9d595f5,9f6b35ba08ef7d8b7d207a34492bcacc69dff91ef75ea847d9dab4e0c9d595f5,157634,826,692,RGB,train,Raspberry leaf,,materialized,
5467f6012d78d1c446145d5f582da6096f852ae8,train/Raspberry leaf/raspberry-bush-leaves-on-a-white-background-rubi-idaei-folium-D6NDCJ.jpg,data/raw/plantdoc/train/Raspberry leaf/raspberry-bush-leaves-on-a-white-background-rubi-idaei-folium-D6NDCJ.jpg,106092bc1e52dd103992b024d3ce3097b7246a014ca1af971790dac65cf12ac1,106092bc1e52dd103992b024d3ce3097b7246a014ca1af971790dac65cf12ac1,141288,1300,960,RGB,train,Raspberry leaf,,materialized,
5467f6012d78d1c446145d5f582da6096f852ae8,train/Raspberry leaf/raspberry-green-leaves-isolated-white-background-46020616.jpg,data/raw/plantdoc/train/Raspberry leaf/raspberry-green-leaves-isolated-white-background-46020616.jpg,23f7feef3f01fe194260e74b478b880c0bc900fa61bdb93d61018197072bdf58,23f7feef3f01fe194260e74b478b880c0bc900fa61bdb93d61018197072bdf58,142052,1148,1300,RGB,train,Raspberry leaf,,materialized,
5467f6012d78d1c446145d5f582da6096f852ae8,train/Raspberry leaf/raspberry-leaf-26572588.jpg,data/raw/plantdoc/train/Raspberry leaf/raspberry-leaf-26572588.jpg,9512df56c0ab653450bbe5473543105e8d745f024b6b9f8756dc515ddbf1efae,9512df56c0ab653450bbe5473543105e8d745f024b6b9f8756dc515ddbf1efae,112706,1300,1103,RGB,train,Raspberry leaf,,materialized,
5467f6012d78d1c446145d5f582da6096f852ae8,train/Raspberry leaf/raspberry-leaf-dehydrator.jpg,data/raw/plantdoc/train/Raspberry leaf/raspberry-leaf-dehydrator.jpg,a4373589011fba6a99439c6d7720e6af31dbab1eac1394aa18034665a2d233f7,a4373589011fba6a99439c6d7720e6af31dbab1eac1394aa18034665a2d233f7,145340,660,440,RGB,train,Raspberry leaf,,materialized,
5467f6012d78d1c446145d5f582da6096f852ae8,train/Raspberry leaf/raspberry-leaf-has-traditionally-been-used-during-the-later-stages-raspberry-leaf.jpg,data/raw/plantdoc/train/Raspberry leaf/raspberry-leaf-has-traditionally-been-used-during-the-later-stages-raspberry-leaf.jpg,f0c4f5eb0f808bf718af4a3763651686a8f8ef798a7613b46311a7935a7f18f9,f0c4f5eb0f808bf718af4a3763651686a8f8ef798a7613b46311a7935a7f18f9,29512,640,640,RGB,train,Raspberry leaf,,materialized,
5467f6012d78d1c446145d5f582da6096f852ae8,train/Raspberry leaf/raspberry-leaf-ingredient-photo.jpg,data/raw/plantdoc/train/Raspberry leaf/raspberry-leaf-ingredient-photo.jpg,83a1813dff01449cf7d9a5e1f80b3de897a56d58e0246c0f59e99bae29f48746,83a1813dff01449cf7d9a5e1f80b3de897a56d58e0246c0f59e99bae29f48746,45816,500,353,RGB,train,Raspberry leaf,,materialized,
5467f6012d78d1c446145d5f582da6096f852ae8,train/Raspberry leaf/raspberry-leaf-isolated-white-18415125.jpg,data/raw/plantdoc/train/Raspberry leaf/raspberry-leaf-isolated-white-18415125.jpg,e65cd477083a095a18ce7100a9118e8246d1e458572d8b2164440e1826eb2c45,e65cd477083a095a18ce7100a9118e8246d1e458572d8b2164440e1826eb2c45,136522,1311,1300,RGB,train,Raspberry leaf,,materialized,
5467f6012d78d1c446145d5f582da6096f852ae8,train/Raspberry leaf/raspberry-leaves-1024x783.jpg,data/raw/plantdoc/train/Raspberry leaf/raspberry-leaves-1024x783.jpg,d2490d93cbacfa998377c7ca721ebea6fbed2209308966b1ceef6be658641871,d2490d93cbacfa998377c7ca721ebea6fbed2209308966b1ceef6be658641871,78281,1024,783,RGB,train,Raspberry leaf,,materialized,
5467f6012d78d1c446145d5f582da6096f852ae8,train/Raspberry leaf/raspberry-leaves-30apr15-sg.jpg,data/raw/plantdoc/train/Raspberry leaf/raspberry-leaves-30apr15-sg.jpg,d43bfc72a31df5ba85017e62f4c1eabea604ad3cf4e03db8962ebaaeda4bce95,d43bfc72a31df5ba85017e62f4c1eabea604ad3cf4e03db8962ebaaeda4bce95,947706,2384,1797,RGB,train,Raspberry leaf,,materialized,
5467f6012d78d1c446145d5f582da6096f852ae8,train/Raspberry leaf/raspberry-leaves-isolated-28028038.jpg,data/raw/plantdoc/train/Raspberry leaf/raspberry-leaves-isolated-28028038.jpg,6112535b718400a6ad5fdb1c44e8619c1d3061b0768435fdd9326019cf7ba021,6112535b718400a6ad5fdb1c44e8619c1d3061b0768435fdd9326019cf7ba021,166845,1300,1117,RGB,train,Raspberry leaf,,materialized,
5467f6012d78d1c446145d5f582da6096f852ae8,train/Raspberry leaf/raspberry-leaves-isolated-white-background-15358743.jpg,data/raw/plantdoc/train/Raspberry leaf/raspberry-leaves-isolated-white-background-15358743.jpg,5db30fb52e52267462a7aec217f748a68a75ba7614e5ed996c8accd159cd355d,5db30fb52e52267462a7aec217f748a68a75ba7614e5ed996c8accd159cd355d,93945,1300,1192,RGB,train,Raspberry leaf,,materialized,
5467f6012d78d1c446145d5f582da6096f852ae8,train/Raspberry leaf/raspberry-leaves-stock-picture-3093023.jpg,data/raw/plantdoc/train/Raspberry leaf/raspberry-leaves-stock-picture-3093023.jpg,82cb58896b95ba203bb4230117704609b3e97e127f873be467449ee166ddb4b6,82cb58896b95ba203bb4230117704609b3e97e127f873be467449ee166ddb4b6,382300,1300,1067,RGB,train,Raspberry leaf,,materialized,
5467f6012d78d1c446145d5f582da6096f852ae8,train/Raspberry leaf/raspberry_leaf_full.jpg,data/raw/plantdoc/train/Raspberry leaf/raspberry_leaf_full.jpg,e7a1eb80522ae59c8e2141194a188fcfed8e6c81bbc14d7f3165b13733dc6f3c,e7a1eb80522ae59c8e2141194a188fcfed8e6c81bbc14d7f3165b13733dc6f3c,3896180,2454,2048,RGB,train,Raspberry leaf,,materialized,
5467f6012d78d1c446145d5f582da6096f852ae8,train/Raspberry leaf/raspberry_leaves.JPG.JPG.jpg,data/raw/plantdoc/train/Raspberry leaf/raspberry_leaves.JPG.JPG.jpg,71c89682448f864f73121d8962ed67494237ad6b5b42aa6ad0d92bd24f7dd596,71c89682448f864f73121d8962ed67494237ad6b5b42aa6ad0d92bd24f7dd596,259935,1200,1600,RGB,train,Raspberry leaf,,materialized,
5467f6012d78d1c446145d5f582da6096f852ae8,train/Raspberry leaf/raspberry_leaves.JPG.jpg,data/raw/plantdoc/train/Raspberry leaf/raspberry_leaves.JPG.jpg,86a25e985079465295d87a0ab3163449800417259175aea407258e31b38ea47f,86a25e985079465295d87a0ab3163449800417259175aea407258e31b38ea47f,329830,1600,1200,RGB,train,Raspberry leaf,,materialized,
5467f6012d78d1c446145d5f582da6096f852ae8,train/Raspberry leaf/raspberryleafrust1.jpg,data/raw/plantdoc/train/Raspberry leaf/raspberryleafrust1.jpg,40dc074748f1e3e68f1bcebe2c9fa77b0b92ff44959449f047e37133293fcab1,40dc074748f1e3e68f1bcebe2c9fa77b0b92ff44959449f047e37133293fcab1,617799,1050,797,RGB,train,Raspberry leaf,,materialized,
5467f6012d78d1c446145d5f582da6096f852ae8,train/Raspberry leaf/red-raspberry-leaf_1.jpg,data/raw/plantdoc/train/Raspberry leaf/red-raspberry-leaf_1.jpg,853ef041f8413aa5f9e8e1a5e2652192bba365721c59ec9a5059ba09ac83b383,853ef041f8413aa5f9e8e1a5e2652192bba365721c59ec9a5059ba09ac83b383,52360,400,335,RGB,train,Raspberry leaf,,materialized,
5467f6012d78d1c446145d5f582da6096f852ae8,train/Raspberry leaf/red-raspberry.jpg,data/raw/plantdoc/train/Raspberry leaf/red-raspberry.jpg,02a455058b5327ac1e8db7cf1d7183c679b4fd7c811f672b7cb11c5214829593,02a455058b5327ac1e8db7cf1d7183c679b4fd7c811f672b7cb11c5214829593,93579,1200,981,RGB,train,Raspberry leaf,,materialized,
5467f6012d78d1c446145d5f582da6096f852ae8,train/Raspberry leaf/red-rspberry-leaf-help-strengthen-the-uterus-and-the-lining-of-the-uterus.jpg,data/raw/plantdoc/train/Raspberry leaf/red-rspberry-leaf-help-strengthen-the-uterus-and-the-lining-of-the-uterus.jpg,37a9af593a606093168af4d73f4a7b659e414aecff8d7d027bd62ff2d53bfa15,37a9af593a606093168af4d73f4a7b659e414aecff8d7d027bd62ff2d53bfa15,288386,736,1032,RGB,train,Raspberry leaf,,materialized,
5467f6012d78d1c446145d5f582da6096f852ae8,train/Raspberry leaf/red_raspberry03.jpg,data/raw/plantdoc/train/Raspberry leaf/red_raspberry03.jpg,7eae4bce67e02487675a144049324d3a56aa674e3447071d108847d8c9945314,7eae4bce67e02487675a144049324d3a56aa674e3447071d108847d8c9945314,26275,567,756,RGB,train,Raspberry leaf,,materialized,
5467f6012d78d1c446145d5f582da6096f852ae8,train/Raspberry leaf/ripe-raspberry-leaf-white-background-30978897.jpg,data/raw/plantdoc/train/Raspberry leaf/ripe-raspberry-leaf-white-background-30978897.jpg,f68002adb4ecf956e440c5961b02bf64003bd064cb35d26a41ca31f5c62db95e,f68002adb4ecf956e440c5961b02bf64003bd064cb35d26a41ca31f5c62db95e,306483,1300,1061,RGB,train,Raspberry leaf,,materialized,
5467f6012d78d1c446145d5f582da6096f852ae8,train/Raspberry leaf/ripe-raspberry-with-green-leaves-and-flowers-Download-Royalty-free-Vector-File-EPS-10297.jpg,data/raw/plantdoc/train/Raspberry leaf/ripe-raspberry-with-green-leaves-and-flowers-Download-Royalty-free-Vector-File-EPS-10297.jpg,365a753f178d619037cdbb6b250d4bb556ee2b19c4759334b3101e8dea98cbd7,365a753f178d619037cdbb6b250d4bb556ee2b19c4759334b3101e8dea98cbd7,278763,1200,1108,RGB,train,Raspberry leaf,,materialized,
5467f6012d78d1c446145d5f582da6096f852ae8,train/Raspberry leaf/rubus-idaeus-8280814-9.jpg,data/raw/plantdoc/train/Raspberry leaf/rubus-idaeus-8280814-9.jpg,437b8e8cf25c2830bb2baaf557e4e3cc7072ec296fb25b5970a319f32b6fdf97,437b8e8cf25c2830bb2baaf557e4e3cc7072ec296fb25b5970a319f32b6fdf97,118009,800,600,RGB,train,Raspberry leaf,,materialized,
5467f6012d78d1c446145d5f582da6096f852ae8,train/Raspberry leaf/rubus-idaeus-strigosus-le-ahaines-a.jpg,data/raw/plantdoc/train/Raspberry leaf/rubus-idaeus-strigosus-le-ahaines-a.jpg,b20e714b60caf80f52c869eda6b20868341a2b8e6980d992769fa14880c35e6a,b20e714b60caf80f52c869eda6b20868341a2b8e6980d992769fa14880c35e6a,98214,849,1000,RGB,train,Raspberry leaf,,materialized,
5467f6012d78d1c446145d5f582da6096f852ae8,train/Raspberry leaf/rubus-idaeus_0714_122911.jpg,data/raw/plantdoc/train/Raspberry leaf/rubus-idaeus_0714_122911.jpg,66887cea2d547a0513a8db0c84dadf83be6a6b847a2e763675492734a5d91e4c,66887cea2d547a0513a8db0c84dadf83be6a6b847a2e763675492734a5d91e4c,82532,800,600,RGB,train,Raspberry leaf,,materialized,
5467f6012d78d1c446145d5f582da6096f852ae8,train/Raspberry leaf/shutterstock_302160662.jpg,data/raw/plantdoc/train/Raspberry leaf/shutterstock_302160662.jpg,9b3cd6dc4c9926ec718e8d2118dfe791c7375c8e5a4688e5e7c6513e673e0f68,9b3cd6dc4c9926ec718e8d2118dfe791c7375c8e5a4688e5e7c6513e673e0f68,734462,1000,750,RGB,train,Raspberry leaf,,materialized,
5467f6012d78d1c446145d5f582da6096f852ae8,train/Raspberry leaf/slide10.jpg,data/raw/plantdoc/train/Raspberry leaf/slide10.jpg,abbf6f5512ae4da40d45b52f27a46e52fc83b172a46790bae4dad1f7cfad88f7,abbf6f5512ae4da40d45b52f27a46e52fc83b172a46790bae4dad1f7cfad88f7,646036,2048,1536,RGB,train,Raspberry leaf,,materialized,
5467f6012d78d1c446145d5f582da6096f852ae8,train/Raspberry leaf/stock-photo-raspberry-leaf-isolated-on-a-white-background-72329308.jpg,data/raw/plantdoc/train/Raspberry leaf/stock-photo-raspberry-leaf-isolated-on-a-white-background-72329308.jpg,432d0e58445da55706dba63e289f93192a7e616907518229b0a5b57335ba631a,432d0e58445da55706dba63e289f93192a7e616907518229b0a5b57335ba631a,473351,1395,1600,RGB,train,Raspberry leaf,,materialized,
5467f6012d78d1c446145d5f582da6096f852ae8,train/Raspberry leaf/village-herbals-bulk-herbs-raspberry-leaves.jpg,data/raw/plantdoc/train/Raspberry leaf/village-herbals-bulk-herbs-raspberry-leaves.jpg,5633d46c2ba3752d36f6a24ae63d7f5f7f00b03b5d26d91dc51e10d4f74d441e,5633d46c2ba3752d36f6a24ae63d7f5f7f00b03b5d26d91dc51e10d4f74d441e,554014,1200,1200,RGB,train,Raspberry leaf,,materialized,
5467f6012d78d1c446145d5f582da6096f852ae8,train/Raspberry leaf/yellow-raspberry-leaf-chlorosis-nutrient-deficiency-probably-lack-iron-gardening-problem-72461965.jpg,data/raw/plantdoc/train/Raspberry leaf/yellow-raspberry-leaf-chlorosis-nutrient-deficiency-probably-lack-iron-gardening-problem-72461965.jpg,1678de1fffcbcd1599ae3abbc9631af50d2e4044e9eaf68b57f667d23905495c,1678de1fffcbcd1599ae3abbc9631af50d2e4044e9eaf68b57f667d23905495c,272477,1300,1065,RGB,train,Raspberry leaf,,materialized,
5467f6012d78d1c446145d5f582da6096f852ae8,train/Soyabean leaf/487977347.jpg,data/raw/plantdoc/train/Soyabean leaf/487977347.jpg,e9bf916351dd1e3443d77db9d64fb29355770f23ed33bc0ccd51aaddd407f92b,e9bf916351dd1e3443d77db9d64fb29355770f23ed33bc0ccd51aaddd407f92b,463616,1998,1499,RGB,train,Soyabean leaf,,materialized,
5467f6012d78d1c446145d5f582da6096f852ae8,train/Soyabean leaf/5834652565_6b00a70309_z.jpg,data/raw/plantdoc/train/Soyabean leaf/5834652565_6b00a70309_z.jpg,c46631ff592ff3fce388b2c20e7d7a939e6e666318e2ec6bcf4e0dc22452ba89,c46631ff592ff3fce388b2c20e7d7a939e6e666318e2ec6bcf4e0dc22452ba89,198422,640,425,RGB,train,Soyabean leaf,,materialized,
5467f6012d78d1c446145d5f582da6096f852ae8,train/Soyabean leaf/6.15.12+Soybeans+V3.JPG.jpg,data/raw/plantdoc/train/Soyabean leaf/6.15.12+Soybeans+V3.JPG.jpg,014cb818a640b78be55550f2949ed8640f3d357c3f058ee58c698acccbcef5e4,014cb818a640b78be55550f2949ed8640f3d357c3f058ee58c698acccbcef5e4,288385,1600,1067,RGB,train,Soyabean leaf,,materialized,
5467f6012d78d1c446145d5f582da6096f852ae8,train/Soyabean leaf/6.8.12+Soybean+First+Trifoliate+Leaf.JPG.jpg,data/raw/plantdoc/train/Soyabean leaf/6.8.12+Soybean+First+Trifoliate+Leaf.JPG.jpg,995c296596d8de60f54b48365a4582d1e2c9df83dad01c4e6800660139c74a2d,995c296596d8de60f54b48365a4582d1e2c9df83dad01c4e6800660139c74a2d,275417,1600,1067,RGB,train,Soyabean leaf,,materialized,
5467f6012d78d1c446145d5f582da6096f852ae8,train/Soyabean leaf/6898762496_5b9b6c22d3_z.jpg,data/raw/plantdoc/train/Soyabean leaf/6898762496_5b9b6c22d3_z.jpg,844906e14ba31d9eef1c7f911e570176606bb03972b40d5a8c4358b51689d643,844906e14ba31d9eef1c7f911e570176606bb03972b40d5a8c4358b51689d643,86189,640,426,RGB,train,Soyabean leaf,,materialized,
5467f6012d78d1c446145d5f582da6096f852ae8,train/Soyabean leaf/Brown%20Spot%20-%20dark%20spots.jpg,data/raw/plantdoc/train/Soyabean leaf/Brown%20Spot%20-%20dark%20spots.jpg,7c1dd02bfbab8fffaaedfc7bab7cc7acec0c84e268d737003700745de9b770a1,7c1dd02bfbab8fffaaedfc7bab7cc7acec0c84e268d737003700745de9b770a1,755149,1280,856,RGB,train,Soyabean leaf,,materialized,
5467f6012d78d1c446145d5f582da6096f852ae8,train/Soyabean leaf/DM-on-soy.jpg,data/raw/plantdoc/train/Soyabean leaf/DM-on-soy.jpg,b144f56df4b5930cfd04f3d6755f29826ebe749119393d6e0444f29f041147ad,b144f56df4b5930cfd04f3d6755f29826ebe749119393d6e0444f29f041147ad,144027,640,480,RGB,train,Soyabean leaf,,materialized,
5467f6012d78d1c446145d5f582da6096f852ae8,train/Soyabean leaf/IMG_1138.jpg,data/raw/plantdoc/train/Soyabean leaf/IMG_1138.jpg,8db9e14e5941ad638d7249392e9b84aba906d02e8d08a41e5d95862fbce86b2c,8db9e14e5941ad638d7249392e9b84aba906d02e8d08a41e5d95862fbce86b2c,544966,5184,3456,RGB,train,Soyabean leaf,,materialized,
5467f6012d78d1c446145d5f582da6096f852ae8,train/Soyabean leaf/IMG_20150714_122008907.jpg,data/raw/plantdoc/train/Soyabean leaf/IMG_20150714_122008907.jpg,6ebf11edaa72fc09cbe6f3e1a7f959500755434bf508648f2652c41af2627cee,6ebf11edaa72fc09cbe6f3e1a7f959500755434bf508648f2652c41af2627cee,3152973,2432,4320,RGB,train,Soyabean leaf,,materialized,
5467f6012d78d1c446145d5f582da6096f852ae8,train/Soyabean leaf/IMG_4780.jpg,data/raw/plantdoc/train/Soyabean leaf/IMG_4780.jpg,7df1330606eaf73add5426f382eb74cc01f073201d2ea4dc28283f64a0a815e0,7df1330606eaf73add5426f382eb74cc01f073201d2ea4dc28283f64a0a815e0,2879499,3456,2304,RGB,train,Soyabean leaf,,materialized,
5467f6012d78d1c446145d5f582da6096f852ae8,train/Soyabean leaf/IMG_4810.jpg,data/raw/plantdoc/train/Soyabean leaf/IMG_4810.jpg,efa97134d8c990b943a3a00046368edf68886715b79c411237877d53e3dbc551,efa97134d8c990b943a3a00046368edf68886715b79c411237877d53e3dbc551,3083068,3456,2304,RGB,train,Soyabean leaf,,materialized,
5467f6012d78d1c446145d5f582da6096f852ae8,train/Soyabean leaf/IMG_fig-4.jpg,data/raw/plantdoc/train/Soyabean leaf/IMG_fig-4.jpg,5802ed28a8db8c0cc2d79a25b86175b5ee77c9646ecfaaebad9d9115f9ba17d4,5802ed28a8db8c0cc2d79a25b86175b5ee77c9646ecfaaebad9d9115f9ba17d4,265482,500,375,RGB,train,Soyabean leaf,,materialized,
5467f6012d78d1c446145d5f582da6096f852ae8,train/Soyabean leaf/KDeficientSoyBean.jpg,data/raw/plantdoc/train/Soyabean leaf/KDeficientSoyBean.jpg,a11886f5533f98baf11bda057c95f5286a31e1c06f326f1295e0bf04d5b372c9,a11886f5533f98baf11bda057c95f5286a31e1c06f326f1295e0bf04d5b372c9,255661,1639,1272,RGB,train,Soyabean leaf,,materialized,
5467f6012d78d1c446145d5f582da6096f852ae8,train/Soyabean leaf/Kdefsoybean.JPG.jpg,data/raw/plantdoc/train/Soyabean leaf/Kdefsoybean.JPG.jpg,b4a2d43e9f652b3bb78372eab295626600fe588fc6bdbc1bdef0523fcd8117a8,b4a2d43e9f652b3bb78372eab295626600fe588fc6bdbc1bdef0523fcd8117a8,379644,683,512,RGB,train,Soyabean leaf,,materialized,
5467f6012d78d1c446145d5f582da6096f852ae8,train/Soyabean leaf/Leaves-of-Soybean.jpg,data/raw/plantdoc/train/Soyabean leaf/Leaves-of-Soybean.jpg,3f4fc4070444af6289af45c865028dde01f8608b30a879f0937e3b756b51ba88,3f4fc4070444af6289af45c865028dde01f8608b30a879f0937e3b756b51ba88,1741979,2592,1944,RGB,train,Soyabean leaf,,materialized,
5467f6012d78d1c446145d5f582da6096f852ae8,train/Soyabean leaf/SOYBEANS_2_1500x1500%253E.JPG?1474027789.jpg,data/raw/plantdoc/train/Soyabean leaf/SOYBEANS_2_1500x1500%253E.JPG?1474027789.jpg,0c1c5e79ee2021be81b417f8685cdcd417ba3bfa6877a5870fe72b398ed30b1c,0c1c5e79ee2021be81b417f8685cdcd417ba3bfa6877a5870fe72b398ed30b1c,903605,1120,1500,RGB,train,Soyabean leaf,,materialized,
5467f6012d78d1c446145d5f582da6096f852ae8,train/Soyabean leaf/Soy-leaves-FAZ050-2015US-IL-Wuerffel-USNQ0F002-28DAB-Plot106b.jpg,data/raw/plantdoc/train/Soyabean leaf/Soy-leaves-FAZ050-2015US-IL-Wuerffel-USNQ0F002-28DAB-Plot106b.jpg,49f44dc91963be5d45824ddb593a6e3cfdd02588517b559ec175dc0779e43b72,49f44dc91963be5d45824ddb593a6e3cfdd02588517b559ec175dc0779e43b72,2651630,5184,3456,RGB,train,Soyabean leaf,,materialized,
5467f6012d78d1c446145d5f582da6096f852ae8,train/Soyabean leaf/Soybean%20edamame%20leaf.JPG.jpg,data/raw/plantdoc/train/Soyabean leaf/Soybean%20edamame%20leaf.JPG.jpg,795b5ecfb688f933b88cca0de9be7ad296ded85b126113ba2a012e9523dc443d,795b5ecfb688f933b88cca0de9be7ad296ded85b126113ba2a012e9523dc443d,1824250,4048,3340,RGB,train,Soyabean leaf,,materialized,
5467f6012d78d1c446145d5f582da6096f852ae8,train/Soyabean leaf/Soybean%20oil%20leaf.JPG.jpg,data/raw/plantdoc/train/Soyabean leaf/Soybean%20oil%20leaf.JPG.jpg,9913959f1c6f6baf83760eabefd5f2deaf65fe564f94e6ad2a05b72c3b934c6b,9913959f1c6f6baf83760eabefd5f2deaf65fe564f94e6ad2a05b72c3b934c6b,1763713,4048,3340,RGB,train,Soyabean leaf,,materialized,
5467f6012d78d1c446145d5f582da6096f852ae8,train/Soyabean leaf/Soybean%20oil%20leaf2.JPG.jpg,data/raw/plantdoc/train/Soyabean leaf/Soybean%20oil%20leaf2.JPG.jpg,28a1bbbe112184abecadf9777f0c1124d77671f970a93605b7f9c6af12624810,28a1bbbe112184abecadf9777f0c1124d77671f970a93605b7f9c6af12624810,1786522,4048,3040,RGB,train,Soyabean leaf,,materialized,
5467f6012d78d1c446145d5f582da6096f852ae8,train/Soyabean leaf/Soybean%20tofu%20leaf.JPG.jpg,data/raw/plantdoc/train/Soyabean leaf/Soybean%20tofu%20leaf.JPG.jpg,afc7d484aaa174d4c1e3f659cf1181e0543efd8191e4ccd3bd2a0252df8b1700,afc7d484aaa174d4c1e3f659cf1181e0543efd8191e4ccd3bd2a0252df8b1700,1547011,4048,3340,RGB,train,Soyabean leaf,,materialized,
5467f6012d78d1c446145d5f582da6096f852ae8,train/Soyabean leaf/Soybean_leaves.jpg,data/raw/plantdoc/train/Soyabean leaf/Soybean_leaves.jpg,bbeea5c32273e6544670a268d075e099cbb2162e8de695322cf501eaf0232967,bbeea5c32273e6544670a268d075e099cbb2162e8de695322cf501eaf0232967,292765,1024,680,RGB,train,Soyabean leaf,,materialized,
5467f6012d78d1c446145d5f582da6096f852ae8,train/Soyabean leaf/a-mid-season-soybean-plants-leaves-show-virtually-no-insect-damage-cxy77t.jpg,data/raw/plantdoc/train/Soyabean leaf/a-mid-season-soybean-plants-leaves-show-virtually-no-insect-damage-cxy77t.jpg,4c7b539830f249c6d94ccb5e8ac5b9de77fd47351120270551f4522a1a4d99f0,4c7b539830f249c6d94ccb5e8ac5b9de77fd47351120270551f4522a1a4d99f0,105996,640,447,RGB,train,Soyabean leaf,,materialized,
5467f6012d78d1c446145d5f582da6096f852ae8,train/Soyabean leaf/a-mid-season-soybean-plants-leaves-show-virtually-no-insect-damage-cxy78f.jpg,data/raw/plantdoc/train/Soyabean leaf/a-mid-season-soybean-plants-leaves-show-virtually-no-insect-damage-cxy78f.jpg,c0341a4152138cae2d1ddad987c6170aeb99a2e70ed32e18f2dee840f83c8017,c0341a4152138cae2d1ddad987c6170aeb99a2e70ed32e18f2dee840f83c8017,116085,640,447,RGB,train,Soyabean leaf,,materialized,
5467f6012d78d1c446145d5f582da6096f852ae8,train/Soyabean leaf/agron10.jpg,data/raw/plantdoc/train/Soyabean leaf/agron10.jpg,6d6a97c8fc5cd81e0cd38a7d0979d4506fa8e11173a6ce4f37e5e4cc177cf865,6d6a97c8fc5cd81e0cd38a7d0979d4506fa8e11173a6ce4f37e5e4cc177cf865,999014,1280,960,RGB,train,Soyabean leaf,,materialized,
5467f6012d78d1c446145d5f582da6096f852ae8,train/Soyabean leaf/asoybeanleafcloseup.JPG.jpg,data/raw/plantdoc/train/Soyabean leaf/asoybeanleafcloseup.JPG.jpg,ae7d83e4ba9e6c30fa39086919a840a99373bfc696b1e4b87930ebe3d2f33244,ae7d83e4ba9e6c30fa39086919a840a99373bfc696b1e4b87930ebe3d2f33244,43112,550,412,RGB,train,Soyabean leaf,,materialized,
5467f6012d78d1c446145d5f582da6096f852ae8,train/Soyabean leaf/close-up-shot-of-soy-leaves-glistening-in-the-sunshine-picture-id157639700?s=612x612.jpg,data/raw/plantdoc/train/Soyabean leaf/close-up-shot-of-soy-leaves-glistening-in-the-sunshine-picture-id157639700?s=612x612.jpg,5ae477a21b434399ec3137edc9d60dd68ac15e96fc75c79f61df12716182ccca,5ae477a21b434399ec3137edc9d60dd68ac15e96fc75c79f61df12716182ccca,22273,612,408,RGB,train,Soyabean leaf,,materialized,
5467f6012d78d1c446145d5f582da6096f852ae8,train/Soyabean leaf/depositphotos_15928367-stock-photo-soy-leaf.jpg,data/raw/plantdoc/train/Soyabean leaf/depositphotos_15928367-stock-photo-soy-leaf.jpg,d59fdbf92c8a65e72c5c3da06dca2ce031014b8ea3c3ae45569860edcf7f78ef,d59fdbf92c8a65e72c5c3da06dca2ce031014b8ea3c3ae45569860edcf7f78ef,89723,1023,868,RGB,train,Soyabean leaf,,materialized,
5467f6012d78d1c446145d5f582da6096f852ae8,train/Soyabean leaf/detailed-view-single-soybean-leaf-very-green-crop-growing-field-43444691.jpg,data/raw/plantdoc/train/Soyabean leaf/detailed-view-single-soybean-leaf-very-green-crop-growing-field-43444691.jpg,6764805618a23a9b334738224783d1f74c8f9b81cb878a7333bfd627c26187d3,6764805618a23a9b334738224783d1f74c8f9b81cb878a7333bfd627c26187d3,164860,1300,991,RGB,train,Soyabean leaf,,materialized,
5467f6012d78d1c446145d5f582da6096f852ae8,train/Soyabean leaf/double-crop-soybean-leaves-Aug-19-2013_thumb.jpg,data/raw/plantdoc/train/Soyabean leaf/double-crop-soybean-leaves-Aug-19-2013_thumb.jpg,38979212a441dc53c516d7269628b24cd567c31148f2ea6c376416e088aa60b7,38979212a441dc53c516d7269628b24cd567c31148f2ea6c376416e088aa60b7,50503,502,402,RGB,train,Soyabean leaf,,materialized,
5467f6012d78d1c446145d5f582da6096f852ae8,train/Soyabean leaf/downy-mildew-on-soybeans-2csq9n7.jpg,data/raw/plantdoc/train/Soyabean leaf/downy-mildew-on-soybeans-2csq9n7.jpg,87f3076e00828b899d33c1778580384ec9a83a1674b3a98dcfa9f1be5df48251,87f3076e00828b899d33c1778580384ec9a83a1674b3a98dcfa9f1be5df48251,2221760,2919,2448,RGB,train,Soyabean leaf,,materialized,
5467f6012d78d1c446145d5f582da6096f852ae8,train/Soyabean leaf/fresh-soy-leaves-white-46020567.jpg,data/raw/plantdoc/train/Soyabean leaf/fresh-soy-leaves-white-46020567.jpg,fd1016bb0312ce0265192166b68866f8d457bb724374e76d46a1737573ee9826,fd1016bb0312ce0265192166b68866f8d457bb724374e76d46a1737573ee9826,178311,1300,1357,RGB,train,Soyabean leaf,,materialized,
5467f6012d78d1c446145d5f582da6096f852ae8,train/Soyabean leaf/glma4_leaf_001.jpg,data/raw/plantdoc/train/Soyabean leaf/glma4_leaf_001.jpg,53fd8d1f18d4942d38d4ef5a3343dd8a98f143d646d220be36d5c06d8fcec900,53fd8d1f18d4942d38d4ef5a3343dd8a98f143d646d220be36d5c06d8fcec900,485172,2048,1367,RGB,train,Soyabean leaf,,materialized,
5467f6012d78d1c446145d5f582da6096f852ae8,train/Soyabean leaf/kdeficiency2.jpg,data/raw/plantdoc/train/Soyabean leaf/kdeficiency2.jpg,b608eac2b82f420ae9ebf7e97c00bdc4611fcaf6f1286d19dc2240de48899423,b608eac2b82f420ae9ebf7e97c00bdc4611fcaf6f1286d19dc2240de48899423,405600,800,600,RGB,train,Soyabean leaf,,materialized,
5467f6012d78d1c446145d5f582da6096f852ae8,train/Soyabean leaf/kdeficiency4.jpg,data/raw/plantdoc/train/Soyabean leaf/kdeficiency4.jpg,c315bf7ebad8bf97818547e57f01559bb16e610ab8be9d225726c7c612c4b094,c315bf7ebad8bf97818547e57f01559bb16e610ab8be9d225726c7c612c4b094,466263,800,600,RGB,train,Soyabean leaf,,materialized,
5467f6012d78d1c446145d5f582da6096f852ae8,train/Soyabean leaf/soy-964327_960_720.jpg,data/raw/plantdoc/train/Soyabean leaf/soy-964327_960_720.jpg,3ee779d1e68bbf54ae373b04f861acdfb26bf8e30c2ac79146f52e43f42ae17b,3ee779d1e68bbf54ae373b04f861acdfb26bf8e30c2ac79146f52e43f42ae17b,151395,960,640,RGB,train,Soyabean leaf,,materialized,
5467f6012d78d1c446145d5f582da6096f852ae8,train/Soyabean leaf/soy-leaf-27914090.jpg,data/raw/plantdoc/train/Soyabean leaf/soy-leaf-27914090.jpg,856de2fbea416e580c9bf726e15197f78ee97758d01890d45fb6d5242c5d904d,856de2fbea416e580c9bf726e15197f78ee97758d01890d45fb6d5242c5d904d,55217,800,581,RGB,train,Soyabean leaf,,materialized,
5467f6012d78d1c446145d5f582da6096f852ae8,train/Soyabean leaf/soybean-21357451.jpg,data/raw/plantdoc/train/Soyabean leaf/soybean-21357451.jpg,a7da05d91caf1b27247f4bcafdbb805d7db934dd1a1f5f5b8ba59a7990a1b388,a7da05d91caf1b27247f4bcafdbb805d7db934dd1a1f5f5b8ba59a7990a1b388,155933,1300,1180,RGB,train,Soyabean leaf,,materialized,
5467f6012d78d1c446145d5f582da6096f852ae8,train/Soyabean leaf/soybean-leaf-picture-id136581201?s=612x612.jpg,data/raw/plantdoc/train/Soyabean leaf/soybean-leaf-picture-id136581201?s=612x612.jpg,d27a36f07f967bcaeabd88d3aa760c6986da22c01e58ac2b67887b74b02843f2,d27a36f07f967bcaeabd88d3aa760c6986da22c01e58ac2b67887b74b02843f2,35037,612,408,RGB,train,Soyabean leaf,,materialized,
5467f6012d78d1c446145d5f582da6096f852ae8,train/Soyabean leaf/soybean-leaf-single.jpg,data/raw/plantdoc/train/Soyabean leaf/soybean-leaf-single.jpg,963d3ddc8b050e2bb403c3f40dcc876f8dcb55485fad75b2749dede015075c55,963d3ddc8b050e2bb403c3f40dcc876f8dcb55485fad75b2749dede015075c55,30433,640,428,RGB,train,Soyabean leaf,,materialized,
5467f6012d78d1c446145d5f582da6096f852ae8,train/Soyabean leaf/soybean-leaves-Aug-19-2013_thumb.jpg,data/raw/plantdoc/train/Soyabean leaf/soybean-leaves-Aug-19-2013_thumb.jpg,1cf3fdd66c912abf465562e5d65fbfd5eade580776889417f57041be3ecc6e3c,1cf3fdd66c912abf465562e5d65fbfd5eade580776889417f57041be3ecc6e3c,79092,502,402,RGB,train,Soyabean leaf,,materialized,
5467f6012d78d1c446145d5f582da6096f852ae8,train/Soyabean leaf/soybean-magnesium-2.jpg,data/raw/plantdoc/train/Soyabean leaf/soybean-magnesium-2.jpg,8289e5d9cf2978b60161d39fd44971f4b74288e9d63ceaf9f1731b49d4368e19,8289e5d9cf2978b60161d39fd44971f4b74288e9d63ceaf9f1731b49d4368e19,816067,1000,750,RGB,train,Soyabean leaf,,materialized,
5467f6012d78d1c446145d5f582da6096f852ae8,train/Soyabean leaf/soybean-plant-seedling.jpg,data/raw/plantdoc/train/Soyabean leaf/soybean-plant-seedling.jpg,0743cb917569175d90fedcd07cacbd72ef7a2028c4d38947aa580ac296a54a9e,0743cb917569175d90fedcd07cacbd72ef7a2028c4d38947aa580ac296a54a9e,30065,640,428,RGB,train,Soyabean leaf,,materialized,
5467f6012d78d1c446145d5f582da6096f852ae8,train/Soyabean leaf/soybean-potassium-deficiency-2.jpg,data/raw/plantdoc/train/Soyabean leaf/soybean-potassium-deficiency-2.jpg,13f2338bf9c7939b0909943229f1c8fa9c040ca0731d4e2986860bee566b5046,13f2338bf9c7939b0909943229f1c8fa9c040ca0731d4e2986860bee566b5046,880253,1000,831,RGB,train,Soyabean leaf,,materialized,
5467f6012d78d1c446145d5f582da6096f852ae8,train/Soyabean leaf/soybean-seedling-at-vc-stage-cotyledons-and-unifoliate-leaves-fully-J5RK4F.jpg,data/raw/plantdoc/train/Soyabean leaf/soybean-seedling-at-vc-stage-cotyledons-and-unifoliate-leaves-fully-J5RK4F.jpg,f1b0383cb5e263653938aa0528419123effd9d92365a23f2ccb6c783760debc6,f1b0383cb5e263653938aa0528419123effd9d92365a23f2ccb6c783760debc6,139568,866,1390,RGB,train,Soyabean leaf,,materialized,
5467f6012d78d1c446145d5f582da6096f852ae8,train/Soyabean leaf/soybean_leaves_01.jpg,data/raw/plantdoc/train/Soyabean leaf/soybean_leaves_01.jpg,02306149e0a937c82275132642bc4680244cbdd64cc0bd0c39a0c1859a640ad9,02306149e0a937c82275132642bc4680244cbdd64cc0bd0c39a0c1859a640ad9,86216,640,480,RGB,train,Soyabean leaf,,materialized,
5467f6012d78d1c446145d5f582da6096f852ae8,train/Soyabean leaf/soybeans-glycine-max-with-leaves-e1hkcy.jpg,data/raw/plantdoc/train/Soyabean leaf/soybeans-glycine-max-with-leaves-e1hkcy.jpg,df9fc9751a7cc3404e46af006a7b8a7815b4e7f564df46f6d5d892aeb3b51dc4,df9fc9751a7cc3404e46af006a7b8a7815b4e7f564df46f6d5d892aeb3b51dc4,59631,640,489,RGB,train,Soyabean leaf,,materialized,
5467f6012d78d1c446145d5f582da6096f852ae8,train/Soyabean leaf/soybeans-leaves.jpg,data/raw/plantdoc/train/Soyabean leaf/soybeans-leaves.jpg,97b15ca36d27a6c8b9c3e7999e240734bac3bc9010c774505935feaef2f5d023,97b15ca36d27a6c8b9c3e7999e240734bac3bc9010c774505935feaef2f5d023,155526,758,506,RGB,train,Soyabean leaf,,materialized,
5467f6012d78d1c446145d5f582da6096f852ae8,train/Soyabean leaf/stock-photo-fresh-soy-leaves-isolated-on-white-224197243.jpg,data/raw/plantdoc/train/Soyabean leaf/stock-photo-fresh-soy-leaves-isolated-on-white-224197243.jpg,1ba153cc63cc5817f0231fb2a6b9a369f250b5aeea423031f552937b690df993,1ba153cc63cc5817f0231fb2a6b9a369f250b5aeea423031f552937b690df993,44852,450,459,RGB,train,Soyabean leaf,,materialized,
5467f6012d78d1c446145d5f582da6096f852ae8,train/Soyabean leaf/stock-photo-fresh-soy-leaves-isolated-on-white-93841699.jpg,data/raw/plantdoc/train/Soyabean leaf/stock-photo-fresh-soy-leaves-isolated-on-white-93841699.jpg,b19a3d5b1bc67b961c082fecb4f9ac4894cb4ecbb35bee8511ae2ff188184eb8,b19a3d5b1bc67b961c082fecb4f9ac4894cb4ecbb35bee8511ae2ff188184eb8,29064,396,470,RGB,train,Soyabean leaf,,materialized,
5467f6012d78d1c446145d5f582da6096f852ae8,train/Soyabean leaf/stock-photo-fresh-soy-leaves-with-dew-isolated-on-white-416036248.jpg,data/raw/plantdoc/train/Soyabean leaf/stock-photo-fresh-soy-leaves-with-dew-isolated-on-white-416036248.jpg,0481b740472e92b10859a59c716a466d3b44a7dc37a9e5ba59c82a9ca8ad80c8,0481b740472e92b10859a59c716a466d3b44a7dc37a9e5ba59c82a9ca8ad80c8,40078,450,470,RGB,train,Soyabean leaf,,materialized,
5467f6012d78d1c446145d5f582da6096f852ae8,train/Soyabean leaf/stock-photo-green-soy-leaves-in-the-field-agricultural-background-31501516.jpg,data/raw/plantdoc/train/Soyabean leaf/stock-photo-green-soy-leaves-in-the-field-agricultural-background-31501516.jpg,f8a9c53157d612ac1e9e20cc331c8edcdd1d2b43a54d451a8d3c7b4fac6d3ed9,f8a9c53157d612ac1e9e20cc331c8edcdd1d2b43a54d451a8d3c7b4fac6d3ed9,758496,1500,1225,RGB,train,Soyabean leaf,,materialized,
5467f6012d78d1c446145d5f582da6096f852ae8,train/Soyabean leaf/stock-photo-green-soy-pods-with-leaves-and-seeds-isolated-on-white-backgraund-310996586.jpg,data/raw/plantdoc/train/Soyabean leaf/stock-photo-green-soy-pods-with-leaves-and-seeds-isolated-on-white-backgraund-310996586.jpg,8fa180292322a65c7c5f7b0fdab5c535eb68d75888663d658aeb559a2c5f46a4,8fa180292322a65c7c5f7b0fdab5c535eb68d75888663d658aeb559a2c5f46a4,35373,450,431,RGB,train,Soyabean leaf,,materialized,
5467f6012d78d1c446145d5f582da6096f852ae8,train/Soyabean leaf/stock-photo-green-soy-pods-with-leaves-isolated-on-white-backgraund-310996559.jpg,data/raw/plantdoc/train/Soyabean leaf/stock-photo-green-soy-pods-with-leaves-isolated-on-white-backgraund-310996559.jpg,30aaed9eeaaaa42fe33d0e8319d4aaa59d43f9f985957dcb10d264311c290253,30aaed9eeaaaa42fe33d0e8319d4aaa59d43f9f985957dcb10d264311c290253,27303,450,399,RGB,train,Soyabean leaf,,materialized,
5467f6012d78d1c446145d5f582da6096f852ae8,train/Soyabean leaf/stock-photo-green-soybeans-leaf-on-white-background-450572512.jpg,data/raw/plantdoc/train/Soyabean leaf/stock-photo-green-soybeans-leaf-on-white-background-450572512.jpg,ff4b7f1c83edef0fb1cc2e81e70f2836d5dec745b28a410e41dd8c9f9bcbf918,ff4b7f1c83edef0fb1cc2e81e70f2836d5dec745b28a410e41dd8c9f9bcbf918,30348,450,329,RGB,train,Soyabean leaf,,materialized,
5467f6012d78d1c446145d5f582da6096f852ae8,train/Soyabean leaf/stock-photo-soy-plant-isolated-on-white-background-122414239.jpg,data/raw/plantdoc/train/Soyabean leaf/stock-photo-soy-plant-isolated-on-white-background-122414239.jpg,c0aaffb3f674f1f622f3331d95c57288d4097628fab974e5ba23507ffeaec651,c0aaffb3f674f1f622f3331d95c57288d4097628fab974e5ba23507ffeaec651,30036,450,356,RGB,train,Soyabean leaf,,materialized,
5467f6012d78d1c446145d5f582da6096f852ae8,train/Soyabean leaf/stock-photo-soybean-on-the-pod-with-leaves-for-healthy-eating-concept-62173117.jpg,data/raw/plantdoc/train/Soyabean leaf/stock-photo-soybean-on-the-pod-with-leaves-for-healthy-eating-concept-62173117.jpg,5728d33b5b7f6bc95f07f03c67ccb730c89c438a24e81d87b4a9113b1b7eacb5,5728d33b5b7f6bc95f07f03c67ccb730c89c438a24e81d87b4a9113b1b7eacb5,388899,1500,1164,RGB,train,Soyabean leaf,,materialized,
5467f6012d78d1c446145d5f582da6096f852ae8,train/Squash Powdery mildew leaf/100367_max.jpg,data/raw/plantdoc/train/Squash Powdery mildew leaf/100367_max.jpg,f0d072d75cc8fd2f537a8683c7ce0066166b93af1173aa02ad58e1e03925cae1,f0d072d75cc8fd2f537a8683c7ce0066166b93af1173aa02ad58e1e03925cae1,46060,640,423,RGB,train,Squash Powdery mildew leaf,,materialized,
5467f6012d78d1c446145d5f582da6096f852ae8,train/Squash Powdery mildew leaf/100_08631.jpg,data/raw/plantdoc/train/Squash Powdery mildew leaf/100_08631.jpg,f1632a9d4620d429fc241cd730b08695f37ba4e00417fe1eff993a5885f4a6bb,f1632a9d4620d429fc241cd730b08695f37ba4e00417fe1eff993a5885f4a6bb,2055212,3648,2736,RGB,train,Squash Powdery mildew leaf,,materialized,
5467f6012d78d1c446145d5f582da6096f852ae8,train/Squash Powdery mildew leaf/10_22-jul-11_f11.jpg,data/raw/plantdoc/train/Squash Powdery mildew leaf/10_22-jul-11_f11.jpg,af83282ad602437632b3a7bc7bda053ff334fd4da02adb59d3d082ada7e6a9ed,af83282ad602437632b3a7bc7bda053ff334fd4da02adb59d3d082ada7e6a9ed,397325,2560,1920,RGB,train,Squash Powdery mildew leaf,,materialized,
5467f6012d78d1c446145d5f582da6096f852ae8,train/Squash Powdery mildew leaf/130813-01-17828-lg.jpg,data/raw/plantdoc/train/Squash Powdery mildew leaf/130813-01-17828-lg.jpg,b6bc074a8ae5bfb02bc1ea4bf568bff1f813df320f7e4352d6ffa779e6d0cc0a,b6bc074a8ae5bfb02bc1ea4bf568bff1f813df320f7e4352d6ffa779e6d0cc0a,192200,1500,1000,RGB,train,Squash Powdery mildew leaf,,materialized,
5467f6012d78d1c446145d5f582da6096f852ae8,train/Squash Powdery mildew leaf/15005869179_9f39994957_z.jpg,data/raw/plantdoc/train/Squash Powdery mildew leaf/15005869179_9f39994957_z.jpg,ee2c78a06dc0ff591be25f5a9ffb7087e5313e6f7d01ae2a8e31907ef0b636e3,ee2c78a06dc0ff591be25f5a9ffb7087e5313e6f7d01ae2a8e31907ef0b636e3,126858,640,360,RGB,train,Squash Powdery mildew leaf,,materialized,
5467f6012d78d1c446145d5f582da6096f852ae8,train/Squash Powdery mildew leaf/16459846140_4f0a2762e3_z.jpg,data/raw/plantdoc/train/Squash Powdery mildew leaf/16459846140_4f0a2762e3_z.jpg,c57d23c6e064ef4583d6b19ebde5aa6627905c873450f419ce23f9cab75e7587,c57d23c6e064ef4583d6b19ebde5aa6627905c873450f419ce23f9cab75e7587,170097,640,480,RGB,train,Squash Powdery mildew leaf,,materialized,
5467f6012d78d1c446145d5f582da6096f852ae8,train/Squash Powdery mildew leaf/16488048256_f64cfea40e_z.jpg,data/raw/plantdoc/train/Squash Powdery mildew leaf/16488048256_f64cfea40e_z.jpg,6e208603a3d5cd11685897e312ba7dfc20750a3da123cbd4edd9e5a4405fd452,6e208603a3d5cd11685897e312ba7dfc20750a3da123cbd4edd9e5a4405fd452,130640,640,640,RGB,train,Squash Powdery mildew leaf,,materialized,
5467f6012d78d1c446145d5f582da6096f852ae8,train/Squash Powdery mildew leaf/16569580047_a720c56ee0_z.jpg,data/raw/plantdoc/train/Squash Powdery mildew leaf/16569580047_a720c56ee0_z.jpg,0a46a4e96faa5a005f96519b4f6291ca949cefd38e0ab875274fcdc8dc3e53a7,0a46a4e96faa5a005f96519b4f6291ca949cefd38e0ab875274fcdc8dc3e53a7,128212,480,640,RGB,train,Squash Powdery mildew leaf,,materialized,
5467f6012d78d1c446145d5f582da6096f852ae8,train/Squash Powdery mildew leaf/16629068955_3092aa68a5_b.jpg,data/raw/plantdoc/train/Squash Powdery mildew leaf/16629068955_3092aa68a5_b.jpg,d6a02dfc0f20821d36d94d614fe5a342a2457943840119459251531979d91e62,d6a02dfc0f20821d36d94d614fe5a342a2457943840119459251531979d91e62,391306,768,1024,RGB,train,Squash Powdery mildew leaf,,materialized,
5467f6012d78d1c446145d5f582da6096f852ae8,train/Squash Powdery mildew leaf/16775706591_0c1263e4b6_z.jpg,data/raw/plantdoc/train/Squash Powdery mildew leaf/16775706591_0c1263e4b6_z.jpg,954a2b0baeb311591ce49cfce9da9140cea671257190a363759e6a0341cabc40,954a2b0baeb311591ce49cfce9da9140cea671257190a363759e6a0341cabc40,109296,480,640,RGB,train,Squash Powdery mildew leaf,,materialized,
5467f6012d78d1c446145d5f582da6096f852ae8,train/Squash Powdery mildew leaf/16848460256_9787d1c251_z.jpg,data/raw/plantdoc/train/Squash Powdery mildew leaf/16848460256_9787d1c251_z.jpg,28161f5db06f4dfb6020bd97b26c5144ab6b3e4f3bcd485d078bd36e7d55dc36,28161f5db06f4dfb6020bd97b26c5144ab6b3e4f3bcd485d078bd36e7d55dc36,114029,480,640,RGB,train,Squash Powdery mildew leaf,,materialized,
5467f6012d78d1c446145d5f582da6096f852ae8,train/Squash Powdery mildew leaf/16874340125_eb222f747b_z.jpg,data/raw/plantdoc/train/Squash Powdery mildew leaf/16874340125_eb222f747b_z.jpg,1e656ec432b2c2f7e0afad2adfd64b5b2b3fbe9d93d2f81bcfd17902f48b2c1d,1e656ec432b2c2f7e0afad2adfd64b5b2b3fbe9d93d2f81bcfd17902f48b2c1d,111662,480,640,RGB,train,Squash Powdery mildew leaf,,materialized,
5467f6012d78d1c446145d5f582da6096f852ae8,train/Squash Powdery mildew leaf/1846.400x400_4.jpeg?itok=845CLslG.jpg,data/raw/plantdoc/train/Squash Powdery mildew leaf/1846.400x400_4.jpeg?itok=845CLslG.jpg,8cad0efd4283cecf2b7d0d490d9d9adc952188459b1a5146d6324c255ea82858,8cad0efd4283cecf2b7d0d490d9d9adc952188459b1a5146d6324c255ea82858,54045,400,300,RGB,train,Squash Powdery mildew leaf,,materialized,
5467f6012d78d1c446145d5f582da6096f852ae8,train/Squash Powdery mildew leaf/1895541545_8cfc6eabee_b.jpg,data/raw/plantdoc/train/Squash Powdery mildew leaf/1895541545_8cfc6eabee_b.jpg,1146c7b8461896b5d5e434d0a8a46b8cfddb7afe0e8772bb85fb6892b16df4b7,1146c7b8461896b5d5e434d0a8a46b8cfddb7afe0e8772bb85fb6892b16df4b7,167493,1024,677,RGB,train,Squash Powdery mildew leaf,,materialized,
5467f6012d78d1c446145d5f582da6096f852ae8,train/Squash Powdery mildew leaf/1895543477_9d19ad5257_b.jpg,data/raw/plantdoc/train/Squash Powdery mildew leaf/1895543477_9d19ad5257_b.jpg,f67ef352a7a6f50d72268231178aa039761e295fb113c65d84818a59de9e4955,f67ef352a7a6f50d72268231178aa039761e295fb113c65d84818a59de9e4955,310991,677,1024,RGB,train,Squash Powdery mildew leaf,,materialized,
5467f6012d78d1c446145d5f582da6096f852ae8,train/Squash Powdery mildew leaf/207.jpg,data/raw/plantdoc/train/Squash Powdery mildew leaf/207.jpg,ecb890bdeb618d0a7cdb5a69616d4fc1ee9f3ac791a9fc244075bb53eae55652,ecb890bdeb618d0a7cdb5a69616d4fc1ee9f3ac791a9fc244075bb53eae55652,2232188,3264,2448,RGB,train,Squash Powdery mildew leaf,,materialized,
5467f6012d78d1c446145d5f582da6096f852ae8,train/Squash Powdery mildew leaf/3761.400x400_0_0.jpeg.jpg,data/raw/plantdoc/train/Squash Powdery mildew leaf/3761.400x400_0_0.jpeg.jpg,c75a8547aa2184664b370be0d7d4b491b0ee5786a46b522d7a0927bade777467,c75a8547aa2184664b370be0d7d4b491b0ee5786a46b522d7a0927bade777467,16801,400,300,RGB,train,Squash Powdery mildew leaf,,materialized,
5467f6012d78d1c446145d5f582da6096f852ae8,train/Squash Powdery mildew leaf/4-lagenaria_pdic.jpg,data/raw/plantdoc/train/Squash Powdery mildew leaf/4-lagenaria_pdic.jpg,612cb3be318b52566ed5381e934104bdfa5ddf37bc86da503145457f35f5784f,612cb3be318b52566ed5381e934104bdfa5ddf37bc86da503145457f35f5784f,32714,600,526,RGB,train,Squash Powdery mildew leaf,,materialized,
5467f6012d78d1c446145d5f582da6096f852ae8,train/Squash Powdery mildew leaf/4917901551206400.jpeg.jpg,data/raw/plantdoc/train/Squash Powdery mildew leaf/4917901551206400.jpeg.jpg,432c6b930f15d80041e8bb32f9fcd57048bae45cf967c200c44b30e97ff1c4f1,432c6b930f15d80041e8bb32f9fcd57048bae45cf967c200c44b30e97ff1c4f1,215287,800,600,RGB,train,Squash Powdery mildew leaf,,materialized,
5467f6012d78d1c446145d5f582da6096f852ae8,train/Squash Powdery mildew leaf/4e55f05d945952cfad9ce97ca444c389.jpg,data/raw/plantdoc/train/Squash Powdery mildew leaf/4e55f05d945952cfad9ce97ca444c389.jpg,93a32e73199659a40557e72af61ce5208e30a4257656b97c2a9576e0d8604766,93a32e73199659a40557e72af61ce5208e30a4257656b97c2a9576e0d8604766,89728,736,490,RGB,train,Squash Powdery mildew leaf,,materialized,
5467f6012d78d1c446145d5f582da6096f852ae8,train/Squash Powdery mildew leaf/53cf2cffb466d325a61897ef320cfccf.jpg,data/raw/plantdoc/train/Squash Powdery mildew leaf/53cf2cffb466d325a61897ef320cfccf.jpg,40cfd06cf2f7876dc050dbd3d4799fe3fd00c1e633ee4f7c476b979daf8d1a64,40cfd06cf2f7876dc050dbd3d4799fe3fd00c1e633ee4f7c476b979daf8d1a64,29224,519,389,RGB,train,Squash Powdery mildew leaf,,materialized,
5467f6012d78d1c446145d5f582da6096f852ae8,train/Squash Powdery mildew leaf/5HttOvj.jpg,data/raw/plantdoc/train/Squash Powdery mildew leaf/5HttOvj.jpg,6e86dcf848538069262f93d8bc5f4d1342b034cf5068e001ec4116285f415a78,6e86dcf848538069262f93d8bc5f4d1342b034cf5068e001ec4116285f415a78,4553683,4160,3120,RGB,train,Squash Powdery mildew leaf,,materialized,
5467f6012d78d1c446145d5f582da6096f852ae8,train/Squash Powdery mildew leaf/628x471.jpg,data/raw/plantdoc/train/Squash Powdery mildew leaf/628x471.jpg,a4b09c0ef469d7f34c9e09c75285581083f875c843dfe7b3dcb140e42653fcde,a4b09c0ef469d7f34c9e09c75285581083f875c843dfe7b3dcb140e42653fcde,46512,588,471,RGB,train,Squash Powdery mildew leaf,,materialized,
5467f6012d78d1c446145d5f582da6096f852ae8,train/Squash Powdery mildew leaf/6c460a55e7e8607e922d98e1416448d4.jpg,data/raw/plantdoc/train/Squash Powdery mildew leaf/6c460a55e7e8607e922d98e1416448d4.jpg,bc1b257bc19a59b9286e55199b52d5b23d554300fe35a734bab1604f0e126db9,bc1b257bc19a59b9286e55199b52d5b23d554300fe35a734bab1604f0e126db9,74359,736,552,RGB,train,Squash Powdery mildew leaf,,materialized,
5467f6012d78d1c446145d5f582da6096f852ae8,train/Squash Powdery mildew leaf/7-17-Powdery-mildew-on-zucchini-LINA.jpg,data/raw/plantdoc/train/Squash Powdery mildew leaf/7-17-Powdery-mildew-on-zucchini-LINA.jpg,41fd6b633a037a4fcf011ffaa863b0e1ce99fb4f6f1473edb42af1c66882fcf7,41fd6b633a037a4fcf011ffaa863b0e1ce99fb4f6f1473edb42af1c66882fcf7,57182,500,292,RGB,train,Squash Powdery mildew leaf,,materialized,
5467f6012d78d1c446145d5f582da6096f852ae8,train/Squash Powdery mildew leaf/753654f7cda1b097ab6048c5d4b44b8a.jpg,data/raw/plantdoc/train/Squash Powdery mildew leaf/753654f7cda1b097ab6048c5d4b44b8a.jpg,46ec0611fde0220c419f0490a47b3ac337b0e6c5f6d872bf60a422ad4a36b315,46ec0611fde0220c419f0490a47b3ac337b0e6c5f6d872bf60a422ad4a36b315,27661,400,300,RGB,train,Squash Powdery mildew leaf,,materialized,
5467f6012d78d1c446145d5f582da6096f852ae8,train/Squash Powdery mildew leaf/7e565dd05211332ae896198afc622054.jpg,data/raw/plantdoc/train/Squash Powdery mildew leaf/7e565dd05211332ae896198afc622054.jpg,8d7ee7ea568df110a9a7514dbb2f2d7fecea0f1116a60744f36f8b7007a02859,8d7ee7ea568df110a9a7514dbb2f2d7fecea0f1116a60744f36f8b7007a02859,72999,640,427,RGB,train,Squash Powdery mildew leaf,,materialized,
5467f6012d78d1c446145d5f582da6096f852ae8,train/Squash Powdery mildew leaf/8%2BPowdery%2Bmildew%2Bzucchini-1.JPG.jpg,data/raw/plantdoc/train/Squash Powdery mildew leaf/8%2BPowdery%2Bmildew%2Bzucchini-1.JPG.jpg,454e47e2057881c21ef7ee695bcb5a3e6f5a7fef5dcecf8744ec58136ea9dbbb,454e47e2057881c21ef7ee695bcb5a3e6f5a7fef5dcecf8744ec58136ea9dbbb,261599,1600,1074,RGB,train,Squash Powdery mildew leaf,,materialized,
5467f6012d78d1c446145d5f582da6096f852ae8,train/Squash Powdery mildew leaf/8-ball-powdery-mildew.jpg,data/raw/plantdoc/train/Squash Powdery mildew leaf/8-ball-powdery-mildew.jpg,acf62f3d1b57c4859a6303d2d30615c5021478a799f8da4b9f58e090ca1cd87d,acf62f3d1b57c4859a6303d2d30615c5021478a799f8da4b9f58e090ca1cd87d,173930,600,450,RGB,train,Squash Powdery mildew leaf,,materialized,
5467f6012d78d1c446145d5f582da6096f852ae8,train/Squash Powdery mildew leaf/87985926-1-56a349f35f9b58b7d0d14d82.jpg,data/raw/plantdoc/train/Squash Powdery mildew leaf/87985926-1-56a349f35f9b58b7d0d14d82.jpg,b3d9478257b9812c490f8164561895be075422725aef676e402830e81c8e9a3f,b3d9478257b9812c490f8164561895be075422725aef676e402830e81c8e9a3f,77848,960,642,RGB,train,Squash Powdery mildew leaf,,materialized,
5467f6012d78d1c446145d5f582da6096f852ae8,train/Squash Powdery mildew leaf/Aug+16+2010+049.jpg,data/raw/plantdoc/train/Squash Powdery mildew leaf/Aug+16+2010+049.jpg,c7f8e6a111e394636c79346d15ee0a20484889bc6e71ab8ae433d80426305a2f,c7f8e6a111e394636c79346d15ee0a20484889bc6e71ab8ae433d80426305a2f,231497,1600,1200,RGB,train,Squash Powdery mildew leaf,,materialized,
5467f6012d78d1c446145d5f582da6096f852ae8,train/Squash Powdery mildew leaf/Aug+16+2010+051.jpg,data/raw/plantdoc/train/Squash Powdery mildew leaf/Aug+16+2010+051.jpg,30e787044374adce93e32b133a45657191b222ef2e52e2f7dbd44a1bbb086b02,30e787044374adce93e32b133a45657191b222ef2e52e2f7dbd44a1bbb086b02,254534,1600,1200,RGB,train,Squash Powdery mildew leaf,,materialized,
5467f6012d78d1c446145d5f582da6096f852ae8,train/Squash Powdery mildew leaf/Aug+22+052.jpg,data/raw/plantdoc/train/Squash Powdery mildew leaf/Aug+22+052.jpg,9359f10d68e85b2907be152eeb767eec38db5448af5954e8db583d6c8a352c00,9359f10d68e85b2907be152eeb767eec38db5448af5954e8db583d6c8a352c00,216218,1200,630,RGB,train,Squash Powdery mildew leaf,,materialized,
5467f6012d78d1c446145d5f582da6096f852ae8,train/Squash Powdery mildew leaf/B9230061-Powdery_Mildew_on_Squash_Leaf-SPL.jpg,data/raw/plantdoc/train/Squash Powdery mildew leaf/B9230061-Powdery_Mildew_on_Squash_Leaf-SPL.jpg,15904d99d4f279f6eebf0d5822d3a2a1d4a90d6b1797574fda2a0d2444d881a4,15904d99d4f279f6eebf0d5822d3a2a1d4a90d6b1797574fda2a0d2444d881a4,180576,578,800,RGB,train,Squash Powdery mildew leaf,,materialized,
5467f6012d78d1c446145d5f582da6096f852ae8,train/Squash Powdery mildew leaf/DIYPowderyMildewSpray.jpg,data/raw/plantdoc/train/Squash Powdery mildew leaf/DIYPowderyMildewSpray.jpg,13b86d0791fb8c791d907c3e98a3081958751d12923a6eebbce4c657a6a5fb66,13b86d0791fb8c791d907c3e98a3081958751d12923a6eebbce4c657a6a5fb66,480220,1600,1200,RGB,train,Squash Powdery mildew leaf,,materialized,
5467f6012d78d1c446145d5f582da6096f852ae8,train/Squash Powdery mildew leaf/DSC05432.JPG.jpg,data/raw/plantdoc/train/Squash Powdery mildew leaf/DSC05432.JPG.jpg,f0c41d5e846c786696e3547776c47aa594f7680aee7b830b66adc54a0f5bf1e3,f0c41d5e846c786696e3547776c47aa594f7680aee7b830b66adc54a0f5bf1e3,521168,1600,1200,RGB,train,Squash Powdery mildew leaf,,materialized,
5467f6012d78d1c446145d5f582da6096f852ae8,train/Squash Powdery mildew leaf/DSC05433.JPG.jpg,data/raw/plantdoc/train/Squash Powdery mildew leaf/DSC05433.JPG.jpg,767cb62a4739acd18cd1a6bd567e580e2504aa7dc486415e144b0ab3bf76935a,767cb62a4739acd18cd1a6bd567e580e2504aa7dc486415e144b0ab3bf76935a,540461,1600,1200,RGB,train,Squash Powdery mildew leaf,,materialized,
5467f6012d78d1c446145d5f582da6096f852ae8,train/Squash Powdery mildew leaf/DSC_0183.JPG.jpg,data/raw/plantdoc/train/Squash Powdery mildew leaf/DSC_0183.JPG.jpg,7cf96eb9bf36b59f60920e5d0be7f82bc4da4b34b4a247eb23ac10c22f650c57,7cf96eb9bf36b59f60920e5d0be7f82bc4da4b34b4a247eb23ac10c22f650c57,169831,1600,1381,RGB,train,Squash Powdery mildew leaf,,materialized,
5467f6012d78d1c446145d5f582da6096f852ae8,train/Squash Powdery mildew leaf/Get-Rid-of-Mold-or-Powdery-Mildew-on-Squash-and-Cucumbers1-1.jpg,data/raw/plantdoc/train/Squash Powdery mildew leaf/Get-Rid-of-Mold-or-Powdery-Mildew-on-Squash-and-Cucumbers1-1.jpg,db4e88f8fa52029ba725bf23889fc5709d554c93fdff1c74b3c073a2f2f5f4c7,db4e88f8fa52029ba725bf23889fc5709d554c93fdff1c74b3c073a2f2f5f4c7,161628,800,533,RGB,train,Squash Powdery mildew leaf,,materialized,
5467f6012d78d1c446145d5f582da6096f852ae8,train/Squash Powdery mildew leaf/Get-Rid-of-Mold-or-Powdery-Mildew-on-Squash-and-Cucumbers3-1.jpg,data/raw/plantdoc/train/Squash Powdery mildew leaf/Get-Rid-of-Mold-or-Powdery-Mildew-on-Squash-and-Cucumbers3-1.jpg,d5ecfa36e0dbe94c19402e13dfe2c85804bc2ecb07e7856f7d9883737247d008,d5ecfa36e0dbe94c19402e13dfe2c85804bc2ecb07e7856f7d9883737247d008,185738,800,533,RGB,train,Squash Powdery mildew leaf,,materialized,
5467f6012d78d1c446145d5f582da6096f852ae8,train/Squash Powdery mildew leaf/Healthy+squash+leaves.jpg,data/raw/plantdoc/train/Squash Powdery mildew leaf/Healthy+squash+leaves.jpg,25ad84afd18bbac9f7f0a4ed3f46239f4a7d3e2b1303a896701a258919842ae0,25ad84afd18bbac9f7f0a4ed3f46239f4a7d3e2b1303a896701a258919842ae0,227837,1600,1030,RGB,train,Squash Powdery mildew leaf,,materialized,
5467f6012d78d1c446145d5f582da6096f852ae8,train/Squash Powdery mildew leaf/IMG_0702.jpg,data/raw/plantdoc/train/Squash Powdery mildew leaf/IMG_0702.jpg,24d3e56a114ffa5f1926e8b6a05488a8e406c784fd13ca294c463c3ceac1e631,24d3e56a114ffa5f1926e8b6a05488a8e406c784fd13ca294c463c3ceac1e631,48940,600,450,RGB,train,Squash Powdery mildew leaf,,materialized,
5467f6012d78d1c446145d5f582da6096f852ae8,train/Squash Powdery mildew leaf/IMG_1725.JPG.jpg,data/raw/plantdoc/train/Squash Powdery mildew leaf/IMG_1725.JPG.jpg,36992be6f7b23a2002cbabe8f42eb8ac5d1b5d117f63286a2dcda2d0250f2258,36992be6f7b23a2002cbabe8f42eb8ac5d1b5d117f63286a2dcda2d0250f2258,531017,1600,1200,RGB,train,Squash Powdery mildew leaf,,materialized,
5467f6012d78d1c446145d5f582da6096f852ae8,train/Squash Powdery mildew leaf/IMG_1726.JPG.jpg,data/raw/plantdoc/train/Squash Powdery mildew leaf/IMG_1726.JPG.jpg,dc6aacff161a3610125bc7617a76db0946ff8c5e76cbeb273f16119bc46f3715,dc6aacff161a3610125bc7617a76db0946ff8c5e76cbeb273f16119bc46f3715,501965,1600,1200,RGB,train,Squash Powdery mildew leaf,,materialized,
5467f6012d78d1c446145d5f582da6096f852ae8,train/Squash Powdery mildew leaf/IMG_1802-1024x768.jpg,data/raw/plantdoc/train/Squash Powdery mildew leaf/IMG_1802-1024x768.jpg,c7583066326dbf458b66e357db75188af2dc7b1782bd131d33d8562bd2dc31bb,c7583066326dbf458b66e357db75188af2dc7b1782bd131d33d8562bd2dc31bb,237454,1024,768,RGB,train,Squash Powdery mildew leaf,,materialized,
5467f6012d78d1c446145d5f582da6096f852ae8,train/Squash Powdery mildew leaf/IMG_20150721_144405.jpg,data/raw/plantdoc/train/Squash Powdery mildew leaf/IMG_20150721_144405.jpg,3c5dc0e7bf5d4637499ca168ba5e24753c1d1e6b97a9c443a4e9ea85af47b295,3c5dc0e7bf5d4637499ca168ba5e24753c1d1e6b97a9c443a4e9ea85af47b295,394940,1200,1600,RGB,train,Squash Powdery mildew leaf,,materialized,
5467f6012d78d1c446145d5f582da6096f852ae8,train/Squash Powdery mildew leaf/IMG_3829-1024x684.jpg,data/raw/plantdoc/train/Squash Powdery mildew leaf/IMG_3829-1024x684.jpg,00ff97a01bda4eae072689df4e93bca7ec2d546390977e0689bd8eb33a551430,00ff97a01bda4eae072689df4e93bca7ec2d546390977e0689bd8eb33a551430,286631,1024,684,RGB,train,Squash Powdery mildew leaf,,materialized,
5467f6012d78d1c446145d5f582da6096f852ae8,train/Squash Powdery mildew leaf/IMG_4003.jpg,data/raw/plantdoc/train/Squash Powdery mildew leaf/IMG_4003.jpg,7c703137f6d21364ad27ec790ec73456f8a29d89501fcc28f3b462e49a089522,7c703137f6d21364ad27ec790ec73456f8a29d89501fcc28f3b462e49a089522,4598001,4027,2692,RGB,train,Squash Powdery mildew leaf,,materialized,
5467f6012d78d1c446145d5f582da6096f852ae8,train/Squash Powdery mildew leaf/IMG_5457.jpg,data/raw/plantdoc/train/Squash Powdery mildew leaf/IMG_5457.jpg,6299eabbe2e0068f5b8117648553aedb3eff56cb983c6caeed41f3ea6538a97d,6299eabbe2e0068f5b8117648553aedb3eff56cb983c6caeed41f3ea6538a97d,879303,1600,1200,RGB,train,Squash Powdery mildew leaf,,materialized,
5467f6012d78d1c446145d5f582da6096f852ae8,train/Squash Powdery mildew leaf/IMG_5488.JPG.jpg,data/raw/plantdoc/train/Squash Powdery mildew leaf/IMG_5488.JPG.jpg,8c7d83c460acbeb1f7ab599b9f018f08c43e934801a0ef6fc2328503b62eb8a5,8c7d83c460acbeb1f7ab599b9f018f08c43e934801a0ef6fc2328503b62eb8a5,112084,1600,1064,RGB,train,Squash Powdery mildew leaf,,materialized,
5467f6012d78d1c446145d5f582da6096f852ae8,train/Squash Powdery mildew leaf/IMG_5606.jpg,data/raw/plantdoc/train/Squash Powdery mildew leaf/IMG_5606.jpg,eefd3e9aba99a84b6932f97b22a00870b3e36c5fbae81ac36b681cf7724f7886,eefd3e9aba99a84b6932f97b22a00870b3e36c5fbae81ac36b681cf7724f7886,363695,1024,768,RGB,train,Squash Powdery mildew leaf,,materialized,
5467f6012d78d1c446145d5f582da6096f852ae8,train/Squash Powdery mildew leaf/IMG_5937.jpg,data/raw/plantdoc/train/Squash Powdery mildew leaf/IMG_5937.jpg,636e43cfd3c5f3e40272e849d359bb41fb97737606b6e02bfcc1af5eba6529a5,636e43cfd3c5f3e40272e849d359bb41fb97737606b6e02bfcc1af5eba6529a5,849306,1440,1920,RGB,train,Squash Powdery mildew leaf,,materialized,
5467f6012d78d1c446145d5f582da6096f852ae8,train/Squash Powdery mildew leaf/IW000047.jpg,data/raw/plantdoc/train/Squash Powdery mildew leaf/IW000047.jpg,f3eaa08fb69d4b1c810aa339201dc7681a80a7edc6feb80ce11a4c9e7c9429b8,f3eaa08fb69d4b1c810aa339201dc7681a80a7edc6feb80ce11a4c9e7c9429b8,693854,698,547,RGB,train,Squash Powdery mildew leaf,,materialized,
5467f6012d78d1c446145d5f582da6096f852ae8,train/Squash Powdery mildew leaf/L1360830copyrightTendingMyGarden.com-first-signs-of-powdery-mildew.jpg,data/raw/plantdoc/train/Squash Powdery mildew leaf/L1360830copyrightTendingMyGarden.com-first-signs-of-powdery-mildew.jpg,66bd03b83cc267d18d1f00e821cb14f03eb394bb527941da47b2cd4f7900e1a7,66bd03b83cc267d18d1f00e821cb14f03eb394bb527941da47b2cd4f7900e1a7,271109,800,600,RGB,train,Squash Powdery mildew leaf,,materialized,
5467f6012d78d1c446145d5f582da6096f852ae8,train/Squash Powdery mildew leaf/Mildew-on-cucumber-leaf-1024x768.jpg,data/raw/plantdoc/train/Squash Powdery mildew leaf/Mildew-on-cucumber-leaf-1024x768.jpg,cef5d2f145c89efcd624c62cccfa20b53166ac293f7631f0df7a01b5c38f23b0,cef5d2f145c89efcd624c62cccfa20b53166ac293f7631f0df7a01b5c38f23b0,184594,1024,768,RGB,train,Squash Powdery mildew leaf,,materialized,
5467f6012d78d1c446145d5f582da6096f852ae8,train/Squash Powdery mildew leaf/Moldy-Leaf-Pumpkin-plant.jpg,data/raw/plantdoc/train/Squash Powdery mildew leaf/Moldy-Leaf-Pumpkin-plant.jpg,d6029f4589b7adedcd2bcfc3b14a9a2b1ba1db5bdb064eb38cc72d57c5eef149,d6029f4589b7adedcd2bcfc3b14a9a2b1ba1db5bdb064eb38cc72d57c5eef149,142904,610,406,RGB,train,Squash Powdery mildew leaf,,materialized,
5467f6012d78d1c446145d5f582da6096f852ae8,train/Squash Powdery mildew leaf/P1080620.JPG.jpg,data/raw/plantdoc/train/Squash Powdery mildew leaf/P1080620.JPG.jpg,98e6a68c70f0265f47618aab28ce670bbe3cfc46f418f28c50a42992d0f507b8,98e6a68c70f0265f47618aab28ce670bbe3cfc46f418f28c50a42992d0f507b8,208179,1600,1065,RGB,train,Squash Powdery mildew leaf,,materialized,
5467f6012d78d1c446145d5f582da6096f852ae8,train/Squash Powdery mildew leaf/P8230073.JPG.jpg,data/raw/plantdoc/train/Squash Powdery mildew leaf/P8230073.JPG.jpg,f323689ed4c8d4b1cab04a4f6960246ae244e198ccd10287581b3eaedbfa99be,f323689ed4c8d4b1cab04a4f6960246ae244e198ccd10287581b3eaedbfa99be,42941,400,300,RGB,train,Squash Powdery mildew leaf,,materialized,
5467f6012d78d1c446145d5f582da6096f852ae8,train/Squash Powdery mildew leaf/PMSquashBHedlundHerndonVA2006-1y47tkc.jpg,data/raw/plantdoc/train/Squash Powdery mildew leaf/PMSquashBHedlundHerndonVA2006-1y47tkc.jpg,51ffcd246e66a7fc4c0741d6fa321eb2691b1e3a94ceb7be6e95c3b820720bea,51ffcd246e66a7fc4c0741d6fa321eb2691b1e3a94ceb7be6e95c3b820720bea,1149650,2816,2112,RGB,train,Squash Powdery mildew leaf,,materialized,
5467f6012d78d1c446145d5f582da6096f852ae8,train/Squash Powdery mildew leaf/Pea-leaves-with-powdery-mildew.jpg,data/raw/plantdoc/train/Squash Powdery mildew leaf/Pea-leaves-with-powdery-mildew.jpg,2488c12d91a1962c1c2a66aec772cdf3568a734ba22dff8c293d783b6d45f5cf,2488c12d91a1962c1c2a66aec772cdf3568a734ba22dff8c293d783b6d45f5cf,190253,567,756,RGB,train,Squash Powdery mildew leaf,,materialized,
5467f6012d78d1c446145d5f582da6096f852ae8,train/Squash Powdery mildew leaf/Powdery+Mildew+Control.jpg,data/raw/plantdoc/train/Squash Powdery mildew leaf/Powdery+Mildew+Control.jpg,2fc88109c6f4c6ec986bc42e738b8535efd20acf44a24bd3c10bbc722e3f5369,2fc88109c6f4c6ec986bc42e738b8535efd20acf44a24bd3c10bbc722e3f5369,101708,549,565,RGB,train,Squash Powdery mildew leaf,,materialized,
5467f6012d78d1c446145d5f582da6096f852ae8,train/Squash Powdery mildew leaf/Powdery+Mildew_00.JPG.jpg,data/raw/plantdoc/train/Squash Powdery mildew leaf/Powdery+Mildew_00.JPG.jpg,dce9b49888a527003d49f1327496a629b90e4aff4e4fbcd0aa1e542bbeccdf01,dce9b49888a527003d49f1327496a629b90e4aff4e4fbcd0aa1e542bbeccdf01,301275,1200,1600,RGB,train,Squash Powdery mildew leaf,,materialized,
5467f6012d78d1c446145d5f582da6096f852ae8,train/Squash Powdery mildew leaf/Powdery+Milew+Squash+003.jpg,data/raw/plantdoc/train/Squash Powdery mildew leaf/Powdery+Milew+Squash+003.jpg,7f05f29d1e9d8617623347a35a82482caf421943d9e40e95b12ebf0a3837fae0,7f05f29d1e9d8617623347a35a82482caf421943d9e40e95b12ebf0a3837fae0,198032,1200,1600,RGB,train,Squash Powdery mildew leaf,,materialized,
5467f6012d78d1c446145d5f582da6096f852ae8,train/Squash Powdery mildew leaf/Powdery-Mildew-Squash.jpg,data/raw/plantdoc/train/Squash Powdery mildew leaf/Powdery-Mildew-Squash.jpg,c566288fc71634ce0bd7a4ebadfe33e9832c32d39e24a103f4d849cf22007fac,c566288fc71634ce0bd7a4ebadfe33e9832c32d39e24a103f4d849cf22007fac,130430,600,562,RGB,train,Squash Powdery mildew leaf,,materialized,
5467f6012d78d1c446145d5f582da6096f852ae8,train/Squash Powdery mildew leaf/Powdery-Mildew-on-Cucumber-Leaf.jpg,data/raw/plantdoc/train/Squash Powdery mildew leaf/Powdery-Mildew-on-Cucumber-Leaf.jpg,e942bfd5264cf1ac17334bd5607f8a768010b6a43be8331e10dc86ae5dd7f4aa,e942bfd5264cf1ac17334bd5607f8a768010b6a43be8331e10dc86ae5dd7f4aa,3024832,3456,2304,RGB,train,Squash Powdery mildew leaf,,materialized,
5467f6012d78d1c446145d5f582da6096f852ae8,train/Squash Powdery mildew leaf/Powdery-mildew-on-pumpkin-leaf-1024x768.jpg,data/raw/plantdoc/train/Squash Powdery mildew leaf/Powdery-mildew-on-pumpkin-leaf-1024x768.jpg,e10c2a56cfcd7a23591b4e2f3f2b901930ab51a8d5dba26548cb767d8bb9ac82,e10c2a56cfcd7a23591b4e2f3f2b901930ab51a8d5dba26548cb767d8bb9ac82,336644,1024,768,RGB,train,Squash Powdery mildew leaf,,materialized,
5467f6012d78d1c446145d5f582da6096f852ae8,train/Squash Powdery mildew leaf/Powdery-mildew-on-pumpkin-leaf-for-web.jpg,data/raw/plantdoc/train/Squash Powdery mildew leaf/Powdery-mildew-on-pumpkin-leaf-for-web.jpg,61155d934942ec5c9306c13d92eadf9b0e7412f29eecec26272b63e330b973cc,61155d934942ec5c9306c13d92eadf9b0e7412f29eecec26272b63e330b973cc,51024,896,504,RGB,train,Squash Powdery mildew leaf,,materialized,
5467f6012d78d1c446145d5f582da6096f852ae8,train/Squash Powdery mildew leaf/Powdery1.jpg,data/raw/plantdoc/train/Squash Powdery mildew leaf/Powdery1.jpg,cb075485e1be20e9e2e9153fc59abddfcd810d67abb000f47f2998f731fe1665,cb075485e1be20e9e2e9153fc59abddfcd810d67abb000f47f2998f731fe1665,253194,768,1024,RGB,train,Squash Powdery mildew leaf,,materialized,
5467f6012d78d1c446145d5f582da6096f852ae8,train/Squash Powdery mildew leaf/PowderyMildewSquashPlant12010.jpg,data/raw/plantdoc/train/Squash Powdery mildew leaf/PowderyMildewSquashPlant12010.jpg,0f7c133932eb11e48b1a2707cdada43a89930ebd20abecad5eace9fa3c0826a6,0f7c133932eb11e48b1a2707cdada43a89930ebd20abecad5eace9fa3c0826a6,37538,448,336,RGB,train,Squash Powdery mildew leaf,,materialized,
5467f6012d78d1c446145d5f582da6096f852ae8,train/Squash Powdery mildew leaf/Powdery_Mildew_Squash.jpg,data/raw/plantdoc/train/Squash Powdery mildew leaf/Powdery_Mildew_Squash.jpg,fdcc5b938bff7e1e8e30c7a3432946d0a0a57a8ad6187dd45b9ef3766caaec94,fdcc5b938bff7e1e8e30c7a3432946d0a0a57a8ad6187dd45b9ef3766caaec94,353118,1000,662,RGB,train,Squash Powdery mildew leaf,,materialized,
5467f6012d78d1c446145d5f582da6096f852ae8,train/Squash Powdery mildew leaf/Squash_PowderMildew.jpg,data/raw/plantdoc/train/Squash Powdery mildew leaf/Squash_PowderMildew.jpg,b110032ea6f93631c84b3f03b08b50d2e9ca9f419843b045f3ecbaa7624d7c7e,b110032ea6f93631c84b3f03b08b50d2e9ca9f419843b045f3ecbaa7624d7c7e,140720,1500,997,RGB,train,Squash Powdery mildew leaf,,materialized,
5467f6012d78d1c446145d5f582da6096f852ae8,train/Squash Powdery mildew leaf/Squash_powdery-mildew.jpg,data/raw/plantdoc/train/Squash Powdery mildew leaf/Squash_powdery-mildew.jpg,7ef97cabfba45f3d1a5ca9f0cfae9d218989ea5f360cc1466ae4b9760768e292,7ef97cabfba45f3d1a5ca9f0cfae9d218989ea5f360cc1466ae4b9760768e292,61389,300,225,RGB,train,Squash Powdery mildew leaf,,materialized,
5467f6012d78d1c446145d5f582da6096f852ae8,train/Squash Powdery mildew leaf/_1030395.JPG.jpg,data/raw/plantdoc/train/Squash Powdery mildew leaf/_1030395.JPG.jpg,64930cfc763189b885935363d06af6aace8a0a52c97921a55d37d2df01502050,64930cfc763189b885935363d06af6aace8a0a52c97921a55d37d2df01502050,445960,1600,1202,RGB,train,Squash Powdery mildew leaf,,materialized,
5467f6012d78d1c446145d5f582da6096f852ae8,train/Squash Powdery mildew leaf/bfb5b4fb0d9a0dbe476ca7002b41fe4d.jpg,data/raw/plantdoc/train/Squash Powdery mildew leaf/bfb5b4fb0d9a0dbe476ca7002b41fe4d.jpg,fa0c186e791b1c001cda5613930b225833319b68c3493885911e667cf9f83833,fa0c186e791b1c001cda5613930b225833319b68c3493885911e667cf9f83833,42575,600,315,RGB,train,Squash Powdery mildew leaf,,materialized,
5467f6012d78d1c446145d5f582da6096f852ae8,train/Squash Powdery mildew leaf/cucurbit-powdery-mildew-fig-1.jpg,data/raw/plantdoc/train/Squash Powdery mildew leaf/cucurbit-powdery-mildew-fig-1.jpg,891bf90cb4a5bac7777b190f89224cb98dca1339dd79792ac35a208393678e7e,891bf90cb4a5bac7777b190f89224cb98dca1339dd79792ac35a208393678e7e,3953830,3504,2336,RGB,train,Squash Powdery mildew leaf,,materialized,
5467f6012d78d1c446145d5f582da6096f852ae8,train/Squash Powdery mildew leaf/cucurbit-squash_powdery-mildew-2L.jpg,data/raw/plantdoc/train/Squash Powdery mildew leaf/cucurbit-squash_powdery-mildew-2L.jpg,60302bd01f4b313a482e6dd8ac1025791bd98f63ff09fb67d3e20e6412a2e7bb,60302bd01f4b313a482e6dd8ac1025791bd98f63ff09fb67d3e20e6412a2e7bb,60955,700,465,RGB,train,Squash Powdery mildew leaf,,materialized,
5467f6012d78d1c446145d5f582da6096f852ae8,train/Squash Powdery mildew leaf/curcurbit-powdery-mildew-erysiphe-cichoracearum-showing-development-BMMRPG.jpg,data/raw/plantdoc/train/Squash Powdery mildew leaf/curcurbit-powdery-mildew-erysiphe-cichoracearum-showing-development-BMMRPG.jpg,775cf18c65d3816555be580c6a1c72724e4f18eeed5ffdedacb982e5bc6f9328,775cf18c65d3816555be580c6a1c72724e4f18eeed5ffdedacb982e5bc6f9328,252547,1300,956,RGB,train,Squash Powdery mildew leaf,,materialized,
5467f6012d78d1c446145d5f582da6096f852ae8,train/Squash Powdery mildew leaf/curcurbit-powdery-mildew-erysiphe-or-sphaerotheca-on-cucumber-leaf-B5NP51.jpg,data/raw/plantdoc/train/Squash Powdery mildew leaf/curcurbit-powdery-mildew-erysiphe-or-sphaerotheca-on-cucumber-leaf-B5NP51.jpg,68a6e22c8765a602dd91a562510fe5faea2ec3aa978b5bead5461c91e0251bcb,68a6e22c8765a602dd91a562510fe5faea2ec3aa978b5bead5461c91e0251bcb,224061,1300,956,RGB,train,Squash Powdery mildew leaf,,materialized,
5467f6012d78d1c446145d5f582da6096f852ae8,train/Squash Powdery mildew leaf/dc4cfbd6f94d0435ab166a06acb1cde0.jpg,data/raw/plantdoc/train/Squash Powdery mildew leaf/dc4cfbd6f94d0435ab166a06acb1cde0.jpg,36a624233681a178c2aa7e58ea586993078795dd274de6c7c9ac1e6691ca90ce,36a624233681a178c2aa7e58ea586993078795dd274de6c7c9ac1e6691ca90ce,19236,189,266,RGB,train,Squash Powdery mildew leaf,,materialized,
5467f6012d78d1c446145d5f582da6096f852ae8,train/Squash Powdery mildew leaf/dscn2512.jpg,data/raw/plantdoc/train/Squash Powdery mildew leaf/dscn2512.jpg,59ae43b114e91ac14deac53b3603e70f1282a61a5b718027af6f93cb24a15e67,59ae43b114e91ac14deac53b3603e70f1282a61a5b718027af6f93cb24a15e67,2778197,4320,3240,RGB,train,Squash Powdery mildew leaf,,materialized,
5467f6012d78d1c446145d5f582da6096f852ae8,train/Squash Powdery mildew leaf/dusty-mildew-on-plants-control-powdery-mildew-identifying-powdery-mildew-plant-spray-powdery-mildew-jade-plant-treatment.jpg,data/raw/plantdoc/train/Squash Powdery mildew leaf/dusty-mildew-on-plants-control-powdery-mildew-identifying-powdery-mildew-plant-spray-powdery-mildew-jade-plant-treatment.jpg,c21e1da9ec86e9df6904a22943dc1c6eea89f467f389ae4602f4cc9dba59e4e9,c21e1da9ec86e9df6904a22943dc1c6eea89f467f389ae4602f4cc9dba59e4e9,132001,800,533,RGB,train,Squash Powdery mildew leaf,,materialized,
5467f6012d78d1c446145d5f582da6096f852ae8,train/Squash Powdery mildew leaf/dusty-mildew-on-plants-downy-mildew-zucchini-plants-powdery-mildew-treatment-tomato-plants.jpg,data/raw/plantdoc/train/Squash Powdery mildew leaf/dusty-mildew-on-plants-downy-mildew-zucchini-plants-powdery-mildew-treatment-tomato-plants.jpg,a94a3473683983a0eddc523d9567e6af476fdd54bc6c9b2a79fb0b993f98d98d,a94a3473683983a0eddc523d9567e6af476fdd54bc6c9b2a79fb0b993f98d98d,53363,575,390,RGB,train,Squash Powdery mildew leaf,,materialized,
5467f6012d78d1c446145d5f582da6096f852ae8,train/Squash Powdery mildew leaf/dusty-mildew-on-plants-powdery-mildew-on-a-courgette-leaf-treat-downy-mildew-plants-controlling-powdery-mildew-on-squash-plants.jpg,data/raw/plantdoc/train/Squash Powdery mildew leaf/dusty-mildew-on-plants-powdery-mildew-on-a-courgette-leaf-treat-downy-mildew-plants-controlling-powdery-mildew-on-squash-plants.jpg,13357c6fe600f9443a6d367ddc580d1e51cab517d65d9f050bab5c314c15528e,13357c6fe600f9443a6d367ddc580d1e51cab517d65d9f050bab5c314c15528e,105856,800,500,RGB,train,Squash Powdery mildew leaf,,materialized,
5467f6012d78d1c446145d5f582da6096f852ae8,train/Squash Powdery mildew leaf/erysiphe-or-spaerotheca-cucurbit-powdery-mildew-on-butternut-squash-f0rh86.jpg,data/raw/plantdoc/train/Squash Powdery mildew leaf/erysiphe-or-spaerotheca-cucurbit-powdery-mildew-on-butternut-squash-f0rh86.jpg,5221c4c8938384986eb9329b70d4febc150699706d487c3c347e2d25cc7b5411,5221c4c8938384986eb9329b70d4febc150699706d487c3c347e2d25cc7b5411,82941,640,447,RGB,train,Squash Powdery mildew leaf,,materialized,
5467f6012d78d1c446145d5f582da6096f852ae8,train/Squash Powdery mildew leaf/file.php?id=16321&t=1.jpg,data/raw/plantdoc/train/Squash Powdery mildew leaf/file.php?id=16321&t=1.jpg,92ba414e6714740564103dac86f89ca106f2a4e68f218705a0e91f99d26e30e2,92ba414e6714740564103dac86f89ca106f2a4e68f218705a0e91f99d26e30e2,70539,500,375,RGB,train,Squash Powdery mildew leaf,,materialized,
5467f6012d78d1c446145d5f582da6096f852ae8,train/Squash Powdery mildew leaf/flora-ivy-plant-food-produce-vegetable-conifer-tree-squash-rock.jpg,data/raw/plantdoc/train/Squash Powdery mildew leaf/flora-ivy-plant-food-produce-vegetable-conifer-tree-squash-rock.jpg,f35b9bb584fc062848f6da2acaa134003ff0a0e53ca674a9b21afe6e86b58ee2,f35b9bb584fc062848f6da2acaa134003ff0a0e53ca674a9b21afe6e86b58ee2,167136,1000,717,RGB,train,Squash Powdery mildew leaf,,materialized,
5467f6012d78d1c446145d5f582da6096f852ae8,train/Squash Powdery mildew leaf/garden-stuff-143.jpg,data/raw/plantdoc/train/Squash Powdery mildew leaf/garden-stuff-143.jpg,ce051b24b4afce8dd7b31450d77cae5b9fa0911cacfa7cfda0f9ac84b4e469ad,ce051b24b4afce8dd7b31450d77cae5b9fa0911cacfa7cfda0f9ac84b4e469ad,5416441,3456,2592,RGB,train,Squash Powdery mildew leaf,,materialized,
5467f6012d78d1c446145d5f582da6096f852ae8,train/Squash Powdery mildew leaf/hqdefault.jpg,data/raw/plantdoc/train/Squash Powdery mildew leaf/hqdefault.jpg,dc316afecd7c0177956ef4c2dc69ad8ef241d5770a8bff7fdb6ff2e522744acd,dc316afecd7c0177956ef4c2dc69ad8ef241d5770a8bff7fdb6ff2e522744acd,26745,480,360,RGB,train,Squash Powdery mildew leaf,,materialized,
5467f6012d78d1c446145d5f582da6096f852ae8,train/Squash Powdery mildew leaf/img_0853.jpg,data/raw/plantdoc/train/Squash Powdery mildew leaf/img_0853.jpg,caf3399957e028da387ce150d7fd92063427b8f228177e6558ccc021e4d04d10,caf3399957e028da387ce150d7fd92063427b8f228177e6558ccc021e4d04d10,3486095,3000,4000,RGB,train,Squash Powdery mildew leaf,,materialized,
5467f6012d78d1c446145d5f582da6096f852ae8,train/Squash Powdery mildew leaf/img_0963.jpg,data/raw/plantdoc/train/Squash Powdery mildew leaf/img_0963.jpg,87f60140cf2e1228a84d26a813ae9bd595c723641980530d18dcb481808e84f5,87f60140cf2e1228a84d26a813ae9bd595c723641980530d18dcb481808e84f5,2016538,2816,2112,RGB,train,Squash Powdery mildew leaf,,materialized,
5467f6012d78d1c446145d5f582da6096f852ae8,train/Squash Powdery mildew leaf/mildew-on-leaf.jpg,data/raw/plantdoc/train/Squash Powdery mildew leaf/mildew-on-leaf.jpg,a890a17458115cec19bed0d7482e1727937a3ff03cc3278a83d26da41e90a787,a890a17458115cec19bed0d7482e1727937a3ff03cc3278a83d26da41e90a787,424515,1024,677,RGB,train,Squash Powdery mildew leaf,,materialized,
5467f6012d78d1c446145d5f582da6096f852ae8,train/Squash Powdery mildew leaf/mildewonbigleafmapleslowres.JPG.jpg,data/raw/plantdoc/train/Squash Powdery mildew leaf/mildewonbigleafmapleslowres.JPG.jpg,d21e806b93bd111bc5f826a9f973d44f0918d2e5845c40406c3c8034ff8d3a23,d21e806b93bd111bc5f826a9f973d44f0918d2e5845c40406c3c8034ff8d3a23,51275,409,307,RGB,train,Squash Powdery mildew leaf,,materialized,
5467f6012d78d1c446145d5f582da6096f852ae8,train/Squash Powdery mildew leaf/mold_web12.16.14.jpg,data/raw/plantdoc/train/Squash Powdery mildew leaf/mold_web12.16.14.jpg,5b6871d99cdf21625b2d18f9b973aea8983b7c94a3511d1cba545c0103d5aa98,5b6871d99cdf21625b2d18f9b973aea8983b7c94a3511d1cba545c0103d5aa98,556543,1936,2138,RGB,train,Squash Powdery mildew leaf,,materialized,
5467f6012d78d1c446145d5f582da6096f852ae8,train/Squash Powdery mildew leaf/p1070482.jpg,data/raw/plantdoc/train/Squash Powdery mildew leaf/p1070482.jpg,90d959425b444b8066ff23047a22e5c12f0db4258232ae06e6730edfaa0cbc57,90d959425b444b8066ff23047a22e5c12f0db4258232ae06e6730edfaa0cbc57,3434896,1920,2560,RGB,train,Squash Powdery mildew leaf,,materialized,
5467f6012d78d1c446145d5f582da6096f852ae8,train/Squash Powdery mildew leaf/p1070616.jpg,data/raw/plantdoc/train/Squash Powdery mildew leaf/p1070616.jpg,f4cce0771c0b381dcde5063e59bf0bb546f72cdcaf1115372101162a27ba7e6a,f4cce0771c0b381dcde5063e59bf0bb546f72cdcaf1115372101162a27ba7e6a,2400244,2560,1920,RGB,train,Squash Powdery mildew leaf,,materialized,
5467f6012d78d1c446145d5f582da6096f852ae8,train/Squash Powdery mildew leaf/photo4.jpg,data/raw/plantdoc/train/Squash Powdery mildew leaf/photo4.jpg,f888cc66e9aca415d4074efd7eda82097864651fce58616883be42cf9b78ffa1,f888cc66e9aca415d4074efd7eda82097864651fce58616883be42cf9b78ffa1,841316,1536,1536,RGB,train,Squash Powdery mildew leaf,,materialized,
5467f6012d78d1c446145d5f582da6096f852ae8,train/Squash Powdery mildew leaf/pm+001.JPG.jpg,data/raw/plantdoc/train/Squash Powdery mildew leaf/pm+001.JPG.jpg,e3edc67ea2035237009445a6c616623b77ab7b87f1db27b5592bc3b2a974d918,e3edc67ea2035237009445a6c616623b77ab7b87f1db27b5592bc3b2a974d918,195868,1600,1200,RGB,train,Squash Powdery mildew leaf,,materialized,
5467f6012d78d1c446145d5f582da6096f852ae8,train/Squash Powdery mildew leaf/pm-001.jpg,data/raw/plantdoc/train/Squash Powdery mildew leaf/pm-001.jpg,6b64f5550a759ed9ea2e4c0bc246645995d435acc30ff454165f973c1386d858,6b64f5550a759ed9ea2e4c0bc246645995d435acc30ff454165f973c1386d858,280075,986,776,RGB,train,Squash Powdery mildew leaf,,materialized,
5467f6012d78d1c446145d5f582da6096f852ae8,train/Squash Powdery mildew leaf/pm-squash-big.jpg,data/raw/plantdoc/train/Squash Powdery mildew leaf/pm-squash-big.jpg,a1473169c74ee6ee2cb6d658b6de2a27ed2adc1afe9aaa0bfe730665ac571f01,a1473169c74ee6ee2cb6d658b6de2a27ed2adc1afe9aaa0bfe730665ac571f01,75696,767,514,RGB,train,Squash Powdery mildew leaf,,materialized,
5467f6012d78d1c446145d5f582da6096f852ae8,train/Squash Powdery mildew leaf/pmild1_600px.jpg,data/raw/plantdoc/train/Squash Powdery mildew leaf/pmild1_600px.jpg,67069d3e7d8abf46d67f2a0c8f1f4b71477ba8735715f31b28fa5fb00ea1e5c5,67069d3e7d8abf46d67f2a0c8f1f4b71477ba8735715f31b28fa5fb00ea1e5c5,82590,600,411,RGB,train,Squash Powdery mildew leaf,,materialized,
5467f6012d78d1c446145d5f582da6096f852ae8,train/Squash Powdery mildew leaf/powdery%20mildew%20of%20squash.jpg,data/raw/plantdoc/train/Squash Powdery mildew leaf/powdery%20mildew%20of%20squash.jpg,24eda42769c7f8a884bb7819818f0a92c3c21a6f20822bc350bef784d85fe7c2,24eda42769c7f8a884bb7819818f0a92c3c21a6f20822bc350bef784d85fe7c2,175283,500,333,RGB,train,Squash Powdery mildew leaf,,materialized,
5467f6012d78d1c446145d5f582da6096f852ae8,train/Squash Powdery mildew leaf/powdery-mildew-1.jpg,data/raw/plantdoc/train/Squash Powdery mildew leaf/powdery-mildew-1.jpg,02a60ab9a8b29befde34d47c5e169450f1aadb8ffd4b76803e9bf0fde2e2e745,02a60ab9a8b29befde34d47c5e169450f1aadb8ffd4b76803e9bf0fde2e2e745,547232,900,600,RGB,train,Squash Powdery mildew leaf,,materialized,
5467f6012d78d1c446145d5f582da6096f852ae8,train/Squash Powdery mildew leaf/powdery-mildew-erysiphe-plantani-on-young-sycamore-leaves-b0ah25.jpg,data/raw/plantdoc/train/Squash Powdery mildew leaf/powdery-mildew-erysiphe-plantani-on-young-sycamore-leaves-b0ah25.jpg,02b57a3e233e6a93a1d5de3fc2abc64a4e8bfcde7aab6fd15572a34699e3c19a,02b57a3e233e6a93a1d5de3fc2abc64a4e8bfcde7aab6fd15572a34699e3c19a,100598,640,533,RGB,train,Squash Powdery mildew leaf,,materialized,
5467f6012d78d1c446145d5f582da6096f852ae8,train/Squash Powdery mildew leaf/powdery-mildew-on-squash-plants-you-can-prevent-powdery-mildew-disease-by-avoiding-overhead-sprinkling-and-watering-in-the-morning-rather-than-evening-forum-news-service-file-photo-what-causes-powdery.jpg,data/raw/plantdoc/train/Squash Powdery mildew leaf/powdery-mildew-on-squash-plants-you-can-prevent-powdery-mildew-disease-by-avoiding-overhead-sprinkling-and-watering-in-the-morning-rather-than-evening-forum-news-service-file-photo-what-causes-powdery.jpg,7981704f6ddf8e20971e5d82400dfc4600b93eecc1aaaf521eee5d200dbee5ea,7981704f6ddf8e20971e5d82400dfc4600b93eecc1aaaf521eee5d200dbee5ea,42883,620,349,RGB,train,Squash Powdery mildew leaf,,materialized,
5467f6012d78d1c446145d5f582da6096f852ae8,train/Squash Powdery mildew leaf/powdery-mildew-pea-leaf.jpg,data/raw/plantdoc/train/Squash Powdery mildew leaf/powdery-mildew-pea-leaf.jpg,1c895f0de5180b37af5a4f81a2f4c8912cbc43b391e93e0c338e9f1bc3476757,1c895f0de5180b37af5a4f81a2f4c8912cbc43b391e93e0c338e9f1bc3476757,68525,800,600,RGB,train,Squash Powdery mildew leaf,,materialized,
5467f6012d78d1c446145d5f582da6096f852ae8,train/Squash Powdery mildew leaf/powdery_mildew.jpg,data/raw/plantdoc/train/Squash Powdery mildew leaf/powdery_mildew.jpg,29d23fddf8bcbcfa034d11ebd738ed395d1e584a03df23e83e82bd5d53f28663,29d23fddf8bcbcfa034d11ebd738ed395d1e584a03df23e83e82bd5d53f28663,57027,640,480,RGB,train,Squash Powdery mildew leaf,,materialized,
5467f6012d78d1c446145d5f582da6096f852ae8,train/Squash Powdery mildew leaf/powderymildew-669x578.jpg,data/raw/plantdoc/train/Squash Powdery mildew leaf/powderymildew-669x578.jpg,6ebf51db5f1f7f1be951c6a3c0393bf902973f2ce5142ebbb5ba0ebd73174ff1,6ebf51db5f1f7f1be951c6a3c0393bf902973f2ce5142ebbb5ba0ebd73174ff1,120059,669,578,RGB,train,Squash Powdery mildew leaf,,materialized,
5467f6012d78d1c446145d5f582da6096f852ae8,train/Squash Powdery mildew leaf/powderymildew-on-squash.jpg,data/raw/plantdoc/train/Squash Powdery mildew leaf/powderymildew-on-squash.jpg,e0f14506b342d52e00c9043b89954677888742ec55293a35131e95498069744e,e0f14506b342d52e00c9043b89954677888742ec55293a35131e95498069744e,114781,831,623,RGB,train,Squash Powdery mildew leaf,,materialized,
5467f6012d78d1c446145d5f582da6096f852ae8,train/Squash Powdery mildew leaf/powderymildew_300.jpg,data/raw/plantdoc/train/Squash Powdery mildew leaf/powderymildew_300.jpg,07ebbe826238c3fc11a73d431de43a21fee99ff50b512a3f057c505f2610edec,07ebbe826238c3fc11a73d431de43a21fee99ff50b512a3f057c505f2610edec,130347,300,300,CMYK,train,Squash Powdery mildew leaf,,materialized,
5467f6012d78d1c446145d5f582da6096f852ae8,train/Squash Powdery mildew leaf/powderymildewcucurb-jallen.jpg,data/raw/plantdoc/train/Squash Powdery mildew leaf/powderymildewcucurb-jallen.jpg,2ae536859a1c1b5a02e85628128d30504dab5c426bf27b2f56fd558c6ad3d870,2ae536859a1c1b5a02e85628128d30504dab5c426bf27b2f56fd558c6ad3d870,629764,1280,960,RGB,train,Squash Powdery mildew leaf,,materialized,
5467f6012d78d1c446145d5f582da6096f852ae8,train/Squash Powdery mildew leaf/powderymildewpumpkinaiyura6151.jpg,data/raw/plantdoc/train/Squash Powdery mildew leaf/powderymildewpumpkinaiyura6151.jpg,585bfe871a61fc9a3096b1991e9e38114085e8152064f2de27889106053d289b,585bfe871a61fc9a3096b1991e9e38114085e8152064f2de27889106053d289b,155063,900,675,RGB,train,Squash Powdery mildew leaf,,materialized,
5467f6012d78d1c446145d5f582da6096f852ae8,train/Squash Powdery mildew leaf/powmil.jpg,data/raw/plantdoc/train/Squash Powdery mildew leaf/powmil.jpg,da8fb0dbcd605144c351ee48ff58a6f7362b7e31e45aee70748b8b8676d70fc5,da8fb0dbcd605144c351ee48ff58a6f7362b7e31e45aee70748b8b8676d70fc5,40526,640,512,RGB,train,Squash Powdery mildew leaf,,materialized,
5467f6012d78d1c446145d5f582da6096f852ae8,train/Squash Powdery mildew leaf/severe%20PM%20at%20MHRI%202013%20%2821%29.JPG.jpg,data/raw/plantdoc/train/Squash Powdery mildew leaf/severe%20PM%20at%20MHRI%202013%20%2821%29.JPG.jpg,807d9444680cf2fbb73711d19702d76391415238c372f7c80fc331c9e07191fd,807d9444680cf2fbb73711d19702d76391415238c372f7c80fc331c9e07191fd,2248932,3648,2736,RGB,train,Squash Powdery mildew leaf,,materialized,
5467f6012d78d1c446145d5f582da6096f852ae8,train/Squash Powdery mildew leaf/squash-plant-identification-squash-powdery-mildew-garden-squash-varieties-pictures.jpg,data/raw/plantdoc/train/Squash Powdery mildew leaf/squash-plant-identification-squash-powdery-mildew-garden-squash-varieties-pictures.jpg,144685ff7b2fba83f3b4c715d93c2af6174a0ff76687a4ec03f44efe08145ba1,144685ff7b2fba83f3b4c715d93c2af6174a0ff76687a4ec03f44efe08145ba1,65454,750,350,RGB,train,Squash Powdery mildew leaf,,materialized,
5467f6012d78d1c446145d5f582da6096f852ae8,train/Squash Powdery mildew leaf/squash-powdery-mildew-2.jpg,data/raw/plantdoc/train/Squash Powdery mildew leaf/squash-powdery-mildew-2.jpg,a1df0dd0374656890838c7d0eaa3fd2084d723b0cc808dd538cd1b735e6892d6,a1df0dd0374656890838c7d0eaa3fd2084d723b0cc808dd538cd1b735e6892d6,89475,750,350,RGB,train,Squash Powdery mildew leaf,,materialized,
5467f6012d78d1c446145d5f582da6096f852ae8,train/Squash Powdery mildew leaf/squash-powdery-mildew-3.jpg,data/raw/plantdoc/train/Squash Powdery mildew leaf/squash-powdery-mildew-3.jpg,a11d2ca4205bb936c43a910fde65f4d238df0338fd497dddc11841d0f3066235,a11d2ca4205bb936c43a910fde65f4d238df0338fd497dddc11841d0f3066235,100565,750,350,RGB,train,Squash Powdery mildew leaf,,materialized,
5467f6012d78d1c446145d5f582da6096f852ae8,train/Squash Powdery mildew leaf/squash-powdery-mildew-4.jpg,data/raw/plantdoc/train/Squash Powdery mildew leaf/squash-powdery-mildew-4.jpg,77289a4431885bc78eaf74e376637f7a8b0b76ddf4e3a0c7f58d0973a129627f,77289a4431885bc78eaf74e376637f7a8b0b76ddf4e3a0c7f58d0973a129627f,99259,750,350,RGB,train,Squash Powdery mildew leaf,,materialized,
5467f6012d78d1c446145d5f582da6096f852ae8,train/Squash Powdery mildew leaf/squash-powdery-mildew.jpg,data/raw/plantdoc/train/Squash Powdery mildew leaf/squash-powdery-mildew.jpg,d96e5e9edc637c206ee30c6026a25ded15d036fd60fcab6c65caff5a954d05da,d96e5e9edc637c206ee30c6026a25ded15d036fd60fcab6c65caff5a954d05da,90537,750,350,RGB,train,Squash Powdery mildew leaf,,materialized,
5467f6012d78d1c446145d5f582da6096f852ae8,train/Squash Powdery mildew leaf/squash-with-mildew-2x.jpg,data/raw/plantdoc/train/Squash Powdery mildew leaf/squash-with-mildew-2x.jpg,c6302830613d55b075c535ce2e61fd6e4cb4cc5b5e44b29178052c4fb9771a30,c6302830613d55b075c535ce2e61fd6e4cb4cc5b5e44b29178052c4fb9771a30,90684,750,350,RGB,train,Squash Powdery mildew leaf,,materialized,
5467f6012d78d1c446145d5f582da6096f852ae8,train/Squash Powdery mildew leaf/what-is-powdery-mildew-on-plants-mild-powdery-mildew-that-will-appear-on-most-squash-leaves-during-the-mid-summer-powdery-mildew-plant-spray-powdery-mildew-on-tomato-plant-leaves.jpg,data/raw/plantdoc/train/Squash Powdery mildew leaf/what-is-powdery-mildew-on-plants-mild-powdery-mildew-that-will-appear-on-most-squash-leaves-during-the-mid-summer-powdery-mildew-plant-spray-powdery-mildew-on-tomato-plant-leaves.jpg,6c6855b4676581d70daec4f76efbb0707187008d0b69eb982b838f869a798b37,6c6855b4676581d70daec4f76efbb0707187008d0b69eb982b838f869a798b37,59662,700,467,RGB,train,Squash Powdery mildew leaf,,materialized,
5467f6012d78d1c446145d5f582da6096f852ae8,train/Squash Powdery mildew leaf/white-mold-on-squash-plants-powdery-mildew-on-plant-leaves-how-to-get-rid-of-white-mold-on-squash-plants-white-mold-on-squash-plants.jpg,data/raw/plantdoc/train/Squash Powdery mildew leaf/white-mold-on-squash-plants-powdery-mildew-on-plant-leaves-how-to-get-rid-of-white-mold-on-squash-plants-white-mold-on-squash-plants.jpg,5dcf4062aa6491bfef35f75c0ab6cd2082aa4321f159ec16bf57d82d06de633f,5dcf4062aa6491bfef35f75c0ab6cd2082aa4321f159ec16bf57d82d06de633f,90035,600,900,RGB,train,Squash Powdery mildew leaf,,materialized,
5467f6012d78d1c446145d5f582da6096f852ae8,train/Squash Powdery mildew leaf/white-powdery-mildew-leaves.jpg,data/raw/plantdoc/train/Squash Powdery mildew leaf/white-powdery-mildew-leaves.jpg,c424ab05a4d805dd9512f1962abf860b8b28e9109a9984e94f3fabf87ccfb114,c424ab05a4d805dd9512f1962abf860b8b28e9109a9984e94f3fabf87ccfb114,87050,550,367,RGB,train,Squash Powdery mildew leaf,,materialized,
5467f6012d78d1c446145d5f582da6096f852ae8,train/Squash Powdery mildew leaf/whitemildew1_l.jpg,data/raw/plantdoc/train/Squash Powdery mildew leaf/whitemildew1_l.jpg,5ee8b4039fe6d709ee1d9040c98ce5dfe417f450493f662bebbf0b56f8f4200b,5ee8b4039fe6d709ee1d9040c98ce5dfe417f450493f662bebbf0b56f8f4200b,93582,600,450,RGB,train,Squash Powdery mildew leaf,,materialized,
5467f6012d78d1c446145d5f582da6096f852ae8,train/Squash Powdery mildew leaf/woman-cutting-off-yellow-summer-squash-leaves-with-powdery-mildew-eef3dd.jpg,data/raw/plantdoc/train/Squash Powdery mildew leaf/woman-cutting-off-yellow-summer-squash-leaves-with-powdery-mildew-eef3dd.jpg,fe2a398898ba69f19de9af011c3b7f8f4924d432b729cb6c54ff24d706eb856a,fe2a398898ba69f19de9af011c3b7f8f4924d432b729cb6c54ff24d706eb856a,69878,347,540,RGB,train,Squash Powdery mildew leaf,,materialized,
5467f6012d78d1c446145d5f582da6096f852ae8,train/Strawberry leaf/0008003-strawberry-leaf-veiner-large.jpg,data/raw/plantdoc/train/Strawberry leaf/0008003-strawberry-leaf-veiner-large.jpg,6549f6c7bc6c5742fd2618708c5793e6216e571826e1c0969032a89c0b3a6fbd,6549f6c7bc6c5742fd2618708c5793e6216e571826e1c0969032a89c0b3a6fbd,262144,1280,1280,RGB,train,Strawberry leaf,,materialized,
5467f6012d78d1c446145d5f582da6096f852ae8,train/Strawberry leaf/102_0829.JPG.jpg,data/raw/plantdoc/train/Strawberry leaf/102_0829.JPG.jpg,1e5a93bc24a6f212e605586d24c2128a213fca93f72438f6922cbfab51316097,1e5a93bc24a6f212e605586d24c2128a213fca93f72438f6922cbfab51316097,211350,1600,1081,RGB,train,Strawberry leaf,,materialized,
5467f6012d78d1c446145d5f582da6096f852ae8,train/Strawberry leaf/13400strawberry_leaves.jpg,data/raw/plantdoc/train/Strawberry leaf/13400strawberry_leaves.jpg,ec1e573d81e48b3fa54bf861a9cd3019b669ad5c90bb70446bde8c1c81c6d803,ec1e573d81e48b3fa54bf861a9cd3019b669ad5c90bb70446bde8c1c81c6d803,65492,700,469,RGB,train,Strawberry leaf,,materialized,
5467f6012d78d1c446145d5f582da6096f852ae8,train/Strawberry leaf/1534854-a-green-strawberry-leaf-isolated-on-a-white-background.jpg,data/raw/plantdoc/train/Strawberry leaf/1534854-a-green-strawberry-leaf-isolated-on-a-white-background.jpg,255531c21ffead6e806d488034154f05b279352fe8dfb7118ead4fc6e5c101d8,255531c21ffead6e806d488034154f05b279352fe8dfb7118ead4fc6e5c101d8,110038,800,727,RGB,train,Strawberry leaf,,materialized,
5467f6012d78d1c446145d5f582da6096f852ae8,train/Strawberry leaf/1788724-spring-leaves-of-garden-strawberry-macro-background-isolated.jpg,data/raw/plantdoc/train/Strawberry leaf/1788724-spring-leaves-of-garden-strawberry-macro-background-isolated.jpg,1ea5ab43df5f7345359a8cabd26bd1ebf20efeaa9d8d2e4100ee08b81127915d,1ea5ab43df5f7345359a8cabd26bd1ebf20efeaa9d8d2e4100ee08b81127915d,104031,800,533,RGB,train,Strawberry leaf,,materialized,
5467f6012d78d1c446145d5f582da6096f852ae8,train/Strawberry leaf/18423_original.jpg,data/raw/plantdoc/train/Strawberry leaf/18423_original.jpg,7ea488bbc2a7973787da502379506df0e8346a79e5ad258c5ff75fc22aafe08b,7ea488bbc2a7973787da502379506df0e8346a79e5ad258c5ff75fc22aafe08b,3626902,3456,2304,RGB,train,Strawberry leaf,,materialized,
5467f6012d78d1c446145d5f582da6096f852ae8,train/Strawberry leaf/270412tglr-wild-strawberry-leaf.jpg,data/raw/plantdoc/train/Strawberry leaf/270412tglr-wild-strawberry-leaf.jpg,e1b0780544504d99d6e6373ce14c81d912a7d728be4c48dc659dba7f6b9dd8df,e1b0780544504d99d6e6373ce14c81d912a7d728be4c48dc659dba7f6b9dd8df,183171,2588,1949,RGB,train,Strawberry leaf,,materialized,
5467f6012d78d1c446145d5f582da6096f852ae8,train/Strawberry leaf/344d1150577229-strange-strawberry-leaves-unhealthy-maxim.jpg,data/raw/plantdoc/train/Strawberry leaf/344d1150577229-strange-strawberry-leaves-unhealthy-maxim.jpg,260bc99c9328374f2ddd99ec880a2800b7d9779ea0c955cf902062514e782bcf,260bc99c9328374f2ddd99ec880a2800b7d9779ea0c955cf902062514e782bcf,88192,800,533,RGB,train,Strawberry leaf,,materialized,
5467f6012d78d1c446145d5f582da6096f852ae8,train/Strawberry leaf/41.jpg,data/raw/plantdoc/train/Strawberry leaf/41.jpg,480997d5fc583d8c412f70b10b4bda35640dd85f13608826a968cc418bf30e66,480997d5fc583d8c412f70b10b4bda35640dd85f13608826a968cc418bf30e66,352160,1024,709,RGB,train,Strawberry leaf,,materialized,
5467f6012d78d1c446145d5f582da6096f852ae8,train/Strawberry leaf/4719232-strawberry-with-green-leaves-and-flower-isolated-on-white-background.jpg,data/raw/plantdoc/train/Strawberry leaf/4719232-strawberry-with-green-leaves-and-flower-isolated-on-white-background.jpg,fd5e2fbef550c39a8d88607824de193fb51eb8bfee1d185623b2e47f017ad33e,fd5e2fbef550c39a8d88607824de193fb51eb8bfee1d185623b2e47f017ad33e,80918,800,531,RGB,train,Strawberry leaf,,materialized,
5467f6012d78d1c446145d5f582da6096f852ae8,train/Strawberry leaf/5787ab74428a5fdc70e3defda7f00f0a4623876d.jpeg.jpg,data/raw/plantdoc/train/Strawberry leaf/5787ab74428a5fdc70e3defda7f00f0a4623876d.jpeg.jpg,925ecd0108d578be6c667766fb395e6d82cfb537a3d085cc64a0e63be2eb0600,925ecd0108d578be6c667766fb395e6d82cfb537a3d085cc64a0e63be2eb0600,1917642,2448,3264,RGB,train,Strawberry leaf,,materialized,
5467f6012d78d1c446145d5f582da6096f852ae8,train/Strawberry leaf/7.jpg,data/raw/plantdoc/train/Strawberry leaf/7.jpg,1946fdff0fe94a3f7da1ffdd97a3a5e40c84cc38411193b2d08bfc7c629d83b4,1946fdff0fe94a3f7da1ffdd97a3a5e40c84cc38411193b2d08bfc7c629d83b4,387438,1024,770,RGB,train,Strawberry leaf,,materialized,
5467f6012d78d1c446145d5f582da6096f852ae8,train/Strawberry leaf/7065201-strawberry-leaf.jpg,data/raw/plantdoc/train/Strawberry leaf/7065201-strawberry-leaf.jpg,97aa784590eaab9b8a6eb4b3a6f03cb205cc29083a32f0a48a787b911e465d9b,97aa784590eaab9b8a6eb4b3a6f03cb205cc29083a32f0a48a787b911e465d9b,107106,788,800,RGB,train,Strawberry leaf,,materialized,
5467f6012d78d1c446145d5f582da6096f852ae8,train/Strawberry leaf/DSCN5936.JPG.jpg,data/raw/plantdoc/train/Strawberry leaf/DSCN5936.JPG.jpg,fb329de8c55464be24cc63493bebbdc66f5ee5758f865f328ea8737d82801d95,fb329de8c55464be24cc63493bebbdc66f5ee5758f865f328ea8737d82801d95,270917,1600,1200,RGB,train,Strawberry leaf,,materialized,
5467f6012d78d1c446145d5f582da6096f852ae8,train/Strawberry leaf/F-vesca-leaf1.jpg,data/raw/plantdoc/train/Strawberry leaf/F-vesca-leaf1.jpg,1a57103498ab99b6d976f88e10bff4ad935d2f124870146263cc7a1972e46396,1a57103498ab99b6d976f88e10bff4ad935d2f124870146263cc7a1972e46396,833693,1506,1628,RGB,train,Strawberry leaf,,materialized,
5467f6012d78d1c446145d5f582da6096f852ae8,train/Strawberry leaf/Fragaria-virginiana-6.jpg,data/raw/plantdoc/train/Strawberry leaf/Fragaria-virginiana-6.jpg,49738f3491afbe9b28541525f238ba54ac0b248a6842edab2427a5ed998793b1,49738f3491afbe9b28541525f238ba54ac0b248a6842edab2427a5ed998793b1,690611,1200,800,RGB,train,Strawberry leaf,,materialized,
5467f6012d78d1c446145d5f582da6096f852ae8,train/Strawberry leaf/IMG_1309.JPG.jpg,data/raw/plantdoc/train/Strawberry leaf/IMG_1309.JPG.jpg,b61add8bcf7edf8ed8e0da912ebc0b64087fb5c112bb93dd399032fc12107632,b61add8bcf7edf8ed8e0da912ebc0b64087fb5c112bb93dd399032fc12107632,137776,1600,1200,RGB,train,Strawberry leaf,,materialized,
5467f6012d78d1c446145d5f582da6096f852ae8,train/Strawberry leaf/IMG_2780.jpg,data/raw/plantdoc/train/Strawberry leaf/IMG_2780.jpg,4ee5b5d44908dff39fc6dad332e5fd4b8a11086b009ca874d2606eb52340a6d2,4ee5b5d44908dff39fc6dad332e5fd4b8a11086b009ca874d2606eb52340a6d2,8226663,5184,3456,RGB,train,Strawberry leaf,,materialized,
5467f6012d78d1c446145d5f582da6096f852ae8,train/Strawberry leaf/IMG_4056.JPG.jpg,data/raw/plantdoc/train/Strawberry leaf/IMG_4056.JPG.jpg,9a15174c603cc9ce2cef783dbb60cadcbdbf22f7e2c1a567a14c6265f6fc866c,9a15174c603cc9ce2cef783dbb60cadcbdbf22f7e2c1a567a14c6265f6fc866c,192152,1600,1145,RGB,train,Strawberry leaf,,materialized,
5467f6012d78d1c446145d5f582da6096f852ae8,train/Strawberry leaf/IMG_4695.jpg,data/raw/plantdoc/train/Strawberry leaf/IMG_4695.jpg,bc00a6d50e7ac3b79548ac7c101852bc82cfdced19bab0ff20f485e569b54d90,bc00a6d50e7ac3b79548ac7c101852bc82cfdced19bab0ff20f485e569b54d90,286545,1600,1066,RGB,train,Strawberry leaf,,materialized,
5467f6012d78d1c446145d5f582da6096f852ae8,train/Strawberry leaf/IMG_4696.jpg,data/raw/plantdoc/train/Strawberry leaf/IMG_4696.jpg,2b58da61662b307d4ec69f33ad3a701185e33da1f58bf5138a2616ca4cbffce5,2b58da61662b307d4ec69f33ad3a701185e33da1f58bf5138a2616ca4cbffce5,248554,1600,1066,RGB,train,Strawberry leaf,,materialized,
5467f6012d78d1c446145d5f582da6096f852ae8,train/Strawberry leaf/IMG_5392.JPG.jpg,data/raw/plantdoc/train/Strawberry leaf/IMG_5392.JPG.jpg,af7b6d05f732134afba3a7189bab16ee3ee93c577f6335bfb56aaccfe3233db3,af7b6d05f732134afba3a7189bab16ee3ee93c577f6335bfb56aaccfe3233db3,574435,1200,979,RGB,train,Strawberry leaf,,materialized,
5467f6012d78d1c446145d5f582da6096f852ae8,train/Strawberry leaf/IMG_7107.jpg,data/raw/plantdoc/train/Strawberry leaf/IMG_7107.jpg,b70445cf6bf2bbe61a8159f9b9f06c12fcf0c72db7fae5c7d49539bcd8e76073,b70445cf6bf2bbe61a8159f9b9f06c12fcf0c72db7fae5c7d49539bcd8e76073,329039,667,500,RGB,train,Strawberry leaf,,materialized,
5467f6012d78d1c446145d5f582da6096f852ae8,train/Strawberry leaf/Leaves%2C_Wild_strawberry_-_Flickr_-_nekonomania.jpg,data/raw/plantdoc/train/Strawberry leaf/Leaves%2C_Wild_strawberry_-_Flickr_-_nekonomania.jpg,b72e27796197ca9e998cf70e159e075c881f6be4c391450ddbcaebbbce7bc032,b72e27796197ca9e998cf70e159e075c881f6be4c391450ddbcaebbbce7bc032,10163604,4752,3168,RGB,train,Strawberry leaf,,materialized,
5467f6012d78d1c446145d5f582da6096f852ae8,train/Strawberry leaf/Leaves-of-Strawberries.jpg,data/raw/plantdoc/train/Strawberry leaf/Leaves-of-Strawberries.jpg,e18413d18a38d65f0b7697e1b4347b8dd7ccbf5a43860ab696f227e99557424d,e18413d18a38d65f0b7697e1b4347b8dd7ccbf5a43860ab696f227e99557424d,237877,1500,1280,RGB,train,Strawberry leaf,,materialized,
5467f6012d78d1c446145d5f582da6096f852ae8,train/Strawberry leaf/Strawberry+leaves.jpg,data/raw/plantdoc/train/Strawberry leaf/Strawberry+leaves.jpg,368f4a9c52a9eb893070697ced7928fbd7f4a00c5880b6fd3c88026b0149af54,368f4a9c52a9eb893070697ced7928fbd7f4a00c5880b6fd3c88026b0149af54,246030,1080,810,RGB,train,Strawberry leaf,,materialized,
5467f6012d78d1c446145d5f582da6096f852ae8,train/Strawberry leaf/Strawberry-Leaves.jpg,data/raw/plantdoc/train/Strawberry leaf/Strawberry-Leaves.jpg,df05f06c46d514c15cae5b9934f2814be148f119aad59f4768324f5be96c3505,df05f06c46d514c15cae5b9934f2814be148f119aad59f4768324f5be96c3505,117631,695,565,RGB,train,Strawberry leaf,,materialized,
5467f6012d78d1c446145d5f582da6096f852ae8,train/Strawberry leaf/berry-strawberry-leaf-flower-set-isolated-white-background-47595687.jpg,data/raw/plantdoc/train/Strawberry leaf/berry-strawberry-leaf-flower-set-isolated-white-background-47595687.jpg,e3baf3e0bb5c23ce548b0701bc8e4ef3860352014eed4cd6904177f8133065de,e3baf3e0bb5c23ce548b0701bc8e4ef3860352014eed4cd6904177f8133065de,184973,1300,1154,RGB,train,Strawberry leaf,,materialized,
5467f6012d78d1c446145d5f582da6096f852ae8,train/Strawberry leaf/bfeba4aaa5a042494590b027686e1d16.jpg,data/raw/plantdoc/train/Strawberry leaf/bfeba4aaa5a042494590b027686e1d16.jpg,8a72dd84666f53c48202bdc083acde0ce5912d8eca3374f3f4f26e0e5533375f,8a72dd84666f53c48202bdc083acde0ce5912d8eca3374f3f4f26e0e5533375f,46934,600,430,RGB,train,Strawberry leaf,,materialized,
5467f6012d78d1c446145d5f582da6096f852ae8,train/Strawberry leaf/creeping-cinquefoil-potentilla-reptans-4.jpg,data/raw/plantdoc/train/Strawberry leaf/creeping-cinquefoil-potentilla-reptans-4.jpg,210947d1cc8293336c7981b49959ad9bf5efee42a42f0ec74ef66e9c209037f0,210947d1cc8293336c7981b49959ad9bf5efee42a42f0ec74ef66e9c209037f0,104560,800,600,RGB,train,Strawberry leaf,,materialized,
5467f6012d78d1c446145d5f582da6096f852ae8,train/Strawberry leaf/depositphotos_1090254-Strawberry-leaves.jpg,data/raw/plantdoc/train/Strawberry leaf/depositphotos_1090254-Strawberry-leaves.jpg,4f9174d50072a812e56468d1568f9473d5abc1db370e8144525b5671ddce4bf8,4f9174d50072a812e56468d1568f9473d5abc1db370e8144525b5671ddce4bf8,160998,1023,682,RGB,train,Strawberry leaf,,materialized,
5467f6012d78d1c446145d5f582da6096f852ae8,train/Strawberry leaf/depositphotos_164701744-stock-photo-closeup-of-strawberry-leaves.jpg,data/raw/plantdoc/train/Strawberry leaf/depositphotos_164701744-stock-photo-closeup-of-strawberry-leaves.jpg,3c3ffb955949dc8d041473304126f5597ee8620c9d6283ca1012f55873a45733,3c3ffb955949dc8d041473304126f5597ee8620c9d6283ca1012f55873a45733,247638,1600,1700,RGB,train,Strawberry leaf,,materialized,
5467f6012d78d1c446145d5f582da6096f852ae8,train/Strawberry leaf/depositphotos_3121648-Strawberry-leaf.jpg,data/raw/plantdoc/train/Strawberry leaf/depositphotos_3121648-Strawberry-leaf.jpg,cf85036f6d5703b33a9a8bff1b884d380e0d0c87dafe8c82b523dfa4f62ecb8a,cf85036f6d5703b33a9a8bff1b884d380e0d0c87dafe8c82b523dfa4f62ecb8a,132583,1024,909,RGB,train,Strawberry leaf,,materialized,
5467f6012d78d1c446145d5f582da6096f852ae8,train/Strawberry leaf/depositphotos_40207459-stock-photo-strawberry-leaves-collection-isolated-on.jpg,data/raw/plantdoc/train/Strawberry leaf/depositphotos_40207459-stock-photo-strawberry-leaves-collection-isolated-on.jpg,692cf2562cb7c36d7e2e9c70412b657adbb8b6a38dc58fdb1aa0e8cacff9aaa8,692cf2562cb7c36d7e2e9c70412b657adbb8b6a38dc58fdb1aa0e8cacff9aaa8,80656,1023,526,RGB,train,Strawberry leaf,,materialized,
5467f6012d78d1c446145d5f582da6096f852ae8,train/Strawberry leaf/depositphotos_6570354-Strawberry-leaf.jpg,data/raw/plantdoc/train/Strawberry leaf/depositphotos_6570354-Strawberry-leaf.jpg,1b398953cb4b392bbaa7128b51edf96fd2af0e0e9e9d71d4c1dae3230e0f7f02,1b398953cb4b392bbaa7128b51edf96fd2af0e0e9e9d71d4c1dae3230e0f7f02,183890,1024,868,RGB,train,Strawberry leaf,,materialized,
5467f6012d78d1c446145d5f582da6096f852ae8,train/Strawberry leaf/depositphotos_6570375-stock-photo-strawberry-leaf.jpg,data/raw/plantdoc/train/Strawberry leaf/depositphotos_6570375-stock-photo-strawberry-leaf.jpg,6755c05f55645f97cd2aba114be68c9532900751e6c45d3a641968244cd030e9,6755c05f55645f97cd2aba114be68c9532900751e6c45d3a641968244cd030e9,106184,1023,861,RGB,train,Strawberry leaf,,materialized,
5467f6012d78d1c446145d5f582da6096f852ae8,train/Strawberry leaf/depositphotos_6570387-stock-photo-strawberry-leaf.jpg,data/raw/plantdoc/train/Strawberry leaf/depositphotos_6570387-stock-photo-strawberry-leaf.jpg,3bd247a2541d45b9a307ed1f178a12a919930b4257d843410257d7a0d3e0ad9c,3bd247a2541d45b9a307ed1f178a12a919930b4257d843410257d7a0d3e0ad9c,111903,1024,795,RGB,train,Strawberry leaf,,materialized,
5467f6012d78d1c446145d5f582da6096f852ae8,train/Strawberry leaf/depositphotos_6598542-Single-green-strawberry-leaf-isolated-on-white.jpg,data/raw/plantdoc/train/Strawberry leaf/depositphotos_6598542-Single-green-strawberry-leaf-isolated-on-white.jpg,b3a19b54cbc2476803a15f4840def2ea429160f8fa2bcb20a2ccfa255cd9e2a4,b3a19b54cbc2476803a15f4840def2ea429160f8fa2bcb20a2ccfa255cd9e2a4,113265,1023,776,RGB,train,Strawberry leaf,,materialized,
5467f6012d78d1c446145d5f582da6096f852ae8,train/Strawberry leaf/depositphotos_8078382-stock-photo-strawberry-leaf.jpg,data/raw/plantdoc/train/Strawberry leaf/depositphotos_8078382-stock-photo-strawberry-leaf.jpg,d374d196d8fc18021a1e4862ea871c0d83209d8d513ad7b5c7603eb782506323,d374d196d8fc18021a1e4862ea871c0d83209d8d513ad7b5c7603eb782506323,150067,1024,1024,RGB,train,Strawberry leaf,,materialized,
5467f6012d78d1c446145d5f582da6096f852ae8,train/Strawberry leaf/depositphotos_9274005-stock-photo-strawberry-leaf.jpg,data/raw/plantdoc/train/Strawberry leaf/depositphotos_9274005-stock-photo-strawberry-leaf.jpg,dde9152872f63f5c8ac2f5b062989d214065bb7393ad283bba16b1876bfab276,dde9152872f63f5c8ac2f5b062989d214065bb7393ad283bba16b1876bfab276,122883,1024,699,RGB,train,Strawberry leaf,,materialized,
5467f6012d78d1c446145d5f582da6096f852ae8,train/Strawberry leaf/dew-on-a-leaf-stock-image-1226834.jpg,data/raw/plantdoc/train/Strawberry leaf/dew-on-a-leaf-stock-image-1226834.jpg,98ea4817ff6f048c1f983e6f2e8229500ef95822663cc95d09c834c421aa09b9,98ea4817ff6f048c1f983e6f2e8229500ef95822663cc95d09c834c421aa09b9,241674,870,1392,RGB,train,Strawberry leaf,,materialized,
5467f6012d78d1c446145d5f582da6096f852ae8,train/Strawberry leaf/fragaria-vesca-americana-le-ahaines-c.jpg,data/raw/plantdoc/train/Strawberry leaf/fragaria-vesca-americana-le-ahaines-c.jpg,c0650b7f65a7ded333370fa17bfb5f1806bc6c54441c1f4c7f6a84a12d14e060,c0650b7f65a7ded333370fa17bfb5f1806bc6c54441c1f4c7f6a84a12d14e060,165048,1000,863,RGB,train,Strawberry leaf,,materialized,
5467f6012d78d1c446145d5f582da6096f852ae8,train/Strawberry leaf/fresh-green-strawberry-leaf-isolated-on-white-background-with-clipping-KH37KY.jpg,data/raw/plantdoc/train/Strawberry leaf/fresh-green-strawberry-leaf-isolated-on-white-background-with-clipping-KH37KY.jpg,1190452f8b7b72555af947488fc669e6b61d28fdaa4bc3d6af38da74c60e2993,1190452f8b7b72555af947488fc669e6b61d28fdaa4bc3d6af38da74c60e2993,275181,1300,1258,RGB,train,Strawberry leaf,,materialized,
5467f6012d78d1c446145d5f582da6096f852ae8,train/Strawberry leaf/giant-leaves.jpg,data/raw/plantdoc/train/Strawberry leaf/giant-leaves.jpg,055c990e062ea9c1747a7968f3c997dee072e5508ff4a5bb9b5e9e6c6a38e3bd,055c990e062ea9c1747a7968f3c997dee072e5508ff4a5bb9b5e9e6c6a38e3bd,2118700,2736,2736,RGB,train,Strawberry leaf,,materialized,
5467f6012d78d1c446145d5f582da6096f852ae8,train/Strawberry leaf/green-strawberry-leaf-isolated-on-white-picture-id623362994?k=6&m=623362994&s=612x612&w=0&h=l350NQvVUUsLkRD1jOeEDnUledIWPjFXi86jd_Uv0OE=.jpg,data/raw/plantdoc/train/Strawberry leaf/green-strawberry-leaf-isolated-on-white-picture-id623362994?k=6&m=623362994&s=612x612&w=0&h=l350NQvVUUsLkRD1jOeEDnUledIWPjFXi86jd_Uv0OE=.jpg,21948033a27276b999c6adb001b357c821c7f6c6c7bf1714ea98af1227f6be0f,21948033a27276b999c6adb001b357c821c7f6c6c7bf1714ea98af1227f6be0f,83987,612,522,RGB,train,Strawberry leaf,,materialized,
5467f6012d78d1c446145d5f582da6096f852ae8,train/Strawberry leaf/green-strawberry-leaf-isolated-on-white-picture-id654400974?k=6&m=654400974&s=612x612&w=0&h=x97U-8miyZxfXvAUVMbPGGj6_Lt-p35dVXiu1zuBt-Q=.jpg,data/raw/plantdoc/train/Strawberry leaf/green-strawberry-leaf-isolated-on-white-picture-id654400974?k=6&m=654400974&s=612x612&w=0&h=x97U-8miyZxfXvAUVMbPGGj6_Lt-p35dVXiu1zuBt-Q=.jpg,24f851852f3a88bf3c26eadea6c3151d8fd2f4ef779c451c9d92c68f5998756c,24f851852f3a88bf3c26eadea6c3151d8fd2f4ef779c451c9d92c68f5998756c,64494,612,612,RGB,train,Strawberry leaf,,materialized,
5467f6012d78d1c446145d5f582da6096f852ae8,train/Strawberry leaf/green-strawberry-leaf-isolated-on-white-picture-id692328988?k=6&m=692328988&s=612x612&w=0&h=604VCrDe3mbN0c6LZZSBBvm4iMdWh1wcb3KHDX6CVRE=.jpg,data/raw/plantdoc/train/Strawberry leaf/green-strawberry-leaf-isolated-on-white-picture-id692328988?k=6&m=692328988&s=612x612&w=0&h=604VCrDe3mbN0c6LZZSBBvm4iMdWh1wcb3KHDX6CVRE=.jpg,c4a37d836e4da1646264dc40987ed90a0f71db717243f8cef54a01466bf54a21,c4a37d836e4da1646264dc40987ed90a0f71db717243f8cef54a01466bf54a21,53861,612,477,RGB,train,Strawberry leaf,,materialized,
5467f6012d78d1c446145d5f582da6096f852ae8,train/Strawberry leaf/green-strawberry-leaf-isolated-white-single-background-78801845.jpg,data/raw/plantdoc/train/Strawberry leaf/green-strawberry-leaf-isolated-white-single-background-78801845.jpg,776200b628c9ef698d3126c0331f5e5b9b6e76e150c705450e2141f7735925f0,776200b628c9ef698d3126c0331f5e5b9b6e76e150c705450e2141f7735925f0,303496,1300,1206,RGB,train,Strawberry leaf,,materialized,
5467f6012d78d1c446145d5f582da6096f852ae8,train/Strawberry leaf/green-strawberry-leaf-isolated-white-single-background-78801856.jpg,data/raw/plantdoc/train/Strawberry leaf/green-strawberry-leaf-isolated-white-single-background-78801856.jpg,3ed648b2303f8d3ff4b6a2792c159ca77b5db059ea55303f480c8ba35b7cb45f,3ed648b2303f8d3ff4b6a2792c159ca77b5db059ea55303f480c8ba35b7cb45f,235566,1300,1102,RGB,train,Strawberry leaf,,materialized,
5467f6012d78d1c446145d5f582da6096f852ae8,train/Strawberry leaf/guttation-on-the-leaves-of-a-strawberry-plant-leaf-guttation-BN3DM8.jpg,data/raw/plantdoc/train/Strawberry leaf/guttation-on-the-leaves-of-a-strawberry-plant-leaf-guttation-BN3DM8.jpg,b4b1f25a698c484d319bb15ec47b3b8dbe2d60457684f95eec0a5e5f55266e2c,b4b1f25a698c484d319bb15ec47b3b8dbe2d60457684f95eec0a5e5f55266e2c,254747,1300,954,RGB,train,Strawberry leaf,,materialized,
5467f6012d78d1c446145d5f582da6096f852ae8,train/Strawberry leaf/img_0034.jpg,data/raw/plantdoc/train/Strawberry leaf/img_0034.jpg,ef17fabf2e89110dd109d7cd1be4ec6a3b365e84922a979886e5c78d38fb4d5a,ef17fabf2e89110dd109d7cd1be4ec6a3b365e84922a979886e5c78d38fb4d5a,4331743,3888,2592,RGB,train,Strawberry leaf,,materialized,
5467f6012d78d1c446145d5f582da6096f852ae8,train/Strawberry leaf/img_0164.jpg,data/raw/plantdoc/train/Strawberry leaf/img_0164.jpg,47344a435401dddc89abe383aaba9cddcc2db2c8f9e1b2923ae064872fcb69a3,47344a435401dddc89abe383aaba9cddcc2db2c8f9e1b2923ae064872fcb69a3,1860807,1891,1413,RGB,train,Strawberry leaf,,materialized,
5467f6012d78d1c446145d5f582da6096f852ae8,train/Strawberry leaf/img_20110302_170719.jpg,data/raw/plantdoc/train/Strawberry leaf/img_20110302_170719.jpg,67413cf4e9837f16766705f8a71227646a8e413592407837666cca31f9377a42,67413cf4e9837f16766705f8a71227646a8e413592407837666cca31f9377a42,1171793,1936,2592,RGB,train,Strawberry leaf,,materialized,
5467f6012d78d1c446145d5f582da6096f852ae8,train/Strawberry leaf/indian-strawberry-leaf.jpg,data/raw/plantdoc/train/Strawberry leaf/indian-strawberry-leaf.jpg,0d2b79023461883db89665b43646f6b9a61ea12026a6fe40b0607730acd8d94e,0d2b79023461883db89665b43646f6b9a61ea12026a6fe40b0607730acd8d94e,829571,3370,2592,RGB,train,Strawberry leaf,,materialized,
5467f6012d78d1c446145d5f582da6096f852ae8,train/Strawberry leaf/leaf-wild-strawberry-plant-25253212.jpg,data/raw/plantdoc/train/Strawberry leaf/leaf-wild-strawberry-plant-25253212.jpg,fb83673f3ab4d24a3d43d9aec6afed8963df08bab57e94876f99daf8767c8533,fb83673f3ab4d24a3d43d9aec6afed8963df08bab57e94876f99daf8767c8533,83939,1300,957,RGB,train,Strawberry leaf,,materialized,
5467f6012d78d1c446145d5f582da6096f852ae8,train/Strawberry leaf/leaves_comparison.jpg,data/raw/plantdoc/train/Strawberry leaf/leaves_comparison.jpg,45163be376b3e3038997c0580ddd6b815e155a96a145a75481513096a533d988,45163be376b3e3038997c0580ddd6b815e155a96a145a75481513096a533d988,2298042,3072,2048,RGB,train,Strawberry leaf,,materialized,
5467f6012d78d1c446145d5f582da6096f852ae8,train/Strawberry leaf/single-green-strawberry-leaf-isolated-white-12750533.jpg,data/raw/plantdoc/train/Strawberry leaf/single-green-strawberry-leaf-isolated-white-12750533.jpg,3d58214be3c248d5674e89be46741d288bb32e8f44c4d75cd90b8fe6f5c88c2f,3d58214be3c248d5674e89be46741d288bb32e8f44c4d75cd90b8fe6f5c88c2f,184228,1300,1010,RGB,train,Strawberry leaf,,materialized,
5467f6012d78d1c446145d5f582da6096f852ae8,train/Strawberry leaf/stock-photo-fresh-green-strawberry-leaf-isolated-on-white-background-strawberry-leaf-with-clipping-path-630981155.jpg,data/raw/plantdoc/train/Strawberry leaf/stock-photo-fresh-green-strawberry-leaf-isolated-on-white-background-strawberry-leaf-with-clipping-path-630981155.jpg,c33ec67f54d8ce151c1e47903d635ce35af8dd734e2c6ee0bcb50e544667f8fe,c33ec67f54d8ce151c1e47903d635ce35af8dd734e2c6ee0bcb50e544667f8fe,53470,450,394,RGB,train,Strawberry leaf,,materialized,
5467f6012d78d1c446145d5f582da6096f852ae8,train/Strawberry leaf/stock-photo-green-strawberry-leaf-isolated-on-white-background-clipping-path-458155747.jpg,data/raw/plantdoc/train/Strawberry leaf/stock-photo-green-strawberry-leaf-isolated-on-white-background-clipping-path-458155747.jpg,9067b26dbb677dbc6b352d1669a407cb72db084122dd5a9f439a7a91053f14b2,9067b26dbb677dbc6b352d1669a407cb72db084122dd5a9f439a7a91053f14b2,57394,450,419,RGB,train,Strawberry leaf,,materialized,
5467f6012d78d1c446145d5f582da6096f852ae8,train/Strawberry leaf/stock-photo-leaf-strawberry-leaf-on-the-white-background-153348767.jpg,data/raw/plantdoc/train/Strawberry leaf/stock-photo-leaf-strawberry-leaf-on-the-white-background-153348767.jpg,b46fc81d5dbde91218ff064673fff0b28933b41023ae33ab1c8c601cca1755e7,b46fc81d5dbde91218ff064673fff0b28933b41023ae33ab1c8c601cca1755e7,39454,450,335,RGB,train,Strawberry leaf,,materialized,
5467f6012d78d1c446145d5f582da6096f852ae8,train/Strawberry leaf/stock-photo-strawberry-leaf-isolated-on-the-white-background-255533380.jpg,data/raw/plantdoc/train/Strawberry leaf/stock-photo-strawberry-leaf-isolated-on-the-white-background-255533380.jpg,264de859eeb8624852f8dd72f8f1d1722318c919b06c51d1af4f4e8389174d39,264de859eeb8624852f8dd72f8f1d1722318c919b06c51d1af4f4e8389174d39,35551,450,360,RGB,train,Strawberry leaf,,materialized,
5467f6012d78d1c446145d5f582da6096f852ae8,train/Strawberry leaf/stock-photo-strawberry-leaf-isolated-on-white-background-572055775.jpg,data/raw/plantdoc/train/Strawberry leaf/stock-photo-strawberry-leaf-isolated-on-white-background-572055775.jpg,d4c487adb3ff2c101e58eba753f2922a391a6f6284fba744abaebbfc37e9ffcc,d4c487adb3ff2c101e58eba753f2922a391a6f6284fba744abaebbfc37e9ffcc,31908,450,415,RGB,train,Strawberry leaf,,materialized,
5467f6012d78d1c446145d5f582da6096f852ae8,train/Strawberry leaf/stock-photo-strawberry-leaf-isolated-on-white-background-with-clipping-path-568145485.jpg,data/raw/plantdoc/train/Strawberry leaf/stock-photo-strawberry-leaf-isolated-on-white-background-with-clipping-path-568145485.jpg,4fa4621906391692cd7c561ece1dc5d667f534b300cab118e76dfc0e8c90de58,4fa4621906391692cd7c561ece1dc5d667f534b300cab118e76dfc0e8c90de58,53893,450,380,RGB,train,Strawberry leaf,,materialized,
5467f6012d78d1c446145d5f582da6096f852ae8,train/Strawberry leaf/stock-photo-strawberry-leaves-collection-isolated-on-white-159165548.jpg,data/raw/plantdoc/train/Strawberry leaf/stock-photo-strawberry-leaves-collection-isolated-on-white-159165548.jpg,c835eb7dae3aa48c0e2b59cddf2c736f60b81594b33146e7b6f1e18dfd0abebb,c835eb7dae3aa48c0e2b59cddf2c736f60b81594b33146e7b6f1e18dfd0abebb,49910,450,414,RGB,train,Strawberry leaf,,materialized,
5467f6012d78d1c446145d5f582da6096f852ae8,train/Strawberry leaf/stock-photo-strawberry-leaves-collection-isolated-on-white-163409792.jpg,data/raw/plantdoc/train/Strawberry leaf/stock-photo-strawberry-leaves-collection-isolated-on-white-163409792.jpg,876aef54a3253a49d13895ab6849c80789ebf9979a9d9174f4bdc3a0b1b8b2b1,876aef54a3253a49d13895ab6849c80789ebf9979a9d9174f4bdc3a0b1b8b2b1,63539,450,470,RGB,train,Strawberry leaf,,materialized,
5467f6012d78d1c446145d5f582da6096f852ae8,train/Strawberry leaf/stock-photo-strawberry-leaves-isolated-on-white-background-collection-227987416.jpg,data/raw/plantdoc/train/Strawberry leaf/stock-photo-strawberry-leaves-isolated-on-white-background-collection-227987416.jpg,ae74eda8798b195095f52e08f3371b14500928a196683624a33a16ce474faae3,ae74eda8798b195095f52e08f3371b14500928a196683624a33a16ce474faae3,48216,450,369,RGB,train,Strawberry leaf,,materialized,
5467f6012d78d1c446145d5f582da6096f852ae8,train/Strawberry leaf/strawberry+leaf+3ds+max+texture.jpg,data/raw/plantdoc/train/Strawberry leaf/strawberry+leaf+3ds+max+texture.jpg,d2059eac5786d3df922ead3ced38f5b101ee0828afa24820cdcfff8bd134b624,d2059eac5786d3df922ead3ced38f5b101ee0828afa24820cdcfff8bd134b624,132335,480,389,RGB,train,Strawberry leaf,,materialized,
5467f6012d78d1c446145d5f582da6096f852ae8,train/Strawberry leaf/strawberry+leaf+eila+collage+obsession.jpg,data/raw/plantdoc/train/Strawberry leaf/strawberry+leaf+eila+collage+obsession.jpg,0b24e6542904baad3dfaea090326c35929ceda0b15de1036bc9862ae052e2c7f,0b24e6542904baad3dfaea090326c35929ceda0b15de1036bc9862ae052e2c7f,567985,844,956,RGB,train,Strawberry leaf,,materialized,
5467f6012d78d1c446145d5f582da6096f852ae8,train/Strawberry leaf/strawberry-005.jpg,data/raw/plantdoc/train/Strawberry leaf/strawberry-005.jpg,36b6a2b942ad1ffe795452fd17db10dcc038a854b5e2492a1779ba3facb9954c,36b6a2b942ad1ffe795452fd17db10dcc038a854b5e2492a1779ba3facb9954c,223942,1024,768,RGB,train,Strawberry leaf,,materialized,
5467f6012d78d1c446145d5f582da6096f852ae8,train/Strawberry leaf/strawberry-leaf-24988739.jpg,data/raw/plantdoc/train/Strawberry leaf/strawberry-leaf-24988739.jpg,b81cc4e60627f4404caf64c73e62118a8d6406508adbff1e9ff92912bdb93725,b81cc4e60627f4404caf64c73e62118a8d6406508adbff1e9ff92912bdb93725,207909,1300,1284,RGB,train,Strawberry leaf,,materialized,
5467f6012d78d1c446145d5f582da6096f852ae8,train/Strawberry leaf/strawberry-leaf-isolated-on-white-background-picture-id487562700?k=6&m=487562700&s=612x612&w=0&h=uJYH7WuQOtfgoSp4EKzGuRPXoejL470Pkh_zMoIJYEs=.jpg,data/raw/plantdoc/train/Strawberry leaf/strawberry-leaf-isolated-on-white-background-picture-id487562700?k=6&m=487562700&s=612x612&w=0&h=uJYH7WuQOtfgoSp4EKzGuRPXoejL470Pkh_zMoIJYEs=.jpg,cab80ab80d9de7a802faa266bc3d36abb261b888a01ee88858783ca3c2acc5d2,cab80ab80d9de7a802faa266bc3d36abb261b888a01ee88858783ca3c2acc5d2,47689,612,481,RGB,train,Strawberry leaf,,materialized,
5467f6012d78d1c446145d5f582da6096f852ae8,train/Strawberry leaf/strawberry-leaf-stock-image-3662904.jpg,data/raw/plantdoc/train/Strawberry leaf/strawberry-leaf-stock-image-3662904.jpg,f5dfc7628a2e687d697424b3fcdda10667b8973093fdd41c8fd7cc4ecb41f6bc,f5dfc7628a2e687d697424b3fcdda10667b8973093fdd41c8fd7cc4ecb41f6bc,309060,1267,1392,RGB,train,Strawberry leaf,,materialized,
5467f6012d78d1c446145d5f582da6096f852ae8,train/Strawberry leaf/strawberry-leaf-stock-image-3663564.jpg,data/raw/plantdoc/train/Strawberry leaf/strawberry-leaf-stock-image-3663564.jpg,5a9dfc5f343f09cdbbdaecaa3d8d16f19dc4766435acbe5487bbbe634625cbb7,5a9dfc5f343f09cdbbdaecaa3d8d16f19dc4766435acbe5487bbbe634625cbb7,136430,1300,1011,RGB,train,Strawberry leaf,,materialized,
5467f6012d78d1c446145d5f582da6096f852ae8,train/Strawberry leaf/strawberry-leaf-stock-picture-3646237.jpg,data/raw/plantdoc/train/Strawberry leaf/strawberry-leaf-stock-picture-3646237.jpg,f039d1da9afe0cc5d99e540b4b45f5fe510d77337f571e3cb4a147072d556155,f039d1da9afe0cc5d99e540b4b45f5fe510d77337f571e3cb4a147072d556155,227701,1300,1313,RGB,train,Strawberry leaf,,materialized,
5467f6012d78d1c446145d5f582da6096f852ae8,train/Strawberry leaf/strawberry-leaves-14363881.jpg,data/raw/plantdoc/train/Strawberry leaf/strawberry-leaves-14363881.jpg,1b01d5a8a521c8c1141ac8367faf03342987e25c5ddac61f41da291c0385786f,1b01d5a8a521c8c1141ac8367faf03342987e25c5ddac61f41da291c0385786f,91546,1300,960,RGB,train,Strawberry leaf,,materialized,
5467f6012d78d1c446145d5f582da6096f852ae8,train/Strawberry leaf/strawberry-leaves-14363903.jpg,data/raw/plantdoc/train/Strawberry leaf/strawberry-leaves-14363903.jpg,5cd48511c86fb878296efaf0bbabc85c5144c11c3dde1171abcebfafe032b7eb,5cd48511c86fb878296efaf0bbabc85c5144c11c3dde1171abcebfafe032b7eb,168666,1300,1115,RGB,train,Strawberry leaf,,materialized,
5467f6012d78d1c446145d5f582da6096f852ae8,train/Strawberry leaf/strawberry-leaves-15674632.jpg,data/raw/plantdoc/train/Strawberry leaf/strawberry-leaves-15674632.jpg,c23d1b1f5840be0e904902d7ffa08e4f08814eed0676c86c702f57e1100560da,c23d1b1f5840be0e904902d7ffa08e4f08814eed0676c86c702f57e1100560da,149989,1300,1390,RGB,train,Strawberry leaf,,materialized,
5467f6012d78d1c446145d5f582da6096f852ae8,train/Strawberry leaf/strawberry-leaves-beautiful-shot-white-background-53944290.jpg,data/raw/plantdoc/train/Strawberry leaf/strawberry-leaves-beautiful-shot-white-background-53944290.jpg,32b28592be67d1cdda5fcdc250b52c1788c8682c4078551a344af4ba2feb3d12,32b28592be67d1cdda5fcdc250b52c1788c8682c4078551a344af4ba2feb3d12,189339,1300,957,RGB,train,Strawberry leaf,,materialized,
5467f6012d78d1c446145d5f582da6096f852ae8,train/Strawberry leaf/strawberry-leaves-close-up.jpg,data/raw/plantdoc/train/Strawberry leaf/strawberry-leaves-close-up.jpg,a6ffecba2800a20fe767858274ba84155a67e81247ba4dd9383985f5820e4f86,a6ffecba2800a20fe767858274ba84155a67e81247ba4dd9383985f5820e4f86,1592187,5184,3456,RGB,train,Strawberry leaf,,materialized,
5467f6012d78d1c446145d5f582da6096f852ae8,train/Strawberry leaf/strawberry-leaves-stock-picture-1860898.jpg,data/raw/plantdoc/train/Strawberry leaf/strawberry-leaves-stock-picture-1860898.jpg,c917d265b23713b014ec94f84a42b97d00ffcb2ecc2cc44e67464fdec7455965,c917d265b23713b014ec94f84a42b97d00ffcb2ecc2cc44e67464fdec7455965,251099,1300,958,RGB,train,Strawberry leaf,,materialized,
5467f6012d78d1c446145d5f582da6096f852ae8,train/Strawberry leaf/strawberry-plant-leaves-strawberry-red-spots-on-strawberry-plant-leaves.jpg,data/raw/plantdoc/train/Strawberry leaf/strawberry-plant-leaves-strawberry-red-spots-on-strawberry-plant-leaves.jpg,5cb64d2ec32444fd34d192a89896e3667f7ed40d75ebc0f05e91b39d0a85728c,5cb64d2ec32444fd34d192a89896e3667f7ed40d75ebc0f05e91b39d0a85728c,110273,1024,682,RGB,train,Strawberry leaf,,materialized,
5467f6012d78d1c446145d5f582da6096f852ae8,train/Strawberry leaf/strawberry-plant-leaves-the-distorted-wrinkled-leaves-are-showing-signs-of-cold-damage-the-older-and-younger-leaves-around-them-are-normal-looking-strawberry-plant-leaves-turn-red.jpg,data/raw/plantdoc/train/Strawberry leaf/strawberry-plant-leaves-the-distorted-wrinkled-leaves-are-showing-signs-of-cold-damage-the-older-and-younger-leaves-around-them-are-normal-looking-strawberry-plant-leaves-turn-red.jpg,d1036e50ff212db60301a04e7ad01b881c8268224f85c7ace15b308fd518fab2,d1036e50ff212db60301a04e7ad01b881c8268224f85c7ace15b308fd518fab2,119125,802,697,RGB,train,Strawberry leaf,,materialized,
5467f6012d78d1c446145d5f582da6096f852ae8,train/Strawberry leaf/strawberry-plant.jpg,data/raw/plantdoc/train/Strawberry leaf/strawberry-plant.jpg,de5c9ce7cb827025e9defceed717de17e597791ab649d07e0f2526c60665aa5b,de5c9ce7cb827025e9defceed717de17e597791ab649d07e0f2526c60665aa5b,1117997,2130,1597,RGB,train,Strawberry leaf,,materialized,
5467f6012d78d1c446145d5f582da6096f852ae8,train/Strawberry leaf/strawberry_plant_l1.jpg,data/raw/plantdoc/train/Strawberry leaf/strawberry_plant_l1.jpg,8fbd1266a9aed05b25865e44b2cb2369f2b5095ea3e441ca75f4d4d7e50658e5,8fbd1266a9aed05b25865e44b2cb2369f2b5095ea3e441ca75f4d4d7e50658e5,119357,600,480,RGB,train,Strawberry leaf,,materialized,
5467f6012d78d1c446145d5f582da6096f852ae8,train/Strawberry leaf/strawberryleaves-notpi.jpg,data/raw/plantdoc/train/Strawberry leaf/strawberryleaves-notpi.jpg,417cc8e7ea927f7312066944c5733e232f532b47e265c75cf0301a928ac681f0,417cc8e7ea927f7312066944c5733e232f532b47e265c75cf0301a928ac681f0,1091672,3056,2292,RGB,train,Strawberry leaf,,materialized,
5467f6012d78d1c446145d5f582da6096f852ae8,train/Strawberry leaf/wild-strawberry-fragaria-vesca-leaves-with-a-single-flower-KD619N.jpg,data/raw/plantdoc/train/Strawberry leaf/wild-strawberry-fragaria-vesca-leaves-with-a-single-flower-KD619N.jpg,8caa10cfa03d9fffbe9b4f5776ec8cf00119eb8e83714506c7a6f6b6ea397e9f,8caa10cfa03d9fffbe9b4f5776ec8cf00119eb8e83714506c7a6f6b6ea397e9f,430615,1286,1390,RGB,train,Strawberry leaf,,materialized,
5467f6012d78d1c446145d5f582da6096f852ae8,train/Strawberry leaf/wood-strawberry-leaves-700w.jpg,data/raw/plantdoc/train/Strawberry leaf/wood-strawberry-leaves-700w.jpg,ed8ee928e6bb34759fd3a2e760c9328341c0a4d4a96aba95f01efa3c80eba5a7,ed8ee928e6bb34759fd3a2e760c9328341c0a4d4a96aba95f01efa3c80eba5a7,101718,700,473,RGB,train,Strawberry leaf,,materialized,
5467f6012d78d1c446145d5f582da6096f852ae8,train/Strawberry leaf/yellow-strawberry-leaves.jpg.1080x0_q100_crop-scale.jpg,data/raw/plantdoc/train/Strawberry leaf/yellow-strawberry-leaves.jpg.1080x0_q100_crop-scale.jpg,aeab3bb212da5e993c5fcf9b1f3e2bddafed8f0828a9bc8f229d88e7cebcac49,aeab3bb212da5e993c5fcf9b1f3e2bddafed8f0828a9bc8f229d88e7cebcac49,792085,1080,810,RGB,train,Strawberry leaf,,materialized,
5467f6012d78d1c446145d5f582da6096f852ae8,train/Tomato Early blight leaf/100_46341.jpg,data/raw/plantdoc/train/Tomato Early blight leaf/100_46341.jpg,a873676f4c845584dce10f5fb173c5ebbf2c6eee203b323c23c4768b63c83919,a873676f4c845584dce10f5fb173c5ebbf2c6eee203b323c23c4768b63c83919,942649,2160,1440,RGB,train,Tomato Early blight leaf,,materialized,
5467f6012d78d1c446145d5f582da6096f852ae8,train/Tomato Early blight leaf/1058_0.jpeg?itok=OQkdtxgv.jpg,data/raw/plantdoc/train/Tomato Early blight leaf/1058_0.jpeg?itok=OQkdtxgv.jpg,76768246f4d25f6a8acb5ca05f3c5e2f0bfe4804f8ec61ab7d5948d2e4419ab9,76768246f4d25f6a8acb5ca05f3c5e2f0bfe4804f8ec61ab7d5948d2e4419ab9,86783,800,600,RGB,train,Tomato Early blight leaf,,materialized,
5467f6012d78d1c446145d5f582da6096f852ae8,train/Tomato Early blight leaf/126689-004-D622CD2F.jpg,data/raw/plantdoc/train/Tomato Early blight leaf/126689-004-D622CD2F.jpg,451d83c709fcbab2f641e27b6cd6315d9bb869cf94210cfcd4e085f5ec399c88,451d83c709fcbab2f641e27b6cd6315d9bb869cf94210cfcd4e085f5ec399c88,47728,550,384,RGB,train,Tomato Early blight leaf,,materialized,
5467f6012d78d1c446145d5f582da6096f852ae8,train/Tomato Early blight leaf/12July_mwnews_3-C.jpg,data/raw/plantdoc/train/Tomato Early blight leaf/12July_mwnews_3-C.jpg,9d371a6c63fb291698ee47aa1c65fb0d2abb751b44df44db1c7570bc3f7a1f05,9d371a6c63fb291698ee47aa1c65fb0d2abb751b44df44db1c7570bc3f7a1f05,29902,330,219,RGB,train,Tomato Early blight leaf,,materialized,
5467f6012d78d1c446145d5f582da6096f852ae8,train/Tomato Early blight leaf/1576389-early%20blight%20symptoms.jpg,data/raw/plantdoc/train/Tomato Early blight leaf/1576389-early%20blight%20symptoms.jpg,3ac5eeec11f5f30eac6be32cad0a832ac56f2b47ed07fc2735e54bd3b872fd33,3ac5eeec11f5f30eac6be32cad0a832ac56f2b47ed07fc2735e54bd3b872fd33,17016,382,261,RGB,train,Tomato Early blight leaf,,materialized,
5467f6012d78d1c446145d5f582da6096f852ae8,train/Tomato Early blight leaf/20020531-early%20blight%20%20starts%20on%20lower%20leaves.jpg,data/raw/plantdoc/train/Tomato Early blight leaf/20020531-early%20blight%20%20starts%20on%20lower%20leaves.jpg,93ab9e69d6fc9f1e56196623dcc56f9d7a96fa33837ad69b72e7d6064c859b53,93ab9e69d6fc9f1e56196623dcc56f9d7a96fa33837ad69b72e7d6064c859b53,37327,498,312,RGB,train,Tomato Early blight leaf,,materialized,
5467f6012d78d1c446145d5f582da6096f852ae8,train/Tomato Early blight leaf/20080526-_DSC4211.jpg,data/raw/plantdoc/train/Tomato Early blight leaf/20080526-_DSC4211.jpg,3152eb37a0a7f6e9b89d75f8bcef5d1dfe8306631fa4080a00fb0a0cd3ad05da,3152eb37a0a7f6e9b89d75f8bcef5d1dfe8306631fa4080a00fb0a0cd3ad05da,110859,465,700,RGB,train,Tomato Early blight leaf,,materialized,
5467f6012d78d1c446145d5f582da6096f852ae8,train/Tomato Early blight leaf/2373320.jpg,data/raw/plantdoc/train/Tomato Early blight leaf/2373320.jpg,b54f3a6a6ce36dfc6fb2d8530c7c7a754bb61226482733cd04248e3753db6762,b54f3a6a6ce36dfc6fb2d8530c7c7a754bb61226482733cd04248e3753db6762,37835,450,325,RGB,train,Tomato Early blight leaf,,materialized,
5467f6012d78d1c446145d5f582da6096f852ae8,train/Tomato Early blight leaf/30053_original.jpg,data/raw/plantdoc/train/Tomato Early blight leaf/30053_original.jpg,a168b286abf0da7a41ee9a997bc1ae4f03e07b4dec1f2d15b720488641629064,a168b286abf0da7a41ee9a997bc1ae4f03e07b4dec1f2d15b720488641629064,212211,500,334,RGB,train,Tomato Early blight leaf,,materialized,
5467f6012d78d1c446145d5f582da6096f852ae8,train/Tomato Early blight leaf/3606630.jpg,data/raw/plantdoc/train/Tomato Early blight leaf/3606630.jpg,01cd050387f24fcbedb590c2b2ec5b2e959a9677b0b90036adc87e95d7b9fbd1,01cd050387f24fcbedb590c2b2ec5b2e959a9677b0b90036adc87e95d7b9fbd1,23254,325,216,RGB,train,Tomato Early blight leaf,,materialized,
5467f6012d78d1c446145d5f582da6096f852ae8,train/Tomato Early blight leaf/5086-early.jpg,data/raw/plantdoc/train/Tomato Early blight leaf/5086-early.jpg,e53dafded16607655d8de9a1f8e9938209784e5893a9b2bd8a28572525d5aea5,e53dafded16607655d8de9a1f8e9938209784e5893a9b2bd8a28572525d5aea5,26454,250,301,RGB,train,Tomato Early blight leaf,,materialized,
5467f6012d78d1c446145d5f582da6096f852ae8,train/Tomato Early blight leaf/8%20mistakes%204.jpg,data/raw/plantdoc/train/Tomato Early blight leaf/8%20mistakes%204.jpg,45dab4e9080842d38f03634bd6fc2c5eb0cb43a1fe59d3e2823ecebd38f13a98,45dab4e9080842d38f03634bd6fc2c5eb0cb43a1fe59d3e2823ecebd38f13a98,132296,500,333,RGB,train,Tomato Early blight leaf,,materialized,
5467f6012d78d1c446145d5f582da6096f852ae8,train/Tomato Early blight leaf/8950022d45978228d5e44a35183efdb9--tomatoes-dyi.jpg,data/raw/plantdoc/train/Tomato Early blight leaf/8950022d45978228d5e44a35183efdb9--tomatoes-dyi.jpg,edd0af091234d6a6c73df4c15edf5c2ac71b756e4594557707addc5e20736640,edd0af091234d6a6c73df4c15edf5c2ac71b756e4594557707addc5e20736640,17134,236,314,RGB,train,Tomato Early blight leaf,,materialized,
5467f6012d78d1c446145d5f582da6096f852ae8,train/Tomato Early blight leaf/BCH%20medium%20thumbnail%20for%20upload%20%2836%29.jpg,data/raw/plantdoc/train/Tomato Early blight leaf/BCH%20medium%20thumbnail%20for%20upload%20%2836%29.jpg,be84048ef0f394ed981c12d457700d1c24edc3b210fa3d0c8ebd1deb73f7fb3b,be84048ef0f394ed981c12d457700d1c24edc3b210fa3d0c8ebd1deb73f7fb3b,60142,375,300,RGB,train,Tomato Early blight leaf,,materialized,
5467f6012d78d1c446145d5f582da6096f852ae8,train/Tomato Early blight leaf/Diseased-Tomato-Plant.jpg,data/raw/plantdoc/train/Tomato Early blight leaf/Diseased-Tomato-Plant.jpg,207e6d9c3b2fb702ac22d551d7add6f5df1dc20921f66ebbb25250d211e5aa4a,207e6d9c3b2fb702ac22d551d7add6f5df1dc20921f66ebbb25250d211e5aa4a,37694,680,510,RGB,train,Tomato Early blight leaf,,materialized,
5467f6012d78d1c446145d5f582da6096f852ae8,train/Tomato Early blight leaf/EBTomato.jpg,data/raw/plantdoc/train/Tomato Early blight leaf/EBTomato.jpg,9145ae957dc02636c9cae1d25e9b43fdc0ee330eb7131b12e244457d684ba326,9145ae957dc02636c9cae1d25e9b43fdc0ee330eb7131b12e244457d684ba326,35819,300,450,RGB,train,Tomato Early blight leaf,,materialized,
5467f6012d78d1c446145d5f582da6096f852ae8,train/Tomato Early blight leaf/Early+Blight+-+Tomatoes.jpg,data/raw/plantdoc/train/Tomato Early blight leaf/Early+Blight+-+Tomatoes.jpg,8ec0ab005a98df520cd8cb9959d95c851e9ca3d0d7f7075dac168f035bbf2800,8ec0ab005a98df520cd8cb9959d95c851e9ca3d0d7f7075dac168f035bbf2800,19994,350,263,RGB,train,Tomato Early blight leaf,,materialized,
5467f6012d78d1c446145d5f582da6096f852ae8,train/Tomato Early blight leaf/Early-bligh_t.jpg,data/raw/plantdoc/train/Tomato Early blight leaf/Early-bligh_t.jpg,3445460118b42927cd77ca03b2c35f78173f48117d5aaccfa63b00324d8a2f19,3445460118b42927cd77ca03b2c35f78173f48117d5aaccfa63b00324d8a2f19,44552,810,450,RGB,train,Tomato Early blight leaf,,materialized,
5467f6012d78d1c446145d5f582da6096f852ae8,train/Tomato Early blight leaf/Early-blight-660x440.jpg,data/raw/plantdoc/train/Tomato Early blight leaf/Early-blight-660x440.jpg,6ae670ce5fcc26e159e08bca37c94426614d50c836b337e8bc645cd52579fde2,6ae670ce5fcc26e159e08bca37c94426614d50c836b337e8bc645cd52579fde2,56206,660,440,RGB,train,Tomato Early blight leaf,,materialized,
5467f6012d78d1c446145d5f582da6096f852ae8,train/Tomato Early blight leaf/Early-blight.jpg,data/raw/plantdoc/train/Tomato Early blight leaf/Early-blight.jpg,55c2e84169c7e645d9c23583e6ad8eaf19e930ee99b33b38a8c4c60e639e0099,55c2e84169c7e645d9c23583e6ad8eaf19e930ee99b33b38a8c4c60e639e0099,26129,598,332,RGB,train,Tomato Early blight leaf,,materialized,
5467f6012d78d1c446145d5f582da6096f852ae8,train/Tomato Early blight leaf/Early_Blight_of_Tomato1687.jpg,data/raw/plantdoc/train/Tomato Early blight leaf/Early_Blight_of_Tomato1687.jpg,12ce0c3a8c2a2004e28e6927eddfa5199c1e7b5e1bc3f2cf6f1d9eb43824f620,12ce0c3a8c2a2004e28e6927eddfa5199c1e7b5e1bc3f2cf6f1d9eb43824f620,47801,800,600,RGB,train,Tomato Early blight leaf,,materialized,
5467f6012d78d1c446145d5f582da6096f852ae8,train/Tomato Early blight leaf/Early_blight_1.jpg?1376579808.jpg,data/raw/plantdoc/train/Tomato Early blight leaf/Early_blight_1.jpg?1376579808.jpg,c1f5d68c2bc5aaf510a4bec559182542013b7ca1acc253dd5881a2fd5c1db1d0,c1f5d68c2bc5aaf510a4bec559182542013b7ca1acc253dd5881a2fd5c1db1d0,54106,800,511,RGB,train,Tomato Early blight leaf,,materialized,
5467f6012d78d1c446145d5f582da6096f852ae8,train/Tomato Early blight leaf/FS547-2-big.jpg,data/raw/plantdoc/train/Tomato Early blight leaf/FS547-2-big.jpg,842ea84ed99308608449bbae66957a7115a30988be1518afe4c253f2897913ac,842ea84ed99308608449bbae66957a7115a30988be1518afe4c253f2897913ac,117300,640,433,RGB,train,Tomato Early blight leaf,,materialized,
5467f6012d78d1c446145d5f582da6096f852ae8,train/Tomato Early blight leaf/IMG_0591.jpg,data/raw/plantdoc/train/Tomato Early blight leaf/IMG_0591.jpg,70b3e43a7e28d4d4aa09d07b37f0be1682a77ae0e84071fb74835e3e3db3c967,70b3e43a7e28d4d4aa09d07b37f0be1682a77ae0e84071fb74835e3e3db3c967,400825,1920,1440,RGB,train,Tomato Early blight leaf,,materialized,
5467f6012d78d1c446145d5f582da6096f852ae8,train/Tomato Early blight leaf/IMG_2436w.jpg,data/raw/plantdoc/train/Tomato Early blight leaf/IMG_2436w.jpg,e6893f4af1ef2017d83bb63b027397b20d3d519592db2a46777b09d942786275,e6893f4af1ef2017d83bb63b027397b20d3d519592db2a46777b09d942786275,123664,800,600,RGB,train,Tomato Early blight leaf,,materialized,
5467f6012d78d1c446145d5f582da6096f852ae8,train/Tomato Early blight leaf/MPC105550.jpg.rendition.largest.ss.jpg,data/raw/plantdoc/train/Tomato Early blight leaf/MPC105550.jpg.rendition.largest.ss.jpg,c280edc30e7bd848018d847e8d4111913799cf3042ce7e33de99c78cff5879f2,c280edc30e7bd848018d847e8d4111913799cf3042ce7e33de99c78cff5879f2,43343,300,300,RGB,train,Tomato Early blight leaf,,materialized,
5467f6012d78d1c446145d5f582da6096f852ae8,train/Tomato Early blight leaf/Original_e-blight.JPG.rend.hgtvcom.966.725.jpeg.jpg,data/raw/plantdoc/train/Tomato Early blight leaf/Original_e-blight.JPG.rend.hgtvcom.966.725.jpeg.jpg,6b1819bc9dee9e1436e94b6a431183cca88a28744a2bfa25aa1d986039c29fa1,6b1819bc9dee9e1436e94b6a431183cca88a28744a2bfa25aa1d986039c29fa1,81380,966,725,RGB,train,Tomato Early blight leaf,,materialized,
5467f6012d78d1c446145d5f582da6096f852ae8,train/Tomato Early blight leaf/Tomato%20early%20blight%20target%20like%20leaf%20spot.jpg,data/raw/plantdoc/train/Tomato Early blight leaf/Tomato%20early%20blight%20target%20like%20leaf%20spot.jpg,2bbd412c3becf1c8b468630f6536855ee9e39705be3905a9d62db51f32595ed0,2bbd412c3becf1c8b468630f6536855ee9e39705be3905a9d62db51f32595ed0,20239,286,209,RGB,train,Tomato Early blight leaf,,materialized,
5467f6012d78d1c446145d5f582da6096f852ae8,train/Tomato Early blight leaf/Tomato-Alternaria-Early-Blight.jpg,data/raw/plantdoc/train/Tomato Early blight leaf/Tomato-Alternaria-Early-Blight.jpg,65a9d96aa54416a84aef29d40e6b1904d6296f27c39685dbd510223df828ff52,65a9d96aa54416a84aef29d40e6b1904d6296f27c39685dbd510223df828ff52,4717116,3872,2592,RGB,train,Tomato Early blight leaf,,materialized,
5467f6012d78d1c446145d5f582da6096f852ae8,train/Tomato Early blight leaf/Tomato-Early-Blight-Leaf-Examples-Cornell-University.jpg,data/raw/plantdoc/train/Tomato Early blight leaf/Tomato-Early-Blight-Leaf-Examples-Cornell-University.jpg,7d0a6ab650c699b2b91d062b22d66957c249c86361fe9e90efbda06eff3c61fe,7d0a6ab650c699b2b91d062b22d66957c249c86361fe9e90efbda06eff3c61fe,371018,1200,900,RGB,train,Tomato Early blight leaf,,materialized,
5467f6012d78d1c446145d5f582da6096f852ae8,train/Tomato Early blight leaf/Tomato-Early-Blight-Leaves-Cornell-University.jpg,data/raw/plantdoc/train/Tomato Early blight leaf/Tomato-Early-Blight-Leaves-Cornell-University.jpg,a35b35f65bb3dbec1983a7be92c05ca51eec0ffa5e5bd46d542cb90565a4402d,a35b35f65bb3dbec1983a7be92c05ca51eec0ffa5e5bd46d542cb90565a4402d,405270,1200,1600,RGB,train,Tomato Early blight leaf,,materialized,
5467f6012d78d1c446145d5f582da6096f852ae8,train/Tomato Early blight leaf/Tomato-Early-Blight-e1513806873934.jpg,data/raw/plantdoc/train/Tomato Early blight leaf/Tomato-Early-Blight-e1513806873934.jpg,d57335974304fa7882aecbab9e5383aa4f3ac3fbf2b04ad494d0eff8035f59ab,d57335974304fa7882aecbab9e5383aa4f3ac3fbf2b04ad494d0eff8035f59ab,89151,500,667,RGB,train,Tomato Early blight leaf,,materialized,
5467f6012d78d1c446145d5f582da6096f852ae8,train/Tomato Early blight leaf/Tomato-Early-Blight.jpg,data/raw/plantdoc/train/Tomato Early blight leaf/Tomato-Early-Blight.jpg,83b860dc08a903eff86762037ba6c423b23636468cdeb7d7dff8563ef20290d6,83b860dc08a903eff86762037ba6c423b23636468cdeb7d7dff8563ef20290d6,21358,275,206,RGB,train,Tomato Early blight leaf,,materialized,
5467f6012d78d1c446145d5f582da6096f852ae8,train/Tomato Early blight leaf/Tomato-blight-large.jpg,data/raw/plantdoc/train/Tomato Early blight leaf/Tomato-blight-large.jpg,7505693ef3824fdce797b20937e8861f0bf5462273d6a4b9b05c4782f2cd136d,7505693ef3824fdce797b20937e8861f0bf5462273d6a4b9b05c4782f2cd136d,102109,600,538,RGB,train,Tomato Early blight leaf,,materialized,
5467f6012d78d1c446145d5f582da6096f852ae8,train/Tomato Early blight leaf/Tomato-diseases-prevention-treatment.-Early-blight..jpg,data/raw/plantdoc/train/Tomato Early blight leaf/Tomato-diseases-prevention-treatment.-Early-blight..jpg,ac23b8c1a19766e3c126cfe1d0e3f8b4ef4632c653a6f21414da441564ebf6d3,ac23b8c1a19766e3c126cfe1d0e3f8b4ef4632c653a6f21414da441564ebf6d3,209186,1200,900,RGB,train,Tomato Early blight leaf,,materialized,
5467f6012d78d1c446145d5f582da6096f852ae8,train/Tomato Early blight leaf/Tomato-early-blight_1_1-12wmver.jpg,data/raw/plantdoc/train/Tomato Early blight leaf/Tomato-early-blight_1_1-12wmver.jpg,d9184e763d4bab679a6227ddbacc931f2b869df0c0c1d7a4fd57b54c33951004,d9184e763d4bab679a6227ddbacc931f2b869df0c0c1d7a4fd57b54c33951004,70355,813,576,RGB,train,Tomato Early blight leaf,,materialized,
5467f6012d78d1c446145d5f582da6096f852ae8,train/Tomato Early blight leaf/august-11-early-leaf-blight-single-leaf.jpg,data/raw/plantdoc/train/Tomato Early blight leaf/august-11-early-leaf-blight-single-leaf.jpg,132b165fcb49e37cee77a1b35c28192c55011f441f2c484dc840a8f3998aa24e,132b165fcb49e37cee77a1b35c28192c55011f441f2c484dc840a8f3998aa24e,3907885,3872,2592,RGB,train,Tomato Early blight leaf,,materialized,
5467f6012d78d1c446145d5f582da6096f852ae8,train/Tomato Early blight leaf/b54d0e40027ff5e90e8ba7e1e9abf9bd--garden-guide-garden-ideas.jpg,data/raw/plantdoc/train/Tomato Early blight leaf/b54d0e40027ff5e90e8ba7e1e9abf9bd--garden-guide-garden-ideas.jpg,6fa67a7e5771f317ad1e389f885e2b6ffc751f93f3d4b9605966905eb0e570a9,6fa67a7e5771f317ad1e389f885e2b6ffc751f93f3d4b9605966905eb0e570a9,24241,448,336,RGB,train,Tomato Early blight leaf,,materialized,
5467f6012d78d1c446145d5f582da6096f852ae8,train/Tomato Early blight leaf/blog_early_blight_628.jpg,data/raw/plantdoc/train/Tomato Early blight leaf/blog_early_blight_628.jpg,ad58b81b4efb75dab014cfd52f1a36f5a6aa5cccb2459f4a08fed3478bf0017b,ad58b81b4efb75dab014cfd52f1a36f5a6aa5cccb2459f4a08fed3478bf0017b,279599,432,652,RGB,train,Tomato Early blight leaf,,materialized,
5467f6012d78d1c446145d5f582da6096f852ae8,train/Tomato Early blight leaf/confused-bacterial-canker-early-blight-zoom.JPG.jpg,data/raw/plantdoc/train/Tomato Early blight leaf/confused-bacterial-canker-early-blight-zoom.JPG.jpg,23ed3c9f53f619a48c313ff93e456fe24bac94c5f64f62a5df0747e244f9acfc,23ed3c9f53f619a48c313ff93e456fe24bac94c5f64f62a5df0747e244f9acfc,42921,419,284,RGB,train,Tomato Early blight leaf,,materialized,
5467f6012d78d1c446145d5f582da6096f852ae8,train/Tomato Early blight leaf/droppedImage_3-1.jpg,data/raw/plantdoc/train/Tomato Early blight leaf/droppedImage_3-1.jpg,ee8fd5aff128b5c1b2e609ba97c4cc71c50d5fe3199e346dadd9feca74c32ed0,ee8fd5aff128b5c1b2e609ba97c4cc71c50d5fe3199e346dadd9feca74c32ed0,147109,800,602,RGB,train,Tomato Early blight leaf,,materialized,
5467f6012d78d1c446145d5f582da6096f852ae8,train/Tomato Early blight leaf/dscn3168.jpg,data/raw/plantdoc/train/Tomato Early blight leaf/dscn3168.jpg,9d4d6efbace12e51b26f7484aea0f59fbcb3efac75aa41a3fec6c24b040e85e4,9d4d6efbace12e51b26f7484aea0f59fbcb3efac75aa41a3fec6c24b040e85e4,604433,2592,1944,RGB,train,Tomato Early blight leaf,,materialized,
5467f6012d78d1c446145d5f582da6096f852ae8,train/Tomato Early blight leaf/ealryblight.jpg,data/raw/plantdoc/train/Tomato Early blight leaf/ealryblight.jpg,1989e34c3dd3cdf8d2867d6f2e8cfd0f8f45ab096264856776b049b243489396,1989e34c3dd3cdf8d2867d6f2e8cfd0f8f45ab096264856776b049b243489396,87349,600,800,RGB,train,Tomato Early blight leaf,,materialized,
5467f6012d78d1c446145d5f582da6096f852ae8,train/Tomato Early blight leaf/early%20blight%20%283%29.jpg?itok=UMYWI0xr.jpg,data/raw/plantdoc/train/Tomato Early blight leaf/early%20blight%20%283%29.jpg?itok=UMYWI0xr.jpg,64f828f8665c1884762025bba8feeaa41ef5c87651ace0cdb821e7f1981419cd,64f828f8665c1884762025bba8feeaa41ef5c87651ace0cdb821e7f1981419cd,38069,567,393,RGB,train,Tomato Early blight leaf,,materialized,
5467f6012d78d1c446145d5f582da6096f852ae8,train/Tomato Early blight leaf/early%20blight%20%284%29.jpg?itok=gfK5C193.jpg,data/raw/plantdoc/train/Tomato Early blight leaf/early%20blight%20%284%29.jpg?itok=gfK5C193.jpg,b7ac78d7589165e470a569e7a383325e5d8f204c50d615382dc180663ddebbdb,b7ac78d7589165e470a569e7a383325e5d8f204c50d615382dc180663ddebbdb,35581,567,393,RGB,train,Tomato Early blight leaf,,materialized,
5467f6012d78d1c446145d5f582da6096f852ae8,train/Tomato Early blight leaf/early-blight-2x.jpg,data/raw/plantdoc/train/Tomato Early blight leaf/early-blight-2x.jpg,6c18b60079c57eaa5e1feddb4a11a1c7d9487ba083d81eaa66232f3b62c79d8c,6c18b60079c57eaa5e1feddb4a11a1c7d9487ba083d81eaa66232f3b62c79d8c,60276,450,575,RGB,train,Tomato Early blight leaf,,materialized,
5467f6012d78d1c446145d5f582da6096f852ae8,train/Tomato Early blight leaf/early-blight-closeup-sm.jpg,data/raw/plantdoc/train/Tomato Early blight leaf/early-blight-closeup-sm.jpg,ab6642a5059e272e37d829d1e651b92d3b0af1322d4de601eb5a242267232d70,ab6642a5059e272e37d829d1e651b92d3b0af1322d4de601eb5a242267232d70,123025,454,291,RGB,train,Tomato Early blight leaf,,materialized,
5467f6012d78d1c446145d5f582da6096f852ae8,train/Tomato Early blight leaf/early-blight-in-high-tunnel-tomatoes-19tm74h.jpg,data/raw/plantdoc/train/Tomato Early blight leaf/early-blight-in-high-tunnel-tomatoes-19tm74h.jpg,912ce20afc0cc92d8a3a49bd4f708c5f6c49df69788aad15938b388c5d949d23,912ce20afc0cc92d8a3a49bd4f708c5f6c49df69788aad15938b388c5d949d23,2267364,2978,2091,RGB,train,Tomato Early blight leaf,,materialized,
5467f6012d78d1c446145d5f582da6096f852ae8,train/Tomato Early blight leaf/early-blight-in-tomatoes.jpg,data/raw/plantdoc/train/Tomato Early blight leaf/early-blight-in-tomatoes.jpg,55fdd8fd51fe951d7feb95e7d24f21003cba193ee8b6235047bcb241a70296ee,55fdd8fd51fe951d7feb95e7d24f21003cba193ee8b6235047bcb241a70296ee,122245,600,900,RGB,train,Tomato Early blight leaf,,materialized,
5467f6012d78d1c446145d5f582da6096f852ae8,train/Tomato Early blight leaf/early-blight-of-tomato-tomato-1.jpg,data/raw/plantdoc/train/Tomato Early blight leaf/early-blight-of-tomato-tomato-1.jpg,cfb56ff1c8a42b9444f41b4e5715387bbd669aed97af5bbd78732bf3640f68f2,cfb56ff1c8a42b9444f41b4e5715387bbd669aed97af5bbd78732bf3640f68f2,30846,300,400,RGB,train,Tomato Early blight leaf,,materialized,
5467f6012d78d1c446145d5f582da6096f852ae8,train/Tomato Early blight leaf/early-blight-or-target-spot-alternaria-solani-lesions-on-a-tomato-BH3TH0.jpg,data/raw/plantdoc/train/Tomato Early blight leaf/early-blight-or-target-spot-alternaria-solani-lesions-on-a-tomato-BH3TH0.jpg,cc438f6eb618d7470cd622e40b6dd423e5242165c1ea0e130a04f15ed18347d3,cc438f6eb618d7470cd622e40b6dd423e5242165c1ea0e130a04f15ed18347d3,177194,1083,1390,RGB,train,Tomato Early blight leaf,,materialized,
5467f6012d78d1c446145d5f582da6096f852ae8,train/Tomato Early blight leaf/early-blight-or-target-spot-alternaria-solani-lesions-on-a-tomato-BY9J8R.jpg,data/raw/plantdoc/train/Tomato Early blight leaf/early-blight-or-target-spot-alternaria-solani-lesions-on-a-tomato-BY9J8R.jpg,283b4d969c7c2d557e61b7e865eaae86083e9e1dee0282585b4472b7b8829c1c,283b4d969c7c2d557e61b7e865eaae86083e9e1dee0282585b4472b7b8829c1c,347204,1300,1359,RGB,train,Tomato Early blight leaf,,materialized,
5467f6012d78d1c446145d5f582da6096f852ae8,train/Tomato Early blight leaf/early-blight-pp-labeled_orig.jpg,data/raw/plantdoc/train/Tomato Early blight leaf/early-blight-pp-labeled_orig.jpg,fd239bf6835b671660a8f6c01f19e977348f741ec605be9ed2ad5d08340729fe,fd239bf6835b671660a8f6c01f19e977348f741ec605be9ed2ad5d08340729fe,46175,499,332,RGB,train,Tomato Early blight leaf,,materialized,
5467f6012d78d1c446145d5f582da6096f852ae8,train/Tomato Early blight leaf/early-blight1.jpg,data/raw/plantdoc/train/Tomato Early blight leaf/early-blight1.jpg,782699cc0102a7968cb21108a8b7e53cb3de98aabfdc522c110ff9711d32a61b,782699cc0102a7968cb21108a8b7e53cb3de98aabfdc522c110ff9711d32a61b,74131,300,343,RGB,train,Tomato Early blight leaf,,materialized,
5467f6012d78d1c446145d5f582da6096f852ae8,train/Tomato Early blight leaf/early-tomato-blight.jpg,data/raw/plantdoc/train/Tomato Early blight leaf/early-tomato-blight.jpg,4b602165b3be41fa2a30ed47b89ba746f1f56f11093128c615623247d7f60d81,4b602165b3be41fa2a30ed47b89ba746f1f56f11093128c615623247d7f60d81,8017,150,150,RGB,train,Tomato Early blight leaf,,materialized,
5467f6012d78d1c446145d5f582da6096f852ae8,train/Tomato Early blight leaf/early_blight_spots_l.jpg,data/raw/plantdoc/train/Tomato Early blight leaf/early_blight_spots_l.jpg,f9c1209dd47829d787c6562fb2bd0e184efd64e35891fed993c351ce56dc6dd5,f9c1209dd47829d787c6562fb2bd0e184efd64e35891fed993c351ce56dc6dd5,20668,400,300,RGB,train,Tomato Early blight leaf,,materialized,
5467f6012d78d1c446145d5f582da6096f852ae8,train/Tomato Early blight leaf/early_blight_tomato.jpg,data/raw/plantdoc/train/Tomato Early blight leaf/early_blight_tomato.jpg,17419a4b47683575f01f06bc0e875bdd062ee735a3ed85230eec0b681eaae639,17419a4b47683575f01f06bc0e875bdd062ee735a3ed85230eec0b681eaae639,864888,1008,672,RGB,train,Tomato Early blight leaf,,materialized,
5467f6012d78d1c446145d5f582da6096f852ae8,train/Tomato Early blight leaf/earlyblight.jpg,data/raw/plantdoc/train/Tomato Early blight leaf/earlyblight.jpg,39e0c2d68640416904d05c046689e81c8658e482b5fe9cd55f53e9f1bc51269a,39e0c2d68640416904d05c046689e81c8658e482b5fe9cd55f53e9f1bc51269a,13139,298,246,RGB,train,Tomato Early blight leaf,,materialized,
5467f6012d78d1c446145d5f582da6096f852ae8,train/Tomato Early blight leaf/earlyblightpotato.jpg,data/raw/plantdoc/train/Tomato Early blight leaf/earlyblightpotato.jpg,d0c8a4d48ed9a3f9435d1affb82ac10e9a06adb0f2615ff62e83e21bdfa281fc,d0c8a4d48ed9a3f9435d1affb82ac10e9a06adb0f2615ff62e83e21bdfa281fc,146979,465,350,RGB,train,Tomato Early blight leaf,,materialized,
5467f6012d78d1c446145d5f582da6096f852ae8,train/Tomato Early blight leaf/earlyblightresize.jpg,data/raw/plantdoc/train/Tomato Early blight leaf/earlyblightresize.jpg,4c3dc3081f8fb2b15d15c0ebc574e351c0f6463d5e86a77deb98bb70cd6097ee,4c3dc3081f8fb2b15d15c0ebc574e351c0f6463d5e86a77deb98bb70cd6097ee,30321,320,240,RGB,train,Tomato Early blight leaf,,materialized,
5467f6012d78d1c446145d5f582da6096f852ae8,train/Tomato Early blight leaf/earlyblighttomato.jpg,data/raw/plantdoc/train/Tomato Early blight leaf/earlyblighttomato.jpg,78ad69752fa5b5f012d0d1af5afe205deabc3d28d480f381dc08a854e89af059,78ad69752fa5b5f012d0d1af5afe205deabc3d28d480f381dc08a854e89af059,131207,328,477,RGB,train,Tomato Early blight leaf,,materialized,
5467f6012d78d1c446145d5f582da6096f852ae8,train/Tomato Early blight leaf/ebleafb.jpg,data/raw/plantdoc/train/Tomato Early blight leaf/ebleafb.jpg,3ca87b4295d2a7e082c988deb76e33b2a6f88c7f5e28c7810b39ef940b4ba3c5,3ca87b4295d2a7e082c988deb76e33b2a6f88c7f5e28c7810b39ef940b4ba3c5,20804,600,400,RGB,train,Tomato Early blight leaf,,materialized,
5467f6012d78d1c446145d5f582da6096f852ae8,train/Tomato Early blight leaf/eblight5.jpg,data/raw/plantdoc/train/Tomato Early blight leaf/eblight5.jpg,f77bc6d3e2386c79fad89927193f46133253ad6472295ace1b994fc6e97c51bb,f77bc6d3e2386c79fad89927193f46133253ad6472295ace1b994fc6e97c51bb,122285,564,377,RGB,train,Tomato Early blight leaf,,materialized,
5467f6012d78d1c446145d5f582da6096f852ae8,train/Tomato Early blight leaf/gn201410308259997ar-jpg.jpg,data/raw/plantdoc/train/Tomato Early blight leaf/gn201410308259997ar-jpg.jpg,b5e3b14290f95abf17305d6555fe1412b1f59b0331094d6da7e1a304d0e8cf65,b5e3b14290f95abf17305d6555fe1412b1f59b0331094d6da7e1a304d0e8cf65,224640,804,604,RGB,train,Tomato Early blight leaf,,materialized,
5467f6012d78d1c446145d5f582da6096f852ae8,train/Tomato Early blight leaf/halleck_tomato_earlyblight__inline-half.jpg,data/raw/plantdoc/train/Tomato Early blight leaf/halleck_tomato_earlyblight__inline-half.jpg,dab4afc0ccde1fbb391f8c0e6f3da190ea3565eb66457ea7e2355f712c443e0e,dab4afc0ccde1fbb391f8c0e6f3da190ea3565eb66457ea7e2355f712c443e0e,18137,303,296,RGB,train,Tomato Early blight leaf,,materialized,
5467f6012d78d1c446145d5f582da6096f852ae8,train/Tomato Early blight leaf/p1020083cs.jpg,data/raw/plantdoc/train/Tomato Early blight leaf/p1020083cs.jpg,a218e87485e3460381942c140ec90e1015e08885f990d9271606b9a33b4c8d09,a218e87485e3460381942c140ec90e1015e08885f990d9271606b9a33b4c8d09,232120,800,597,RGB,train,Tomato Early blight leaf,,materialized,
5467f6012d78d1c446145d5f582da6096f852ae8,train/Tomato Early blight leaf/p1020084s.jpg,data/raw/plantdoc/train/Tomato Early blight leaf/p1020084s.jpg,7a4acf69b4c2e40021ae5c225a9e82b7a4d0a19977401033cff9c57771d3b439,7a4acf69b4c2e40021ae5c225a9e82b7a4d0a19977401033cff9c57771d3b439,265403,800,600,RGB,train,Tomato Early blight leaf,,materialized,
5467f6012d78d1c446145d5f582da6096f852ae8,train/Tomato Early blight leaf/spotonleaf1.jpg,data/raw/plantdoc/train/Tomato Early blight leaf/spotonleaf1.jpg,17af9b933a654e3c28adc7846816eac9a876183638fba8a86f339bfef2505f42,17af9b933a654e3c28adc7846816eac9a876183638fba8a86f339bfef2505f42,39305,300,225,RGB,train,Tomato Early blight leaf,,materialized,
5467f6012d78d1c446145d5f582da6096f852ae8,train/Tomato Early blight leaf/tomato-blight-phytophthora-infestans-early-stages-on-tomato-plant-b5n952.jpg,data/raw/plantdoc/train/Tomato Early blight leaf/tomato-blight-phytophthora-infestans-early-stages-on-tomato-plant-b5n952.jpg,c693d01fd09c567b0dcd5697213681e0da16674d235733ef5e9801e4627fc8ff,c693d01fd09c567b0dcd5697213681e0da16674d235733ef5e9801e4627fc8ff,79719,347,540,RGB,train,Tomato Early blight leaf,,materialized,
5467f6012d78d1c446145d5f582da6096f852ae8,train/Tomato Early blight leaf/tomato-blight-soil-treatment-early-tomato-blight-in-a-microcosm-lower-leaves-curl-up-and-die-bulls-eye-lesions-tomato-fungus-soil-treatment.jpg,data/raw/plantdoc/train/Tomato Early blight leaf/tomato-blight-soil-treatment-early-tomato-blight-in-a-microcosm-lower-leaves-curl-up-and-die-bulls-eye-lesions-tomato-fungus-soil-treatment.jpg,762de2450aca6ac346d242404351d7c30f8e7e1be9574c09cd83e1323cf2665d,762de2450aca6ac346d242404351d7c30f8e7e1be9574c09cd83e1323cf2665d,96366,1063,734,RGB,train,Tomato Early blight leaf,,materialized,
5467f6012d78d1c446145d5f582da6096f852ae8,train/Tomato Early blight leaf/tomato-early-blight-1.jpg,data/raw/plantdoc/train/Tomato Early blight leaf/tomato-early-blight-1.jpg,00267e1c492f34fbac534cd9994b7b1f039e8ef03d733ca4fcd429e5d4bfe105,00267e1c492f34fbac534cd9994b7b1f039e8ef03d733ca4fcd429e5d4bfe105,1656017,2048,1360,RGB,train,Tomato Early blight leaf,,materialized,
5467f6012d78d1c446145d5f582da6096f852ae8,train/Tomato Early blight leaf/tomato_D2b-Early-blight---RPitblado_zoom.jpg,data/raw/plantdoc/train/Tomato Early blight leaf/tomato_D2b-Early-blight---RPitblado_zoom.jpg,981da629d2a419a303eea0e707d0a07f86fc6ce9d802bdc77e1c3efb25ff2ee8,981da629d2a419a303eea0e707d0a07f86fc6ce9d802bdc77e1c3efb25ff2ee8,127625,847,574,RGB,train,Tomato Early blight leaf,,materialized,
5467f6012d78d1c446145d5f582da6096f852ae8,train/Tomato Early blight leaf/tomato_blight_early.jpg,data/raw/plantdoc/train/Tomato Early blight leaf/tomato_blight_early.jpg,5bc940babd0563aa3b07315884dcfed3aeba47e32c742cd633fb6b35be14eff6,5bc940babd0563aa3b07315884dcfed3aeba47e32c742cd633fb6b35be14eff6,107207,600,762,RGB,train,Tomato Early blight leaf,,materialized,
5467f6012d78d1c446145d5f582da6096f852ae8,train/Tomato Early blight leaf/tomato_early-blight_02_zoom.jpg,data/raw/plantdoc/train/Tomato Early blight leaf/tomato_early-blight_02_zoom.jpg,8d9382d0a81d0b6a2d7bab2426dbb801d491bc9f8b9c1a56ab9630e4ea79440e,8d9382d0a81d0b6a2d7bab2426dbb801d491bc9f8b9c1a56ab9630e4ea79440e,142891,900,675,RGB,train,Tomato Early blight leaf,,materialized,
5467f6012d78d1c446145d5f582da6096f852ae8,train/Tomato Early blight leaf/tomato_early-blight_03_zoom.jpg,data/raw/plantdoc/train/Tomato Early blight leaf/tomato_early-blight_03_zoom.jpg,f54d8cf627857c535b768b40927f5fe54cad4aa546d0bb1ae91c5d78a30ab442,f54d8cf627857c535b768b40927f5fe54cad4aa546d0bb1ae91c5d78a30ab442,161058,900,675,RGB,train,Tomato Early blight leaf,,materialized,
5467f6012d78d1c446145d5f582da6096f852ae8,train/Tomato Early blight leaf/tomato_q1hq-early-blight-5052_zoom.jpg,data/raw/plantdoc/train/Tomato Early blight leaf/tomato_q1hq-early-blight-5052_zoom.jpg,060e4aba444e9cc4fce4c102254449ab482bf289d20ee110cd5f6b49b8d5d92c,060e4aba444e9cc4fce4c102254449ab482bf289d20ee110cd5f6b49b8d5d92c,127099,900,675,RGB,train,Tomato Early blight leaf,,materialized,
5467f6012d78d1c446145d5f582da6096f852ae8,train/Tomato Early blight leaf/tomatoblight.jpg,data/raw/plantdoc/train/Tomato Early blight leaf/tomatoblight.jpg,0d2d54e20fec032f1a9da367df05eb364e42cf1f18f83c0be6e86ed09f9b9abf,0d2d54e20fec032f1a9da367df05eb364e42cf1f18f83c0be6e86ed09f9b9abf,185177,300,450,RGB,train,Tomato Early blight leaf,,materialized,
5467f6012d78d1c446145d5f582da6096f852ae8,train/Tomato Early blight leaf/tomatoearlyblight.jpg,data/raw/plantdoc/train/Tomato Early blight leaf/tomatoearlyblight.jpg,1a49e6707324fe524abd939a7f812db75cbe48021c6b64de1357c80d50da3d86,1a49e6707324fe524abd939a7f812db75cbe48021c6b64de1357c80d50da3d86,86114,448,336,RGB,train,Tomato Early blight leaf,,materialized,
5467f6012d78d1c446145d5f582da6096f852ae8,train/Tomato Early blight leaf/web1_copy_early-blight-6-_0.jpg,data/raw/plantdoc/train/Tomato Early blight leaf/web1_copy_early-blight-6-_0.jpg,8bb6d80747eb3b6987239685bd3aa19f6607c684eeaab2ca571a37f91a6b5763,8bb6d80747eb3b6987239685bd3aa19f6607c684eeaab2ca571a37f91a6b5763,200840,640,413,RGB,train,Tomato Early blight leaf,,materialized,
5467f6012d78d1c446145d5f582da6096f852ae8,train/Tomato Septoria leaf spot/128110613-56a6d3633df78cf7729070ad.jpg,data/raw/plantdoc/train/Tomato Septoria leaf spot/128110613-56a6d3633df78cf7729070ad.jpg,9b6ce8f0e3b4cfd7bb9f4235ef5cff30f7a3d1da27be970612424a0ae1b3c5ef,9b6ce8f0e3b4cfd7bb9f4235ef5cff30f7a3d1da27be970612424a0ae1b3c5ef,92239,960,643,RGB,train,Tomato Septoria leaf spot,,materialized,
5467f6012d78d1c446145d5f582da6096f852ae8,train/Tomato Septoria leaf spot/140714+%2811%29.JPG.jpg,data/raw/plantdoc/train/Tomato Septoria leaf spot/140714+%2811%29.JPG.jpg,415d67394b5ba63eeb5eb3e3c2b5bad457545ab95d36e371e668b932efc2fb54,415d67394b5ba63eeb5eb3e3c2b5bad457545ab95d36e371e668b932efc2fb54,430332,1600,1200,RGB,train,Tomato Septoria leaf spot,,materialized,
5467f6012d78d1c446145d5f582da6096f852ae8,train/Tomato Septoria leaf spot/1b.jpg,data/raw/plantdoc/train/Tomato Septoria leaf spot/1b.jpg,2ba273ad1fa959fd5705eb4274baecadf5c39a55d54f39a4344edaedc4f53f7d,2ba273ad1fa959fd5705eb4274baecadf5c39a55d54f39a4344edaedc4f53f7d,96780,480,360,RGB,train,Tomato Septoria leaf spot,,materialized,
5467f6012d78d1c446145d5f582da6096f852ae8,train/Tomato Septoria leaf spot/1c421500ddd390c90596ad2cf12d5429.jpg,data/raw/plantdoc/train/Tomato Septoria leaf spot/1c421500ddd390c90596ad2cf12d5429.jpg,31a8c886603b4e14ea3d20bb67ce59389da1b0f684b3284505621ecb7161e236,31a8c886603b4e14ea3d20bb67ce59389da1b0f684b3284505621ecb7161e236,19490,240,208,RGB,train,Tomato Septoria leaf spot,,materialized,
5467f6012d78d1c446145d5f582da6096f852ae8,train/Tomato Septoria leaf spot/2010-jul-5-jul-9-03.jpg,data/raw/plantdoc/train/Tomato Septoria leaf spot/2010-jul-5-jul-9-03.jpg,e76d5e8955ab51c5e216640351088c0eba06a5cbf9a6476690d2e8a0673687a6,e76d5e8955ab51c5e216640351088c0eba06a5cbf9a6476690d2e8a0673687a6,107330,448,318,RGB,train,Tomato Septoria leaf spot,,materialized,
5467f6012d78d1c446145d5f582da6096f852ae8,train/Tomato Septoria leaf spot/20100824septoria.jpg,data/raw/plantdoc/train/Tomato Septoria leaf spot/20100824septoria.jpg,743a2d395b8cc7ae0193b3dc2e47e569f96becfc372a5b08b0a84bf6d1cd0ec8,743a2d395b8cc7ae0193b3dc2e47e569f96becfc372a5b08b0a84bf6d1cd0ec8,175145,575,212,RGB,train,Tomato Septoria leaf spot,,materialized,
5467f6012d78d1c446145d5f582da6096f852ae8,train/Tomato Septoria leaf spot/2014-08-27%2B-%2BCloser%2BView%2Bof%2BSeptoria%2BLeaf%2BSpot.jpg,data/raw/plantdoc/train/Tomato Septoria leaf spot/2014-08-27%2B-%2BCloser%2BView%2Bof%2BSeptoria%2BLeaf%2BSpot.jpg,ccf2197079cfbf3b985e94df571096013f1bc3433d714fc633cc56388ef1921c,ccf2197079cfbf3b985e94df571096013f1bc3433d714fc633cc56388ef1921c,454985,1380,1600,RGB,train,Tomato Septoria leaf spot,,materialized,
5467f6012d78d1c446145d5f582da6096f852ae8,train/Tomato Septoria leaf spot/20809116-standard.jpg,data/raw/plantdoc/train/Tomato Septoria leaf spot/20809116-standard.jpg,68a214f97d997eb65dc191ff009ef9cfe6dab7b6f569c4beac2cd2be4f8950f8,68a214f97d997eb65dc191ff009ef9cfe6dab7b6f569c4beac2cd2be4f8950f8,18533,199,340,RGB,train,Tomato Septoria leaf spot,,materialized,
5467f6012d78d1c446145d5f582da6096f852ae8,train/Tomato Septoria leaf spot/28018723549_3a16c1467b_b.jpg,data/raw/plantdoc/train/Tomato Septoria leaf spot/28018723549_3a16c1467b_b.jpg,ec94d4babad810979b404e7fb19093de03ca06d10e37ee99af2cfc86eedc2277,ec94d4babad810979b404e7fb19093de03ca06d10e37ee99af2cfc86eedc2277,186069,1024,768,RGB,train,Tomato Septoria leaf spot,,materialized,
5467f6012d78d1c446145d5f582da6096f852ae8,train/Tomato Septoria leaf spot/3-septoria-leaf-blight-n.jpg,data/raw/plantdoc/train/Tomato Septoria leaf spot/3-septoria-leaf-blight-n.jpg,808ce66ab051591c7b680fd295ee9f958e230a77cfa2b28761e1005a145e6d90,808ce66ab051591c7b680fd295ee9f958e230a77cfa2b28761e1005a145e6d90,66201,720,540,RGB,train,Tomato Septoria leaf spot,,materialized,
5467f6012d78d1c446145d5f582da6096f852ae8,train/Tomato Septoria leaf spot/32-Septoria-leaf-spot.jpg,data/raw/plantdoc/train/Tomato Septoria leaf spot/32-Septoria-leaf-spot.jpg,b62dde18182b1154cb86abf4a601d8ff4f86a0e3557c339995328c4d2c77bbfe,b62dde18182b1154cb86abf4a601d8ff4f86a0e3557c339995328c4d2c77bbfe,40337,390,231,RGB,train,Tomato Septoria leaf spot,,materialized,
5467f6012d78d1c446145d5f582da6096f852ae8,train/Tomato Septoria leaf spot/3893.jpg,data/raw/plantdoc/train/Tomato Septoria leaf spot/3893.jpg,333e2b6c72ee8d38cfdcc59ef48593b68ab9499ed085fd7c88e38f0de557d5a4,333e2b6c72ee8d38cfdcc59ef48593b68ab9499ed085fd7c88e38f0de557d5a4,169304,1024,1486,RGB,train,Tomato Septoria leaf spot,,materialized,
5467f6012d78d1c446145d5f582da6096f852ae8,train/Tomato Septoria leaf spot/46-Septoria-leaf-spot.jpg,data/raw/plantdoc/train/Tomato Septoria leaf spot/46-Septoria-leaf-spot.jpg,1f4a189a12c8b7e3fe9eb39e588dd48387f946606bf03d8df472523f9dc59180,1f4a189a12c8b7e3fe9eb39e588dd48387f946606bf03d8df472523f9dc59180,44435,400,506,RGB,train,Tomato Septoria leaf spot,,materialized,
5467f6012d78d1c446145d5f582da6096f852ae8,train/Tomato Septoria leaf spot/4853086777_bc41d29801.jpg,data/raw/plantdoc/train/Tomato Septoria leaf spot/4853086777_bc41d29801.jpg,7b44d0636ca3600d5b7dbeef3b51e251893067ac78b22e85440cb23815967598,7b44d0636ca3600d5b7dbeef3b51e251893067ac78b22e85440cb23815967598,159997,500,333,RGB,train,Tomato Septoria leaf spot,,materialized,
5467f6012d78d1c446145d5f582da6096f852ae8,train/Tomato Septoria leaf spot/49-Septoria-leaf-spot.jpg,data/raw/plantdoc/train/Tomato Septoria leaf spot/49-Septoria-leaf-spot.jpg,fc1dd18fde4b5e52b40149547a94149c8248fe5d4735ad212ba5604a11953ac9,fc1dd18fde4b5e52b40149547a94149c8248fe5d4735ad212ba5604a11953ac9,82656,350,406,RGB,train,Tomato Septoria leaf spot,,materialized,
5467f6012d78d1c446145d5f582da6096f852ae8,train/Tomato Septoria leaf spot/5008922249_880e15c21f.jpg,data/raw/plantdoc/train/Tomato Septoria leaf spot/5008922249_880e15c21f.jpg,58d1e1c5162aa77793d860f9f2cb0ee45e4bf9123ac33980ab87719ca9ba3b4a,58d1e1c5162aa77793d860f9f2cb0ee45e4bf9123ac33980ab87719ca9ba3b4a,123067,394,486,RGB,train,Tomato Septoria leaf spot,,materialized,
5467f6012d78d1c446145d5f582da6096f852ae8,train/Tomato Septoria leaf spot/5315825271570432-600x272.jpeg.jpg,data/raw/plantdoc/train/Tomato Septoria leaf spot/5315825271570432-600x272.jpeg.jpg,0ba8d90f1122520d769a944f4e969dcb92a50cec6e28e72b214ddd6831140a86,0ba8d90f1122520d769a944f4e969dcb92a50cec6e28e72b214ddd6831140a86,110534,600,272,RGB,train,Tomato Septoria leaf spot,,materialized,
5467f6012d78d1c446145d5f582da6096f852ae8,train/Tomato Septoria leaf spot/5315825271570432.jpeg.jpg,data/raw/plantdoc/train/Tomato Septoria leaf spot/5315825271570432.jpeg.jpg,6340fee78e5aa661da4418f4afc43b802c972b436f4ede4094e1188798c3f83a,6340fee78e5aa661da4418f4afc43b802c972b436f4ede4094e1188798c3f83a,145667,600,800,RGB,train,Tomato Septoria leaf spot,,materialized,
5467f6012d78d1c446145d5f582da6096f852ae8,train/Tomato Septoria leaf spot/5336411888680960-600x272.jpeg.jpg,data/raw/plantdoc/train/Tomato Septoria leaf spot/5336411888680960-600x272.jpeg.jpg,1f39d9b00195324e54e3438184a751c4ee6433ed2debe1c7f66b1bcadb7b83ea,1f39d9b00195324e54e3438184a751c4ee6433ed2debe1c7f66b1bcadb7b83ea,102300,600,272,RGB,train,Tomato Septoria leaf spot,,materialized,
5467f6012d78d1c446145d5f582da6096f852ae8,train/Tomato Septoria leaf spot/5454635393351680.jpeg.jpg,data/raw/plantdoc/train/Tomato Septoria leaf spot/5454635393351680.jpeg.jpg,2d1dd4ee62ac32d32a27772ca50d261ad1d8484f7d2866fc378e4c82d2c9a183,2d1dd4ee62ac32d32a27772ca50d261ad1d8484f7d2866fc378e4c82d2c9a183,137231,800,600,RGB,train,Tomato Septoria leaf spot,,materialized,
5467f6012d78d1c446145d5f582da6096f852ae8,train/Tomato Septoria leaf spot/5516100468998144-600x272.jpeg.jpg,data/raw/plantdoc/train/Tomato Septoria leaf spot/5516100468998144-600x272.jpeg.jpg,bd09aee31743e02a62003cc24e9c373fe9e4b44f4c4404682fcada58214e8d40,bd09aee31743e02a62003cc24e9c373fe9e4b44f4c4404682fcada58214e8d40,102807,600,272,RGB,train,Tomato Septoria leaf spot,,materialized,
5467f6012d78d1c446145d5f582da6096f852ae8,train/Tomato Septoria leaf spot/5516100468998144.jpeg.jpg,data/raw/plantdoc/train/Tomato Septoria leaf spot/5516100468998144.jpeg.jpg,5e4eff63c792eae80f4ba54122a3e1c91e97824cb7533899b1c5ebeb9cef9ee0,5e4eff63c792eae80f4ba54122a3e1c91e97824cb7533899b1c5ebeb9cef9ee0,177205,600,800,RGB,train,Tomato Septoria leaf spot,,materialized,
5467f6012d78d1c446145d5f582da6096f852ae8,train/Tomato Septoria leaf spot/5579e3247db73.image.jpg,data/raw/plantdoc/train/Tomato Septoria leaf spot/5579e3247db73.image.jpg,2ccdc340d00f74233634705a3f0dee93c353bc9fbba6bedf43f977abdfb4b436,2ccdc340d00f74233634705a3f0dee93c353bc9fbba6bedf43f977abdfb4b436,22247,300,400,RGB,train,Tomato Septoria leaf spot,,materialized,
5467f6012d78d1c446145d5f582da6096f852ae8,train/Tomato Septoria leaf spot/5775225744523264-600x272.jpeg.jpg,data/raw/plantdoc/train/Tomato Septoria leaf spot/5775225744523264-600x272.jpeg.jpg,81afaf75b5ca0a17ba18d778f17dbd0f01251ffed493faefbcb5df65e150d6f3,81afaf75b5ca0a17ba18d778f17dbd0f01251ffed493faefbcb5df65e150d6f3,112332,600,272,RGB,train,Tomato Septoria leaf spot,,materialized,
5467f6012d78d1c446145d5f582da6096f852ae8,train/Tomato Septoria leaf spot/5775225744523264.jpeg.jpg,data/raw/plantdoc/train/Tomato Septoria leaf spot/5775225744523264.jpeg.jpg,94a8ea8452cec2540ead310d93a6375e371b9b7e5077b7614044ec430a03606e,94a8ea8452cec2540ead310d93a6375e371b9b7e5077b7614044ec430a03606e,185393,600,800,RGB,train,Tomato Septoria leaf spot,,materialized,
5467f6012d78d1c446145d5f582da6096f852ae8,train/Tomato Septoria leaf spot/5866245865865216.jpeg.jpg,data/raw/plantdoc/train/Tomato Septoria leaf spot/5866245865865216.jpeg.jpg,2eeff12c4b6713ac39e44150ad91538626044a11610c33738c2b5ef4773ff70e,2eeff12c4b6713ac39e44150ad91538626044a11610c33738c2b5ef4773ff70e,153578,800,600,RGB,train,Tomato Septoria leaf spot,,materialized,
5467f6012d78d1c446145d5f582da6096f852ae8,train/Tomato Septoria leaf spot/5c77186a4ea326e5495c9d03cd89ce16.jpg,data/raw/plantdoc/train/Tomato Septoria leaf spot/5c77186a4ea326e5495c9d03cd89ce16.jpg,4e8b0be6e1ebb25c470537f1601dd510bf7aefe99e3236b70a3ec90e247d69f7,4e8b0be6e1ebb25c470537f1601dd510bf7aefe99e3236b70a3ec90e247d69f7,116455,575,609,RGB,train,Tomato Septoria leaf spot,,materialized,
5467f6012d78d1c446145d5f582da6096f852ae8,train/Tomato Septoria leaf spot/6+1+09+019.jpg,data/raw/plantdoc/train/Tomato Septoria leaf spot/6+1+09+019.jpg,d9970657c1755a2ff6803e6f238a1a9a3d3ec835eda621404e22cff9ab8b153b,d9970657c1755a2ff6803e6f238a1a9a3d3ec835eda621404e22cff9ab8b153b,56507,400,302,RGB,train,Tomato Septoria leaf spot,,materialized,
5467f6012d78d1c446145d5f582da6096f852ae8,train/Tomato Septoria leaf spot/6078710516023296-600x272.jpeg.jpg,data/raw/plantdoc/train/Tomato Septoria leaf spot/6078710516023296-600x272.jpeg.jpg,9cc86b01057bb4542c061f00a8648f93d28a584614a3e9515092db1a0edf23ff,9cc86b01057bb4542c061f00a8648f93d28a584614a3e9515092db1a0edf23ff,48933,600,272,RGB,train,Tomato Septoria leaf spot,,materialized,
5467f6012d78d1c446145d5f582da6096f852ae8,train/Tomato Septoria leaf spot/6078710516023296.jpeg.jpg,data/raw/plantdoc/train/Tomato Septoria leaf spot/6078710516023296.jpeg.jpg,7da5d22387c0bed19befb6abef6adfafc3b790607594832d8a224a36a948b918,7da5d22387c0bed19befb6abef6adfafc3b790607594832d8a224a36a948b918,148463,600,800,RGB,train,Tomato Septoria leaf spot,,materialized,
5467f6012d78d1c446145d5f582da6096f852ae8,train/Tomato Septoria leaf spot/6134794031202304-600x272.jpeg.jpg,data/raw/plantdoc/train/Tomato Septoria leaf spot/6134794031202304-600x272.jpeg.jpg,422bb187b52d8d573f4024b9c47fa28b88ddb150320ac4914fe35c4b468778a8,422bb187b52d8d573f4024b9c47fa28b88ddb150320ac4914fe35c4b468778a8,50243,600,272,RGB,train,Tomato Septoria leaf spot,,materialized,
5467f6012d78d1c446145d5f582da6096f852ae8,train/Tomato Septoria leaf spot/6242739939180544.jpeg.jpg,data/raw/plantdoc/train/Tomato Septoria leaf spot/6242739939180544.jpeg.jpg,386c07ac0ead76fb91a38688798c9572dc4798693365a39f661e2618ac1476f7,386c07ac0ead76fb91a38688798c9572dc4798693365a39f661e2618ac1476f7,119193,600,800,RGB,train,Tomato Septoria leaf spot,,materialized,
5467f6012d78d1c446145d5f582da6096f852ae8,train/Tomato Septoria leaf spot/6336392950972416.jpeg.jpg,data/raw/plantdoc/train/Tomato Septoria leaf spot/6336392950972416.jpeg.jpg,f97eba2bde35021e63dda68ddcf0160aa8070142ed5654308bf58d411ebd26d7,f97eba2bde35021e63dda68ddcf0160aa8070142ed5654308bf58d411ebd26d7,207780,800,600,RGB,train,Tomato Septoria leaf spot,,materialized,
5467f6012d78d1c446145d5f582da6096f852ae8,train/Tomato Septoria leaf spot/66e7583ebe11cf0bd06435e4167bd4fd.jpg,data/raw/plantdoc/train/Tomato Septoria leaf spot/66e7583ebe11cf0bd06435e4167bd4fd.jpg,f1ede3912f70032173ebb896c3e9c8b58ba6b6bbaf9d2ce56750c01113163afe,f1ede3912f70032173ebb896c3e9c8b58ba6b6bbaf9d2ce56750c01113163afe,41091,590,443,RGB,train,Tomato Septoria leaf spot,,materialized,
5467f6012d78d1c446145d5f582da6096f852ae8,train/Tomato Septoria leaf spot/BCH%20medium%20thumbnail%20for%20upload%20%2861%29.jpg,data/raw/plantdoc/train/Tomato Septoria leaf spot/BCH%20medium%20thumbnail%20for%20upload%20%2861%29.jpg,f645b9bf98b04eb4b3b9eb676f0522b16717429d0e4ebd5837febd681bfdbd4c,f645b9bf98b04eb4b3b9eb676f0522b16717429d0e4ebd5837febd681bfdbd4c,52436,375,300,RGB,train,Tomato Septoria leaf spot,,materialized,
5467f6012d78d1c446145d5f582da6096f852ae8,train/Tomato Septoria leaf spot/Bean-rust-on-leaves.jpg,data/raw/plantdoc/train/Tomato Septoria leaf spot/Bean-rust-on-leaves.jpg,85b702cb6875f9eb76b00332ac5205d46056302b38618912090b3952a82f8779,85b702cb6875f9eb76b00332ac5205d46056302b38618912090b3952a82f8779,10339,257,196,RGB,train,Tomato Septoria leaf spot,,materialized,
5467f6012d78d1c446145d5f582da6096f852ae8,train/Tomato Septoria leaf spot/EPP-7625Fig-5-143x300.jpg,data/raw/plantdoc/train/Tomato Septoria leaf spot/EPP-7625Fig-5-143x300.jpg,bfbb800e869c5fd99f08eba866fe7fd88264751038ca736e2208972dc31a8808,bfbb800e869c5fd99f08eba866fe7fd88264751038ca736e2208972dc31a8808,12427,143,300,RGB,train,Tomato Septoria leaf spot,,materialized,
5467f6012d78d1c446145d5f582da6096f852ae8,train/Tomato Septoria leaf spot/IMG_0312_original.jpg,data/raw/plantdoc/train/Tomato Septoria leaf spot/IMG_0312_original.jpg,8018221985aa039f9d899aed3bc3012618cc1721fe6032642afaa12b87110f5c,8018221985aa039f9d899aed3bc3012618cc1721fe6032642afaa12b87110f5c,585385,1200,1600,RGB,train,Tomato Septoria leaf spot,,materialized,
5467f6012d78d1c446145d5f582da6096f852ae8,train/Tomato Septoria leaf spot/IMG_0863_1500x1500%253E.jpg,data/raw/plantdoc/train/Tomato Septoria leaf spot/IMG_0863_1500x1500%253E.jpg,8257029b90f9ee984c2713f830afe4b053af8d122c771c00e63486120c5f4f6e,8257029b90f9ee984c2713f830afe4b053af8d122c771c00e63486120c5f4f6e,675173,1500,1125,RGB,train,Tomato Septoria leaf spot,,materialized,
5467f6012d78d1c446145d5f582da6096f852ae8,train/Tomato Septoria leaf spot/IMG_3175.jpg,data/raw/plantdoc/train/Tomato Septoria leaf spot/IMG_3175.jpg,d87fd430a16f2eb4521f1aab4345a3dd9f37d634a3dee04d9e2c89e900402cb3,d87fd430a16f2eb4521f1aab4345a3dd9f37d634a3dee04d9e2c89e900402cb3,83546,1000,667,RGB,train,Tomato Septoria leaf spot,,materialized,
5467f6012d78d1c446145d5f582da6096f852ae8,train/Tomato Septoria leaf spot/IMG_4452_1500x1500%253E.JPG?1407883119.jpg,data/raw/plantdoc/train/Tomato Septoria leaf spot/IMG_4452_1500x1500%253E.JPG?1407883119.jpg,0a96b9d5f955b40b19f23257bc6bf16ab4ac3fa09dc0726f715157a36c4134e9,0a96b9d5f955b40b19f23257bc6bf16ab4ac3fa09dc0726f715157a36c4134e9,543446,1125,1500,RGB,train,Tomato Septoria leaf spot,,materialized,
5467f6012d78d1c446145d5f582da6096f852ae8,train/Tomato Septoria leaf spot/Leaf%20spot.jpg,data/raw/plantdoc/train/Tomato Septoria leaf spot/Leaf%20spot.jpg,b9edb6c3261c549c1464a7e0fdd17d788df2f35ddea9cfdc53ca35e5cf4b77cb,b9edb6c3261c549c1464a7e0fdd17d788df2f35ddea9cfdc53ca35e5cf4b77cb,36249,500,333,RGB,train,Tomato Septoria leaf spot,,materialized,
5467f6012d78d1c446145d5f582da6096f852ae8,train/Tomato Septoria leaf spot/MPC105550.jpg.rendition.largest.550.jpg,data/raw/plantdoc/train/Tomato Septoria leaf spot/MPC105550.jpg.rendition.largest.550.jpg,9d29d49bd39a44a7c9f3dc663df9a18848d22de832995550ae37c7f8c01ff085,9d29d49bd39a44a7c9f3dc663df9a18848d22de832995550ae37c7f8c01ff085,93209,550,550,RGB,train,Tomato Septoria leaf spot,,materialized,
5467f6012d78d1c446145d5f582da6096f852ae8,train/Tomato Septoria leaf spot/PHOTO_1333642732277.jpg,data/raw/plantdoc/train/Tomato Septoria leaf spot/PHOTO_1333642732277.jpg,7da853e6dd4d3a78447638a64e8addaba2a7d5fe053ef09056af81aff4f2722f,7da853e6dd4d3a78447638a64e8addaba2a7d5fe053ef09056af81aff4f2722f,326827,1600,902,RGB,train,Tomato Septoria leaf spot,,materialized,
5467f6012d78d1c446145d5f582da6096f852ae8,train/Tomato Septoria leaf spot/PHOTO_1333642740144.jpg,data/raw/plantdoc/train/Tomato Septoria leaf spot/PHOTO_1333642740144.jpg,96de8e01c001bb855bfb8509a43d77f0b97a77bd730eebb99ca17bdba5bac46c,96de8e01c001bb855bfb8509a43d77f0b97a77bd730eebb99ca17bdba5bac46c,324328,1600,902,RGB,train,Tomato Septoria leaf spot,,materialized,
5467f6012d78d1c446145d5f582da6096f852ae8,train/Tomato Septoria leaf spot/Sept9-300x225.jpg,data/raw/plantdoc/train/Tomato Septoria leaf spot/Sept9-300x225.jpg,31fa261bb38e5f84a5beef2c39b7cc40ca55169641c4028fcb0bcb33bbbf10de,31fa261bb38e5f84a5beef2c39b7cc40ca55169641c4028fcb0bcb33bbbf10de,31255,300,225,RGB,train,Tomato Septoria leaf spot,,materialized,
5467f6012d78d1c446145d5f582da6096f852ae8,train/Tomato Septoria leaf spot/Septoria%2Bleaf%2Bspot.tomato.JPG.jpg,data/raw/plantdoc/train/Tomato Septoria leaf spot/Septoria%2Bleaf%2Bspot.tomato.JPG.jpg,5de483b529c1b8edb4399db92e531f16b1c82f8f7f204ec6afcafcdd0b066fe5,5de483b529c1b8edb4399db92e531f16b1c82f8f7f204ec6afcafcdd0b066fe5,65375,300,400,RGB,train,Tomato Septoria leaf spot,,materialized,
5467f6012d78d1c446145d5f582da6096f852ae8,train/Tomato Septoria leaf spot/Septoria+Leaf+Spot.jpg,data/raw/plantdoc/train/Tomato Septoria leaf spot/Septoria+Leaf+Spot.jpg,db7621c315802b3a9a15c00a0d68519adebc8cc1bea0194853b79f0d726d4e78,db7621c315802b3a9a15c00a0d68519adebc8cc1bea0194853b79f0d726d4e78,65745,1056,720,RGB,train,Tomato Septoria leaf spot,,materialized,
5467f6012d78d1c446145d5f582da6096f852ae8,train/Tomato Septoria leaf spot/Septoria-461x346.jpg,data/raw/plantdoc/train/Tomato Septoria leaf spot/Septoria-461x346.jpg,2ab4760580398c3294a11039a7c21a73b6c2becef277e18d2e630a48da5f431b,2ab4760580398c3294a11039a7c21a73b6c2becef277e18d2e630a48da5f431b,20815,461,346,RGB,train,Tomato Septoria leaf spot,,materialized,
5467f6012d78d1c446145d5f582da6096f852ae8,train/Tomato Septoria leaf spot/Septoria-Tomato.jpg,data/raw/plantdoc/train/Tomato Septoria leaf spot/Septoria-Tomato.jpg,b332a01ba636102d634872008b157bcdbb8b6d8b15efdfb2e730d47cd27c11b0,b332a01ba636102d634872008b157bcdbb8b6d8b15efdfb2e730d47cd27c11b0,4886860,3872,2592,RGB,train,Tomato Septoria leaf spot,,materialized,
5467f6012d78d1c446145d5f582da6096f852ae8,train/Tomato Septoria leaf spot/Septoria-leaf-spot-hc.jpg,data/raw/plantdoc/train/Tomato Septoria leaf spot/Septoria-leaf-spot-hc.jpg,aded414795beadec507c6fc3051ba11ae1fd1c4f7c03465e1973b2311d876d6b,aded414795beadec507c6fc3051ba11ae1fd1c4f7c03465e1973b2311d876d6b,21535,504,386,RGB,train,Tomato Septoria leaf spot,,materialized,
5467f6012d78d1c446145d5f582da6096f852ae8,train/Tomato Septoria leaf spot/Septoria-leaf-spot-on-tomato-FOR-WEB.jpg,data/raw/plantdoc/train/Tomato Septoria leaf spot/Septoria-leaf-spot-on-tomato-FOR-WEB.jpg,01acc19e714449444faa9159614e1a2e9af30ca52fa96060da06ac247de456bb,01acc19e714449444faa9159614e1a2e9af30ca52fa96060da06ac247de456bb,43391,590,332,RGB,train,Tomato Septoria leaf spot,,materialized,
5467f6012d78d1c446145d5f582da6096f852ae8,train/Tomato Septoria leaf spot/SeptoriaLeaf_T3.jpg,data/raw/plantdoc/train/Tomato Septoria leaf spot/SeptoriaLeaf_T3.jpg,43ce6333bcf08abd6f0e4a868ba76bd5fdcd3630e17fbd604affbde0501456e0,43ce6333bcf08abd6f0e4a868ba76bd5fdcd3630e17fbd604affbde0501456e0,22734,400,266,RGB,train,Tomato Septoria leaf spot,,materialized,
5467f6012d78d1c446145d5f582da6096f852ae8,train/Tomato Septoria leaf spot/SeptoriaTomato-B.jpg,data/raw/plantdoc/train/Tomato Septoria leaf spot/SeptoriaTomato-B.jpg,d7957bbfdb523ab71b498b00787dbb799c4da9990513fc80defa6094a79738f0,d7957bbfdb523ab71b498b00787dbb799c4da9990513fc80defa6094a79738f0,2013657,3095,2455,RGB,train,Tomato Septoria leaf spot,,materialized,
5467f6012d78d1c446145d5f582da6096f852ae8,train/Tomato Septoria leaf spot/Septoria_Leaf_Spot.jpg,data/raw/plantdoc/train/Tomato Septoria leaf spot/Septoria_Leaf_Spot.jpg,3cd0b232de9ffb2e3e7e4f49e3356c1ecfac43a7608d8e88b11efff11f2b00e4,3cd0b232de9ffb2e3e7e4f49e3356c1ecfac43a7608d8e88b11efff11f2b00e4,57847,208,228,RGB,train,Tomato Septoria leaf spot,,materialized,
5467f6012d78d1c446145d5f582da6096f852ae8,train/Tomato Septoria leaf spot/Septoria_Leaf_Spot_of_Tomato186.jpg,data/raw/plantdoc/train/Tomato Septoria leaf spot/Septoria_Leaf_Spot_of_Tomato186.jpg,4874eb88f8544a40f723bec845086b8c471c353eb13685966c394950804cffb7,4874eb88f8544a40f723bec845086b8c471c353eb13685966c394950804cffb7,188291,800,533,RGB,train,Tomato Septoria leaf spot,,materialized,
5467f6012d78d1c446145d5f582da6096f852ae8,train/Tomato Septoria leaf spot/Septoria_Leaf_Spot_of_Tomato187.jpg,data/raw/plantdoc/train/Tomato Septoria leaf spot/Septoria_Leaf_Spot_of_Tomato187.jpg,38f5baba91e3ea14c45f02f1320137375db422c77eec313f44ad1c4bd99687e5,38f5baba91e3ea14c45f02f1320137375db422c77eec313f44ad1c4bd99687e5,56913,800,600,RGB,train,Tomato Septoria leaf spot,,materialized,
5467f6012d78d1c446145d5f582da6096f852ae8,train/Tomato Septoria leaf spot/Septoria_Leaf_Spot_of_Tomato2241-450x300.jpg,data/raw/plantdoc/train/Tomato Septoria leaf spot/Septoria_Leaf_Spot_of_Tomato2241-450x300.jpg,3a39d339478fc54847452cf6421ff93a8f7b4327eb138f89ddc5dc450f7ffca2,3a39d339478fc54847452cf6421ff93a8f7b4327eb138f89ddc5dc450f7ffca2,29319,450,300,RGB,train,Tomato Septoria leaf spot,,materialized,
5467f6012d78d1c446145d5f582da6096f852ae8,train/Tomato Septoria leaf spot/Septoria_leaf_spot_tomato.jpg,data/raw/plantdoc/train/Tomato Septoria leaf spot/Septoria_leaf_spot_tomato.jpg,e44feb48461d2cea164b0f093f991497031d0584105580b443b7ef0f18bd0aad,e44feb48461d2cea164b0f093f991497031d0584105580b443b7ef0f18bd0aad,37674,360,314,RGB,train,Tomato Septoria leaf spot,,materialized,
5467f6012d78d1c446145d5f582da6096f852ae8,train/Tomato Septoria leaf spot/Septoria_tomato_Margaret%20B_p8170755_0002_25004.jpg,data/raw/plantdoc/train/Tomato Septoria leaf spot/Septoria_tomato_Margaret%20B_p8170755_0002_25004.jpg,16b0c318d4b26a84aa8d974f97cd5abe30aa5500b55ac38d6b9f8daa66624060,16b0c318d4b26a84aa8d974f97cd5abe30aa5500b55ac38d6b9f8daa66624060,88777,600,400,RGB,train,Tomato Septoria leaf spot,,materialized,
5467f6012d78d1c446145d5f582da6096f852ae8,train/Tomato Septoria leaf spot/Tom_Sept1.jpg,data/raw/plantdoc/train/Tomato Septoria leaf spot/Tom_Sept1.jpg,fce1bfc413bec680efb6f36a57ef8ceb673c09a716b1ffbb26d55dcda2a1b0a2,fce1bfc413bec680efb6f36a57ef8ceb673c09a716b1ffbb26d55dcda2a1b0a2,20901,400,267,RGB,train,Tomato Septoria leaf spot,,materialized,
5467f6012d78d1c446145d5f582da6096f852ae8,train/Tomato Septoria leaf spot/Tom_Sept4.jpg,data/raw/plantdoc/train/Tomato Septoria leaf spot/Tom_Sept4.jpg,781b001024db4b35faae565d77d489006090d3ed9b75b26ac09020ed1b43b6e1,781b001024db4b35faae565d77d489006090d3ed9b75b26ac09020ed1b43b6e1,23428,400,276,RGB,train,Tomato Septoria leaf spot,,materialized,
5467f6012d78d1c446145d5f582da6096f852ae8,train/Tomato Septoria leaf spot/Tomato%20bacterial%20spot%20closeup-050S.JPG.jpg,data/raw/plantdoc/train/Tomato Septoria leaf spot/Tomato%20bacterial%20spot%20closeup-050S.JPG.jpg,9a83f0507e08947cb4c6563ba4b080d32bfec11253d66292c0241cbed810f458,9a83f0507e08947cb4c6563ba4b080d32bfec11253d66292c0241cbed810f458,58983,640,480,RGB,train,Tomato Septoria leaf spot,,materialized,
5467f6012d78d1c446145d5f582da6096f852ae8,train/Tomato Septoria leaf spot/Tomato+Problems+Septoria+Leaf+Spot.jpg,data/raw/plantdoc/train/Tomato Septoria leaf spot/Tomato+Problems+Septoria+Leaf+Spot.jpg,44fa15ec1a60faa07d2e1b36692d07d9050716503ce2746a8a1cb1d982477a45,44fa15ec1a60faa07d2e1b36692d07d9050716503ce2746a8a1cb1d982477a45,119091,960,720,RGB,train,Tomato Septoria leaf spot,,materialized,
5467f6012d78d1c446145d5f582da6096f852ae8,train/Tomato Septoria leaf spot/Tomato+leaf+spot2.jpg,data/raw/plantdoc/train/Tomato Septoria leaf spot/Tomato+leaf+spot2.jpg,b74478400d645250748d20ab0e829d5bb9a94d90e8d8c342d6be21902cc27e74,b74478400d645250748d20ab0e829d5bb9a94d90e8d8c342d6be21902cc27e74,234237,612,723,RGB,train,Tomato Septoria leaf spot,,materialized,
5467f6012d78d1c446145d5f582da6096f852ae8,train/Tomato Septoria leaf spot/TomatoDisease_IMG_2744_2016Jul01_original.JPG?1472858324.jpg,data/raw/plantdoc/train/Tomato Septoria leaf spot/TomatoDisease_IMG_2744_2016Jul01_original.JPG?1472858324.jpg,e3e94ea07f305a84b93b7f7e57a23348b0da059268cc369181fee32b6774d55a,e3e94ea07f305a84b93b7f7e57a23348b0da059268cc369181fee32b6774d55a,3283577,2448,3264,RGB,train,Tomato Septoria leaf spot,,materialized,
5467f6012d78d1c446145d5f582da6096f852ae8,train/Tomato Septoria leaf spot/Tomato_Septoria_Leaf_Spot.jpg,data/raw/plantdoc/train/Tomato Septoria leaf spot/Tomato_Septoria_Leaf_Spot.jpg,a74386fd3264b6d486a5676e87a00f27b0ba135adb4545bb75a68027b9cc90ca,a74386fd3264b6d486a5676e87a00f27b0ba135adb4545bb75a68027b9cc90ca,42133,523,418,RGB,train,Tomato Septoria leaf spot,,materialized,
5467f6012d78d1c446145d5f582da6096f852ae8,train/Tomato Septoria leaf spot/b54d0e40027ff5e90e8ba7e1e9abf9bd.jpg,data/raw/plantdoc/train/Tomato Septoria leaf spot/b54d0e40027ff5e90e8ba7e1e9abf9bd.jpg,d4ac24bc0922e6a642cfa1395b82d656190694bcda7e6d542ed44abac2c4f2e5,d4ac24bc0922e6a642cfa1395b82d656190694bcda7e6d542ed44abac2c4f2e5,8092,200,150,RGB,train,Tomato Septoria leaf spot,,materialized,
5467f6012d78d1c446145d5f582da6096f852ae8,train/Tomato Septoria leaf spot/b6ca3f80-cc10-4d4f-be0d-771deb9a4969.jpeg.jpg,data/raw/plantdoc/train/Tomato Septoria leaf spot/b6ca3f80-cc10-4d4f-be0d-771deb9a4969.jpeg.jpg,25d74b6b33d681dde40ecc404b655510b1c2dc763006d90fa8996dd8be2c7afe,25d74b6b33d681dde40ecc404b655510b1c2dc763006d90fa8996dd8be2c7afe,12478,198,143,RGB,train,Tomato Septoria leaf spot,,materialized,
5467f6012d78d1c446145d5f582da6096f852ae8,train/Tomato Septoria leaf spot/bd0b83af4c5e4b739ccc6c36fa66f141.jpg,data/raw/plantdoc/train/Tomato Septoria leaf spot/bd0b83af4c5e4b739ccc6c36fa66f141.jpg,8fa88f78ba5550cb2047961bf4a2cbe4ad6c5b693fa6e2e654f4f1ed4928f50e,8fa88f78ba5550cb2047961bf4a2cbe4ad6c5b693fa6e2e654f4f1ed4928f50e,14431,236,314,RGB,train,Tomato Septoria leaf spot,,materialized,
5467f6012d78d1c446145d5f582da6096f852ae8,train/Tomato Septoria leaf spot/bed-4-tomatoes-23jun13.jpg,data/raw/plantdoc/train/Tomato Septoria leaf spot/bed-4-tomatoes-23jun13.jpg,61a8eafc5f116c0e2d3ce62852f92b587963fc4e29e627a7edff06513d992601,61a8eafc5f116c0e2d3ce62852f92b587963fc4e29e627a7edff06513d992601,4220428,2448,3264,RGB,train,Tomato Septoria leaf spot,,materialized,
5467f6012d78d1c446145d5f582da6096f852ae8,train/Tomato Septoria leaf spot/bigseptoria01.jpg,data/raw/plantdoc/train/Tomato Septoria leaf spot/bigseptoria01.jpg,db163bfa9d2b5b1d5f8131ee30b76920c772c19f736a8f7357a042d5cb70e5e1,db163bfa9d2b5b1d5f8131ee30b76920c772c19f736a8f7357a042d5cb70e5e1,59721,442,298,RGB,train,Tomato Septoria leaf spot,,materialized,
5467f6012d78d1c446145d5f582da6096f852ae8,train/Tomato Septoria leaf spot/bnX8Q.jpg,data/raw/plantdoc/train/Tomato Septoria leaf spot/bnX8Q.jpg,6f781eddf9d4c49bde14649f8aeda483fd084719a2db3e551427b3778024e592,6f781eddf9d4c49bde14649f8aeda483fd084719a2db3e551427b3778024e592,51303,480,320,RGB,train,Tomato Septoria leaf spot,,materialized,
5467f6012d78d1c446145d5f582da6096f852ae8,train/Tomato Septoria leaf spot/caf212ccf4696675469a0beaa9e57213.jpg,data/raw/plantdoc/train/Tomato Septoria leaf spot/caf212ccf4696675469a0beaa9e57213.jpg,909e493ee0f14f4757b15c40f19bac1e81ae6b639087c7a3945f657d88bc2397,909e493ee0f14f4757b15c40f19bac1e81ae6b639087c7a3945f657d88bc2397,52076,640,480,RGB,train,Tomato Septoria leaf spot,,materialized,
5467f6012d78d1c446145d5f582da6096f852ae8,train/Tomato Septoria leaf spot/classic-septoria.jpg,data/raw/plantdoc/train/Tomato Septoria leaf spot/classic-septoria.jpg,5a55c2e3d902ce5f9f89d1c1918e5bea818e5d8aaf3b8631c4174d8beff6fa4f,5a55c2e3d902ce5f9f89d1c1918e5bea818e5d8aaf3b8631c4174d8beff6fa4f,3218431,2304,3072,RGB,train,Tomato Septoria leaf spot,,materialized,
5467f6012d78d1c446145d5f582da6096f852ae8,train/Tomato Septoria leaf spot/closeup-of-tomato-leaf-y4af51-1024x768.jpg,data/raw/plantdoc/train/Tomato Septoria leaf spot/closeup-of-tomato-leaf-y4af51-1024x768.jpg,06e8b9439cdd4e28381d8e489bbfc35683743155db055b668e5f91eb39333b1a,06e8b9439cdd4e28381d8e489bbfc35683743155db055b668e5f91eb39333b1a,163958,1024,768,RGB,train,Tomato Septoria leaf spot,,materialized,
5467f6012d78d1c446145d5f582da6096f852ae8,train/Tomato Septoria leaf spot/confused-early-blight-septoria-zoom.jpg,data/raw/plantdoc/train/Tomato Septoria leaf spot/confused-early-blight-septoria-zoom.jpg,8909bd2eaf63b0cd388d2e1fe230b63143559fb06351bd234856486eb4042dbe,8909bd2eaf63b0cd388d2e1fe230b63143559fb06351bd234856486eb4042dbe,55290,453,417,RGB,train,Tomato Septoria leaf spot,,materialized,
5467f6012d78d1c446145d5f582da6096f852ae8,train/Tomato Septoria leaf spot/early+blight+on+leaf+yel+halo+IMG_2313.JPG.jpg,data/raw/plantdoc/train/Tomato Septoria leaf spot/early+blight+on+leaf+yel+halo+IMG_2313.JPG.jpg,3503ea91ae5be3ef0c70f9cfb8b4cb0a585ffd8497fdba7be3a2334a3cbb2025,3503ea91ae5be3ef0c70f9cfb8b4cb0a585ffd8497fdba7be3a2334a3cbb2025,237591,898,1600,RGB,train,Tomato Septoria leaf spot,,materialized,
5467f6012d78d1c446145d5f582da6096f852ae8,train/Tomato Septoria leaf spot/early-blight-septoria-ls-fig-3.jpg,data/raw/plantdoc/train/Tomato Septoria leaf spot/early-blight-septoria-ls-fig-3.jpg,93c989d8551209bf34d4002ee9fae48ddbf6ab66fc3c27466c0473bcc7c0a2b7,93c989d8551209bf34d4002ee9fae48ddbf6ab66fc3c27466c0473bcc7c0a2b7,1178259,1500,1125,RGB,train,Tomato Septoria leaf spot,,materialized,
5467f6012d78d1c446145d5f582da6096f852ae8,train/Tomato Septoria leaf spot/eb56b488e349c2de423ab6afbcc4bd5b.jpg,data/raw/plantdoc/train/Tomato Septoria leaf spot/eb56b488e349c2de423ab6afbcc4bd5b.jpg,ed7bb3ffc6866a36df769b79f7e54b47c7c45fdd955f25170664236e9abf9f6a,ed7bb3ffc6866a36df769b79f7e54b47c7c45fdd955f25170664236e9abf9f6a,77469,500,635,RGB,train,Tomato Septoria leaf spot,,materialized,
5467f6012d78d1c446145d5f582da6096f852ae8,train/Tomato Septoria leaf spot/gray-leaf-spot.jpg,data/raw/plantdoc/train/Tomato Septoria leaf spot/gray-leaf-spot.jpg,30489d7ecc6cea95f58ffc7e286aba175a38b1c11ca4cc521bb17e667f9356b3,30489d7ecc6cea95f58ffc7e286aba175a38b1c11ca4cc521bb17e667f9356b3,18653,205,300,RGB,train,Tomato Septoria leaf spot,,materialized,
5467f6012d78d1c446145d5f582da6096f852ae8,train/Tomato Septoria leaf spot/img_6564.jpg,data/raw/plantdoc/train/Tomato Septoria leaf spot/img_6564.jpg,c89cbf218f481c914a1ac65226f540c1acd7db1f6ffb496a94d85610f482ab51,c89cbf218f481c914a1ac65226f540c1acd7db1f6ffb496a94d85610f482ab51,5827001,3612,2365,RGB,train,Tomato Septoria leaf spot,,materialized,
5467f6012d78d1c446145d5f582da6096f852ae8,train/Tomato Septoria leaf spot/leafspot-5aba8283642dca003687f6fa.jpg,data/raw/plantdoc/train/Tomato Septoria leaf spot/leafspot-5aba8283642dca003687f6fa.jpg,0a6432ca76944dc5fa8c7dd644914dd64b05a776131a27f5d9960c53ea97861a,0a6432ca76944dc5fa8c7dd644914dd64b05a776131a27f5d9960c53ea97861a,35223,425,424,RGB,train,Tomato Septoria leaf spot,,materialized,
5467f6012d78d1c446145d5f582da6096f852ae8,train/Tomato Septoria leaf spot/septoria+leaf+spota.jpg,data/raw/plantdoc/train/Tomato Septoria leaf spot/septoria+leaf+spota.jpg,f7754135ce40bc781997056901d752f942440f3021bec21239fddc3bc910ca20,f7754135ce40bc781997056901d752f942440f3021bec21239fddc3bc910ca20,92562,1200,630,RGB,train,Tomato Septoria leaf spot,,materialized,
5467f6012d78d1c446145d5f582da6096f852ae8,train/Tomato Septoria leaf spot/septoria+on+rudbeckia.jpg,data/raw/plantdoc/train/Tomato Septoria leaf spot/septoria+on+rudbeckia.jpg,0383527063025378f7d6d254e2039dacbb9dd4a0b9557541a8535131a702ca5e,0383527063025378f7d6d254e2039dacbb9dd4a0b9557541a8535131a702ca5e,222305,1200,630,RGB,train,Tomato Septoria leaf spot,,materialized,
5467f6012d78d1c446145d5f582da6096f852ae8,train/Tomato Septoria leaf spot/septoria+tomato.jpg,data/raw/plantdoc/train/Tomato Septoria leaf spot/septoria+tomato.jpg,77aa542226cc8a1d56ad3107ecdeb16a3fa38936c943ea2c14d4ca69672e53dc,77aa542226cc8a1d56ad3107ecdeb16a3fa38936c943ea2c14d4ca69672e53dc,86081,600,367,RGB,train,Tomato Septoria leaf spot,,materialized,
5467f6012d78d1c446145d5f582da6096f852ae8,train/Tomato Septoria leaf spot/septoria-leaf-spot-2.jpg,data/raw/plantdoc/train/Tomato Septoria leaf spot/septoria-leaf-spot-2.jpg,3f38afcd692bc834ca115fddd0d5f6711fe135ad155d38a0da7ea51743a29303,3f38afcd692bc834ca115fddd0d5f6711fe135ad155d38a0da7ea51743a29303,21482,250,250,RGB,train,Tomato Septoria leaf spot,,materialized,
5467f6012d78d1c446145d5f582da6096f852ae8,train/Tomato Septoria leaf spot/septoria-leaf-spot-in-tomatoes.jpg,data/raw/plantdoc/train/Tomato Septoria leaf spot/septoria-leaf-spot-in-tomatoes.jpg,aa232349743dbaf811d19e952b01a883f79e2a701ff030fbce52f2a4d8ecc279,aa232349743dbaf811d19e952b01a883f79e2a701ff030fbce52f2a4d8ecc279,86794,600,900,RGB,train,Tomato Septoria leaf spot,,materialized,
5467f6012d78d1c446145d5f582da6096f852ae8,train/Tomato Septoria leaf spot/septoria-leaf-spot-on-tomato-1.jpg,data/raw/plantdoc/train/Tomato Septoria leaf spot/septoria-leaf-spot-on-tomato-1.jpg,512395a4bf57a26d61d905ed8abac9f2b8abdcb77a91ada0369ced54db7b45f0,512395a4bf57a26d61d905ed8abac9f2b8abdcb77a91ada0369ced54db7b45f0,2309676,2996,3070,RGB,train,Tomato Septoria leaf spot,,materialized,
5467f6012d78d1c446145d5f582da6096f852ae8,train/Tomato Septoria leaf spot/septoria-leaf-spot-tomato-1.jpg,data/raw/plantdoc/train/Tomato Septoria leaf spot/septoria-leaf-spot-tomato-1.jpg,c2df9ef9cc05534ad4855678f62bfe9d5312aa9dc0e53c0c5e8f5b13f69ab713,c2df9ef9cc05534ad4855678f62bfe9d5312aa9dc0e53c0c5e8f5b13f69ab713,15278,300,200,RGB,train,Tomato Septoria leaf spot,,materialized,
5467f6012d78d1c446145d5f582da6096f852ae8,train/Tomato Septoria leaf spot/septoria-leaf-spot-tomatoes1x2400-17g2jzo.jpg,data/raw/plantdoc/train/Tomato Septoria leaf spot/septoria-leaf-spot-tomatoes1x2400-17g2jzo.jpg,6777b30efc94f2146669dac0f018912297da34cb0f8ecdcdf09655cdfe8aff3b,6777b30efc94f2146669dac0f018912297da34cb0f8ecdcdf09655cdfe8aff3b,2833976,2400,2205,RGB,train,Tomato Septoria leaf spot,,materialized,
5467f6012d78d1c446145d5f582da6096f852ae8,train/Tomato Septoria leaf spot/septoria-leaf-spot-tomatoes2x2400-202yoxg.jpg,data/raw/plantdoc/train/Tomato Septoria leaf spot/septoria-leaf-spot-tomatoes2x2400-202yoxg.jpg,880b93d1744261e885dd9827b55d60e330b521bda7a3c728c97921af986cf079,880b93d1744261e885dd9827b55d60e330b521bda7a3c728c97921af986cf079,2650102,2400,2285,RGB,train,Tomato Septoria leaf spot,,materialized,
5467f6012d78d1c446145d5f582da6096f852ae8,train/Tomato Septoria leaf spot/septoria-leaf-spot-treatment-leaf-spot-septoria-leaf-spot-soil-treatment-septoria-leaf-spot-tomato-organic-treatment.jpg,data/raw/plantdoc/train/Tomato Septoria leaf spot/septoria-leaf-spot-treatment-leaf-spot-septoria-leaf-spot-soil-treatment-septoria-leaf-spot-tomato-organic-treatment.jpg,8a1376011a0a8f09b29b6146b41bffdd225500a9ec3defdfb017db64d4ca9dc3,8a1376011a0a8f09b29b6146b41bffdd225500a9ec3defdfb017db64d4ca9dc3,46598,550,586,RGB,train,Tomato Septoria leaf spot,,materialized,
5467f6012d78d1c446145d5f582da6096f852ae8,train/Tomato Septoria leaf spot/septoria-leafspot-on-tomato-leaf-rp-c.jpg,data/raw/plantdoc/train/Tomato Septoria leaf spot/septoria-leafspot-on-tomato-leaf-rp-c.jpg,c1063a7a2fc3a62e77fc2ea93ac9dd63f71834d04bcbafe4394c214d60b2385c,c1063a7a2fc3a62e77fc2ea93ac9dd63f71834d04bcbafe4394c214d60b2385c,651334,1861,1481,RGB,train,Tomato Septoria leaf spot,,materialized,
5467f6012d78d1c446145d5f582da6096f852ae8,train/Tomato Septoria leaf spot/septoria-lycopersici-ascomycota-common-fungal-leaf-disease-of-tomato-picture-id128110611.jpg,data/raw/plantdoc/train/Tomato Septoria leaf spot/septoria-lycopersici-ascomycota-common-fungal-leaf-disease-of-tomato-picture-id128110611.jpg,eec8c9e2c33d152882a9fcfbdba4c283ada9d8c999da31fbd5e244e08c59dbf2,eec8c9e2c33d152882a9fcfbdba4c283ada9d8c999da31fbd5e244e08c59dbf2,426393,686,1024,RGB,train,Tomato Septoria leaf spot,,materialized,
5467f6012d78d1c446145d5f582da6096f852ae8,train/Tomato Septoria leaf spot/septoria-tomato-leaf.jpg,data/raw/plantdoc/train/Tomato Septoria leaf spot/septoria-tomato-leaf.jpg,4706b8019fde4af3189329ed50f24e0925b4609a667266b0697effa446601f01,4706b8019fde4af3189329ed50f24e0925b4609a667266b0697effa446601f01,11227,300,206,RGB,train,Tomato Septoria leaf spot,,materialized,
5467f6012d78d1c446145d5f582da6096f852ae8,train/Tomato Septoria leaf spot/septoria2_600px.jpg,data/raw/plantdoc/train/Tomato Septoria leaf spot/septoria2_600px.jpg,c272a95b8dba8347ca7e4a69eec79e1f0aee9f1e912199249610b220d6e80e6b,c272a95b8dba8347ca7e4a69eec79e1f0aee9f1e912199249610b220d6e80e6b,55849,600,450,RGB,train,Tomato Septoria leaf spot,,materialized,
5467f6012d78d1c446145d5f582da6096f852ae8,train/Tomato Septoria leaf spot/septoria3.jpg,data/raw/plantdoc/train/Tomato Septoria leaf spot/septoria3.jpg,a993f6dd6a40c5b1c83ffd08cd9ebd3375046698775efaafc539a5decc12e99e,a993f6dd6a40c5b1c83ffd08cd9ebd3375046698775efaafc539a5decc12e99e,119573,562,363,RGB,train,Tomato Septoria leaf spot,,materialized,
5467f6012d78d1c446145d5f582da6096f852ae8,train/Tomato Septoria leaf spot/septoria5.jpg,data/raw/plantdoc/train/Tomato Septoria leaf spot/septoria5.jpg,9d7f86bc562cc7dc2bcf670c807bd0ea95027da0a8c36b26f0737fd343d09445,9d7f86bc562cc7dc2bcf670c807bd0ea95027da0a8c36b26f0737fd343d09445,95578,564,381,RGB,train,Tomato Septoria leaf spot,,materialized,
5467f6012d78d1c446145d5f582da6096f852ae8,train/Tomato Septoria leaf spot/septoria_leaf_spot_of_tomato-1500x750.jpg,data/raw/plantdoc/train/Tomato Septoria leaf spot/septoria_leaf_spot_of_tomato-1500x750.jpg,013981224e179d72c1538f59b7a226d2c7178d2bc4de61980db2d270ec74f3c9,013981224e179d72c1538f59b7a226d2c7178d2bc4de61980db2d270ec74f3c9,77399,1500,750,RGB,train,Tomato Septoria leaf spot,,materialized,
5467f6012d78d1c446145d5f582da6096f852ae8,train/Tomato Septoria leaf spot/septoria_tom_leaves1x1200.jpg,data/raw/plantdoc/train/Tomato Septoria leaf spot/septoria_tom_leaves1x1200.jpg,c0ab32776c34a75a9a3bbc6f77f534f4dce0391046d8d0ca7ea57832469ea63f,c0ab32776c34a75a9a3bbc6f77f534f4dce0391046d8d0ca7ea57832469ea63f,579588,1200,1785,RGB,train,Tomato Septoria leaf spot,,materialized,
5467f6012d78d1c446145d5f582da6096f852ae8,train/Tomato Septoria leaf spot/septoria_tom_seedlings2x1200.jpg,data/raw/plantdoc/train/Tomato Septoria leaf spot/septoria_tom_seedlings2x1200.jpg,d709e378ca9bebb0492478c3648dd4675734ffbf06ccf40b8a5c39d9cecaab9a,d709e378ca9bebb0492478c3648dd4675734ffbf06ccf40b8a5c39d9cecaab9a,303505,1200,900,RGB,train,Tomato Septoria leaf spot,,materialized,
5467f6012d78d1c446145d5f582da6096f852ae8,train/Tomato Septoria leaf spot/septoria_tom_seedlings5x1200.jpg,data/raw/plantdoc/train/Tomato Septoria leaf spot/septoria_tom_seedlings5x1200.jpg,c75c37f3f902135a83735384659e2c2ecc233f999058bafffb96a50f05c5100a,c75c37f3f902135a83735384659e2c2ecc233f999058bafffb96a50f05c5100a,381244,1200,1017,RGB,train,Tomato Septoria leaf spot,,materialized,
5467f6012d78d1c446145d5f582da6096f852ae8,train/Tomato Septoria leaf spot/septoria_tomato.jpg,data/raw/plantdoc/train/Tomato Septoria leaf spot/septoria_tomato.jpg,e1a4559a490c394e462b337028431b7db2345e348062e0d44bc7a80d2202d43c,e1a4559a490c394e462b337028431b7db2345e348062e0d44bc7a80d2202d43c,318745,1200,881,RGB,train,Tomato Septoria leaf spot,,materialized,
5467f6012d78d1c446145d5f582da6096f852ae8,train/Tomato Septoria leaf spot/septorialeafspot.jpg,data/raw/plantdoc/train/Tomato Septoria leaf spot/septorialeafspot.jpg,0ddc3ea8959623524a385f58f77992ca5f93e71fbfb787bc91333ac067c5d95a,0ddc3ea8959623524a385f58f77992ca5f93e71fbfb787bc91333ac067c5d95a,25791,300,305,RGB,train,Tomato Septoria leaf spot,,materialized,
5467f6012d78d1c446145d5f582da6096f852ae8,train/Tomato Septoria leaf spot/septorialeafspot2.jpg,data/raw/plantdoc/train/Tomato Septoria leaf spot/septorialeafspot2.jpg,6f0d00fbc5b1c97c4a79d8e4b9f071ccca7763f25e02b5115f0e52d8fa132e46,6f0d00fbc5b1c97c4a79d8e4b9f071ccca7763f25e02b5115f0e52d8fa132e46,36973,300,579,RGB,train,Tomato Septoria leaf spot,,materialized,
5467f6012d78d1c446145d5f582da6096f852ae8,train/Tomato Septoria leaf spot/septorialycopersici_small.jpg,data/raw/plantdoc/train/Tomato Septoria leaf spot/septorialycopersici_small.jpg,c1f4d67c957f396e859e4bab3ea560b018ee1f2da1c6037804146c00fb425d2f,c1f4d67c957f396e859e4bab3ea560b018ee1f2da1c6037804146c00fb425d2f,646632,1000,676,RGB,train,Tomato Septoria leaf spot,,materialized,
5467f6012d78d1c446145d5f582da6096f852ae8,train/Tomato Septoria leaf spot/slide21-n.jpg,data/raw/plantdoc/train/Tomato Septoria leaf spot/slide21-n.jpg,adcd00de1adbc1bbd8ed0bf186c869af3888f7530ec3705fc6ed3d9e2b0317f2,adcd00de1adbc1bbd8ed0bf186c869af3888f7530ec3705fc6ed3d9e2b0317f2,37536,720,540,RGB,train,Tomato Septoria leaf spot,,materialized,
5467f6012d78d1c446145d5f582da6096f852ae8,train/Tomato Septoria leaf spot/sls1.jpg,data/raw/plantdoc/train/Tomato Septoria leaf spot/sls1.jpg,094fcb904432cbf854ac6691409fee5591aade7d7434112ba823e09ff2c59759,094fcb904432cbf854ac6691409fee5591aade7d7434112ba823e09ff2c59759,45075,160,200,RGB,train,Tomato Septoria leaf spot,,materialized,
5467f6012d78d1c446145d5f582da6096f852ae8,train/Tomato Septoria leaf spot/tomato%2Bseptoria%2Bleaf%2Bspot2.JPG.jpg,data/raw/plantdoc/train/Tomato Septoria leaf spot/tomato%2Bseptoria%2Bleaf%2Bspot2.JPG.jpg,9f4f2b0a754f55cdeae8a4a44c0b978d31119b901db7d07902afe1ac210c9bf2,9f4f2b0a754f55cdeae8a4a44c0b978d31119b901db7d07902afe1ac210c9bf2,280587,1600,1200,RGB,train,Tomato Septoria leaf spot,,materialized,
5467f6012d78d1c446145d5f582da6096f852ae8,train/Tomato Septoria leaf spot/tomato-badleaves.jpg,data/raw/plantdoc/train/Tomato Septoria leaf spot/tomato-badleaves.jpg,be07cf2488183e3b3d9d65acaf25482f69ddcd5aa49201975902c043779c8883,be07cf2488183e3b3d9d65acaf25482f69ddcd5aa49201975902c043779c8883,299176,1280,960,RGB,train,Tomato Septoria leaf spot,,materialized,
5467f6012d78d1c446145d5f582da6096f852ae8,train/Tomato Septoria leaf spot/tomato-blight-treatment-blight.jpg,data/raw/plantdoc/train/Tomato Septoria leaf spot/tomato-blight-treatment-blight.jpg,e1f6af6a0bea097bf8c35931904c8def0b9c20305e57df6ea432223a31108095,e1f6af6a0bea097bf8c35931904c8def0b9c20305e57df6ea432223a31108095,69799,800,600,RGB,train,Tomato Septoria leaf spot,,materialized,
5467f6012d78d1c446145d5f582da6096f852ae8,train/Tomato Septoria leaf spot/tomato-disease-septoria-leaf-spot-d7e1x9.jpg,data/raw/plantdoc/train/Tomato Septoria leaf spot/tomato-disease-septoria-leaf-spot-d7e1x9.jpg,5f2ebb041e3413ffaba7b1308462732345bd25c7aab85db90f54e2783ddeec07,5f2ebb041e3413ffaba7b1308462732345bd25c7aab85db90f54e2783ddeec07,74324,346,540,RGB,train,Tomato Septoria leaf spot,,materialized,
5467f6012d78d1c446145d5f582da6096f852ae8,train/Tomato Septoria leaf spot/tomato-disease-septoria-leaf-spot-d7e1xe.jpg,data/raw/plantdoc/train/Tomato Septoria leaf spot/tomato-disease-septoria-leaf-spot-d7e1xe.jpg,2219b3e25a8ecdca38d2e8cde9580ce658379857458fc1f1c85aa74eea99fbce,2219b3e25a8ecdca38d2e8cde9580ce658379857458fc1f1c85aa74eea99fbce,52816,300,470,RGB,train,Tomato Septoria leaf spot,,materialized,
5467f6012d78d1c446145d5f582da6096f852ae8,train/Tomato Septoria leaf spot/tomato-disease-septoria-leaf-spot-d7e1xm.jpg,data/raw/plantdoc/train/Tomato Septoria leaf spot/tomato-disease-septoria-leaf-spot-d7e1xm.jpg,1aab13079b63ee6f34a5d5a66299f2f5e945d1c9fae62c73e91b04558f2b6d12,1aab13079b63ee6f34a5d5a66299f2f5e945d1c9fae62c73e91b04558f2b6d12,60276,450,320,RGB,train,Tomato Septoria leaf spot,,materialized,
5467f6012d78d1c446145d5f582da6096f852ae8,train/Tomato Septoria leaf spot/tomato-diseases-1-638.jpg,data/raw/plantdoc/train/Tomato Septoria leaf spot/tomato-diseases-1-638.jpg,b967e48f77bd6ebe103b0d8eff61a7aad1d35409ec83f7f721b775fe87829017,b967e48f77bd6ebe103b0d8eff61a7aad1d35409ec83f7f721b775fe87829017,79437,638,479,RGB,train,Tomato Septoria leaf spot,,materialized,
5467f6012d78d1c446145d5f582da6096f852ae8,train/Tomato Septoria leaf spot/tomato-early-blight-e1437503226856.jpg,data/raw/plantdoc/train/Tomato Septoria leaf spot/tomato-early-blight-e1437503226856.jpg,5e472048573ab64f5163fa321e78bfa7452c319d57212bb684bb4c44689e1e7d,5e472048573ab64f5163fa321e78bfa7452c319d57212bb684bb4c44689e1e7d,133798,800,642,RGB,train,Tomato Septoria leaf spot,,materialized,
5467f6012d78d1c446145d5f582da6096f852ae8,train/Tomato Septoria leaf spot/tomato-leaf-spot-septoria-lycopersici-leaf-spotting-on-tomato-at9jap.jpg,data/raw/plantdoc/train/Tomato Septoria leaf spot/tomato-leaf-spot-septoria-lycopersici-leaf-spotting-on-tomato-at9jap.jpg,54bd8046658573fda3872cc82db065dd5559e8ea8cbf86fdf26bd3eadbfa311c,54bd8046658573fda3872cc82db065dd5559e8ea8cbf86fdf26bd3eadbfa311c,55418,452,540,RGB,train,Tomato Septoria leaf spot,,materialized,
5467f6012d78d1c446145d5f582da6096f852ae8,train/Tomato Septoria leaf spot/tomato-leaf-spot-septoria-lycopersici-on-a-tomato-leaflet-acg9j5.jpg,data/raw/plantdoc/train/Tomato Septoria leaf spot/tomato-leaf-spot-septoria-lycopersici-on-a-tomato-leaflet-acg9j5.jpg,0d1dea67bf02b999b809385822443304782fb15f47c184d10ac23936fe0dbf88,0d1dea67bf02b999b809385822443304782fb15f47c184d10ac23936fe0dbf88,55943,446,540,RGB,train,Tomato Septoria leaf spot,,materialized,
5467f6012d78d1c446145d5f582da6096f852ae8,train/Tomato Septoria leaf spot/tomato-plant-is-infected-with-septoria-leaf-spot-1.jpg,data/raw/plantdoc/train/Tomato Septoria leaf spot/tomato-plant-is-infected-with-septoria-leaf-spot-1.jpg,e409a55ef9717eeb960e447354dc3e90ceb6adfcf89193a8c984d254d8b4d4b0,e409a55ef9717eeb960e447354dc3e90ceb6adfcf89193a8c984d254d8b4d4b0,106744,720,720,RGB,train,Tomato Septoria leaf spot,,materialized,
5467f6012d78d1c446145d5f582da6096f852ae8,train/Tomato Septoria leaf spot/tomato-plant-is-infected-with-septoria-leaf-spot.jpg,data/raw/plantdoc/train/Tomato Septoria leaf spot/tomato-plant-is-infected-with-septoria-leaf-spot.jpg,1ce5964076a5b102e0e10e3d9062853960710b3e6c2f8711dd493e5a4629a499,1ce5964076a5b102e0e10e3d9062853960710b3e6c2f8711dd493e5a4629a499,623968,3054,2036,RGB,train,Tomato Septoria leaf spot,,materialized,
5467f6012d78d1c446145d5f582da6096f852ae8,train/Tomato Septoria leaf spot/tomato-septoria-3-500x384.jpg,data/raw/plantdoc/train/Tomato Septoria leaf spot/tomato-septoria-3-500x384.jpg,46884e0ed799561eb222f9947328edb85bad1f147bf033db1c3dbe4cfb39302c,46884e0ed799561eb222f9947328edb85bad1f147bf033db1c3dbe4cfb39302c,56175,500,384,RGB,train,Tomato Septoria leaf spot,,materialized,
5467f6012d78d1c446145d5f582da6096f852ae8,train/Tomato Septoria leaf spot/tomato-septoria-3.jpg,data/raw/plantdoc/train/Tomato Septoria leaf spot/tomato-septoria-3.jpg,94dddabc3c29835b9e2be96cf6a12440606c98ffa45aeb890369cd2434f6c287,94dddabc3c29835b9e2be96cf6a12440606c98ffa45aeb890369cd2434f6c287,408072,1497,1152,RGB,train,Tomato Septoria leaf spot,,materialized,
5467f6012d78d1c446145d5f582da6096f852ae8,train/Tomato Septoria leaf spot/tomato-septoria-5-500x384.jpg,data/raw/plantdoc/train/Tomato Septoria leaf spot/tomato-septoria-5-500x384.jpg,2ad392423ff2760273e25387b398bf5e8118271879938be8b20643a55ca8d355,2ad392423ff2760273e25387b398bf5e8118271879938be8b20643a55ca8d355,62769,500,384,RGB,train,Tomato Septoria leaf spot,,materialized,
5467f6012d78d1c446145d5f582da6096f852ae8,train/Tomato Septoria leaf spot/tomato-septoria-5.jpg,data/raw/plantdoc/train/Tomato Septoria leaf spot/tomato-septoria-5.jpg,6dbdb4f99a7533193d70ebf7fdcabbacfcd3693a0a39546cde879a46b7ce8db5,6dbdb4f99a7533193d70ebf7fdcabbacfcd3693a0a39546cde879a46b7ce8db5,392709,1500,1154,RGB,train,Tomato Septoria leaf spot,,materialized,
5467f6012d78d1c446145d5f582da6096f852ae8,train/Tomato Septoria leaf spot/tomato-septoria-leaf-spot--.jpg,data/raw/plantdoc/train/Tomato Septoria leaf spot/tomato-septoria-leaf-spot--.jpg,5de1dbc9ed87ae6713ba606b8852c0ffa3a7093e5bc05dcc11e5787041ea7258,5de1dbc9ed87ae6713ba606b8852c0ffa3a7093e5bc05dcc11e5787041ea7258,688426,1200,900,RGB,train,Tomato Septoria leaf spot,,materialized,
5467f6012d78d1c446145d5f582da6096f852ae8,train/Tomato Septoria leaf spot/tomato-septoria-leaf-spot-.jpg,data/raw/plantdoc/train/Tomato Septoria leaf spot/tomato-septoria-leaf-spot-.jpg,3c0500015b9ee00e6c4a40038ae26e4e4fb2a50ba1e566103315983aaafabd41,3c0500015b9ee00e6c4a40038ae26e4e4fb2a50ba1e566103315983aaafabd41,168643,593,261,RGB,train,Tomato Septoria leaf spot,,materialized,
5467f6012d78d1c446145d5f582da6096f852ae8,train/Tomato Septoria leaf spot/tomato-septoria-leaf-spot-600.jpg,data/raw/plantdoc/train/Tomato Septoria leaf spot/tomato-septoria-leaf-spot-600.jpg,0c373447b7d4126ce863e4469a6e7dd198d607593e49b1073b06f6831445bb21,0c373447b7d4126ce863e4469a6e7dd198d607593e49b1073b06f6831445bb21,33458,480,480,RGB,train,Tomato Septoria leaf spot,,materialized,
5467f6012d78d1c446145d5f582da6096f852ae8,train/Tomato Septoria leaf spot/tomato-septoria-leaf-spot.jpg,data/raw/plantdoc/train/Tomato Septoria leaf spot/tomato-septoria-leaf-spot.jpg,de4287f7e68678a481d5f874f3fd05d89ac6360b108aff3f3da1b11242c7b37d,de4287f7e68678a481d5f874f3fd05d89ac6360b108aff3f3da1b11242c7b37d,4481,150,150,RGB,train,Tomato Septoria leaf spot,,materialized,
5467f6012d78d1c446145d5f582da6096f852ae8,train/Tomato Septoria leaf spot/tomato_V8.jpg,data/raw/plantdoc/train/Tomato Septoria leaf spot/tomato_V8.jpg,e23a29c94b58aac28e92f57f95eb6f53e99c874323cb2b90ebd327085721574e,e23a29c94b58aac28e92f57f95eb6f53e99c874323cb2b90ebd327085721574e,14032,350,260,RGB,train,Tomato Septoria leaf spot,,materialized,
5467f6012d78d1c446145d5f582da6096f852ae8,train/Tomato Septoria leaf spot/tomato_leaf_spots_1500x1500%253E.jpg,data/raw/plantdoc/train/Tomato Septoria leaf spot/tomato_leaf_spots_1500x1500%253E.jpg,c77e8a3e008d722dafba242e5022b6f04b6dec4761b3587e417051817c7c50fa,c77e8a3e008d722dafba242e5022b6f04b6dec4761b3587e417051817c7c50fa,372057,1500,848,RGB,train,Tomato Septoria leaf spot,,materialized,
5467f6012d78d1c446145d5f582da6096f852ae8,train/Tomato Septoria leaf spot/tomato_leaves_300x300%2523.jpg,data/raw/plantdoc/train/Tomato Septoria leaf spot/tomato_leaves_300x300%2523.jpg,9338c8b6dc6cc536e345651c17fb42edd947076b4373069cc83312335db8d02b,9338c8b6dc6cc536e345651c17fb42edd947076b4373069cc83312335db8d02b,85803,300,300,RGB,train,Tomato Septoria leaf spot,,materialized,
5467f6012d78d1c446145d5f582da6096f852ae8,train/Tomato Septoria leaf spot/tomato_septoria_05_zoom.jpg,data/raw/plantdoc/train/Tomato Septoria leaf spot/tomato_septoria_05_zoom.jpg,7f061bfb7c8595d299768535fe9823c732ff536fcab1408b30c04fdd42477f91,7f061bfb7c8595d299768535fe9823c732ff536fcab1408b30c04fdd42477f91,191119,900,598,RGB,train,Tomato Septoria leaf spot,,materialized,
5467f6012d78d1c446145d5f582da6096f852ae8,train/Tomato Septoria leaf spot/tomato_septoria_alternaria_1.jpg,data/raw/plantdoc/train/Tomato Septoria leaf spot/tomato_septoria_alternaria_1.jpg,566a63d77cac3d5b7966f8909f0884e85e2af8b20775cad0e0bfce0d5b751d74,566a63d77cac3d5b7966f8909f0884e85e2af8b20775cad0e0bfce0d5b751d74,174407,450,291,RGB,train,Tomato Septoria leaf spot,,materialized,
5467f6012d78d1c446145d5f582da6096f852ae8,train/Tomato Septoria leaf spot/tomatofactsheet.png.png,data/raw/plantdoc/train/Tomato Septoria leaf spot/tomatofactsheet.png.png,3b380dcb84fff7ab23c6f1e9787ada18367e6fdeb5cd0fb2087cff6b1cdd08fb,3b380dcb84fff7ab23c6f1e9787ada18367e6fdeb5cd0fb2087cff6b1cdd08fb,189111,355,240,RGBA,train,Tomato Septoria leaf spot,,materialized,
5467f6012d78d1c446145d5f582da6096f852ae8,train/Tomato Septoria leaf spot/tomatoseptorialeafspotjpg-788d20798a3c74e7.jpg,data/raw/plantdoc/train/Tomato Septoria leaf spot/tomatoseptorialeafspotjpg-788d20798a3c74e7.jpg,0cc5e519d218ddfee4f39bd575b1780a2f863ee13eb9e9dcba33f92af2a6c0d6,0cc5e519d218ddfee4f39bd575b1780a2f863ee13eb9e9dcba33f92af2a6c0d6,577563,2048,1406,RGB,train,Tomato Septoria leaf spot,,materialized,
5467f6012d78d1c446145d5f582da6096f852ae8,train/Tomato Septoria leaf spot/vdu-tomato-sept-eb-285x300.jpg,data/raw/plantdoc/train/Tomato Septoria leaf spot/vdu-tomato-sept-eb-285x300.jpg,311f28f1f5e8fef327ea3c52051efd8266a3f97a16ab06575bef74469da8f2b4,311f28f1f5e8fef327ea3c52051efd8266a3f97a16ab06575bef74469da8f2b4,9503,166,137,RGB,train,Tomato Septoria leaf spot,,materialized,
5467f6012d78d1c446145d5f582da6096f852ae8,train/Tomato Septoria leaf spot/web1_copy_tomato-septoria-leaf-spot4.jpg,data/raw/plantdoc/train/Tomato Septoria leaf spot/web1_copy_tomato-septoria-leaf-spot4.jpg,de7f200bceaa19c462e2e8ea63015eb2cc95ef37ff60192b4e02b4c5b261ec16,de7f200bceaa19c462e2e8ea63015eb2cc95ef37ff60192b4e02b4c5b261ec16,197471,640,480,RGB,train,Tomato Septoria leaf spot,,materialized,
5467f6012d78d1c446145d5f582da6096f852ae8,train/Tomato Septoria leaf spot/x3-most-common-types-tomato-blight.jpg.pagespeed.ic.5cLJi6TXEi.jpg,data/raw/plantdoc/train/Tomato Septoria leaf spot/x3-most-common-types-tomato-blight.jpg.pagespeed.ic.5cLJi6TXEi.jpg,400c86fb37df6aac292264d32dfaa2fd033daeb9016bf45cdb9ad33458b8b753,400c86fb37df6aac292264d32dfaa2fd033daeb9016bf45cdb9ad33458b8b753,80299,651,619,RGB,train,Tomato Septoria leaf spot,,materialized,
5467f6012d78d1c446145d5f582da6096f852ae8,train/Tomato Septoria leaf spot/xgray-leaf-spot.jpg.pagespeed.ic.ltF8KfKtQ1.jpg,data/raw/plantdoc/train/Tomato Septoria leaf spot/xgray-leaf-spot.jpg.pagespeed.ic.ltF8KfKtQ1.jpg,4f57d8bbe3c8749886cf792b5cfd0852d2fecd51ecfa85f21ee97ae5b339cfdd,4f57d8bbe3c8749886cf792b5cfd0852d2fecd51ecfa85f21ee97ae5b339cfdd,17447,205,300,RGB,train,Tomato Septoria leaf spot,,materialized,
5467f6012d78d1c446145d5f582da6096f852ae8,train/Tomato leaf bacterial spot/05-069f1.jpg,data/raw/plantdoc/train/Tomato leaf bacterial spot/05-069f1.jpg,af89fc57e6dc5f105682bf3366e601e41406817bbea5afe180f3562b4aab5114,af89fc57e6dc5f105682bf3366e601e41406817bbea5afe180f3562b4aab5114,20376,326,196,RGB,train,Tomato leaf bacterial spot,,materialized,
5467f6012d78d1c446145d5f582da6096f852ae8,train/Tomato leaf bacterial spot/05-069f12.jpg,data/raw/plantdoc/train/Tomato leaf bacterial spot/05-069f12.jpg,95a9c6ab4bf076ba3f77c11e0a5b65b5cbda0924990158ddf04e995e9ad9b6f5,95a9c6ab4bf076ba3f77c11e0a5b65b5cbda0924990158ddf04e995e9ad9b6f5,18221,326,235,RGB,train,Tomato leaf bacterial spot,,materialized,
5467f6012d78d1c446145d5f582da6096f852ae8,train/Tomato leaf bacterial spot/05-069f9.jpg,data/raw/plantdoc/train/Tomato leaf bacterial spot/05-069f9.jpg,ef8fbeff2c3c0638d7b16a232fcb5983851b3df4ec9a44010912089fd7211316,ef8fbeff2c3c0638d7b16a232fcb5983851b3df4ec9a44010912089fd7211316,17521,326,234,RGB,train,Tomato leaf bacterial spot,,materialized,
5467f6012d78d1c446145d5f582da6096f852ae8,train/Tomato leaf bacterial spot/10-3-bacterial-speck-on-tomato-RON.jpg,data/raw/plantdoc/train/Tomato leaf bacterial spot/10-3-bacterial-speck-on-tomato-RON.jpg,509fcba9727f69d69bc217dbfa7e8203e67b4739b8ae836d0b1978f008d7960d,509fcba9727f69d69bc217dbfa7e8203e67b4739b8ae836d0b1978f008d7960d,17531,350,236,RGB,train,Tomato leaf bacterial spot,,materialized,
5467f6012d78d1c446145d5f582da6096f852ae8,train/Tomato leaf bacterial spot/110608-01-8356c-lg.jpg,data/raw/plantdoc/train/Tomato leaf bacterial spot/110608-01-8356c-lg.jpg,73715afcb46446f61d12cf201809f158c1cc62f0578cbe1ed1a1ed42bc269125,73715afcb46446f61d12cf201809f158c1cc62f0578cbe1ed1a1ed42bc269125,97572,823,1024,RGB,train,Tomato leaf bacterial spot,,materialized,
5467f6012d78d1c446145d5f582da6096f852ae8,train/Tomato leaf bacterial spot/13582051_f520.jpg,data/raw/plantdoc/train/Tomato leaf bacterial spot/13582051_f520.jpg,81bac0a41b4adeb1264055b30f0c3910c7e915880fac3e52b29b38ca612f8456,81bac0a41b4adeb1264055b30f0c3910c7e915880fac3e52b29b38ca612f8456,77146,520,693,RGB,train,Tomato leaf bacterial spot,,materialized,
5467f6012d78d1c446145d5f582da6096f852ae8,train/Tomato leaf bacterial spot/250?cb=20100819110637.jpg,data/raw/plantdoc/train/Tomato leaf bacterial spot/250?cb=20100819110637.jpg,2d25dc83d793494f55bd1174b7f196ea0dd8ea9a2750ff1f58ceb6ccd4ed73d8,2d25dc83d793494f55bd1174b7f196ea0dd8ea9a2750ff1f58ceb6ccd4ed73d8,14850,250,375,RGB,train,Tomato leaf bacterial spot,,materialized,
5467f6012d78d1c446145d5f582da6096f852ae8,train/Tomato leaf bacterial spot/266914753eb19d87b80567baed1a0f66.jpg,data/raw/plantdoc/train/Tomato leaf bacterial spot/266914753eb19d87b80567baed1a0f66.jpg,430fd0b508350dcb3013fb773ea273b4efb6c1abca487a8a0686537c33be5e24,430fd0b508350dcb3013fb773ea273b4efb6c1abca487a8a0686537c33be5e24,85362,736,552,RGB,train,Tomato leaf bacterial spot,,materialized,
5467f6012d78d1c446145d5f582da6096f852ae8,train/Tomato leaf bacterial spot/30290.jpg,data/raw/plantdoc/train/Tomato leaf bacterial spot/30290.jpg,d8227ac67f714be5fe44607769df4b670dd60c3df698737b45560243c40be457,d8227ac67f714be5fe44607769df4b670dd60c3df698737b45560243c40be457,104300,1532,956,RGB,train,Tomato leaf bacterial spot,,materialized,
5467f6012d78d1c446145d5f582da6096f852ae8,train/Tomato leaf bacterial spot/3182.jpg,data/raw/plantdoc/train/Tomato leaf bacterial spot/3182.jpg,90b0a3c33a0bf595acbac5748fd97854690b27a80ac95e1bbdc95c5c8955112f,90b0a3c33a0bf595acbac5748fd97854690b27a80ac95e1bbdc95c5c8955112f,62061,1024,436,RGB,train,Tomato leaf bacterial spot,,materialized,
5467f6012d78d1c446145d5f582da6096f852ae8,train/Tomato leaf bacterial spot/38849847120_7ae02bd6c3_b.jpg,data/raw/plantdoc/train/Tomato leaf bacterial spot/38849847120_7ae02bd6c3_b.jpg,246e987e63742f3418af56e388bdf5d2bcb0ebdf284b51aad750886714835294,246e987e63742f3418af56e388bdf5d2bcb0ebdf284b51aad750886714835294,201876,1023,1024,RGB,train,Tomato leaf bacterial spot,,materialized,
5467f6012d78d1c446145d5f582da6096f852ae8,train/Tomato leaf bacterial spot/39765006175_e2f0da764d_b.jpg,data/raw/plantdoc/train/Tomato leaf bacterial spot/39765006175_e2f0da764d_b.jpg,6b0da82469b58b768b1a49d0bb00f710b8b90aacdafc860f3b79afa3263217e6,6b0da82469b58b768b1a49d0bb00f710b8b90aacdafc860f3b79afa3263217e6,175738,1023,1024,RGB,train,Tomato leaf bacterial spot,,materialized,
5467f6012d78d1c446145d5f582da6096f852ae8,train/Tomato leaf bacterial spot/3bacterial-canker1.jpg,data/raw/plantdoc/train/Tomato leaf bacterial spot/3bacterial-canker1.jpg,6800aeb5aa057948a5e35a81c86797c864cb8d640efd6c53b2e80c09bd7cd755,6800aeb5aa057948a5e35a81c86797c864cb8d640efd6c53b2e80c09bd7cd755,29540,320,240,RGB,train,Tomato leaf bacterial spot,,materialized,
5467f6012d78d1c446145d5f582da6096f852ae8,train/Tomato leaf bacterial spot/4-6%20Keep%20bacterial%20diseasesMARY%20-%20D.jpg,data/raw/plantdoc/train/Tomato leaf bacterial spot/4-6%20Keep%20bacterial%20diseasesMARY%20-%20D.jpg,0c8e75f2dd9733a21bfcd21d947261f8cc3b775e6840c21098c8951b4f2b0f1e,0c8e75f2dd9733a21bfcd21d947261f8cc3b775e6840c21098c8951b4f2b0f1e,66826,288,195,RGB,train,Tomato leaf bacterial spot,,materialized,
5467f6012d78d1c446145d5f582da6096f852ae8,train/Tomato leaf bacterial spot/5114949114265600-600x272.jpeg.jpg,data/raw/plantdoc/train/Tomato leaf bacterial spot/5114949114265600-600x272.jpeg.jpg,1d5bb4242bc6a9717124e5604408b3d8bdbd76a8d4d9bcc463421a9116d447c6,1d5bb4242bc6a9717124e5604408b3d8bdbd76a8d4d9bcc463421a9116d447c6,52975,600,272,RGB,train,Tomato leaf bacterial spot,,materialized,
5467f6012d78d1c446145d5f582da6096f852ae8,train/Tomato leaf bacterial spot/59380.jpg,data/raw/plantdoc/train/Tomato leaf bacterial spot/59380.jpg,39f304b8ca118c553846dcb91e5b63e472fdc91531d907199f788973e703527f,39f304b8ca118c553846dcb91e5b63e472fdc91531d907199f788973e703527f,19867,500,297,RGB,train,Tomato leaf bacterial spot,,materialized,
5467f6012d78d1c446145d5f582da6096f852ae8,train/Tomato leaf bacterial spot/71c944d61b08f6373a9a38d3c250cb2e.jpg,data/raw/plantdoc/train/Tomato leaf bacterial spot/71c944d61b08f6373a9a38d3c250cb2e.jpg,0e85c5a4ff44b49c58499db420b64865edb02dd2a9b0ed42658f836268c08a98,0e85c5a4ff44b49c58499db420b64865edb02dd2a9b0ed42658f836268c08a98,18647,236,314,RGB,train,Tomato leaf bacterial spot,,materialized,
5467f6012d78d1c446145d5f582da6096f852ae8,train/Tomato leaf bacterial spot/BCH%20medium%20thumbnail%20for%20upload%20%2814%29.jpg,data/raw/plantdoc/train/Tomato leaf bacterial spot/BCH%20medium%20thumbnail%20for%20upload%20%2814%29.jpg,89dfb16890bdf8ea7730d3d1e928782389d4fb0da4a1c4da0d04126b73971aaf,89dfb16890bdf8ea7730d3d1e928782389d4fb0da4a1c4da0d04126b73971aaf,49086,375,300,RGB,train,Tomato leaf bacterial spot,,materialized,
5467f6012d78d1c446145d5f582da6096f852ae8,train/Tomato leaf bacterial spot/BCH%20small%20thumbnail%20for%20upload%20%2814%29.jpg,data/raw/plantdoc/train/Tomato leaf bacterial spot/BCH%20small%20thumbnail%20for%20upload%20%2814%29.jpg,612630455bbc59fd566931f32feea6b0fc4dd6e7ae86f52155d3e46c55fc840b,612630455bbc59fd566931f32feea6b0fc4dd6e7ae86f52155d3e46c55fc840b,21379,187,150,RGB,train,Tomato leaf bacterial spot,,materialized,
5467f6012d78d1c446145d5f582da6096f852ae8,train/Tomato leaf bacterial spot/Bacterial+Speck+-+Tomatoes.jpg,data/raw/plantdoc/train/Tomato leaf bacterial spot/Bacterial+Speck+-+Tomatoes.jpg,8b3e1b52d29f9be2c3bc12faa448c74321693e51a20933a1f1fe552a97907140,8b3e1b52d29f9be2c3bc12faa448c74321693e51a20933a1f1fe552a97907140,18480,350,263,RGB,train,Tomato leaf bacterial spot,,materialized,
5467f6012d78d1c446145d5f582da6096f852ae8,train/Tomato leaf bacterial spot/Bacterial+Spot+-+Tomatoes.jpg,data/raw/plantdoc/train/Tomato leaf bacterial spot/Bacterial+Spot+-+Tomatoes.jpg,f452e56a7e9f2c56264af79f08e03b712ea538db7e0db0a7a4a4933ade79df00,f452e56a7e9f2c56264af79f08e03b712ea538db7e0db0a7a4a4933ade79df00,13662,319,225,RGB,train,Tomato leaf bacterial spot,,materialized,
5467f6012d78d1c446145d5f582da6096f852ae8,train/Tomato leaf bacterial spot/Bacterial-Leaf-Spot-2.jpg,data/raw/plantdoc/train/Tomato leaf bacterial spot/Bacterial-Leaf-Spot-2.jpg,8fd0680f224379fd2015aff82f4b3c6d50b11dbac1c584752977215d60cfa3f0,8fd0680f224379fd2015aff82f4b3c6d50b11dbac1c584752977215d60cfa3f0,428127,480,640,RGB,train,Tomato leaf bacterial spot,,materialized,
5467f6012d78d1c446145d5f582da6096f852ae8,train/Tomato leaf bacterial spot/Bacterial-Spot-of-Tomato-Img-2.jpg,data/raw/plantdoc/train/Tomato leaf bacterial spot/Bacterial-Spot-of-Tomato-Img-2.jpg,234c89af82c798886e195ede818e0c906993f4f0095fb0e4fd6c1e5665320a68,234c89af82c798886e195ede818e0c906993f4f0095fb0e4fd6c1e5665320a68,131645,285,286,RGB,train,Tomato leaf bacterial spot,,materialized,
5467f6012d78d1c446145d5f582da6096f852ae8,train/Tomato leaf bacterial spot/Bacterial-speck-tomato-leaves.jpg,data/raw/plantdoc/train/Tomato leaf bacterial spot/Bacterial-speck-tomato-leaves.jpg,64c250e5e6b84952903fd3516519b7cefc9364fb009fdb2c38905da4fe47205c,64c250e5e6b84952903fd3516519b7cefc9364fb009fdb2c38905da4fe47205c,79682,221,384,RGB,train,Tomato leaf bacterial spot,,materialized,
5467f6012d78d1c446145d5f582da6096f852ae8,train/Tomato leaf bacterial spot/Bacterial-spot-on-tomato-leaves.jpg,data/raw/plantdoc/train/Tomato leaf bacterial spot/Bacterial-spot-on-tomato-leaves.jpg,95a50e78f47ddbb2c69cf00b2f9637df19d90a56fa7d5790f25d0b6db20d1886,95a50e78f47ddbb2c69cf00b2f9637df19d90a56fa7d5790f25d0b6db20d1886,67415,261,316,RGB,train,Tomato leaf bacterial spot,,materialized,
5467f6012d78d1c446145d5f582da6096f852ae8,train/Tomato leaf bacterial spot/Bacterial-spot-tomato.jpg,data/raw/plantdoc/train/Tomato leaf bacterial spot/Bacterial-spot-tomato.jpg,c23fd68c480e78766dbb690c82a7f10faeca9072018caef571b32ec4df5eabc0,c23fd68c480e78766dbb690c82a7f10faeca9072018caef571b32ec4df5eabc0,6923,226,150,RGB,train,Tomato leaf bacterial spot,,materialized,
5467f6012d78d1c446145d5f582da6096f852ae8,train/Tomato leaf bacterial spot/BacterialSpot06.jpg,data/raw/plantdoc/train/Tomato leaf bacterial spot/BacterialSpot06.jpg,d8a745f74c62f6fd2bdd8f97c6c161626321099a50f4787f69c3e708f071642c,d8a745f74c62f6fd2bdd8f97c6c161626321099a50f4787f69c3e708f071642c,68483,520,320,RGB,train,Tomato leaf bacterial spot,,materialized,
5467f6012d78d1c446145d5f582da6096f852ae8,train/Tomato leaf bacterial spot/BacterialSpot07.jpg,data/raw/plantdoc/train/Tomato leaf bacterial spot/BacterialSpot07.jpg,63bf08288e7cc6de71242214eb5f6a85c121164e249885073bedc8727e3236f8,63bf08288e7cc6de71242214eb5f6a85c121164e249885073bedc8727e3236f8,65720,480,320,RGB,train,Tomato leaf bacterial spot,,materialized,
5467f6012d78d1c446145d5f582da6096f852ae8,train/Tomato leaf bacterial spot/Bacterial_spots1300.jpg,data/raw/plantdoc/train/Tomato leaf bacterial spot/Bacterial_spots1300.jpg,143e79b428ac80688234e1a6fe330037f9a5f654a12d0ffcbd6d92af936147a3,143e79b428ac80688234e1a6fe330037f9a5f654a12d0ffcbd6d92af936147a3,63728,800,600,RGB,train,Tomato leaf bacterial spot,,materialized,
5467f6012d78d1c446145d5f582da6096f852ae8,train/Tomato leaf bacterial spot/Bacterial_spots2276.jpg,data/raw/plantdoc/train/Tomato leaf bacterial spot/Bacterial_spots2276.jpg,057c2d6ff63615ac373c811c518a8d6e795bb57cccc49b36341d26292216bdd1,057c2d6ff63615ac373c811c518a8d6e795bb57cccc49b36341d26292216bdd1,44805,600,800,RGB,train,Tomato leaf bacterial spot,,materialized,
5467f6012d78d1c446145d5f582da6096f852ae8,train/Tomato leaf bacterial spot/Bacterial_spots2277.jpg,data/raw/plantdoc/train/Tomato leaf bacterial spot/Bacterial_spots2277.jpg,12fa5ff9867b7a9cd249a3cf577016ad0af940a294fba39200e88fe8c91e1d7d,12fa5ff9867b7a9cd249a3cf577016ad0af940a294fba39200e88fe8c91e1d7d,43299,600,800,RGB,train,Tomato leaf bacterial spot,,materialized,
5467f6012d78d1c446145d5f582da6096f852ae8,train/Tomato leaf bacterial spot/Bacterial_spots562.jpg,data/raw/plantdoc/train/Tomato leaf bacterial spot/Bacterial_spots562.jpg,b5851a1c908a1cf5186cef0d943e9f4118b42ee5e0087458351b6eb1e70e969a,b5851a1c908a1cf5186cef0d943e9f4118b42ee5e0087458351b6eb1e70e969a,56934,800,600,RGB,train,Tomato leaf bacterial spot,,materialized,
5467f6012d78d1c446145d5f582da6096f852ae8,train/Tomato leaf bacterial spot/Bacterial_spots586.jpg,data/raw/plantdoc/train/Tomato leaf bacterial spot/Bacterial_spots586.jpg,3b3c286eb37d49560352b7f42e6eceda5ebae668732475cddf85d92e74b77248,3b3c286eb37d49560352b7f42e6eceda5ebae668732475cddf85d92e74b77248,77888,800,600,RGB,train,Tomato leaf bacterial spot,,materialized,
5467f6012d78d1c446145d5f582da6096f852ae8,train/Tomato leaf bacterial spot/Canker-GHTom-CAG-leaf-collapse-copy-50-QUALITY-1ur7cyk.jpg,data/raw/plantdoc/train/Tomato leaf bacterial spot/Canker-GHTom-CAG-leaf-collapse-copy-50-QUALITY-1ur7cyk.jpg,acf4c5d5333da69596a651ee5166d454da37d0dbcdfb63d8f5118c77bdfb070e,acf4c5d5333da69596a651ee5166d454da37d0dbcdfb63d8f5118c77bdfb070e,33867,667,500,RGB,train,Tomato leaf bacterial spot,,materialized,
5467f6012d78d1c446145d5f582da6096f852ae8,train/Tomato leaf bacterial spot/CankerFoliar-copy-50-QUALITY-122b09b.jpg,data/raw/plantdoc/train/Tomato leaf bacterial spot/CankerFoliar-copy-50-QUALITY-122b09b.jpg,73c02738a87903226353dbf2b4100561260719293df92d76fcbbe2f6f43efc4c,73c02738a87903226353dbf2b4100561260719293df92d76fcbbe2f6f43efc4c,56444,667,500,RGB,train,Tomato leaf bacterial spot,,materialized,
5467f6012d78d1c446145d5f582da6096f852ae8,train/Tomato leaf bacterial spot/CankerRhiemsFiring1-copy-50-QUALITY-16lcw30.jpg,data/raw/plantdoc/train/Tomato leaf bacterial spot/CankerRhiemsFiring1-copy-50-QUALITY-16lcw30.jpg,f4a0d2b8c5763d4b7b8774b9566cc74ec147001f735213053e640c7b1ff55cbe,f4a0d2b8c5763d4b7b8774b9566cc74ec147001f735213053e640c7b1ff55cbe,54826,667,500,RGB,train,Tomato leaf bacterial spot,,materialized,
5467f6012d78d1c446145d5f582da6096f852ae8,train/Tomato leaf bacterial spot/FS547-4-big.jpg,data/raw/plantdoc/train/Tomato leaf bacterial spot/FS547-4-big.jpg,14b74849a64e5d7ce2af4d2bdb8a8850030cd225dcd6ed4ceeba1e0353e87a6a,14b74849a64e5d7ce2af4d2bdb8a8850030cd225dcd6ed4ceeba1e0353e87a6a,145062,640,480,RGB,train,Tomato leaf bacterial spot,,materialized,
5467f6012d78d1c446145d5f582da6096f852ae8,train/Tomato leaf bacterial spot/Figure-1-6.jpg,data/raw/plantdoc/train/Tomato leaf bacterial spot/Figure-1-6.jpg,e9ec09e9936efea03fabe3d5662869171cfe33b024b3e9efa2879dc6ceabc74e,e9ec09e9936efea03fabe3d5662869171cfe33b024b3e9efa2879dc6ceabc74e,992701,2048,1536,RGB,train,Tomato leaf bacterial spot,,materialized,
5467f6012d78d1c446145d5f582da6096f852ae8,train/Tomato leaf bacterial spot/Figure-3-7.jpg,data/raw/plantdoc/train/Tomato leaf bacterial spot/Figure-3-7.jpg,ebe90dbada6168b83e0e57b2f3b16af9ea97c3ccef2598f14642fab68cbef708,ebe90dbada6168b83e0e57b2f3b16af9ea97c3ccef2598f14642fab68cbef708,113615,1117,827,RGB,train,Tomato leaf bacterial spot,,materialized,
5467f6012d78d1c446145d5f582da6096f852ae8,train/Tomato leaf bacterial spot/IMG_2348.jpg,data/raw/plantdoc/train/Tomato leaf bacterial spot/IMG_2348.jpg,2c1d3ba3222a923e4df7fe316da76962d9cfbb60c70047fdc53db15998a14b02,2c1d3ba3222a923e4df7fe316da76962d9cfbb60c70047fdc53db15998a14b02,2190682,3264,2448,RGB,train,Tomato leaf bacterial spot,,materialized,
5467f6012d78d1c446145d5f582da6096f852ae8,train/Tomato leaf bacterial spot/IN0335.jpg,data/raw/plantdoc/train/Tomato leaf bacterial spot/IN0335.jpg,8ed227e49cc2cd3c7601cbb5e1502600f25d007f4315e00ba4f20a8a2bdf5fef,8ed227e49cc2cd3c7601cbb5e1502600f25d007f4315e00ba4f20a8a2bdf5fef,60356,350,272,RGB,train,Tomato leaf bacterial spot,,materialized,
5467f6012d78d1c446145d5f582da6096f852ae8,train/Tomato leaf bacterial spot/Jeter%20Mtn%20Farm_7053.JPG.jpg,data/raw/plantdoc/train/Tomato leaf bacterial spot/Jeter%20Mtn%20Farm_7053.JPG.jpg,5bf7255377055db576ed51466fbf39f34274c309a1c113215ae2fc208f669960,5bf7255377055db576ed51466fbf39f34274c309a1c113215ae2fc208f669960,63142,600,450,RGB,train,Tomato leaf bacterial spot,,materialized,
5467f6012d78d1c446145d5f582da6096f852ae8,train/Tomato leaf bacterial spot/Leaf%2Bspot%2B1000.jpg,data/raw/plantdoc/train/Tomato leaf bacterial spot/Leaf%2Bspot%2B1000.jpg,8d9b07244b08ca32eb095d398288ea12a7c7f8b0e25e3fb3fc2cee6c8ff993d8,8d9b07244b08ca32eb095d398288ea12a7c7f8b0e25e3fb3fc2cee6c8ff993d8,209450,917,588,RGB,train,Tomato leaf bacterial spot,,materialized,
5467f6012d78d1c446145d5f582da6096f852ae8,train/Tomato leaf bacterial spot/Leaf%2Bsymptoms%2BMDA.jpg,data/raw/plantdoc/train/Tomato leaf bacterial spot/Leaf%2Bsymptoms%2BMDA.jpg,167b0a6a5032756b7445dd3595817fe78495e1bb7b4afec20d96997955fe1560,167b0a6a5032756b7445dd3595817fe78495e1bb7b4afec20d96997955fe1560,405866,1482,1600,RGB,train,Tomato leaf bacterial spot,,materialized,
5467f6012d78d1c446145d5f582da6096f852ae8,train/Tomato leaf bacterial spot/Leaf-Spot-300x253.jpg,data/raw/plantdoc/train/Tomato leaf bacterial spot/Leaf-Spot-300x253.jpg,690e2cf32cd990122c1263ef8e3d2ea2d23e874e25d5024981bac350a8215ee3,690e2cf32cd990122c1263ef8e3d2ea2d23e874e25d5024981bac350a8215ee3,22741,300,253,RGB,train,Tomato leaf bacterial spot,,materialized,
5467f6012d78d1c446145d5f582da6096f852ae8,train/Tomato leaf bacterial spot/Leaf-spots-on-tomato-leaves-Credits-Hank-Dankers_Q320.jpg,data/raw/plantdoc/train/Tomato leaf bacterial spot/Leaf-spots-on-tomato-leaves-Credits-Hank-Dankers_Q320.jpg,f55393b17cff9514c773890dbc6d9f4ffb1352c2387b29dfeebcaa6397e78369,f55393b17cff9514c773890dbc6d9f4ffb1352c2387b29dfeebcaa6397e78369,23567,320,320,RGB,train,Tomato leaf bacterial spot,,materialized,
5467f6012d78d1c446145d5f582da6096f852ae8,train/Tomato leaf bacterial spot/Leafspotx450xBugwood.jpg,data/raw/plantdoc/train/Tomato leaf bacterial spot/Leafspotx450xBugwood.jpg,cf3c1bb2ed7979b619f77bd599e89205d6f307f1cecb394b938856272378b579,cf3c1bb2ed7979b619f77bd599e89205d6f307f1cecb394b938856272378b579,32849,450,210,RGB,train,Tomato leaf bacterial spot,,materialized,
5467f6012d78d1c446145d5f582da6096f852ae8,train/Tomato leaf bacterial spot/LyraEDISServlet.jpg,data/raw/plantdoc/train/Tomato leaf bacterial spot/LyraEDISServlet.jpg,2437e7f358c2c9311dd9f7f3a79a8ba597b4e38b28f996d5eb04c499f09a0422,2437e7f358c2c9311dd9f7f3a79a8ba597b4e38b28f996d5eb04c499f09a0422,33326,640,480,RGB,train,Tomato leaf bacterial spot,,materialized,
5467f6012d78d1c446145d5f582da6096f852ae8,train/Tomato leaf bacterial spot/Paret-Fig-1-tomato-bacterial-leaf-spot.jpg,data/raw/plantdoc/train/Tomato leaf bacterial spot/Paret-Fig-1-tomato-bacterial-leaf-spot.jpg,c546d8005cbe9654518adcb3509ff260a52a0711c3d503fc1fd23292b153039e,c546d8005cbe9654518adcb3509ff260a52a0711c3d503fc1fd23292b153039e,127901,720,540,RGB,train,Tomato leaf bacterial spot,,materialized,
5467f6012d78d1c446145d5f582da6096f852ae8,train/Tomato leaf bacterial spot/Pest2371.jpg,data/raw/plantdoc/train/Tomato leaf bacterial spot/Pest2371.jpg,5ba63a06fd4ef58279505f077614bc0e5afe4a8dcc9077f849a85cbcb73d5281,5ba63a06fd4ef58279505f077614bc0e5afe4a8dcc9077f849a85cbcb73d5281,32717,600,600,RGB,train,Tomato leaf bacterial spot,,materialized,
5467f6012d78d1c446145d5f582da6096f852ae8,train/Tomato leaf bacterial spot/RyBx7MH.jpg,data/raw/plantdoc/train/Tomato leaf bacterial spot/RyBx7MH.jpg,fb84453832854781de2b24f9c4ee552d95e6dfd9cb6fa5f52d4b307b7d6a4b81,fb84453832854781de2b24f9c4ee552d95e6dfd9cb6fa5f52d4b307b7d6a4b81,7514,259,194,RGB,train,Tomato leaf bacterial spot,,materialized,
5467f6012d78d1c446145d5f582da6096f852ae8,train/Tomato leaf bacterial spot/TC3.jpg,data/raw/plantdoc/train/Tomato leaf bacterial spot/TC3.jpg,eefe80b88434d8af39f83253dfad60ebf811af6e0e8e31e8597d206ad1ce0b8b,eefe80b88434d8af39f83253dfad60ebf811af6e0e8e31e8597d206ad1ce0b8b,513599,920,725,RGB,train,Tomato leaf bacterial spot,,materialized,
5467f6012d78d1c446145d5f582da6096f852ae8,train/Tomato leaf bacterial spot/TC6-300x194.jpg,data/raw/plantdoc/train/Tomato leaf bacterial spot/TC6-300x194.jpg,eca702692f724d1edd237c76c3a5e4c5501cd11050c25b9fff6889d5e1d7105c,eca702692f724d1edd237c76c3a5e4c5501cd11050c25b9fff6889d5e1d7105c,25951,300,194,RGB,train,Tomato leaf bacterial spot,,materialized,
5467f6012d78d1c446145d5f582da6096f852ae8,train/Tomato leaf bacterial spot/Tomato%20bacterial%20canker.JPG.jpg,data/raw/plantdoc/train/Tomato leaf bacterial spot/Tomato%20bacterial%20canker.JPG.jpg,c85fc518bf59ebea7be385229293f4430561df7a3991b2b146a75835cf505230,c85fc518bf59ebea7be385229293f4430561df7a3991b2b146a75835cf505230,130259,1024,768,RGB,train,Tomato leaf bacterial spot,,materialized,
5467f6012d78d1c446145d5f582da6096f852ae8,train/Tomato leaf bacterial spot/Tomato%20greenhouse%20phythotoxicity03F.JPG.jpg,data/raw/plantdoc/train/Tomato leaf bacterial spot/Tomato%20greenhouse%20phythotoxicity03F.JPG.jpg,ab09247c404a1b58018980ceb0cfd8b9431a4ab5d9b90ca95d6a6dc69167eab4,ab09247c404a1b58018980ceb0cfd8b9431a4ab5d9b90ca95d6a6dc69167eab4,215749,1024,768,RGB,train,Tomato leaf bacterial spot,,materialized,
5467f6012d78d1c446145d5f582da6096f852ae8,train/Tomato leaf bacterial spot/Tomato-Canker-Marginal-Necrosis-Leaf-GH-Guat-50-QUALITY-10e6dzu.jpg,data/raw/plantdoc/train/Tomato leaf bacterial spot/Tomato-Canker-Marginal-Necrosis-Leaf-GH-Guat-50-QUALITY-10e6dzu.jpg,512944288e08159638d526c7a85b279c323e6c5ec637e812d5ea7017b63645d5,512944288e08159638d526c7a85b279c323e6c5ec637e812d5ea7017b63645d5,34757,667,500,RGB,train,Tomato leaf bacterial spot,,materialized,
5467f6012d78d1c446145d5f582da6096f852ae8,train/Tomato leaf bacterial spot/Tomato2_original.JPG?1472597932.jpg,data/raw/plantdoc/train/Tomato leaf bacterial spot/Tomato2_original.JPG?1472597932.jpg,e2ce8eb4ef573f2b1f2fbec16267623d84081cea140f08baf1cf5ec6800e55ae,e2ce8eb4ef573f2b1f2fbec16267623d84081cea140f08baf1cf5ec6800e55ae,2471193,3648,2736,RGB,train,Tomato leaf bacterial spot,,materialized,
5467f6012d78d1c446145d5f582da6096f852ae8,train/Tomato leaf bacterial spot/TomatoBacterialSpot2.jpg,data/raw/plantdoc/train/Tomato leaf bacterial spot/TomatoBacterialSpot2.jpg,6049cbb5f75d6e73d0327aa9f1ab0f893e019ef3234d26402abd1b96c79b39e2,6049cbb5f75d6e73d0327aa9f1ab0f893e019ef3234d26402abd1b96c79b39e2,73179,322,268,RGB,train,Tomato leaf bacterial spot,,materialized,
5467f6012d78d1c446145d5f582da6096f852ae8,train/Tomato leaf bacterial spot/a3fb24f84fe70e5d37352d13106531d6.jpg,data/raw/plantdoc/train/Tomato leaf bacterial spot/a3fb24f84fe70e5d37352d13106531d6.jpg,d3c345a04c24286122157d15f955bf6d80fc20632d8dab71ef8b67ff9f2ae0ed,d3c345a04c24286122157d15f955bf6d80fc20632d8dab71ef8b67ff9f2ae0ed,60322,638,479,RGB,train,Tomato leaf bacterial spot,,materialized,
5467f6012d78d1c446145d5f582da6096f852ae8,train/Tomato leaf bacterial spot/alter_cank2-150x150.jpg,data/raw/plantdoc/train/Tomato leaf bacterial spot/alter_cank2-150x150.jpg,78065f098aabf74969a0f42fe5a5c0657857235f7f894cd1e6b33672e1e8809d,78065f098aabf74969a0f42fe5a5c0657857235f7f894cd1e6b33672e1e8809d,12584,150,150,RGB,train,Tomato leaf bacterial spot,,materialized,
5467f6012d78d1c446145d5f582da6096f852ae8,train/Tomato leaf bacterial spot/b-speck.jpg,data/raw/plantdoc/train/Tomato leaf bacterial spot/b-speck.jpg,8adf89d08459ca67ecb447e89058d090d7665af4c22763c65baceb687744b5cd,8adf89d08459ca67ecb447e89058d090d7665af4c22763c65baceb687744b5cd,453664,1920,1440,RGB,train,Tomato leaf bacterial spot,,materialized,
5467f6012d78d1c446145d5f582da6096f852ae8,train/Tomato leaf bacterial spot/bac-canker.jpg,data/raw/plantdoc/train/Tomato leaf bacterial spot/bac-canker.jpg,bcb83e8d547c0ba6eeb62842e55a0d6fb661c8dbf0c7f1e85e56a9fd46d7d0ec,bcb83e8d547c0ba6eeb62842e55a0d6fb661c8dbf0c7f1e85e56a9fd46d7d0ec,103379,800,903,RGB,train,Tomato leaf bacterial spot,,materialized,
5467f6012d78d1c446145d5f582da6096f852ae8,train/Tomato leaf bacterial spot/bac-spot.jpg,data/raw/plantdoc/train/Tomato leaf bacterial spot/bac-spot.jpg,f1fe3cf118567d855966bb36c0f02bf3d2b7e51ff2e6e01a4bc95276ac280a8c,f1fe3cf118567d855966bb36c0f02bf3d2b7e51ff2e6e01a4bc95276ac280a8c,61033,788,597,RGB,train,Tomato leaf bacterial spot,,materialized,
5467f6012d78d1c446145d5f582da6096f852ae8,train/Tomato leaf bacterial spot/bac.jpg,data/raw/plantdoc/train/Tomato leaf bacterial spot/bac.jpg,793c8877b549c9ae1580a34f604a2d915b4f3ee7dde74d5020fca7042a35abf4,793c8877b549c9ae1580a34f604a2d915b4f3ee7dde74d5020fca7042a35abf4,33656,460,300,RGB,train,Tomato leaf bacterial spot,,materialized,
5467f6012d78d1c446145d5f582da6096f852ae8,train/Tomato leaf bacterial spot/bac_spot1-300x298.jpg,data/raw/plantdoc/train/Tomato leaf bacterial spot/bac_spot1-300x298.jpg,306dd530d66ee2c88dfd1e4dc7474d4a9fff4807e79a60107f158a11e9576b30,306dd530d66ee2c88dfd1e4dc7474d4a9fff4807e79a60107f158a11e9576b30,20917,300,298,RGB,train,Tomato leaf bacterial spot,,materialized,
5467f6012d78d1c446145d5f582da6096f852ae8,train/Tomato leaf bacterial spot/bac_spot_tomato_leaf_l.jpg,data/raw/plantdoc/train/Tomato leaf bacterial spot/bac_spot_tomato_leaf_l.jpg,e3367bee19c4c90507c3f63ad8db2ac357feaf0bb502f557d3813fa029de9294,e3367bee19c4c90507c3f63ad8db2ac357feaf0bb502f557d3813fa029de9294,32527,400,300,RGB,train,Tomato leaf bacterial spot,,materialized,
5467f6012d78d1c446145d5f582da6096f852ae8,train/Tomato leaf bacterial spot/bact-spot-leaf-big.jpg,data/raw/plantdoc/train/Tomato leaf bacterial spot/bact-spot-leaf-big.jpg,64a9974a6bb8ba89c8a76ce2edbb25f8e6d38063c75badf2706fa720a91fdec3,64a9974a6bb8ba89c8a76ce2edbb25f8e6d38063c75badf2706fa720a91fdec3,612922,768,768,RGB,train,Tomato leaf bacterial spot,,materialized,
5467f6012d78d1c446145d5f582da6096f852ae8,train/Tomato leaf bacterial spot/bacterial%20leaf%20spot.jpg,data/raw/plantdoc/train/Tomato leaf bacterial spot/bacterial%20leaf%20spot.jpg,397531c283832ddfa73d5cccfa25e8ab9b788863c6298ea9db2344953d1be0e7,397531c283832ddfa73d5cccfa25e8ab9b788863c6298ea9db2344953d1be0e7,376506,765,531,RGB,train,Tomato leaf bacterial spot,,materialized,
5467f6012d78d1c446145d5f582da6096f852ae8,train/Tomato leaf bacterial spot/bacterial-canker3x2400-2ia1kgd.jpg,data/raw/plantdoc/train/Tomato leaf bacterial spot/bacterial-canker3x2400-2ia1kgd.jpg,9840822e5069579f3b7a7608b69a77fdd8b477a9be85eb70524eff1ca7b191aa,9840822e5069579f3b7a7608b69a77fdd8b477a9be85eb70524eff1ca7b191aa,2292775,2400,2791,RGB,train,Tomato leaf bacterial spot,,materialized,
5467f6012d78d1c446145d5f582da6096f852ae8,train/Tomato leaf bacterial spot/bacterial-canker4x640-1nz1vm7.jpg,data/raw/plantdoc/train/Tomato leaf bacterial spot/bacterial-canker4x640-1nz1vm7.jpg,04f466fd99811ef1e64049f95a78fb3709aeae4fe064cfc5913ab11f7666f3cc,04f466fd99811ef1e64049f95a78fb3709aeae4fe064cfc5913ab11f7666f3cc,283246,640,853,RGB,train,Tomato leaf bacterial spot,,materialized,
5467f6012d78d1c446145d5f582da6096f852ae8,train/Tomato leaf bacterial spot/bacterial-leaf-spot.jpg,data/raw/plantdoc/train/Tomato leaf bacterial spot/bacterial-leaf-spot.jpg,425d70338728b52a54a02ac16ec7747d70e0cad0323be780b7332e076e322447,425d70338728b52a54a02ac16ec7747d70e0cad0323be780b7332e076e322447,121595,1024,685,RGB,train,Tomato leaf bacterial spot,,materialized,
5467f6012d78d1c446145d5f582da6096f852ae8,train/Tomato leaf bacterial spot/bacterial-speck-tomato-2.jpg,data/raw/plantdoc/train/Tomato leaf bacterial spot/bacterial-speck-tomato-2.jpg,dabcc346884a68ee6fd9b0d356e3fd83e3aba2911497292807887f44714d68f8,dabcc346884a68ee6fd9b0d356e3fd83e3aba2911497292807887f44714d68f8,2054102,3096,2097,RGB,train,Tomato leaf bacterial spot,,materialized,
5467f6012d78d1c446145d5f582da6096f852ae8,train/Tomato leaf bacterial spot/bacterial-speck-tomato-3.jpg,data/raw/plantdoc/train/Tomato leaf bacterial spot/bacterial-speck-tomato-3.jpg,7aac501e5b78f1a4320d95c6b23454968493302bd8a96d6013092359c497918d,7aac501e5b78f1a4320d95c6b23454968493302bd8a96d6013092359c497918d,2191129,3075,2067,RGB,train,Tomato leaf bacterial spot,,materialized,
5467f6012d78d1c446145d5f582da6096f852ae8,train/Tomato leaf bacterial spot/bacterial-speck-tomato1x2400-275mmny.jpg,data/raw/plantdoc/train/Tomato leaf bacterial spot/bacterial-speck-tomato1x2400-275mmny.jpg,ac2ac4e037fa3a21ab41ca613fd1d2825eb5b0d8f1d4392be928c048a94252b6,ac2ac4e037fa3a21ab41ca613fd1d2825eb5b0d8f1d4392be928c048a94252b6,2331870,2400,1800,RGB,train,Tomato leaf bacterial spot,,materialized,
5467f6012d78d1c446145d5f582da6096f852ae8,train/Tomato leaf bacterial spot/bacterial-spot-of-tomato-6-638.jpg,data/raw/plantdoc/train/Tomato leaf bacterial spot/bacterial-spot-of-tomato-6-638.jpg,be5cc97f01849c13e763aff16bc607407956f784369ababf23443f9f5e938d04,be5cc97f01849c13e763aff16bc607407956f784369ababf23443f9f5e938d04,96449,638,479,RGB,train,Tomato leaf bacterial spot,,materialized,
5467f6012d78d1c446145d5f582da6096f852ae8,train/Tomato leaf bacterial spot/bacterial-spot-of-tomato-7-638.jpg,data/raw/plantdoc/train/Tomato leaf bacterial spot/bacterial-spot-of-tomato-7-638.jpg,14d3f91af6de22d0651f9b554794e279275cf0a59590e1ad8ad571b83fe9eec2,14d3f91af6de22d0651f9b554794e279275cf0a59590e1ad8ad571b83fe9eec2,56123,638,479,RGB,train,Tomato leaf bacterial spot,,materialized,
5467f6012d78d1c446145d5f582da6096f852ae8,train/Tomato leaf bacterial spot/bacterialLeafSpot04-xqxm03.jpg,data/raw/plantdoc/train/Tomato leaf bacterial spot/bacterialLeafSpot04-xqxm03.jpg,e9464d8cb003c8e7d40288a343011041f6ea08292c64ed6f5cf7eb3eaaf8c21a,e9464d8cb003c8e7d40288a343011041f6ea08292c64ed6f5cf7eb3eaaf8c21a,107846,613,461,RGB,train,Tomato leaf bacterial spot,,materialized,
5467f6012d78d1c446145d5f582da6096f852ae8,train/Tomato leaf bacterial spot/bacterialLeafSpot07-2jqdlmz.jpg,data/raw/plantdoc/train/Tomato leaf bacterial spot/bacterialLeafSpot07-2jqdlmz.jpg,fef2605bedb326328d6a158423fd7e951582084b99dcbccc19ce662c88eee9e8,fef2605bedb326328d6a158423fd7e951582084b99dcbccc19ce662c88eee9e8,1121228,4000,3000,RGB,train,Tomato leaf bacterial spot,,materialized,
5467f6012d78d1c446145d5f582da6096f852ae8,train/Tomato leaf bacterial spot/bacterialSpeck03510339f27656b-1scmgh1.jpg,data/raw/plantdoc/train/Tomato leaf bacterial spot/bacterialSpeck03510339f27656b-1scmgh1.jpg,4074e20070c01055c0cbc346ebdb21834ae5b3c556d35de34a6ada07d3db1e44,4074e20070c01055c0cbc346ebdb21834ae5b3c556d35de34a6ada07d3db1e44,155778,613,460,RGB,train,Tomato leaf bacterial spot,,materialized,
5467f6012d78d1c446145d5f582da6096f852ae8,train/Tomato leaf bacterial spot/bacterialspottomato2.jpg,data/raw/plantdoc/train/Tomato leaf bacterial spot/bacterialspottomato2.jpg,b65cd0980d34d543899aac66f53b97f7955a3910e6b36472928abe8c502d8816,b65cd0980d34d543899aac66f53b97f7955a3910e6b36472928abe8c502d8816,41657,300,400,RGB,train,Tomato leaf bacterial spot,,materialized,
5467f6012d78d1c446145d5f582da6096f852ae8,train/Tomato leaf bacterial spot/bc34aec4ea7f60a64e380fda44c2f380.jpg,data/raw/plantdoc/train/Tomato leaf bacterial spot/bc34aec4ea7f60a64e380fda44c2f380.jpg,bcd349febf333b5364d94ebc60846f4969f8a2e8cdccfa2c139dd6873b5621a0,bcd349febf333b5364d94ebc60846f4969f8a2e8cdccfa2c139dd6873b5621a0,56638,499,666,RGB,train,Tomato leaf bacterial spot,,materialized,
5467f6012d78d1c446145d5f582da6096f852ae8,train/Tomato leaf bacterial spot/beg.jpg,data/raw/plantdoc/train/Tomato leaf bacterial spot/beg.jpg,b5f14600296519c9c5e70f06c403453015ee84eec813a78fbaa32833ce71d7ea,b5f14600296519c9c5e70f06c403453015ee84eec813a78fbaa32833ce71d7ea,68749,460,330,RGB,train,Tomato leaf bacterial spot,,materialized,
5467f6012d78d1c446145d5f582da6096f852ae8,train/Tomato leaf bacterial spot/clothes014.jpg,data/raw/plantdoc/train/Tomato leaf bacterial spot/clothes014.jpg,46460cb6dfcf5d740222a6de0bffe22634579ae6e948f546a5a43500023f8942,46460cb6dfcf5d740222a6de0bffe22634579ae6e948f546a5a43500023f8942,64085,800,600,RGB,train,Tomato leaf bacterial spot,,materialized,
5467f6012d78d1c446145d5f582da6096f852ae8,train/Tomato leaf bacterial spot/droppedImage_3.jpg,data/raw/plantdoc/train/Tomato leaf bacterial spot/droppedImage_3.jpg,3c9e15665975db7738686684a20015cc2bdd7dacea660e211f17f5badbcd9841,3c9e15665975db7738686684a20015cc2bdd7dacea660e211f17f5badbcd9841,82336,800,561,RGB,train,Tomato leaf bacterial spot,,materialized,
5467f6012d78d1c446145d5f582da6096f852ae8,train/Tomato leaf bacterial spot/image3_original.JPG?1472755422.jpg,data/raw/plantdoc/train/Tomato leaf bacterial spot/image3_original.JPG?1472755422.jpg,e8b2babe7522e6b57b4783f7d13bfcaac72285a5e54894e3de88bf391fe1d8af,e8b2babe7522e6b57b4783f7d13bfcaac72285a5e54894e3de88bf391fe1d8af,121988,480,640,RGB,train,Tomato leaf bacterial spot,,materialized,
5467f6012d78d1c446145d5f582da6096f852ae8,train/Tomato leaf bacterial spot/image5_300x300%2523.JPG?1472755422.jpg,data/raw/plantdoc/train/Tomato leaf bacterial spot/image5_300x300%2523.JPG?1472755422.jpg,6a50d7db4690347c6ff4aab895988b40398c87190840f05645b2256a1405f0ee,6a50d7db4690347c6ff4aab895988b40398c87190840f05645b2256a1405f0ee,57602,300,300,RGB,train,Tomato leaf bacterial spot,,materialized,
5467f6012d78d1c446145d5f582da6096f852ae8,train/Tomato leaf bacterial spot/kg32-beefsteak-tomatoes-08_lg.jpg,data/raw/plantdoc/train/Tomato leaf bacterial spot/kg32-beefsteak-tomatoes-08_lg.jpg,8c628f0704bd538ae34b45cb9fa01b797057644f30906c47f0f4ad81d0d09367,8c628f0704bd538ae34b45cb9fa01b797057644f30906c47f0f4ad81d0d09367,26151,430,258,RGB,train,Tomato leaf bacterial spot,,materialized,
5467f6012d78d1c446145d5f582da6096f852ae8,train/Tomato leaf bacterial spot/latest?cb=20100808132744.jpg,data/raw/plantdoc/train/Tomato leaf bacterial spot/latest?cb=20100808132744.jpg,594c664a38ad8def80b045c23495b6cc8d07178c34ade276ae3f1fe9919cdb2d,594c664a38ad8def80b045c23495b6cc8d07178c34ade276ae3f1fe9919cdb2d,83807,450,419,RGB,train,Tomato leaf bacterial spot,,materialized,
5467f6012d78d1c446145d5f582da6096f852ae8,train/Tomato leaf bacterial spot/leaf-spot3-big.jpg,data/raw/plantdoc/train/Tomato leaf bacterial spot/leaf-spot3-big.jpg,f0c1e73eb30e53a2579216e1e6fb1662d844a18eb2553a08aa642f1a39c253f7,f0c1e73eb30e53a2579216e1e6fb1662d844a18eb2553a08aa642f1a39c253f7,130873,590,443,RGB,train,Tomato leaf bacterial spot,,materialized,
5467f6012d78d1c446145d5f582da6096f852ae8,train/Tomato leaf bacterial spot/my-plant-has-brown-spots-leaf-spot-and-canker-on-dogwood.jpg,data/raw/plantdoc/train/Tomato leaf bacterial spot/my-plant-has-brown-spots-leaf-spot-and-canker-on-dogwood.jpg,8667b3ef472b6ea8054525579e3eba202c9535512aac120db2f0834c791ee811,8667b3ef472b6ea8054525579e3eba202c9535512aac120db2f0834c791ee811,54662,600,423,RGB,train,Tomato leaf bacterial spot,,materialized,
5467f6012d78d1c446145d5f582da6096f852ae8,train/Tomato leaf bacterial spot/patarea-bacteriana-frunzelor-pseudomonas-syringae-maculicola-31_5_2.jpg,data/raw/plantdoc/train/Tomato leaf bacterial spot/patarea-bacteriana-frunzelor-pseudomonas-syringae-maculicola-31_5_2.jpg,b60d77e27972aca02347583367649b43a69bff5814e861c69a490e5e01848186,b60d77e27972aca02347583367649b43a69bff5814e861c69a490e5e01848186,388756,419,625,RGB,train,Tomato leaf bacterial spot,,materialized,
5467f6012d78d1c446145d5f582da6096f852ae8,train/Tomato leaf bacterial spot/pddl-highlights-fig-1-bact-spot.jpg,data/raw/plantdoc/train/Tomato leaf bacterial spot/pddl-highlights-fig-1-bact-spot.jpg,c0a818969d3887573fe1aba95670582c87070140f6197508cd63eec4320d1a5f,c0a818969d3887573fe1aba95670582c87070140f6197508cd63eec4320d1a5f,1260317,1500,1000,RGB,train,Tomato leaf bacterial spot,,materialized,
5467f6012d78d1c446145d5f582da6096f852ae8,train/Tomato leaf bacterial spot/photo-1.jpg,data/raw/plantdoc/train/Tomato leaf bacterial spot/photo-1.jpg,6585d1ca2b10a114e94aaf91f28ae0a0adf282564133353d689f203f4133b2dd,6585d1ca2b10a114e94aaf91f28ae0a0adf282564133353d689f203f4133b2dd,317703,1000,750,RGB,train,Tomato leaf bacterial spot,,materialized,
5467f6012d78d1c446145d5f582da6096f852ae8,train/Tomato leaf bacterial spot/photo-764060.JPG.jpg,data/raw/plantdoc/train/Tomato leaf bacterial spot/photo-764060.JPG.jpg,6a457c9c748f463f5de97c370e8421044552e1bc0389989fc2cb0b5f2a1be1ce,6a457c9c748f463f5de97c370e8421044552e1bc0389989fc2cb0b5f2a1be1ce,236663,1280,960,RGB,train,Tomato leaf bacterial spot,,materialized,
5467f6012d78d1c446145d5f582da6096f852ae8,train/Tomato leaf bacterial spot/pp1244-05.jpeg.jpg,data/raw/plantdoc/train/Tomato leaf bacterial spot/pp1244-05.jpeg.jpg,3f167fbe44673ba9b0d9f0dbc78c43d4baf94eb25421cea18bdc41c9ee75aad2,3f167fbe44673ba9b0d9f0dbc78c43d4baf94eb25421cea18bdc41c9ee75aad2,44720,320,236,RGB,train,Tomato leaf bacterial spot,,materialized,
5467f6012d78d1c446145d5f582da6096f852ae8,train/Tomato leaf bacterial spot/stock-photo-bacterial-spot-on-tomato-559799107.jpg,data/raw/plantdoc/train/Tomato leaf bacterial spot/stock-photo-bacterial-spot-on-tomato-559799107.jpg,ec778407c403d080f17d610b88ad918220e73cae44acfcbb1142dd86b4628557,ec778407c403d080f17d610b88ad918220e73cae44acfcbb1142dd86b4628557,48448,338,470,RGB,train,Tomato leaf bacterial spot,,materialized,
5467f6012d78d1c446145d5f582da6096f852ae8,train/Tomato leaf bacterial spot/tomato-plant-diseases-identification-leaf-spot-tomato-disease-tomato-plant-fungus-identification.jpg,data/raw/plantdoc/train/Tomato leaf bacterial spot/tomato-plant-diseases-identification-leaf-spot-tomato-disease-tomato-plant-fungus-identification.jpg,788de34f140030328d73add5aeb72f3b5a06fe4ec841ac86ec1d3dd2dc362b4f,788de34f140030328d73add5aeb72f3b5a06fe4ec841ac86ec1d3dd2dc362b4f,54556,600,900,RGB,train,Tomato leaf bacterial spot,,materialized,
5467f6012d78d1c446145d5f582da6096f852ae8,train/Tomato leaf bacterial spot/tomato-plant-leaves-brown-spots-tomato-leaves-older-ones-with-spots.jpg,data/raw/plantdoc/train/Tomato leaf bacterial spot/tomato-plant-leaves-brown-spots-tomato-leaves-older-ones-with-spots.jpg,e0feac443a0865fae782f1070f3e38f3bf71c567dc4d0e667540932d1f69677a,e0feac443a0865fae782f1070f3e38f3bf71c567dc4d0e667540932d1f69677a,125789,450,800,RGB,train,Tomato leaf bacterial spot,,materialized,
5467f6012d78d1c446145d5f582da6096f852ae8,train/Tomato leaf bacterial spot/tomato1A.jpg,data/raw/plantdoc/train/Tomato leaf bacterial spot/tomato1A.jpg,f6558695a8d2a080939612d111ecf67aca31cffc0ef1ee51def961eb37eded0f,f6558695a8d2a080939612d111ecf67aca31cffc0ef1ee51def961eb37eded0f,85056,460,349,RGB,train,Tomato leaf bacterial spot,,materialized,
5467f6012d78d1c446145d5f582da6096f852ae8,train/Tomato leaf bacterial spot/tomato_bacterial-speck_03_zoom.jpg,data/raw/plantdoc/train/Tomato leaf bacterial spot/tomato_bacterial-speck_03_zoom.jpg,9a4cfd952fd375ca3a5f905e054ff7bc0da2cd8717b960843764ba3aa14e15f4,9a4cfd952fd375ca3a5f905e054ff7bc0da2cd8717b960843764ba3aa14e15f4,112927,900,598,RGB,train,Tomato leaf bacterial spot,,materialized,
5467f6012d78d1c446145d5f582da6096f852ae8,train/Tomato leaf bacterial spot/tomato_xanthomonas_foliage.jpg,data/raw/plantdoc/train/Tomato leaf bacterial spot/tomato_xanthomonas_foliage.jpg,1876c37fabde3924487b10fb71fa9e1749846296346e9755af18c756dd7b18ba,1876c37fabde3924487b10fb71fa9e1749846296346e9755af18c756dd7b18ba,80195,264,209,RGB,train,Tomato leaf bacterial spot,,materialized,
5467f6012d78d1c446145d5f582da6096f852ae8,train/Tomato leaf late blight/118A_Tom_Late.jpg,data/raw/plantdoc/train/Tomato leaf late blight/118A_Tom_Late.jpg,3211680d3b880882f4964b082ba6afece7e80dd36503487a1d465fdefafd70cd,3211680d3b880882f4964b082ba6afece7e80dd36503487a1d465fdefafd70cd,10864,400,270,RGB,train,Tomato leaf late blight,,materialized,
5467f6012d78d1c446145d5f582da6096f852ae8,train/Tomato leaf late blight/20150619d.jpg,data/raw/plantdoc/train/Tomato leaf late blight/20150619d.jpg,04ff0d731573d592c97f73cd2219800dcc9b4e7337c8ed90de2ec2374013a9fa,04ff0d731573d592c97f73cd2219800dcc9b4e7337c8ed90de2ec2374013a9fa,35580,500,420,RGB,train,Tomato leaf late blight,,materialized,
5467f6012d78d1c446145d5f582da6096f852ae8,train/Tomato leaf late blight/2017-08-27%2B-%2BLate%2BBlight%2Bon%2BGypsy%2B1.jpg,data/raw/plantdoc/train/Tomato leaf late blight/2017-08-27%2B-%2BLate%2BBlight%2Bon%2BGypsy%2B1.jpg,c18a445e03731ac98592c37b62dc25f211275f4a241b2a6236a9b3d8562646f2,c18a445e03731ac98592c37b62dc25f211275f4a241b2a6236a9b3d8562646f2,278140,1200,1600,RGB,train,Tomato leaf late blight,,materialized,
5467f6012d78d1c446145d5f582da6096f852ae8,train/Tomato leaf late blight/5816170621_e1cce08736_z.jpg,data/raw/plantdoc/train/Tomato leaf late blight/5816170621_e1cce08736_z.jpg,40650f5dce684890969418712fad8b7bfa646bc14b170e746b2ed7bfe2045648,40650f5dce684890969418712fad8b7bfa646bc14b170e746b2ed7bfe2045648,136662,640,427,RGB,train,Tomato leaf late blight,,materialized,
5467f6012d78d1c446145d5f582da6096f852ae8,train/Tomato leaf late blight/600.jpg,data/raw/plantdoc/train/Tomato leaf late blight/600.jpg,22e1e291eb9596eafefdfd9e8a2a754cf61097b6ea5704ff1936e7aa0be08e9d,22e1e291eb9596eafefdfd9e8a2a754cf61097b6ea5704ff1936e7aa0be08e9d,22812,300,336,RGB,train,Tomato leaf late blight,,materialized,
5467f6012d78d1c446145d5f582da6096f852ae8,train/Tomato leaf late blight/7262-drought.jpg,data/raw/plantdoc/train/Tomato leaf late blight/7262-drought.jpg,8f4220ab82f3b8267deefc272098efbbfebc0dcbe6f1386fad7b4f698721fe10,8f4220ab82f3b8267deefc272098efbbfebc0dcbe6f1386fad7b4f698721fe10,46237,300,400,RGB,train,Tomato leaf late blight,,materialized,
5467f6012d78d1c446145d5f582da6096f852ae8,train/Tomato leaf late blight/924977LateBlightLeaf.jpg,data/raw/plantdoc/train/Tomato leaf late blight/924977LateBlightLeaf.jpg,5f45463b3311e0d105d5870a67144dfd7018d00584a07f15db811649d2b811f9,5f45463b3311e0d105d5870a67144dfd7018d00584a07f15db811649d2b811f9,333544,800,600,RGB,train,Tomato leaf late blight,,materialized,
5467f6012d78d1c446145d5f582da6096f852ae8,train/Tomato leaf late blight/August-17-2012-Supplemental-6.jpg,data/raw/plantdoc/train/Tomato leaf late blight/August-17-2012-Supplemental-6.jpg,98f661b5c89179fa23616c810aa99108985c7aa064aa80f221327e7bff6c2f48,98f661b5c89179fa23616c810aa99108985c7aa064aa80f221327e7bff6c2f48,11980,341,239,RGB,train,Tomato leaf late blight,,materialized,
5467f6012d78d1c446145d5f582da6096f852ae8,train/Tomato leaf late blight/F%294.jpg,data/raw/plantdoc/train/Tomato leaf late blight/F%294.jpg,69cfc1a17079e20ebcbf1744e8d4a57fcb46105cfdfd32827820632096e0657c,69cfc1a17079e20ebcbf1744e8d4a57fcb46105cfdfd32827820632096e0657c,14929,400,258,RGB,train,Tomato leaf late blight,,materialized,
5467f6012d78d1c446145d5f582da6096f852ae8,train/Tomato leaf late blight/FS547-6-big.jpg,data/raw/plantdoc/train/Tomato leaf late blight/FS547-6-big.jpg,392b0db6a61373279689516e69fc622f07a86fb656e3354b90022bd158787c05,392b0db6a61373279689516e69fc622f07a86fb656e3354b90022bd158787c05,120891,640,517,RGB,train,Tomato leaf late blight,,materialized,
5467f6012d78d1c446145d5f582da6096f852ae8,train/Tomato leaf late blight/Fig.%2014_opta.jpg,data/raw/plantdoc/train/Tomato leaf late blight/Fig.%2014_opta.jpg,c0a56dc465599772ddc4a3fa3077b521e6e67b963888a28342b99a5fbf2261e9,c0a56dc465599772ddc4a3fa3077b521e6e67b963888a28342b99a5fbf2261e9,256611,1388,992,RGB,train,Tomato leaf late blight,,materialized,
5467f6012d78d1c446145d5f582da6096f852ae8,train/Tomato leaf late blight/IMG_1526.jpg,data/raw/plantdoc/train/Tomato leaf late blight/IMG_1526.jpg,55895d4f6f86786b98af334774d1a50e4e987bdbb4e204d67d43d94bd5a88601,55895d4f6f86786b98af334774d1a50e4e987bdbb4e204d67d43d94bd5a88601,2262856,3264,2448,RGB,train,Tomato leaf late blight,,materialized,
5467f6012d78d1c446145d5f582da6096f852ae8,train/Tomato leaf late blight/IMG_2254.JPG.jpg,data/raw/plantdoc/train/Tomato leaf late blight/IMG_2254.JPG.jpg,6769df3101a893e3d17a987aa33b296e1264927efd485e81227d7ab0c4345b2b,6769df3101a893e3d17a987aa33b296e1264927efd485e81227d7ab0c4345b2b,120908,1600,1067,RGB,train,Tomato leaf late blight,,materialized,
5467f6012d78d1c446145d5f582da6096f852ae8,train/Tomato leaf late blight/IMG_4182.JPG.jpg,data/raw/plantdoc/train/Tomato leaf late blight/IMG_4182.JPG.jpg,af8da915a9432b0fd85003030f9a4373cd0cca6ace3dc0dc04eb5fe5f27a2ff9,af8da915a9432b0fd85003030f9a4373cd0cca6ace3dc0dc04eb5fe5f27a2ff9,148643,1024,768,RGB,train,Tomato leaf late blight,,materialized,
5467f6012d78d1c446145d5f582da6096f852ae8,train/Tomato leaf late blight/IMG_5360.jpg,data/raw/plantdoc/train/Tomato leaf late blight/IMG_5360.jpg,5118060f0790a20d309f5e181248777912a72453c63d18c2d5db05da9a723995,5118060f0790a20d309f5e181248777912a72453c63d18c2d5db05da9a723995,35609,500,420,RGB,train,Tomato leaf late blight,,materialized,
5467f6012d78d1c446145d5f582da6096f852ae8,train/Tomato leaf late blight/IMG_5368.jpg,data/raw/plantdoc/train/Tomato leaf late blight/IMG_5368.jpg,a3258472a0d67a56458fd268f64ffa0b08164cf17cfa05cc5ae972e02a8cde68,a3258472a0d67a56458fd268f64ffa0b08164cf17cfa05cc5ae972e02a8cde68,45524,500,491,RGB,train,Tomato leaf late blight,,materialized,
5467f6012d78d1c446145d5f582da6096f852ae8,train/Tomato leaf late blight/IMG_5813.jpg,data/raw/plantdoc/train/Tomato leaf late blight/IMG_5813.jpg,1c2610d64ded9d26b2c5636d55d3acbf065e5ce346585bdacc81661e4e5484c9,1c2610d64ded9d26b2c5636d55d3acbf065e5ce346585bdacc81661e4e5484c9,1799525,4000,3000,RGB,train,Tomato leaf late blight,,materialized,
5467f6012d78d1c446145d5f582da6096f852ae8,train/Tomato leaf late blight/LB-2-225x300.jpg,data/raw/plantdoc/train/Tomato leaf late blight/LB-2-225x300.jpg,8934b2adf56dea95be7e3309de048d83f13f7e148c17b7f5ccfee667303d87be,8934b2adf56dea95be7e3309de048d83f13f7e148c17b7f5ccfee667303d87be,24696,225,300,RGB,train,Tomato leaf late blight,,materialized,
5467f6012d78d1c446145d5f582da6096f852ae8,train/Tomato leaf late blight/LBleaf2INIA_0.jpg,data/raw/plantdoc/train/Tomato leaf late blight/LBleaf2INIA_0.jpg,73c62c716108bb65142931eca09dbe47fee66d1b0366bae04ea455f6090df9b5,73c62c716108bb65142931eca09dbe47fee66d1b0366bae04ea455f6090df9b5,679483,2048,1536,RGB,train,Tomato leaf late blight,,materialized,
5467f6012d78d1c446145d5f582da6096f852ae8,train/Tomato leaf late blight/Late%20blight%20tomato1.jpg,data/raw/plantdoc/train/Tomato leaf late blight/Late%20blight%20tomato1.jpg,fe02c0e388c8495ed2634ba409116e3bce2e52590e06a60252bb86820fe76497,fe02c0e388c8495ed2634ba409116e3bce2e52590e06a60252bb86820fe76497,54376,576,461,RGB,train,Tomato leaf late blight,,materialized,
5467f6012d78d1c446145d5f582da6096f852ae8,train/Tomato leaf late blight/Late-Blight-A.jpg,data/raw/plantdoc/train/Tomato leaf late blight/Late-Blight-A.jpg,f048eb4e88675df2b8223cc8c6185668dbaf68974e85917b9fafe9f6204ce8df,f048eb4e88675df2b8223cc8c6185668dbaf68974e85917b9fafe9f6204ce8df,22268,261,389,RGB,train,Tomato leaf late blight,,materialized,
5467f6012d78d1c446145d5f582da6096f852ae8,train/Tomato leaf late blight/Late-Blight-on-Tomato-4JDill.jpg,data/raw/plantdoc/train/Tomato leaf late blight/Late-Blight-on-Tomato-4JDill.jpg,c13e63b73f74512f9dddf4e5aa558d96eff7406164e5d22f0d17225027766576,c13e63b73f74512f9dddf4e5aa558d96eff7406164e5d22f0d17225027766576,112572,960,720,RGB,train,Tomato leaf late blight,,materialized,
5467f6012d78d1c446145d5f582da6096f852ae8,train/Tomato leaf late blight/Late-blight-foliar-leasion-on-tomato.jpg,data/raw/plantdoc/train/Tomato leaf late blight/Late-blight-foliar-leasion-on-tomato.jpg,9567fdeaa51c7770775c6a12d993ed54b8857bd7a7ce9a57d1d194d0e9acc3f4,9567fdeaa51c7770775c6a12d993ed54b8857bd7a7ce9a57d1d194d0e9acc3f4,173928,480,640,RGB,train,Tomato leaf late blight,,materialized,
5467f6012d78d1c446145d5f582da6096f852ae8,train/Tomato leaf late blight/Late-blight-on-a-tomato-leaf.jpg,data/raw/plantdoc/train/Tomato leaf late blight/Late-blight-on-a-tomato-leaf.jpg,f6734228a16bcb0736284aa6dfcd6a0b1b2b8e3aa412820dc1a21dfd08f3473b,f6734228a16bcb0736284aa6dfcd6a0b1b2b8e3aa412820dc1a21dfd08f3473b,57572,720,404,RGB,train,Tomato leaf late blight,,materialized,
5467f6012d78d1c446145d5f582da6096f852ae8,train/Tomato leaf late blight/Late-blight-symptoms-on-tomato-leaves-1r3uhy2.jpg,data/raw/plantdoc/train/Tomato leaf late blight/Late-blight-symptoms-on-tomato-leaves-1r3uhy2.jpg,23f1b3eb30a0a7a33c0bca7a94d448820bbecba9d52d9c23723cb921d3265675,23f1b3eb30a0a7a33c0bca7a94d448820bbecba9d52d9c23723cb921d3265675,1774865,2608,3370,RGB,train,Tomato leaf late blight,,materialized,
5467f6012d78d1c446145d5f582da6096f852ae8,train/Tomato leaf late blight/Late-blight-tomato-leaf-VikramBisht-MBag.jpg,data/raw/plantdoc/train/Tomato leaf late blight/Late-blight-tomato-leaf-VikramBisht-MBag.jpg,eb5516991ec41a37567f24067f33fa3af88485c807fde03ce09e7373cd334eb2,eb5516991ec41a37567f24067f33fa3af88485c807fde03ce09e7373cd334eb2,178147,1000,1000,RGB,train,Tomato leaf late blight,,materialized,
5467f6012d78d1c446145d5f582da6096f852ae8,train/Tomato leaf late blight/LateBlight-Leaflet-Large-Spot_9005-ROTATED-sbzntn.jpg,data/raw/plantdoc/train/Tomato leaf late blight/LateBlight-Leaflet-Large-Spot_9005-ROTATED-sbzntn.jpg,4fcf9d49b5a47364965b175ad10266aebc75d32bb98e3f2f380d89c8cbd85c98,4fcf9d49b5a47364965b175ad10266aebc75d32bb98e3f2f380d89c8cbd85c98,287143,1704,2272,RGB,train,Tomato leaf late blight,,materialized,
5467f6012d78d1c446145d5f582da6096f852ae8,train/Tomato leaf late blight/LateBlight-Tomato-JJ-2009-17nxg4q.jpg,data/raw/plantdoc/train/Tomato leaf late blight/LateBlight-Tomato-JJ-2009-17nxg4q.jpg,6a8ce87008be630aaf9153b16e33bf11b427ea982f9c02a9af247d35193052cf,6a8ce87008be630aaf9153b16e33bf11b427ea982f9c02a9af247d35193052cf,100225,1280,960,RGB,train,Tomato leaf late blight,,materialized,
5467f6012d78d1c446145d5f582da6096f852ae8,train/Tomato leaf late blight/LateBlightLeaf.jpg,data/raw/plantdoc/train/Tomato leaf late blight/LateBlightLeaf.jpg,e2a5a8fa44b401240bc20e971371df722267115731d247373489258e78c54f3c,e2a5a8fa44b401240bc20e971371df722267115731d247373489258e78c54f3c,52315,800,600,RGB,train,Tomato leaf late blight,,materialized,
5467f6012d78d1c446145d5f582da6096f852ae8,train/Tomato leaf late blight/LateBlt09_05.jpg,data/raw/plantdoc/train/Tomato leaf late blight/LateBlt09_05.jpg,c28b4fd36683fbf9a582188c0b5e01d4ef79706316f6a0505a0316ba8051cc91,c28b4fd36683fbf9a582188c0b5e01d4ef79706316f6a0505a0316ba8051cc91,19429,400,266,RGB,train,Tomato leaf late blight,,materialized,
5467f6012d78d1c446145d5f582da6096f852ae8,train/Tomato leaf late blight/LateBlt_FromRusinek.jpg,data/raw/plantdoc/train/Tomato leaf late blight/LateBlt_FromRusinek.jpg,623125f67831c8382451aa861828fb39805c1c4524262f68e1496397f6352ef7,623125f67831c8382451aa861828fb39805c1c4524262f68e1496397f6352ef7,34135,540,405,RGB,train,Tomato leaf late blight,,materialized,
5467f6012d78d1c446145d5f582da6096f852ae8,train/Tomato leaf late blight/Late_Blight_2.jpg,data/raw/plantdoc/train/Tomato leaf late blight/Late_Blight_2.jpg,821928ee1b5d9b44fd0530639c9954db0e5bcd231af659ee45aa6aac104813d0,821928ee1b5d9b44fd0530639c9954db0e5bcd231af659ee45aa6aac104813d0,217295,563,285,RGB,train,Tomato leaf late blight,,materialized,
5467f6012d78d1c446145d5f582da6096f852ae8,train/Tomato leaf late blight/Late_blight_on_tomato_leaf_%287871756748%29.jpg,data/raw/plantdoc/train/Tomato leaf late blight/Late_blight_on_tomato_leaf_%287871756748%29.jpg,c307edf59875fa677c15ecdad3b10230d96886942fda2f743ebda8880ad2882e,c307edf59875fa677c15ecdad3b10230d96886942fda2f743ebda8880ad2882e,3743976,3872,2592,RGB,train,Tomato leaf late blight,,materialized,
5467f6012d78d1c446145d5f582da6096f852ae8,train/Tomato leaf late blight/Pest2369.jpg,data/raw/plantdoc/train/Tomato leaf late blight/Pest2369.jpg,b031c7e4550ac090c4f7f1cb2aa150bd5c45dd1225f44d2a3f6144b22a71f45c,b031c7e4550ac090c4f7f1cb2aa150bd5c45dd1225f44d2a3f6144b22a71f45c,26105,600,600,RGB,train,Tomato leaf late blight,,materialized,
5467f6012d78d1c446145d5f582da6096f852ae8,train/Tomato leaf late blight/TOMATO%20LATE%20BLIGHT%20ON%20LEAF.jpg,data/raw/plantdoc/train/Tomato leaf late blight/TOMATO%20LATE%20BLIGHT%20ON%20LEAF.jpg,c063ea0c9ad3302c45d414776d122f3f860c0b9307cfb84e03d843db7c67d4ec,c063ea0c9ad3302c45d414776d122f3f860c0b9307cfb84e03d843db7c67d4ec,43578,818,550,RGB,train,Tomato leaf late blight,,materialized,
5467f6012d78d1c446145d5f582da6096f852ae8,train/Tomato leaf late blight/ToamtoLateBlight3-Version-3-oohvze.jpg,data/raw/plantdoc/train/Tomato leaf late blight/ToamtoLateBlight3-Version-3-oohvze.jpg,8c70c4321a305ca3225768862b0ce55abbe3d2933016052d96c9d2752abb5815,8c70c4321a305ca3225768862b0ce55abbe3d2933016052d96c9d2752abb5815,1087402,3235,2426,RGB,train,Tomato leaf late blight,,materialized,
5467f6012d78d1c446145d5f582da6096f852ae8,train/Tomato leaf late blight/Tomato%20late%20blight%20lesion%20closeup%2013F.JPG.jpg,data/raw/plantdoc/train/Tomato leaf late blight/Tomato%20late%20blight%20lesion%20closeup%2013F.JPG.jpg,dd0bd303b3b61cc75ce5f5c28b7d2d5a47e53851293bcfd0b39f84bbce973fee,dd0bd303b3b61cc75ce5f5c28b7d2d5a47e53851293bcfd0b39f84bbce973fee,66409,604,561,RGB,train,Tomato leaf late blight,,materialized,
5467f6012d78d1c446145d5f582da6096f852ae8,train/Tomato leaf late blight/Tomato-Late-BlightBM.jpg,data/raw/plantdoc/train/Tomato leaf late blight/Tomato-Late-BlightBM.jpg,13308923f530e5d174db26a36b92621f8e1df3cc4a1225bb94140afa2c0822e2,13308923f530e5d174db26a36b92621f8e1df3cc4a1225bb94140afa2c0822e2,2016968,2500,1660,RGB,train,Tomato leaf late blight,,materialized,
5467f6012d78d1c446145d5f582da6096f852ae8,train/Tomato leaf late blight/Tomato-late-blight-leaf-Margaret-McGrath-Cornell-Bugwood.jpg,data/raw/plantdoc/train/Tomato leaf late blight/Tomato-late-blight-leaf-Margaret-McGrath-Cornell-Bugwood.jpg,7a077d03b215f85b61b5290f391d68339e53f2fb3935997f90517b0bb5ebcb17,7a077d03b215f85b61b5290f391d68339e53f2fb3935997f90517b0bb5ebcb17,48014,768,576,RGB,train,Tomato leaf late blight,,materialized,
5467f6012d78d1c446145d5f582da6096f852ae8,train/Tomato leaf late blight/TomatoBlight.JPG.jpg,data/raw/plantdoc/train/Tomato leaf late blight/TomatoBlight.JPG.jpg,bf46eefebb094817ad199cb5d84822f4dbd55213373185c38658adee34e8a7b3,bf46eefebb094817ad199cb5d84822f4dbd55213373185c38658adee34e8a7b3,704498,1080,608,RGB,train,Tomato leaf late blight,,materialized,
5467f6012d78d1c446145d5f582da6096f852ae8,train/Tomato leaf late blight/TomatoLateBlight-3-Underside-2ebj05b-300x225.jpg,data/raw/plantdoc/train/Tomato leaf late blight/TomatoLateBlight-3-Underside-2ebj05b-300x225.jpg,e86b5c15a56efc7e64f50af6bb7317cc2271c0067ed69371bb02aca7b43f0695,e86b5c15a56efc7e64f50af6bb7317cc2271c0067ed69371bb02aca7b43f0695,20061,300,225,RGB,train,Tomato leaf late blight,,materialized,
5467f6012d78d1c446145d5f582da6096f852ae8,train/Tomato leaf late blight/TomatoLateBlightTop.jpg,data/raw/plantdoc/train/Tomato leaf late blight/TomatoLateBlightTop.jpg,8db3c1eaf91af244d4d19789a44d5f2e986b845c078e308173100ccf5c61aeb2,8db3c1eaf91af244d4d19789a44d5f2e986b845c078e308173100ccf5c61aeb2,971509,3111,2364,RGB,train,Tomato leaf late blight,,materialized,
5467f6012d78d1c446145d5f582da6096f852ae8,train/Tomato leaf late blight/Tomato_Blight_Leaves.JPG.jpg,data/raw/plantdoc/train/Tomato leaf late blight/Tomato_Blight_Leaves.JPG.jpg,832994798f766962c276db708f79bb66e019e6099356a9ef278f3d5f335a993b,832994798f766962c276db708f79bb66e019e6099356a9ef278f3d5f335a993b,317910,1600,1200,RGB,train,Tomato leaf late blight,,materialized,
5467f6012d78d1c446145d5f582da6096f852ae8,train/Tomato leaf late blight/a7710b5901ba1f8e9759ef7576cd9f09.jpg,data/raw/plantdoc/train/Tomato leaf late blight/a7710b5901ba1f8e9759ef7576cd9f09.jpg,5dcae1eb24088f5742e9ede12c476f59571827915f0424907c58b348ce26479f,5dcae1eb24088f5742e9ede12c476f59571827915f0424907c58b348ce26479f,984944,2848,2136,RGB,train,Tomato leaf late blight,,materialized,
5467f6012d78d1c446145d5f582da6096f852ae8,train/Tomato leaf late blight/dsc_4621c.jpg,data/raw/plantdoc/train/Tomato leaf late blight/dsc_4621c.jpg,d074496a736f41783e0eb8b05f832102dcb07e9a4718d61374cbf2cf3884cc90,d074496a736f41783e0eb8b05f832102dcb07e9a4718d61374cbf2cf3884cc90,553151,1470,1164,RGB,train,Tomato leaf late blight,,materialized,
5467f6012d78d1c446145d5f582da6096f852ae8,train/Tomato leaf late blight/dsc_4624s.jpg,data/raw/plantdoc/train/Tomato leaf late blight/dsc_4624s.jpg,f96cff195926f529f8e96819368cc3e0a496e438220f0a80b67a984f8de2e2b9,f96cff195926f529f8e96819368cc3e0a496e438220f0a80b67a984f8de2e2b9,500479,1501,997,RGB,train,Tomato leaf late blight,,materialized,
5467f6012d78d1c446145d5f582da6096f852ae8,train/Tomato leaf late blight/dsc_8140cs.jpg,data/raw/plantdoc/train/Tomato leaf late blight/dsc_8140cs.jpg,3a120425434f28876d0cd77087454b02d97fa7c1653070998941d995b6bb7be4,3a120425434f28876d0cd77087454b02d97fa7c1653070998941d995b6bb7be4,857123,1412,1132,RGB,train,Tomato leaf late blight,,materialized,
5467f6012d78d1c446145d5f582da6096f852ae8,train/Tomato leaf late blight/gardening-moisture-lateblight-tomato-leaf.jpg,data/raw/plantdoc/train/Tomato leaf late blight/gardening-moisture-lateblight-tomato-leaf.jpg,9b5dee113131e9f3b690b46e2a3e4eec551051d86c24decb4f68e57400e03f85,9b5dee113131e9f3b690b46e2a3e4eec551051d86c24decb4f68e57400e03f85,1040616,1738,2380,RGB,train,Tomato leaf late blight,,materialized,
5467f6012d78d1c446145d5f582da6096f852ae8,train/Tomato leaf late blight/late-blight-TomC2-10.jpg,data/raw/plantdoc/train/Tomato leaf late blight/late-blight-TomC2-10.jpg,0ce156b3c208b908f8e47c549f026f509a48d70f9b4dfc891647ca703b88310e,0ce156b3c208b908f8e47c549f026f509a48d70f9b4dfc891647ca703b88310e,3889531,4416,3312,RGB,train,Tomato leaf late blight,,materialized,
5467f6012d78d1c446145d5f582da6096f852ae8,train/Tomato leaf late blight/late-blight-fungicides.jpg,data/raw/plantdoc/train/Tomato leaf late blight/late-blight-fungicides.jpg,a2432f3a03afc9057495bd436dfb4f3138d7bc87fdada0ccc49eadf208b40beb,a2432f3a03afc9057495bd436dfb4f3138d7bc87fdada0ccc49eadf208b40beb,858649,2400,1800,RGB,train,Tomato leaf late blight,,materialized,
5467f6012d78d1c446145d5f582da6096f852ae8,train/Tomato leaf late blight/late-blight-phytophthora-infestans-damage-to-tomato-leaves-and-fruit-cmnxnf.jpg,data/raw/plantdoc/train/Tomato leaf late blight/late-blight-phytophthora-infestans-damage-to-tomato-leaves-and-fruit-cmnxnf.jpg,c36fe8b9a70a7d4c9a9409f43e03d5ec948f373957ee4ba6924a6644c73546fc,c36fe8b9a70a7d4c9a9409f43e03d5ec948f373957ee4ba6924a6644c73546fc,106472,513,540,RGB,train,Tomato leaf late blight,,materialized,
5467f6012d78d1c446145d5f582da6096f852ae8,train/Tomato leaf late blight/late-blight-tom-leaf.jpg,data/raw/plantdoc/train/Tomato leaf late blight/late-blight-tom-leaf.jpg,ce975865aef9f1e1e161f3d998eb85d8d3400dd4a1cfa963d634e352c2a4c5c2,ce975865aef9f1e1e161f3d998eb85d8d3400dd4a1cfa963d634e352c2a4c5c2,265042,768,521,RGB,train,Tomato leaf late blight,,materialized,
5467f6012d78d1c446145d5f582da6096f852ae8,train/Tomato leaf late blight/late-blight-tomato-leaf.jpg,data/raw/plantdoc/train/Tomato leaf late blight/late-blight-tomato-leaf.jpg,8521706261f62e3a32a60d55c0c0af9a3faac498a3b00b72527674758082d6bc,8521706261f62e3a32a60d55c0c0af9a3faac498a3b00b72527674758082d6bc,99289,680,440,RGB,train,Tomato leaf late blight,,materialized,
5467f6012d78d1c446145d5f582da6096f852ae8,train/Tomato leaf late blight/late-blight-tomato.jpg,data/raw/plantdoc/train/Tomato leaf late blight/late-blight-tomato.jpg,60aeb91bde37f4f5704818424a3672babbe9997a18f4fd34cc9ea1aa54943b1e,60aeb91bde37f4f5704818424a3672babbe9997a18f4fd34cc9ea1aa54943b1e,66968,600,600,RGB,train,Tomato leaf late blight,,materialized,
5467f6012d78d1c446145d5f582da6096f852ae8,train/Tomato leaf late blight/late_blight1.jpg,data/raw/plantdoc/train/Tomato leaf late blight/late_blight1.jpg,3230695e2d8b18154ab2514dacdc3dca3249c8ef0559c255b958d3b62873e382,3230695e2d8b18154ab2514dacdc3dca3249c8ef0559c255b958d3b62873e382,75467,600,438,RGB,train,Tomato leaf late blight,,materialized,
5467f6012d78d1c446145d5f582da6096f852ae8,train/Tomato leaf late blight/late_blight_2013_longisland1x1200.jpg,data/raw/plantdoc/train/Tomato leaf late blight/late_blight_2013_longisland1x1200.jpg,bc3c39f11fff5234ce39bd0c36613ce4546e1e75e205119b2d459f397b0a20db,bc3c39f11fff5234ce39bd0c36613ce4546e1e75e205119b2d459f397b0a20db,324553,1200,936,RGB,train,Tomato leaf late blight,,materialized,
5467f6012d78d1c446145d5f582da6096f852ae8,train/Tomato leaf late blight/late_blight_2013_longisland2x1200.jpg,data/raw/plantdoc/train/Tomato leaf late blight/late_blight_2013_longisland2x1200.jpg,a10e343751d2ff445cd22c93d92140da735ef533b10c45795ea85d4c2d67ab10,a10e343751d2ff445cd22c93d92140da735ef533b10c45795ea85d4c2d67ab10,287131,1200,925,RGB,train,Tomato leaf late blight,,materialized,
5467f6012d78d1c446145d5f582da6096f852ae8,train/Tomato leaf late blight/late_blight_drought_leaves1x1200.jpg,data/raw/plantdoc/train/Tomato leaf late blight/late_blight_drought_leaves1x1200.jpg,9a1408769ef9d069a31ec50cf9cfe591962a84159c32064b5d43b694abff1636,9a1408769ef9d069a31ec50cf9cfe591962a84159c32064b5d43b694abff1636,309122,1200,900,RGB,train,Tomato leaf late blight,,materialized,
5467f6012d78d1c446145d5f582da6096f852ae8,train/Tomato leaf late blight/late_blight_drought_leavescuux1200.jpg,data/raw/plantdoc/train/Tomato leaf late blight/late_blight_drought_leavescuux1200.jpg,bdbe542bd9b254a4e96aaa4fef0c134cbea83f385876dd652d4da7d009e8ba48,bdbe542bd9b254a4e96aaa4fef0c134cbea83f385876dd652d4da7d009e8ba48,2036994,2964,2184,RGB,train,Tomato leaf late blight,,materialized,
5467f6012d78d1c446145d5f582da6096f852ae8,train/Tomato leaf late blight/late_blight_tomato_leaf.jpg,data/raw/plantdoc/train/Tomato leaf late blight/late_blight_tomato_leaf.jpg,e4c76f512198fc742905de176ec4f2f5611df51eddff2fc5f1ee9d2ebe479ef3,e4c76f512198fc742905de176ec4f2f5611df51eddff2fc5f1ee9d2ebe479ef3,25442,250,249,RGB,train,Tomato leaf late blight,,materialized,
5467f6012d78d1c446145d5f582da6096f852ae8,train/Tomato leaf late blight/late_blight_tomato_leaf1x1200.jpg,data/raw/plantdoc/train/Tomato leaf late blight/late_blight_tomato_leaf1x1200.jpg,cac2ef0738add23eedf74b476e5483911d19d8035a9c076a4f92c8a8ea511362,cac2ef0738add23eedf74b476e5483911d19d8035a9c076a4f92c8a8ea511362,295573,1200,900,RGB,train,Tomato leaf late blight,,materialized,
5467f6012d78d1c446145d5f582da6096f852ae8,train/Tomato leaf late blight/late_blight_tomato_leaf5x12001-650x305.jpg,data/raw/plantdoc/train/Tomato leaf late blight/late_blight_tomato_leaf5x12001-650x305.jpg,bd87613068228f0493aed0545b456d7a32905e88914c215a5802a396f2802bc9,bd87613068228f0493aed0545b456d7a32905e88914c215a5802a396f2802bc9,52638,650,305,RGB,train,Tomato leaf late blight,,materialized,
5467f6012d78d1c446145d5f582da6096f852ae8,train/Tomato leaf late blight/late_blight_tomato_leaf5x12001.jpg,data/raw/plantdoc/train/Tomato leaf late blight/late_blight_tomato_leaf5x12001.jpg,7f45f20fb269dd24ed5e94e216a0dbdfb8a8c8676864f760c4b37abd68410f74,7f45f20fb269dd24ed5e94e216a0dbdfb8a8c8676864f760c4b37abd68410f74,287763,1200,1600,RGB,train,Tomato leaf late blight,,materialized,
5467f6012d78d1c446145d5f582da6096f852ae8,train/Tomato leaf late blight/late_blight_tomato_leaf_.jpg,data/raw/plantdoc/train/Tomato leaf late blight/late_blight_tomato_leaf_.jpg,35c7c59a82e0e7bce9309fa4ae258da0ab4c02fb3cdfeed7a1a8131422e4e17c,35c7c59a82e0e7bce9309fa4ae258da0ab4c02fb3cdfeed7a1a8131422e4e17c,264012,1200,900,RGB,train,Tomato leaf late blight,,materialized,
5467f6012d78d1c446145d5f582da6096f852ae8,train/Tomato leaf late blight/late_blight_tomato_leaf_sporex1200.jpg,data/raw/plantdoc/train/Tomato leaf late blight/late_blight_tomato_leaf_sporex1200.jpg,b06427f875a549080239281621541ecadb1e8d2c47860b4e7d0f5032d1dbdaa9,b06427f875a549080239281621541ecadb1e8d2c47860b4e7d0f5032d1dbdaa9,229569,1200,900,RGB,train,Tomato leaf late blight,,materialized,
5467f6012d78d1c446145d5f582da6096f852ae8,train/Tomato leaf late blight/late_blight_tomato_leavesx500.jpg,data/raw/plantdoc/train/Tomato leaf late blight/late_blight_tomato_leavesx500.jpg,ff030db45790d99d7a286d17055dd9374525cebd05dec31e319a093602bd0c1e,ff030db45790d99d7a286d17055dd9374525cebd05dec31e319a093602bd0c1e,136365,500,375,RGB,train,Tomato leaf late blight,,materialized,
5467f6012d78d1c446145d5f582da6096f852ae8,train/Tomato leaf late blight/late_blight_tomato_transplant2x1200.jpg,data/raw/plantdoc/train/Tomato leaf late blight/late_blight_tomato_transplant2x1200.jpg,6966160097c74973e47af258ad4fcd63a4790f8efeda4c2feb6de15285e761b9,6966160097c74973e47af258ad4fcd63a4790f8efeda4c2feb6de15285e761b9,388674,1200,1507,RGB,train,Tomato leaf late blight,,materialized,
5467f6012d78d1c446145d5f582da6096f852ae8,train/Tomato leaf late blight/late_blight_tomato_unusual-symptomsx1200.jpg,data/raw/plantdoc/train/Tomato leaf late blight/late_blight_tomato_unusual-symptomsx1200.jpg,daaa8f3f6b7dc8c79aafee2832574a300f8a3b30b0263c13670067d8a87dd183,daaa8f3f6b7dc8c79aafee2832574a300f8a3b30b0263c13670067d8a87dd183,533704,1200,900,RGB,train,Tomato leaf late blight,,materialized,
5467f6012d78d1c446145d5f582da6096f852ae8,train/Tomato leaf late blight/lateblight2.jpg,data/raw/plantdoc/train/Tomato leaf late blight/lateblight2.jpg,7f67e36d10f1fc66a73b4153746e4b5aeda408230734c399eac8b383d5c8440b,7f67e36d10f1fc66a73b4153746e4b5aeda408230734c399eac8b383d5c8440b,155578,800,600,RGB,train,Tomato leaf late blight,,materialized,
5467f6012d78d1c446145d5f582da6096f852ae8,train/Tomato leaf late blight/lateblightTom_lesion.jpg,data/raw/plantdoc/train/Tomato leaf late blight/lateblightTom_lesion.jpg,d89d0b34579e6551c854e72a0f5b59389cffc59ee0ebee3bb98c95ce19029f64,d89d0b34579e6551c854e72a0f5b59389cffc59ee0ebee3bb98c95ce19029f64,43358,640,480,RGB,train,Tomato leaf late blight,,materialized,
5467f6012d78d1c446145d5f582da6096f852ae8,train/Tomato leaf late blight/lateblightTom_lesion3.jpg,data/raw/plantdoc/train/Tomato leaf late blight/lateblightTom_lesion3.jpg,5c1914d9fb4714604f97b77a58c55154e6bc48a5f584187f2309b6d387e6094c,5c1914d9fb4714604f97b77a58c55154e6bc48a5f584187f2309b6d387e6094c,297103,1024,768,RGB,train,Tomato leaf late blight,,materialized,
5467f6012d78d1c446145d5f582da6096f852ae8,train/Tomato leaf late blight/lb2.jpg,data/raw/plantdoc/train/Tomato leaf late blight/lb2.jpg,47d998904f74d6126480b71ac31ca58edaac43bac6b6d0ecab962fd86a9f9e76,47d998904f74d6126480b71ac31ca58edaac43bac6b6d0ecab962fd86a9f9e76,54683,802,604,RGB,train,Tomato leaf late blight,,materialized,
5467f6012d78d1c446145d5f582da6096f852ae8,train/Tomato leaf late blight/lb_leaf_lesions2x1200.jpg,data/raw/plantdoc/train/Tomato leaf late blight/lb_leaf_lesions2x1200.jpg,9002d48a4f1e28933902689bb9aad944121c82b94ea9492371f91f31fe1b1534,9002d48a4f1e28933902689bb9aad944121c82b94ea9492371f91f31fe1b1534,381933,1200,1600,RGB,train,Tomato leaf late blight,,materialized,
5467f6012d78d1c446145d5f582da6096f852ae8,train/Tomato leaf late blight/lb_leaf_lesions3x1200.jpg,data/raw/plantdoc/train/Tomato leaf late blight/lb_leaf_lesions3x1200.jpg,839eccecbdcf2adc73893431d878de68573b1e12b13fb40ca56e5f71e30ed63b,839eccecbdcf2adc73893431d878de68573b1e12b13fb40ca56e5f71e30ed63b,200928,1200,900,RGB,train,Tomato leaf late blight,,materialized,
5467f6012d78d1c446145d5f582da6096f852ae8,train/Tomato leaf late blight/lb_leaf_lesions4x1200.jpg,data/raw/plantdoc/train/Tomato leaf late blight/lb_leaf_lesions4x1200.jpg,e0cb8e337b7ccffef5c9ffadd988ca0cde1d6b698f721cdd0bb6cc54f674b681,e0cb8e337b7ccffef5c9ffadd988ca0cde1d6b698f721cdd0bb6cc54f674b681,312787,1200,1600,RGB,train,Tomato leaf late blight,,materialized,
5467f6012d78d1c446145d5f582da6096f852ae8,train/Tomato leaf late blight/lbleaf.jpg,data/raw/plantdoc/train/Tomato leaf late blight/lbleaf.jpg,12508fa6409708ca9905a4a32523119ae325a7c93e951f3893a01e12a7e746ef,12508fa6409708ca9905a4a32523119ae325a7c93e951f3893a01e12a7e746ef,78223,500,375,RGB,train,Tomato leaf late blight,,materialized,
5467f6012d78d1c446145d5f582da6096f852ae8,train/Tomato leaf late blight/p1020076cs.jpg,data/raw/plantdoc/train/Tomato leaf late blight/p1020076cs.jpg,be9b106043b7d340ffaa915fcda01d7b1966100e3df8337a281f48df9ee80bc0,be9b106043b7d340ffaa915fcda01d7b1966100e3df8337a281f48df9ee80bc0,676892,1235,1051,RGB,train,Tomato leaf late blight,,materialized,
5467f6012d78d1c446145d5f582da6096f852ae8,train/Tomato leaf late blight/photo-2.jpg,data/raw/plantdoc/train/Tomato leaf late blight/photo-2.jpg,78dcc9dabb2b57e9e51c28e765e112f52a5eb3ab06623c4a67f602bd04d8756b,78dcc9dabb2b57e9e51c28e765e112f52a5eb3ab06623c4a67f602bd04d8756b,353837,1536,2048,RGB,train,Tomato leaf late blight,,materialized,
5467f6012d78d1c446145d5f582da6096f852ae8,train/Tomato leaf late blight/photo-9.jpg,data/raw/plantdoc/train/Tomato leaf late blight/photo-9.jpg,7cea9a9ccb996089155d01fd649859ff3ab224501be089ce0ee11a29c8ab873f,7cea9a9ccb996089155d01fd649859ff3ab224501be089ce0ee11a29c8ab873f,424635,1536,2048,RGB,train,Tomato leaf late blight,,materialized,
5467f6012d78d1c446145d5f582da6096f852ae8,train/Tomato leaf late blight/stock-photo-tomato-plants-infected-by-the-late-blight-plant-pathogen-phytophthora-infestans-macro-539209615.jpg,data/raw/plantdoc/train/Tomato leaf late blight/stock-photo-tomato-plants-infected-by-the-late-blight-plant-pathogen-phytophthora-infestans-macro-539209615.jpg,fed4412559d6f193eed1b2fe45639d1d7fb7ef996dbba2723f8b40200b95c61c,fed4412559d6f193eed1b2fe45639d1d7fb7ef996dbba2723f8b40200b95c61c,36651,450,320,RGB,train,Tomato leaf late blight,,materialized,
5467f6012d78d1c446145d5f582da6096f852ae8,train/Tomato leaf late blight/symptoms_of_late_blight.jpg2__0.jpg,data/raw/plantdoc/train/Tomato leaf late blight/symptoms_of_late_blight.jpg2__0.jpg,dcd4897d6b910e92ef0cb35e3af59be9492fe1e2491717d2a634b2fba5792a40,dcd4897d6b910e92ef0cb35e3af59be9492fe1e2491717d2a634b2fba5792a40,385084,1431,1073,RGB,train,Tomato leaf late blight,,materialized,
5467f6012d78d1c446145d5f582da6096f852ae8,train/Tomato leaf late blight/symptoms_of_late_blight_0.jpg,data/raw/plantdoc/train/Tomato leaf late blight/symptoms_of_late_blight_0.jpg,6c87b6a1b27d85267538a304e1359b82f00db3421d58ae79e77e98806dec3ccb,6c87b6a1b27d85267538a304e1359b82f00db3421d58ae79e77e98806dec3ccb,245625,814,1085,RGB,train,Tomato leaf late blight,,materialized,
5467f6012d78d1c446145d5f582da6096f852ae8,train/Tomato leaf late blight/tomato+blight.jpg,data/raw/plantdoc/train/Tomato leaf late blight/tomato+blight.jpg,d07a6ae85ac6ecf494238951289024e7914aefae62f1f90ce8537d3cdc129ff2,d07a6ae85ac6ecf494238951289024e7914aefae62f1f90ce8537d3cdc129ff2,63028,1200,421,RGB,train,Tomato leaf late blight,,materialized,
5467f6012d78d1c446145d5f582da6096f852ae8,train/Tomato leaf late blight/tomato-blight-phytophthora-infestans-close-up-of-infected-leaf-b5n95x.jpg,data/raw/plantdoc/train/Tomato leaf late blight/tomato-blight-phytophthora-infestans-close-up-of-infected-leaf-b5n95x.jpg,6aa903fc900a1c830823518655c5685ca00dc204be908bad5a4fd16e7191e5e0,6aa903fc900a1c830823518655c5685ca00dc204be908bad5a4fd16e7191e5e0,63546,347,540,RGB,train,Tomato leaf late blight,,materialized,
5467f6012d78d1c446145d5f582da6096f852ae8,train/Tomato leaf late blight/tomato-late-blight-conn-2015-137c.jpg,data/raw/plantdoc/train/Tomato leaf late blight/tomato-late-blight-conn-2015-137c.jpg,6c402224e255ad2119dc600ac2714f207a4f59ab9192a588fe6c8f15bd2ce020,6c402224e255ad2119dc600ac2714f207a4f59ab9192a588fe6c8f15bd2ce020,726558,1755,1192,RGB,train,Tomato leaf late blight,,materialized,
5467f6012d78d1c446145d5f582da6096f852ae8,train/Tomato leaf late blight/tomato-late-blight-conn-2015-139rcs.jpg,data/raw/plantdoc/train/Tomato leaf late blight/tomato-late-blight-conn-2015-139rcs.jpg,2821453ff5feca11667f93871ce358cfe05ab431cf0c95910a1ba527f6902632,2821453ff5feca11667f93871ce358cfe05ab431cf0c95910a1ba527f6902632,450521,1616,1145,RGB,train,Tomato leaf late blight,,materialized,
5467f6012d78d1c446145d5f582da6096f852ae8,train/Tomato leaf late blight/tomato-late-blight-foliar-lesions_Scot-Nelson_CC-BY-SA-2.0.jpg,data/raw/plantdoc/train/Tomato leaf late blight/tomato-late-blight-foliar-lesions_Scot-Nelson_CC-BY-SA-2.0.jpg,845e3cfb95badfa9fa06675c134833b9849915083bafff579e3b14d251938f0e,845e3cfb95badfa9fa06675c134833b9849915083bafff579e3b14d251938f0e,329352,683,1024,RGB,train,Tomato leaf late blight,,materialized,
5467f6012d78d1c446145d5f582da6096f852ae8,train/Tomato leaf late blight/tomato-late-blight-leaf-61-3x32.jpg,data/raw/plantdoc/train/Tomato leaf late blight/tomato-late-blight-leaf-61-3x32.jpg,9f0339e9851df57480c749fa2b5e9879cae89cc96d8a6e1a846dfbc472b4fac9,9f0339e9851df57480c749fa2b5e9879cae89cc96d8a6e1a846dfbc472b4fac9,46412,300,154,RGB,train,Tomato leaf late blight,,materialized,
5467f6012d78d1c446145d5f582da6096f852ae8,train/Tomato leaf late blight/tomato-late-blight-phytophthora-infestans-lesions-and-damage-on-tomato-bh3w9j.jpg,data/raw/plantdoc/train/Tomato leaf late blight/tomato-late-blight-phytophthora-infestans-lesions-and-damage-on-tomato-bh3w9j.jpg,5e5cf62f64af518859c4aa2196db554b95022b8036832da21dd8fcf8cba69a61,5e5cf62f64af518859c4aa2196db554b95022b8036832da21dd8fcf8cba69a61,106167,512,540,RGB,train,Tomato leaf late blight,,materialized,
5467f6012d78d1c446145d5f582da6096f852ae8,train/Tomato leaf late blight/tomato-late-blight-phytophthora-infestans-lesions-on-greenhouse-grown-ATA11J.jpg,data/raw/plantdoc/train/Tomato leaf late blight/tomato-late-blight-phytophthora-infestans-lesions-on-greenhouse-grown-ATA11J.jpg,9c05a58a8da9096be59351957f35541c3326562d2fbcad4a9f404406cda7b224,9c05a58a8da9096be59351957f35541c3326562d2fbcad4a9f404406cda7b224,198616,1104,1390,RGB,train,Tomato leaf late blight,,materialized,
5467f6012d78d1c446145d5f582da6096f852ae8,train/Tomato leaf late blight/tomato-late-blight-phytophthora-infestans-mycelium-and-lesions-on-a15yr2.jpg,data/raw/plantdoc/train/Tomato leaf late blight/tomato-late-blight-phytophthora-infestans-mycelium-and-lesions-on-a15yr2.jpg,dd593011c07e1b866b6f9d9d7549937fa7e56f7a488ea2436b1648b43d3b5dca,dd593011c07e1b866b6f9d9d7549937fa7e56f7a488ea2436b1648b43d3b5dca,85809,512,540,RGB,train,Tomato leaf late blight,,materialized,
5467f6012d78d1c446145d5f582da6096f852ae8,train/Tomato leaf late blight/tomato-late-blight-phytophthora-infestans-necrosis-sporulation-on-a-tomato-leaf-underside-X5YDDP.jpg,data/raw/plantdoc/train/Tomato leaf late blight/tomato-late-blight-phytophthora-infestans-necrosis-sporulation-on-a-tomato-leaf-underside-X5YDDP.jpg,f7474217b5b29e55fa6f21a4fd4a3085e24e98cda9a5434d3124d5793e6c988d,f7474217b5b29e55fa6f21a4fd4a3085e24e98cda9a5434d3124d5793e6c988d,246683,1300,1346,RGB,train,Tomato leaf late blight,,materialized,
5467f6012d78d1c446145d5f582da6096f852ae8,train/Tomato leaf late blight/tomato-late-blight-phytophthora-infestans-necrosis-sporulation-on-a-tomato-leaf-underside-XA233C.jpg,data/raw/plantdoc/train/Tomato leaf late blight/tomato-late-blight-phytophthora-infestans-necrosis-sporulation-on-a-tomato-leaf-underside-XA233C.jpg,2ad3b5105d22190fbfae4798ab4aec20e3d5d1fd467ebb3e3f51198ffdd3d95b,2ad3b5105d22190fbfae4798ab4aec20e3d5d1fd467ebb3e3f51198ffdd3d95b,235715,1300,1304,RGB,train,Tomato leaf late blight,,materialized,
5467f6012d78d1c446145d5f582da6096f852ae8,train/Tomato leaf late blight/tomato-late-blight-phytophthora-infestans-on-tomato-leaves-a15ym0.jpg,data/raw/plantdoc/train/Tomato leaf late blight/tomato-late-blight-phytophthora-infestans-on-tomato-leaves-a15ym0.jpg,d8d94a853181a1e2d14ce6e5507a995c89778bee0db442f065f14c72d0da15bd,d8d94a853181a1e2d14ce6e5507a995c89778bee0db442f065f14c72d0da15bd,94093,640,484,RGB,train,Tomato leaf late blight,,materialized,
5467f6012d78d1c446145d5f582da6096f852ae8,train/Tomato leaf late blight/tomato-late-blight-sporulation-on-a-tomato-leaflet-picture-id81781370?s=612x612.jpg,data/raw/plantdoc/train/Tomato leaf late blight/tomato-late-blight-sporulation-on-a-tomato-leaflet-picture-id81781370?s=612x612.jpg,69494f416ce4803218604f78256ac454df38b990df9c97398f276a387e9fe99e,69494f416ce4803218604f78256ac454df38b990df9c97398f276a387e9fe99e,36524,612,529,RGB,train,Tomato leaf late blight,,materialized,
5467f6012d78d1c446145d5f582da6096f852ae8,train/Tomato leaf late blight/tomato.early.blightH.jpg,data/raw/plantdoc/train/Tomato leaf late blight/tomato.early.blightH.jpg,380dd06e71b1aeccbc9255ebad6672a7bf51a333a233490ac099c546922c49dd,380dd06e71b1aeccbc9255ebad6672a7bf51a333a233490ac099c546922c49dd,124786,582,424,RGB,train,Tomato leaf late blight,,materialized,
5467f6012d78d1c446145d5f582da6096f852ae8,train/Tomato leaf late blight/tomato_D33a-Late-blight-015-OMAFHRT_zoom.jpg,data/raw/plantdoc/train/Tomato leaf late blight/tomato_D33a-Late-blight-015-OMAFHRT_zoom.jpg,d2a1b4541f4c3b20eeb0e30499c75f4c9ebeb1e7a90c01b8c26472cbed2f7415,d2a1b4541f4c3b20eeb0e30499c75f4c9ebeb1e7a90c01b8c26472cbed2f7415,73659,662,444,RGB,train,Tomato leaf late blight,,materialized,
5467f6012d78d1c446145d5f582da6096f852ae8,train/Tomato leaf late blight/tomato_late-blight_01_zoom.jpg,data/raw/plantdoc/train/Tomato leaf late blight/tomato_late-blight_01_zoom.jpg,f336ee6b656ac4d98edb97e713a323db08f66b086da4169751e9d685ea67906f,f336ee6b656ac4d98edb97e713a323db08f66b086da4169751e9d685ea67906f,176818,900,598,RGB,train,Tomato leaf late blight,,materialized,
5467f6012d78d1c446145d5f582da6096f852ae8,train/Tomato leaf late blight/tomato_late-blight_03_zoom.jpg,data/raw/plantdoc/train/Tomato leaf late blight/tomato_late-blight_03_zoom.jpg,8c9916076137fab755c95f7b9f9379544c458885416aa9661230038875da40da,8c9916076137fab755c95f7b9f9379544c458885416aa9661230038875da40da,120073,900,675,RGB,train,Tomato leaf late blight,,materialized,
5467f6012d78d1c446145d5f582da6096f852ae8,train/Tomato leaf late blight/tomato_late-blight_04_zoom.jpg,data/raw/plantdoc/train/Tomato leaf late blight/tomato_late-blight_04_zoom.jpg,114e5d0090cd63ad9e176375c2fde3a48f01d88af3bd1dd44909b2ecefa70a49,114e5d0090cd63ad9e176375c2fde3a48f01d88af3bd1dd44909b2ecefa70a49,188483,900,675,RGB,train,Tomato leaf late blight,,materialized,
5467f6012d78d1c446145d5f582da6096f852ae8,train/Tomato leaf late blight/tomato_late-blight_05_zoom.jpg,data/raw/plantdoc/train/Tomato leaf late blight/tomato_late-blight_05_zoom.jpg,bc0b6524c8ba90d6852131511f257ba04acd04152169409e7ffe730ed69e3199,bc0b6524c8ba90d6852131511f257ba04acd04152169409e7ffe730ed69e3199,175067,900,1200,RGB,train,Tomato leaf late blight,,materialized,
5467f6012d78d1c446145d5f582da6096f852ae8,train/Tomato leaf mosaic virus/1422_0.jpeg.jpg,data/raw/plantdoc/train/Tomato leaf mosaic virus/1422_0.jpeg.jpg,385a96f98a1986ccdac704af3fc0215a26632bd0a0490bf2f2ecc20a17d5ddaa,385a96f98a1986ccdac704af3fc0215a26632bd0a0490bf2f2ecc20a17d5ddaa,93622,640,480,RGB,train,Tomato leaf mosaic virus,,materialized,
5467f6012d78d1c446145d5f582da6096f852ae8,train/Tomato leaf mosaic virus/3-tomato-mosaic-virus_web.jpg,data/raw/plantdoc/train/Tomato leaf mosaic virus/3-tomato-mosaic-virus_web.jpg,0859fe0db82e2eb1ccb6d8caf2fc6ed7030b2771baa2f744490683ea5fd1fdb4,0859fe0db82e2eb1ccb6d8caf2fc6ed7030b2771baa2f744490683ea5fd1fdb4,197360,848,1131,RGB,train,Tomato leaf mosaic virus,,materialized,
5467f6012d78d1c446145d5f582da6096f852ae8,train/Tomato leaf mosaic virus/4b0bfd_df5a85f728c74cecbe908a24feadab02.jpg,data/raw/plantdoc/train/Tomato leaf mosaic virus/4b0bfd_df5a85f728c74cecbe908a24feadab02.jpg,bca664400713e0e49d34f9915b0bc860433343d1c532f538496472182a157c71,bca664400713e0e49d34f9915b0bc860433343d1c532f538496472182a157c71,12638,173,244,RGB,train,Tomato leaf mosaic virus,,materialized,
5467f6012d78d1c446145d5f582da6096f852ae8,train/Tomato leaf mosaic virus/51196-004-61703A1B.jpg,data/raw/plantdoc/train/Tomato leaf mosaic virus/51196-004-61703A1B.jpg,ef435579510d841b901745acaff97db59f6ef7f145dcc88b53f6e3d7a618f442,ef435579510d841b901745acaff97db59f6ef7f145dcc88b53f6e3d7a618f442,36259,449,450,RGB,train,Tomato leaf mosaic virus,,materialized,
5467f6012d78d1c446145d5f582da6096f852ae8,train/Tomato leaf mosaic virus/5Tomato+Mosaic+Virus.jpg,data/raw/plantdoc/train/Tomato leaf mosaic virus/5Tomato+Mosaic+Virus.jpg,c584e26d61f82e9d5afa7772c797d3d494ab4646b543c93297ff7a24f6d9bdbd,c584e26d61f82e9d5afa7772c797d3d494ab4646b543c93297ff7a24f6d9bdbd,18245,213,320,RGB,train,Tomato leaf mosaic virus,,materialized,
5467f6012d78d1c446145d5f582da6096f852ae8,train/Tomato leaf mosaic virus/DSC02246.JPG.jpg,data/raw/plantdoc/train/Tomato leaf mosaic virus/DSC02246.JPG.jpg,127fdff8c60e482ffe68d40d529689dd8da5a02be3e6bd3738820c7752468fb7,127fdff8c60e482ffe68d40d529689dd8da5a02be3e6bd3738820c7752468fb7,197518,1600,1200,RGB,train,Tomato leaf mosaic virus,,materialized,
5467f6012d78d1c446145d5f582da6096f852ae8,train/Tomato leaf mosaic virus/TMV-3.jpg,data/raw/plantdoc/train/Tomato leaf mosaic virus/TMV-3.jpg,290d3c6a123aa77b9ec8564578dbd0a9ce70663fa903c1f550e7c7ed68500d30,290d3c6a123aa77b9ec8564578dbd0a9ce70663fa903c1f550e7c7ed68500d30,143373,450,307,RGB,train,Tomato leaf mosaic virus,,materialized,
5467f6012d78d1c446145d5f582da6096f852ae8,train/Tomato leaf mosaic virus/TNRV2.jpg,data/raw/plantdoc/train/Tomato leaf mosaic virus/TNRV2.jpg,0cbec55eb4a499f910b5791f033868e462be24245a02e7e54e474d4f51e69a07,0cbec55eb4a499f910b5791f033868e462be24245a02e7e54e474d4f51e69a07,13941,287,217,RGB,train,Tomato leaf mosaic virus,,materialized,
5467f6012d78d1c446145d5f582da6096f852ae8,train/Tomato leaf mosaic virus/Tomato%2Bmosaic%2Bvirus.jpg,data/raw/plantdoc/train/Tomato leaf mosaic virus/Tomato%2Bmosaic%2Bvirus.jpg,b37ec98ff05367c2a163ddd34b7d9d19bf6150f4b309810a50cfc09ca25c3970,b37ec98ff05367c2a163ddd34b7d9d19bf6150f4b309810a50cfc09ca25c3970,141591,1200,630,RGB,train,Tomato leaf mosaic virus,,materialized,
5467f6012d78d1c446145d5f582da6096f852ae8,train/Tomato leaf mosaic virus/Tomato+mosaic+virus.jpg,data/raw/plantdoc/train/Tomato leaf mosaic virus/Tomato+mosaic+virus.jpg,ecf4813279856da6139d466fca3a00a792df7a0657324fe078e7d58ec5b2c8c6,ecf4813279856da6139d466fca3a00a792df7a0657324fe078e7d58ec5b2c8c6,11539,179,150,RGB,train,Tomato leaf mosaic virus,,materialized,
5467f6012d78d1c446145d5f582da6096f852ae8,train/Tomato leaf mosaic virus/Tomato-brown-rugose-fruit-virus-ToBRFV-infected-tomato-Solanum-lycopersicum-plants_Q320.jpg,data/raw/plantdoc/train/Tomato leaf mosaic virus/Tomato-brown-rugose-fruit-virus-ToBRFV-infected-tomato-Solanum-lycopersicum-plants_Q320.jpg,c092b2591bd11975a88dca500806f115918d50d60169ca949ce1f64bd4c35aa0,c092b2591bd11975a88dca500806f115918d50d60169ca949ce1f64bd4c35aa0,33605,320,320,RGB,train,Tomato leaf mosaic virus,,materialized,
5467f6012d78d1c446145d5f582da6096f852ae8,train/Tomato leaf mosaic virus/ab40cce958c60d8b6e0ec2e4fdb8f526.jpg,data/raw/plantdoc/train/Tomato leaf mosaic virus/ab40cce958c60d8b6e0ec2e4fdb8f526.jpg,1a1cf0be9bdeae64a59ba65d0a08890633030342a9dff6603166a8de9445ae88,1a1cf0be9bdeae64a59ba65d0a08890633030342a9dff6603166a8de9445ae88,29169,300,321,RGB,train,Tomato leaf mosaic virus,,materialized,
5467f6012d78d1c446145d5f582da6096f852ae8,train/Tomato leaf mosaic virus/d41c86a650e49b8066d6b347d8e9d3ad.jpg,data/raw/plantdoc/train/Tomato leaf mosaic virus/d41c86a650e49b8066d6b347d8e9d3ad.jpg,987317e1cef2c7563cb158f08bc271f2800b3bea6013a094cafcdc1088342c75,987317e1cef2c7563cb158f08bc271f2800b3bea6013a094cafcdc1088342c75,27543,205,216,RGB,train,Tomato leaf mosaic virus,,materialized,
5467f6012d78d1c446145d5f582da6096f852ae8,train/Tomato leaf mosaic virus/dahliaviralsymptoms2lowresjpg.jpg,data/raw/plantdoc/train/Tomato leaf mosaic virus/dahliaviralsymptoms2lowresjpg.jpg,daef774b7c3f8632b47b5740e00051fb9a28066bb934307c82d930e047d1e358,daef774b7c3f8632b47b5740e00051fb9a28066bb934307c82d930e047d1e358,48253,410,307,RGB,train,Tomato leaf mosaic virus,,materialized,
5467f6012d78d1c446145d5f582da6096f852ae8,train/Tomato leaf mosaic virus/dummen-tmv.jpg,data/raw/plantdoc/train/Tomato leaf mosaic virus/dummen-tmv.jpg,ceb08f12a2d062e81d23507a632a1fd63b67410100390310c3879cb641f37304,ceb08f12a2d062e81d23507a632a1fd63b67410100390310c3879cb641f37304,16830,300,297,RGB,train,Tomato leaf mosaic virus,,materialized,
5467f6012d78d1c446145d5f582da6096f852ae8,train/Tomato leaf mosaic virus/fig1-2k11-163-165.jpg,data/raw/plantdoc/train/Tomato leaf mosaic virus/fig1-2k11-163-165.jpg,7882f74fc0969d1d52c78d92b2600cb016c5e8861b83fbf372f620d4397fc5a5,7882f74fc0969d1d52c78d92b2600cb016c5e8861b83fbf372f620d4397fc5a5,17840,231,247,RGB,train,Tomato leaf mosaic virus,,materialized,
5467f6012d78d1c446145d5f582da6096f852ae8,train/Tomato leaf mosaic virus/fig2-2k11-1-12.jpg,data/raw/plantdoc/train/Tomato leaf mosaic virus/fig2-2k11-1-12.jpg,badccfa1a3aca75d7098c43d45c894895060eaab65dbed25e2575afccf062e89,badccfa1a3aca75d7098c43d45c894895060eaab65dbed25e2575afccf062e89,12092,248,212,RGB,train,Tomato leaf mosaic virus,,materialized,
5467f6012d78d1c446145d5f582da6096f852ae8,train/Tomato leaf mosaic virus/image018.jpg,data/raw/plantdoc/train/Tomato leaf mosaic virus/image018.jpg,3b3183d447bcf9427d4ac8d2ef36ab2e3c441c10b7cbf86f55a5a61c133dc4a6,3b3183d447bcf9427d4ac8d2ef36ab2e3c441c10b7cbf86f55a5a61c133dc4a6,16213,341,256,RGB,train,Tomato leaf mosaic virus,,materialized,
5467f6012d78d1c446145d5f582da6096f852ae8,train/Tomato leaf mosaic virus/image022.jpg,data/raw/plantdoc/train/Tomato leaf mosaic virus/image022.jpg,1e1eaac19252fc29b868ce89c2808b5eeb962e14327b3fee3c351657ed06f115,1e1eaac19252fc29b868ce89c2808b5eeb962e14327b3fee3c351657ed06f115,16871,341,256,RGB,train,Tomato leaf mosaic virus,,materialized,
5467f6012d78d1c446145d5f582da6096f852ae8,train/Tomato leaf mosaic virus/image024.jpg,data/raw/plantdoc/train/Tomato leaf mosaic virus/image024.jpg,e7f67c86efd4d32885e40f88f8b087c44ba68930937b56b0c965b861c5c7d896,e7f67c86efd4d32885e40f88f8b087c44ba68930937b56b0c965b861c5c7d896,16158,341,256,RGB,train,Tomato leaf mosaic virus,,materialized,
5467f6012d78d1c446145d5f582da6096f852ae8,train/Tomato leaf mosaic virus/mosaic-virus-foliage.jpg,data/raw/plantdoc/train/Tomato leaf mosaic virus/mosaic-virus-foliage.jpg,fb579582240fce42338f4de48b6c73df73f190909d648af0a401ede993c5f3d9,fb579582240fce42338f4de48b6c73df73f190909d648af0a401ede993c5f3d9,68432,600,600,RGB,train,Tomato leaf mosaic virus,,materialized,
5467f6012d78d1c446145d5f582da6096f852ae8,train/Tomato leaf mosaic virus/mosaic_virus_tomato.jpg,data/raw/plantdoc/train/Tomato leaf mosaic virus/mosaic_virus_tomato.jpg,523c300d0340891e11ff4df32404c9e4cd0fdc915ba4fdcaba544afd36165648,523c300d0340891e11ff4df32404c9e4cd0fdc915ba4fdcaba544afd36165648,117059,756,575,RGB,train,Tomato leaf mosaic virus,,materialized,
5467f6012d78d1c446145d5f582da6096f852ae8,train/Tomato leaf mosaic virus/mosaic_virus_tomato_small.jpg,data/raw/plantdoc/train/Tomato leaf mosaic virus/mosaic_virus_tomato_small.jpg,35f9d381bd7fb68db5d980c203413779367a939a9c69888076efbaea8e872fd3,35f9d381bd7fb68db5d980c203413779367a939a9c69888076efbaea8e872fd3,7425,150,138,RGB,train,Tomato leaf mosaic virus,,materialized,
5467f6012d78d1c446145d5f582da6096f852ae8,train/Tomato leaf mosaic virus/mosiac-virus3.jpg,data/raw/plantdoc/train/Tomato leaf mosaic virus/mosiac-virus3.jpg,5f4d0e00d88da37a7a97c55b885dc80b6eb7a87ad2993f24e488984111e8a2e5,5f4d0e00d88da37a7a97c55b885dc80b6eb7a87ad2993f24e488984111e8a2e5,111784,800,533,RGB,train,Tomato leaf mosaic virus,,materialized,
5467f6012d78d1c446145d5f582da6096f852ae8,train/Tomato leaf mosaic virus/stock-photo-tomato-mosaic-virus-disease-on-tomato-559799668.jpg,data/raw/plantdoc/train/Tomato leaf mosaic virus/stock-photo-tomato-mosaic-virus-disease-on-tomato-559799668.jpg,8e644164293e7c32e8cb270c2d517d0988f3851f2ca4bfc7bad3d73745148960,8e644164293e7c32e8cb270c2d517d0988f3851f2ca4bfc7bad3d73745148960,45066,450,358,RGB,train,Tomato leaf mosaic virus,,materialized,
5467f6012d78d1c446145d5f582da6096f852ae8,train/Tomato leaf mosaic virus/thumb-500.jpg,data/raw/plantdoc/train/Tomato leaf mosaic virus/thumb-500.jpg,253abd1f7b183baeeeb79cf76672b2be334a30d50b82aa6bcfcb79375b8e2fdb,253abd1f7b183baeeeb79cf76672b2be334a30d50b82aa6bcfcb79375b8e2fdb,38007,500,500,RGB,train,Tomato leaf mosaic virus,,materialized,
5467f6012d78d1c446145d5f582da6096f852ae8,train/Tomato leaf mosaic virus/tmv-tomato-16.jpg,data/raw/plantdoc/train/Tomato leaf mosaic virus/tmv-tomato-16.jpg,84bf9933d581cd350fa433fec46cf554d28bd0e7b5971c22db912d93a8a42dfa,84bf9933d581cd350fa433fec46cf554d28bd0e7b5971c22db912d93a8a42dfa,2285878,3648,2736,RGB,train,Tomato leaf mosaic virus,,materialized,
5467f6012d78d1c446145d5f582da6096f852ae8,train/Tomato leaf mosaic virus/tomato-fern-leaf-a-symptom-of-tmv-cmv-or-pepmv-virus-on-tomato-plants-h6ey8w.jpg,data/raw/plantdoc/train/Tomato leaf mosaic virus/tomato-fern-leaf-a-symptom-of-tmv-cmv-or-pepmv-virus-on-tomato-plants-h6ey8w.jpg,963b5bdd274ff1e7eac1266c22c1c9fcc0206b5e1363c13e4513655b0c5c27a3,963b5bdd274ff1e7eac1266c22c1c9fcc0206b5e1363c13e4513655b0c5c27a3,51540,640,456,RGB,train,Tomato leaf mosaic virus,,materialized,
5467f6012d78d1c446145d5f582da6096f852ae8,train/Tomato leaf mosaic virus/tomato-leaf-herbicide-damage.jpg,data/raw/plantdoc/train/Tomato leaf mosaic virus/tomato-leaf-herbicide-damage.jpg,5cbc915291c7946a498f59556998d9920505ac61d6be54136c7a405e8a90d755,5cbc915291c7946a498f59556998d9920505ac61d6be54136c7a405e8a90d755,265828,500,375,RGB,train,Tomato leaf mosaic virus,,materialized,
5467f6012d78d1c446145d5f582da6096f852ae8,train/Tomato leaf mosaic virus/tomato-leaves-260nw-670831669.jpg,data/raw/plantdoc/train/Tomato leaf mosaic virus/tomato-leaves-260nw-670831669.jpg,16f38c97aeccda79951590d8a1ecd4efe5e4ba07f5e21b51349cdcc814598250,16f38c97aeccda79951590d8a1ecd4efe5e4ba07f5e21b51349cdcc814598250,26806,390,280,RGB,train,Tomato leaf mosaic virus,,materialized,
5467f6012d78d1c446145d5f582da6096f852ae8,train/Tomato leaf mosaic virus/tomato-mosaic-virus-1.jpg,data/raw/plantdoc/train/Tomato leaf mosaic virus/tomato-mosaic-virus-1.jpg,ced9a9a45f8c00063d3c8d62b1bd406d2fc4adc8638f087ebfa48d15c8a1963d,ced9a9a45f8c00063d3c8d62b1bd406d2fc4adc8638f087ebfa48d15c8a1963d,29573,300,400,RGB,train,Tomato leaf mosaic virus,,materialized,
5467f6012d78d1c446145d5f582da6096f852ae8,train/Tomato leaf mosaic virus/tomato-mosaic-virus-F0BA26.jpg,data/raw/plantdoc/train/Tomato leaf mosaic virus/tomato-mosaic-virus-F0BA26.jpg,8376860b7120200152fe6e8733b202ed6c2f585b9561a0222045044883270b6a,8376860b7120200152fe6e8733b202ed6c2f585b9561a0222045044883270b6a,151722,870,1390,RGB,train,Tomato leaf mosaic virus,,materialized,
5467f6012d78d1c446145d5f582da6096f852ae8,train/Tomato leaf mosaic virus/tomato-mosaic-virus-disease-on-260nw-559799638.jpg,data/raw/plantdoc/train/Tomato leaf mosaic virus/tomato-mosaic-virus-disease-on-260nw-559799638.jpg,60a14312d287d8547d2107ba4002cd898938cf506bb49d6b8e144dc1db6d737b,60a14312d287d8547d2107ba4002cd898938cf506bb49d6b8e144dc1db6d737b,36189,347,280,RGB,train,Tomato leaf mosaic virus,,materialized,
5467f6012d78d1c446145d5f582da6096f852ae8,train/Tomato leaf mosaic virus/tomato-mosaic-virus-disease-on-260nw-625499771.jpg,data/raw/plantdoc/train/Tomato leaf mosaic virus/tomato-mosaic-virus-disease-on-260nw-625499771.jpg,46eb40c4f332e830bc8d159774b2b34984313b084889b0a032c6c71582edf14e,46eb40c4f332e830bc8d159774b2b34984313b084889b0a032c6c71582edf14e,26142,347,280,RGB,train,Tomato leaf mosaic virus,,materialized,
5467f6012d78d1c446145d5f582da6096f852ae8,train/Tomato leaf mosaic virus/tomato-mosaic-virus-disease-on-260nw-625499777.jpg,data/raw/plantdoc/train/Tomato leaf mosaic virus/tomato-mosaic-virus-disease-on-260nw-625499777.jpg,77d5e7560f62bab2bc5702aa76407013d9b6abd927a560d69c99055da25ec3d5,77d5e7560f62bab2bc5702aa76407013d9b6abd927a560d69c99055da25ec3d5,32592,347,280,RGB,train,Tomato leaf mosaic virus,,materialized,
5467f6012d78d1c446145d5f582da6096f852ae8,train/Tomato leaf mosaic virus/tomato-mosaic-virus-disease-on-260nw-625499780.jpg,data/raw/plantdoc/train/Tomato leaf mosaic virus/tomato-mosaic-virus-disease-on-260nw-625499780.jpg,fa65fac0427a9ab7e5a7b3765c2dd44c10b2557799dcdf10ab7af244b6cd9e8e,fa65fac0427a9ab7e5a7b3765c2dd44c10b2557799dcdf10ab7af244b6cd9e8e,26388,347,280,RGB,train,Tomato leaf mosaic virus,,materialized,
5467f6012d78d1c446145d5f582da6096f852ae8,train/Tomato leaf mosaic virus/tomato-mosaic-virus-leaf.jpg,data/raw/plantdoc/train/Tomato leaf mosaic virus/tomato-mosaic-virus-leaf.jpg,daff886c16c22489d7fc21cf10a62eec5dd06d41b68eb1426449a77307b11ab4,daff886c16c22489d7fc21cf10a62eec5dd06d41b68eb1426449a77307b11ab4,40934,480,404,RGB,train,Tomato leaf mosaic virus,,materialized,
5467f6012d78d1c446145d5f582da6096f852ae8,train/Tomato leaf mosaic virus/tomato-mosaic-virus.jpg,data/raw/plantdoc/train/Tomato leaf mosaic virus/tomato-mosaic-virus.jpg,b2916e4342627b04c40f4d4bb45516b9e31a698b7c9f31985865a99b56d2bf65,b2916e4342627b04c40f4d4bb45516b9e31a698b7c9f31985865a99b56d2bf65,4474,150,150,RGB,train,Tomato leaf mosaic virus,,materialized,
5467f6012d78d1c446145d5f582da6096f852ae8,train/Tomato leaf mosaic virus/tomato_leaf_curl_ND_on_luffah_KC3701030-3.jpg,data/raw/plantdoc/train/Tomato leaf mosaic virus/tomato_leaf_curl_ND_on_luffah_KC3701030-3.jpg,06abb18e0d50ff3033bfad357f0ba2ddee85f27f0f40127c5ff9a2a19ed352b4,06abb18e0d50ff3033bfad357f0ba2ddee85f27f0f40127c5ff9a2a19ed352b4,36098,190,148,RGB,train,Tomato leaf mosaic virus,,materialized,
5467f6012d78d1c446145d5f582da6096f852ae8,train/Tomato leaf mosaic virus/tomato_mosaic_virus.jpg,data/raw/plantdoc/train/Tomato leaf mosaic virus/tomato_mosaic_virus.jpg,71a136af75b0219869cc396ef374f28c8ff0fc136d15d5e715342e2484d22f45,71a136af75b0219869cc396ef374f28c8ff0fc136d15d5e715342e2484d22f45,111506,550,413,RGB,train,Tomato leaf mosaic virus,,materialized,
5467f6012d78d1c446145d5f582da6096f852ae8,train/Tomato leaf mosaic virus/tomato_virus_01_zoom.jpg,data/raw/plantdoc/train/Tomato leaf mosaic virus/tomato_virus_01_zoom.jpg,b8c5d419d9e6fbd49c133a51067dfb0db643dc331dd65656ac6f209d3edf2fa0,b8c5d419d9e6fbd49c133a51067dfb0db643dc331dd65656ac6f209d3edf2fa0,36062,386,263,RGB,train,Tomato leaf mosaic virus,,materialized,
5467f6012d78d1c446145d5f582da6096f852ae8,train/Tomato leaf mosaic virus/tomato_virus_06_zoom.jpg,data/raw/plantdoc/train/Tomato leaf mosaic virus/tomato_virus_06_zoom.jpg,91dba347002d8cc2f70f1453543ddd43f8c38abd8580e1b8a3141c57e501f50d,91dba347002d8cc2f70f1453543ddd43f8c38abd8580e1b8a3141c57e501f50d,133711,900,675,RGB,train,Tomato leaf mosaic virus,,materialized,
5467f6012d78d1c446145d5f582da6096f852ae8,train/Tomato leaf mosaic virus/tomatodisease001sm.jpg,data/raw/plantdoc/train/Tomato leaf mosaic virus/tomatodisease001sm.jpg,1b60589d77d5417f318a56edd9e9c32f0396031fe760dab43837722543a69306,1b60589d77d5417f318a56edd9e9c32f0396031fe760dab43837722543a69306,240549,700,467,RGB,train,Tomato leaf mosaic virus,,materialized,
5467f6012d78d1c446145d5f582da6096f852ae8,train/Tomato leaf mosaic virus/wd0phb4.jpg,data/raw/plantdoc/train/Tomato leaf mosaic virus/wd0phb4.jpg,14780c43b71f96ca81aa2c9c2bddca1fd23aac9e57a95e30a2948d1c8ae3ccc2,14780c43b71f96ca81aa2c9c2bddca1fd23aac9e57a95e30a2948d1c8ae3ccc2,100762,478,640,RGB,train,Tomato leaf mosaic virus,,materialized,
5467f6012d78d1c446145d5f582da6096f852ae8,train/Tomato leaf yellow virus/072.jpg,data/raw/plantdoc/train/Tomato leaf yellow virus/072.jpg,d5a29a3d4e5b408497112e580fe4744fe6ac635a74b5443c972f74096c051530,d5a29a3d4e5b408497112e580fe4744fe6ac635a74b5443c972f74096c051530,75567,405,393,RGB,train,Tomato leaf yellow virus,,materialized,
5467f6012d78d1c446145d5f582da6096f852ae8,train/Tomato leaf yellow virus/1342017-162221-44540.jpg,data/raw/plantdoc/train/Tomato leaf yellow virus/1342017-162221-44540.jpg,b740cb9aa39a521b544c25b581c6c6f9f4a70f4467511e739920b262c17a4e68,b740cb9aa39a521b544c25b581c6c6f9f4a70f4467511e739920b262c17a4e68,66783,515,750,RGB,train,Tomato leaf yellow virus,,materialized,
5467f6012d78d1c446145d5f582da6096f852ae8,train/Tomato leaf yellow virus/14456.img.jpg,data/raw/plantdoc/train/Tomato leaf yellow virus/14456.img.jpg,d675744c6427a1801410f790e6f340d06c6aac9b8d676193fdcb28b57759dcb1,d675744c6427a1801410f790e6f340d06c6aac9b8d676193fdcb28b57759dcb1,70693,600,400,RGB,train,Tomato leaf yellow virus,,materialized,
5467f6012d78d1c446145d5f582da6096f852ae8,train/Tomato leaf yellow virus/18071.img.jpg,data/raw/plantdoc/train/Tomato leaf yellow virus/18071.img.jpg,8916a647f4ea7442da7bc43d260becd42ba28f05ae153aa49b382a2e2aa94275,8916a647f4ea7442da7bc43d260becd42ba28f05ae153aa49b382a2e2aa94275,100346,600,400,RGB,train,Tomato leaf yellow virus,,materialized,
5467f6012d78d1c446145d5f582da6096f852ae8,train/Tomato leaf yellow virus/2.--Virused-tomato-leaves-versus.jpg,data/raw/plantdoc/train/Tomato leaf yellow virus/2.--Virused-tomato-leaves-versus.jpg,7d74f2687d0bf3ca63e83dba705833a960a1f5ffccc669afaef72939cc1b3d1e,7d74f2687d0bf3ca63e83dba705833a960a1f5ffccc669afaef72939cc1b3d1e,546658,1800,903,RGB,train,Tomato leaf yellow virus,,materialized,
5467f6012d78d1c446145d5f582da6096f852ae8,train/Tomato leaf yellow virus/28619919393_7ef44acccc_b.jpg,data/raw/plantdoc/train/Tomato leaf yellow virus/28619919393_7ef44acccc_b.jpg,655f79d06c2708fe51e02c7bc27647d3dacdc711a1436d7e76593cfa9a8c726f,655f79d06c2708fe51e02c7bc27647d3dacdc711a1436d7e76593cfa9a8c726f,236890,576,1024,RGB,train,Tomato leaf yellow virus,,materialized,
5467f6012d78d1c446145d5f582da6096f852ae8,train/Tomato leaf yellow virus/29994445671_b6914b44d0_b.jpg,data/raw/plantdoc/train/Tomato leaf yellow virus/29994445671_b6914b44d0_b.jpg,aa37cb4e626c9ca86054d4e701cf588a78134526a285817f454af57a8de158c9,aa37cb4e626c9ca86054d4e701cf588a78134526a285817f454af57a8de158c9,253141,1024,731,RGB,train,Tomato leaf yellow virus,,materialized,
5467f6012d78d1c446145d5f582da6096f852ae8,train/Tomato leaf yellow virus/36ca1410e232eec4a8003fe411246820.jpg,data/raw/plantdoc/train/Tomato leaf yellow virus/36ca1410e232eec4a8003fe411246820.jpg,8801389d787f9ddd62006e6f4d874f085f0fe5cb6a1ece4ed5ebb159c4df5865,8801389d787f9ddd62006e6f4d874f085f0fe5cb6a1ece4ed5ebb159c4df5865,25336,300,235,RGB,train,Tomato leaf yellow virus,,materialized,
5467f6012d78d1c446145d5f582da6096f852ae8,train/Tomato leaf yellow virus/5146.jpg,data/raw/plantdoc/train/Tomato leaf yellow virus/5146.jpg,a106294e08939b033e64d93478f3da91dbd67c8f2d04952fcf92c15b04d734b8,a106294e08939b033e64d93478f3da91dbd67c8f2d04952fcf92c15b04d734b8,179709,1024,1365,RGB,train,Tomato leaf yellow virus,,materialized,
5467f6012d78d1c446145d5f582da6096f852ae8,train/Tomato leaf yellow virus/534ddf3a932e62dd929a3ac1b29bfa29.jpg,data/raw/plantdoc/train/Tomato leaf yellow virus/534ddf3a932e62dd929a3ac1b29bfa29.jpg,44334af721ac01e60cf42e1e0c83a047d25b63ce22bb8596b2af39da54ed6a89,44334af721ac01e60cf42e1e0c83a047d25b63ce22bb8596b2af39da54ed6a89,1644589,4320,3240,RGB,train,Tomato leaf yellow virus,,materialized,
5467f6012d78d1c446145d5f582da6096f852ae8,train/Tomato leaf yellow virus/7585001780_4b89e826b7.jpg,data/raw/plantdoc/train/Tomato leaf yellow virus/7585001780_4b89e826b7.jpg,30a64ad565fe10d2a6762e744cd91ac80ef0f256f12d1b94f18c341ab18e5d0b,30a64ad565fe10d2a6762e744cd91ac80ef0f256f12d1b94f18c341ab18e5d0b,34414,323,218,RGB,train,Tomato leaf yellow virus,,materialized,
5467f6012d78d1c446145d5f582da6096f852ae8,"train/Tomato leaf yellow virus/8.--Virus-Damaged-foliage-at-top-versus-healthy,-non-infected-bottom-foliage.jpg","data/raw/plantdoc/train/Tomato leaf yellow virus/8.--Virus-Damaged-foliage-at-top-versus-healthy,-non-infected-bottom-foliage.jpg",994c9b80e8b4aad0e4a61c92e1bfafe3665aeafdf6eca2a30b539838fb743375,994c9b80e8b4aad0e4a61c92e1bfafe3665aeafdf6eca2a30b539838fb743375,480536,1800,1200,RGB,train,Tomato leaf yellow virus,,materialized,
5467f6012d78d1c446145d5f582da6096f852ae8,train/Tomato leaf yellow virus/8226402609_62d16884a7_b.jpg,data/raw/plantdoc/train/Tomato leaf yellow virus/8226402609_62d16884a7_b.jpg,b05941ce07170840059f1515cda11131afc18a5d4f74a6281ad2c2fdc5a7801b,b05941ce07170840059f1515cda11131afc18a5d4f74a6281ad2c2fdc5a7801b,200530,1024,685,RGB,train,Tomato leaf yellow virus,,materialized,
5467f6012d78d1c446145d5f582da6096f852ae8,train/Tomato leaf yellow virus/8227475116_0d40e8f21c_b.jpg,data/raw/plantdoc/train/Tomato leaf yellow virus/8227475116_0d40e8f21c_b.jpg,fdb84aa6b584ecf65151e1682a0c6c2cee2fefb257851b21d43bb5550011bde8,fdb84aa6b584ecf65151e1682a0c6c2cee2fefb257851b21d43bb5550011bde8,329150,683,1024,RGB,train,Tomato leaf yellow virus,,materialized,
5467f6012d78d1c446145d5f582da6096f852ae8,train/Tomato leaf yellow virus/8e60bae9f613f360403943f108a03083.jpg,data/raw/plantdoc/train/Tomato leaf yellow virus/8e60bae9f613f360403943f108a03083.jpg,8367836a69149f8938b85c84576f435ffd2866689aa9dc3bb95d9bcc62a31268,8367836a69149f8938b85c84576f435ffd2866689aa9dc3bb95d9bcc62a31268,61485,684,702,RGB,train,Tomato leaf yellow virus,,materialized,
5467f6012d78d1c446145d5f582da6096f852ae8,train/Tomato leaf yellow virus/DSC01999.JPG.jpg,data/raw/plantdoc/train/Tomato leaf yellow virus/DSC01999.JPG.jpg,a44a1569b55e43cbeae94729f9f3cc4281916ea8d0ddeb8834715718376ed53a,a44a1569b55e43cbeae94729f9f3cc4281916ea8d0ddeb8834715718376ed53a,114975,1024,768,RGB,train,Tomato leaf yellow virus,,materialized,
5467f6012d78d1c446145d5f582da6096f852ae8,train/Tomato leaf yellow virus/DSC02006.JPG.jpg,data/raw/plantdoc/train/Tomato leaf yellow virus/DSC02006.JPG.jpg,99df382ea02636b7210ee1b6b65ee5974958922ac48c5b784f16ac6464cec71a,99df382ea02636b7210ee1b6b65ee5974958922ac48c5b784f16ac6464cec71a,99443,1024,768,RGB,train,Tomato leaf yellow virus,,materialized,
5467f6012d78d1c446145d5f582da6096f852ae8,train/Tomato leaf yellow virus/DSC02007.JPG.jpg,data/raw/plantdoc/train/Tomato leaf yellow virus/DSC02007.JPG.jpg,03d6b16ddcf13050eca9c1cac9f66b030893c8a29cf72f299498975ec507e6a0,03d6b16ddcf13050eca9c1cac9f66b030893c8a29cf72f299498975ec507e6a0,89133,1024,768,RGB,train,Tomato leaf yellow virus,,materialized,
5467f6012d78d1c446145d5f582da6096f852ae8,train/Tomato leaf yellow virus/DSC_3019_320x209.jpg,data/raw/plantdoc/train/Tomato leaf yellow virus/DSC_3019_320x209.jpg,75ec9c9314a07b7610675ec4c8f16fc2d0c37370cee51db16e6856fd9af159fb,75ec9c9314a07b7610675ec4c8f16fc2d0c37370cee51db16e6856fd9af159fb,22657,209,320,RGB,train,Tomato leaf yellow virus,,materialized,
5467f6012d78d1c446145d5f582da6096f852ae8,train/Tomato leaf yellow virus/Figure-4.jpg,data/raw/plantdoc/train/Tomato leaf yellow virus/Figure-4.jpg,016a221f4a8625c858da4b081b4a6e9887c1b31e5e361d204ad0f7b12a785ffb,016a221f4a8625c858da4b081b4a6e9887c1b31e5e361d204ad0f7b12a785ffb,2117380,2554,3405,RGB,train,Tomato leaf yellow virus,,materialized,
5467f6012d78d1c446145d5f582da6096f852ae8,train/Tomato leaf yellow virus/IMG_2684.JPG.jpg,data/raw/plantdoc/train/Tomato leaf yellow virus/IMG_2684.JPG.jpg,f6ae6dee46b5c47dc3eaaf472ec2b6dd00d6d8083c5e854afae707c345b6e854,f6ae6dee46b5c47dc3eaaf472ec2b6dd00d6d8083c5e854afae707c345b6e854,287826,1200,1600,RGB,train,Tomato leaf yellow virus,,materialized,
5467f6012d78d1c446145d5f582da6096f852ae8,train/Tomato leaf yellow virus/IMG_2686.JPG.jpg,data/raw/plantdoc/train/Tomato leaf yellow virus/IMG_2686.JPG.jpg,11888b0057ec6cc2857385883a5e479d70e6e61f0f88b9d8e66a8a15e44169bf,11888b0057ec6cc2857385883a5e479d70e6e61f0f88b9d8e66a8a15e44169bf,205347,1600,1200,RGB,train,Tomato leaf yellow virus,,materialized,
5467f6012d78d1c446145d5f582da6096f852ae8,train/Tomato leaf yellow virus/IMG_2687.JPG.jpg,data/raw/plantdoc/train/Tomato leaf yellow virus/IMG_2687.JPG.jpg,9edbc0c343fc0c0a21f1d0e3afea684a3e63cdd3958ba0ba5ce2f05ddd002219,9edbc0c343fc0c0a21f1d0e3afea684a3e63cdd3958ba0ba5ce2f05ddd002219,205696,1200,1600,RGB,train,Tomato leaf yellow virus,,materialized,
5467f6012d78d1c446145d5f582da6096f852ae8,train/Tomato leaf yellow virus/IU-TYLCV_img_6.jpg,data/raw/plantdoc/train/Tomato leaf yellow virus/IU-TYLCV_img_6.jpg,958fb18f4704decf96ffcdb740b3376f6852ca160d8b5cb0a62c46e443e22a6d,958fb18f4704decf96ffcdb740b3376f6852ca160d8b5cb0a62c46e443e22a6d,146470,675,512,RGB,train,Tomato leaf yellow virus,,materialized,
5467f6012d78d1c446145d5f582da6096f852ae8,train/Tomato leaf yellow virus/IU-TYLCV_img_8.jpg,data/raw/plantdoc/train/Tomato leaf yellow virus/IU-TYLCV_img_8.jpg,10e985c34d898cb65e3086d9a06804591190684f9da4bf0568315d1689aa5019,10e985c34d898cb65e3086d9a06804591190684f9da4bf0568315d1689aa5019,50951,250,313,RGB,train,Tomato leaf yellow virus,,materialized,
5467f6012d78d1c446145d5f582da6096f852ae8,train/Tomato leaf yellow virus/TYLCV-tomate-DB-441-170.jpg,data/raw/plantdoc/train/Tomato leaf yellow virus/TYLCV-tomate-DB-441-170.jpg,6e0953f98c871f098ad1828bc200f33d1afde027bcd5d6a0c25449f08bae6c58,6e0953f98c871f098ad1828bc200f33d1afde027bcd5d6a0c25449f08bae6c58,198522,693,520,RGB,train,Tomato leaf yellow virus,,materialized,
5467f6012d78d1c446145d5f582da6096f852ae8,train/Tomato leaf yellow virus/TYLCV-tomate-DB-442-167.jpg,data/raw/plantdoc/train/Tomato leaf yellow virus/TYLCV-tomate-DB-442-167.jpg,51d8c2172f40b0a612f688ff03363c7250040c329a00ae6ce2674e85286dd43c,51d8c2172f40b0a612f688ff03363c7250040c329a00ae6ce2674e85286dd43c,177179,544,520,RGB,train,Tomato leaf yellow virus,,materialized,
5467f6012d78d1c446145d5f582da6096f852ae8,train/Tomato leaf yellow virus/TYLCV-tomate-DB-445-171.jpg,data/raw/plantdoc/train/Tomato leaf yellow virus/TYLCV-tomate-DB-445-171.jpg,e542b62498c57a17612600587c77eefdfb072a80561f79fedb48b5899fd35365,e542b62498c57a17612600587c77eefdfb072a80561f79fedb48b5899fd35365,181363,700,520,RGB,train,Tomato leaf yellow virus,,materialized,
5467f6012d78d1c446145d5f582da6096f852ae8,train/Tomato leaf yellow virus/TYLCV1.jpg,data/raw/plantdoc/train/Tomato leaf yellow virus/TYLCV1.jpg,e6a64e04b9a21cb6765c15bdb7dc122b4521e3d24ed004c6a2307e40c836a0ad,e6a64e04b9a21cb6765c15bdb7dc122b4521e3d24ed004c6a2307e40c836a0ad,125788,480,423,RGB,train,Tomato leaf yellow virus,,materialized,
5467f6012d78d1c446145d5f582da6096f852ae8,train/Tomato leaf yellow virus/TYLCV2.jpg,data/raw/plantdoc/train/Tomato leaf yellow virus/TYLCV2.jpg,9f2147ccce07965ae1a994545740f8b728845bcf1a1c69fbd5bbbfebfde47e8e,9f2147ccce07965ae1a994545740f8b728845bcf1a1c69fbd5bbbfebfde47e8e,168865,480,419,RGB,train,Tomato leaf yellow virus,,materialized,
5467f6012d78d1c446145d5f582da6096f852ae8,train/Tomato leaf yellow virus/TYLCV4.jpg,data/raw/plantdoc/train/Tomato leaf yellow virus/TYLCV4.jpg,2004585c72eecfff767542e7626752da17c2739fe4aaa1b9b125f6dfd8e52928,2004585c72eecfff767542e7626752da17c2739fe4aaa1b9b125f6dfd8e52928,142021,549,520,RGB,train,Tomato leaf yellow virus,,materialized,
5467f6012d78d1c446145d5f582da6096f852ae8,train/Tomato leaf yellow virus/TYLCVDFerrinlr.jpg,data/raw/plantdoc/train/Tomato leaf yellow virus/TYLCVDFerrinlr.jpg,810149d0e1363f92d855bdd95054d9eb62be06f79bfa6aa07c65710139dcb55d,810149d0e1363f92d855bdd95054d9eb62be06f79bfa6aa07c65710139dcb55d,125572,500,438,RGB,train,Tomato leaf yellow virus,,materialized,
5467f6012d78d1c446145d5f582da6096f852ae8,train/Tomato leaf yellow virus/Tomato2.jpg,data/raw/plantdoc/train/Tomato leaf yellow virus/Tomato2.jpg,b84c3a3d7e85450f1a10d9c3c0b0124a1dff13649d472d3717b99616ef249152,b84c3a3d7e85450f1a10d9c3c0b0124a1dff13649d472d3717b99616ef249152,196634,700,749,RGB,train,Tomato leaf yellow virus,,materialized,
5467f6012d78d1c446145d5f582da6096f852ae8,train/Tomato leaf yellow virus/art_15017325188173_a24a66.jpg,data/raw/plantdoc/train/Tomato leaf yellow virus/art_15017325188173_a24a66.jpg,526b9ad2d2185d29e43c923c53dc91aa67ebbf7a71f80033a3393f6089e73d06,526b9ad2d2185d29e43c923c53dc91aa67ebbf7a71f80033a3393f6089e73d06,222181,550,412,RGB,train,Tomato leaf yellow virus,,materialized,
5467f6012d78d1c446145d5f582da6096f852ae8,train/Tomato leaf yellow virus/dscn1652cropped.jpg,data/raw/plantdoc/train/Tomato leaf yellow virus/dscn1652cropped.jpg,609f895a483119f7c04b33456fc2c190f107a5dd179076250703c7b43a94f8b3,609f895a483119f7c04b33456fc2c190f107a5dd179076250703c7b43a94f8b3,797326,1921,1809,RGB,train,Tomato leaf yellow virus,,materialized,
5467f6012d78d1c446145d5f582da6096f852ae8,train/Tomato leaf yellow virus/illustration-thematique-urbino-fig5.plante%20tylcv.jpg,data/raw/plantdoc/train/Tomato leaf yellow virus/illustration-thematique-urbino-fig5.plante%20tylcv.jpg,f77005b5006c45c3c27b3138953863da51b407f4bf45536fe67aecadcece2d96,f77005b5006c45c3c27b3138953863da51b407f4bf45536fe67aecadcece2d96,916416,2592,1944,RGB,train,Tomato leaf yellow virus,,materialized,
5467f6012d78d1c446145d5f582da6096f852ae8,train/Tomato leaf yellow virus/latest?cb=20100719124603.jpg,data/raw/plantdoc/train/Tomato leaf yellow virus/latest?cb=20100719124603.jpg,2992b5bd1a6b448a617f3450ffb27320dc5e2c3f4e0c40b820aed9f98d82e6aa,2992b5bd1a6b448a617f3450ffb27320dc5e2c3f4e0c40b820aed9f98d82e6aa,292081,768,499,RGB,train,Tomato leaf yellow virus,,materialized,
5467f6012d78d1c446145d5f582da6096f852ae8,train/Tomato leaf yellow virus/leaf%20curl_3.jpg,data/raw/plantdoc/train/Tomato leaf yellow virus/leaf%20curl_3.jpg,39f8901f64df7fed1080ef1a031da617ba81c5cfe263fb6046e78f1b283b9cc5,39f8901f64df7fed1080ef1a031da617ba81c5cfe263fb6046e78f1b283b9cc5,9974,259,194,RGB,train,Tomato leaf yellow virus,,materialized,
5467f6012d78d1c446145d5f582da6096f852ae8,train/Tomato leaf yellow virus/leaves-curling-on-tomato-plant-characteristic-symptoms-tomato-plants-leaves-curling-down-on-tomato-plant.jpg,data/raw/plantdoc/train/Tomato leaf yellow virus/leaves-curling-on-tomato-plant-characteristic-symptoms-tomato-plants-leaves-curling-down-on-tomato-plant.jpg,91f3a1be11bc09543882acf350eab3b306d3c4143e8b04eba31b96b5bc826b64,91f3a1be11bc09543882acf350eab3b306d3c4143e8b04eba31b96b5bc826b64,46187,567,393,RGB,train,Tomato leaf yellow virus,,materialized,
5467f6012d78d1c446145d5f582da6096f852ae8,train/Tomato leaf yellow virus/leaves-on-tomato-plant-turning-yellow-what-does-it-mean-when-your-plant-leaves-turn-yellow-tomato-leaf-problems-a-guide-to-leaves-tomato-plant-turning-yellow.jpg,data/raw/plantdoc/train/Tomato leaf yellow virus/leaves-on-tomato-plant-turning-yellow-what-does-it-mean-when-your-plant-leaves-turn-yellow-tomato-leaf-problems-a-guide-to-leaves-tomato-plant-turning-yellow.jpg,d199da4ee70fcc8513d84bde894c739a17876ed15a123934ea5fe3b4e4348e78,d199da4ee70fcc8513d84bde894c739a17876ed15a123934ea5fe3b4e4348e78,67016,810,450,RGB,train,Tomato leaf yellow virus,,materialized,
5467f6012d78d1c446145d5f582da6096f852ae8,train/Tomato leaf yellow virus/psyllid-yellows.jpg,data/raw/plantdoc/train/Tomato leaf yellow virus/psyllid-yellows.jpg,707631d95ce631b52399019c4c20dad88f602c860135eb85e393d8bef17c106a,707631d95ce631b52399019c4c20dad88f602c860135eb85e393d8bef17c106a,364283,2780,1846,RGB,train,Tomato leaf yellow virus,,materialized,
5467f6012d78d1c446145d5f582da6096f852ae8,train/Tomato leaf yellow virus/r_tomato.jpg,data/raw/plantdoc/train/Tomato leaf yellow virus/r_tomato.jpg,dcca45cb6cf329c90a4e05747af3f37abd88d42f9a97a641bbb96853e38ae0fe,dcca45cb6cf329c90a4e05747af3f37abd88d42f9a97a641bbb96853e38ae0fe,21987,288,198,RGB,train,Tomato leaf yellow virus,,materialized,
5467f6012d78d1c446145d5f582da6096f852ae8,train/Tomato leaf yellow virus/role-of-whitefly-in-plant-virus-transmission-by-pmanikandan-13-638.jpg,data/raw/plantdoc/train/Tomato leaf yellow virus/role-of-whitefly-in-plant-virus-transmission-by-pmanikandan-13-638.jpg,0305c095f6b03876da91a864dc3b3546a6ca9e3fec3c408a45be9b577e93251d,0305c095f6b03876da91a864dc3b3546a6ca9e3fec3c408a45be9b577e93251d,119044,638,479,RGB,train,Tomato leaf yellow virus,,materialized,
5467f6012d78d1c446145d5f582da6096f852ae8,train/Tomato leaf yellow virus/role-of-whitefly-in-plant-virus-transmission-by-pmanikandan-25-638.jpg,data/raw/plantdoc/train/Tomato leaf yellow virus/role-of-whitefly-in-plant-virus-transmission-by-pmanikandan-25-638.jpg,365420ddc129fe419d78cc6d5155e66cef1321379ba7e63717f4ebdfe0788cf1,365420ddc129fe419d78cc6d5155e66cef1321379ba7e63717f4ebdfe0788cf1,131405,638,479,RGB,train,Tomato leaf yellow virus,,materialized,
5467f6012d78d1c446145d5f582da6096f852ae8,train/Tomato leaf yellow virus/s-prasanth-kumar-young-scientist-awarded-presentation-2-728.jpg,data/raw/plantdoc/train/Tomato leaf yellow virus/s-prasanth-kumar-young-scientist-awarded-presentation-2-728.jpg,53c1b579e2a3440f39771ca845d7ae166c59670df9da37fb335e52b9317a89ec,53c1b579e2a3440f39771ca845d7ae166c59670df9da37fb335e52b9317a89ec,31040,320,159,RGB,train,Tomato leaf yellow virus,,materialized,
5467f6012d78d1c446145d5f582da6096f852ae8,train/Tomato leaf yellow virus/tj5itxzunn3k.jpg,data/raw/plantdoc/train/Tomato leaf yellow virus/tj5itxzunn3k.jpg,f626f9c37fd1c411df46e626df1427b0bffad1128a47fce285cda22cdb1d2183,f626f9c37fd1c411df46e626df1427b0bffad1128a47fce285cda22cdb1d2183,218870,1280,960,RGB,train,Tomato leaf yellow virus,,materialized,
5467f6012d78d1c446145d5f582da6096f852ae8,train/Tomato leaf yellow virus/tlcv-tomato-leaf-curl-virus-symptoms-on-a-glasshouse-tomato-plant-ACGAG6.jpg,data/raw/plantdoc/train/Tomato leaf yellow virus/tlcv-tomato-leaf-curl-virus-symptoms-on-a-glasshouse-tomato-plant-ACGAG6.jpg,467bf263b87ad1eb33df08b6d52c9534db65f06869fb4345ded927926a499b3d,467bf263b87ad1eb33df08b6d52c9534db65f06869fb4345ded927926a499b3d,202820,1300,1299,RGB,train,Tomato leaf yellow virus,,materialized,
5467f6012d78d1c446145d5f582da6096f852ae8,train/Tomato leaf yellow virus/tlcv-tomato-leaf-curl-virus-symptoms-on-a-glasshouse-tomato-plant-bmyh62.jpg,data/raw/plantdoc/train/Tomato leaf yellow virus/tlcv-tomato-leaf-curl-virus-symptoms-on-a-glasshouse-tomato-plant-bmyh62.jpg,90c5fc48c9795258c3b989f9d9c0d29a11280e9d3298552229f67575311222b6,90c5fc48c9795258c3b989f9d9c0d29a11280e9d3298552229f67575311222b6,99576,510,540,RGB,train,Tomato leaf yellow virus,,materialized,
5467f6012d78d1c446145d5f582da6096f852ae8,train/Tomato leaf yellow virus/tomato-plant-virus-tomato-yellow-leaf-curl-virus-tomato-plant-disease-mosaic-virus.jpg,data/raw/plantdoc/train/Tomato leaf yellow virus/tomato-plant-virus-tomato-yellow-leaf-curl-virus-tomato-plant-disease-mosaic-virus.jpg,a9a2a8fb11e81b38fdf434db1711e1261d5e15033e3845ed58941affeacc84ba,a9a2a8fb11e81b38fdf434db1711e1261d5e15033e3845ed58941affeacc84ba,54279,500,438,RGB,train,Tomato leaf yellow virus,,materialized,
5467f6012d78d1c446145d5f582da6096f852ae8,train/Tomato leaf yellow virus/tomato-yellow-closeup-2.jpg,data/raw/plantdoc/train/Tomato leaf yellow virus/tomato-yellow-closeup-2.jpg,f81eda8aa9fe987c3e3be0f0dbc238f2052143fd4c2aa3bc2e93d940bbdd6b5e,f81eda8aa9fe987c3e3be0f0dbc238f2052143fd4c2aa3bc2e93d940bbdd6b5e,118666,500,375,RGB,train,Tomato leaf yellow virus,,materialized,
5467f6012d78d1c446145d5f582da6096f852ae8,train/Tomato leaf yellow virus/tomato-yellow-closeup-3.jpg,data/raw/plantdoc/train/Tomato leaf yellow virus/tomato-yellow-closeup-3.jpg,dab4632af6f75737b364a57e523239a602e50e4fe164b1b6b216b9ed91b155fb,dab4632af6f75737b364a57e523239a602e50e4fe164b1b6b216b9ed91b155fb,68000,500,375,RGB,train,Tomato leaf yellow virus,,materialized,
5467f6012d78d1c446145d5f582da6096f852ae8,train/Tomato leaf yellow virus/tomato-yellow-closeup-4.jpg,data/raw/plantdoc/train/Tomato leaf yellow virus/tomato-yellow-closeup-4.jpg,82e3fc465df0da8b63ab0857ff25eacc2f9f2818cf623992d4f499e77be3a549,82e3fc465df0da8b63ab0857ff25eacc2f9f2818cf623992d4f499e77be3a549,117191,500,375,RGB,train,Tomato leaf yellow virus,,materialized,
5467f6012d78d1c446145d5f582da6096f852ae8,train/Tomato leaf yellow virus/tomato-yellow-leaf-curl-disease-260nw-1006958086.jpg,data/raw/plantdoc/train/Tomato leaf yellow virus/tomato-yellow-leaf-curl-disease-260nw-1006958086.jpg,c5af008b8a552f07528bbaa43a84ce4be90d2113bb24e8588938b363b4296f4c,c5af008b8a552f07528bbaa43a84ce4be90d2113bb24e8588938b363b4296f4c,16076,347,280,RGB,train,Tomato leaf yellow virus,,materialized,
5467f6012d78d1c446145d5f582da6096f852ae8,train/Tomato leaf yellow virus/tomato-yellow-leaf-curl-disease-260nw-1072448252.jpg,data/raw/plantdoc/train/Tomato leaf yellow virus/tomato-yellow-leaf-curl-disease-260nw-1072448252.jpg,4b64971d72a35091a10e23590b3daf8594380a36919f85ff96ea4031c9342d48,4b64971d72a35091a10e23590b3daf8594380a36919f85ff96ea4031c9342d48,32944,347,280,RGB,train,Tomato leaf yellow virus,,materialized,
5467f6012d78d1c446145d5f582da6096f852ae8,train/Tomato leaf yellow virus/tomato-yellow-leaf-curl-disease.jpg,data/raw/plantdoc/train/Tomato leaf yellow virus/tomato-yellow-leaf-curl-disease.jpg,f70e3c148a2472243d50b1f63006e2e28c0fa60d19171ed3e0a05133593c61a0,f70e3c148a2472243d50b1f63006e2e28c0fa60d19171ed3e0a05133593c61a0,75370,798,605,RGB,train,Tomato leaf yellow virus,,materialized,
5467f6012d78d1c446145d5f582da6096f852ae8,train/Tomato leaf yellow virus/tomato-yellow-leaf-curl-virus-pdf-78kb.jpg,data/raw/plantdoc/train/Tomato leaf yellow virus/tomato-yellow-leaf-curl-virus-pdf-78kb.jpg,77693a1305915f3c982ec7e9b17b2e38d51bd05ff3a4d8b1e07a5e93f1b654fa,77693a1305915f3c982ec7e9b17b2e38d51bd05ff3a4d8b1e07a5e93f1b654fa,22305,358,253,RGB,train,Tomato leaf yellow virus,,materialized,
5467f6012d78d1c446145d5f582da6096f852ae8,train/Tomato leaf yellow virus/tomato-yellow-leaf-curl-virus-symptoms-on-tomato-leaves-on-plants-ACGAME.jpg,data/raw/plantdoc/train/Tomato leaf yellow virus/tomato-yellow-leaf-curl-virus-symptoms-on-tomato-leaves-on-plants-ACGAME.jpg,797808e307fc90f3d526f5209a8e4ae3811e6d6bb17368759c202ea606073563,797808e307fc90f3d526f5209a8e4ae3811e6d6bb17368759c202ea606073563,249683,1199,1390,RGB,train,Tomato leaf yellow virus,,materialized,
5467f6012d78d1c446145d5f582da6096f852ae8,train/Tomato leaf yellow virus/tomato-yellow-leaf-curl-virus-symptoms-on-tomato-leaves-on-plants-AXKWFY.jpg,data/raw/plantdoc/train/Tomato leaf yellow virus/tomato-yellow-leaf-curl-virus-symptoms-on-tomato-leaves-on-plants-AXKWFY.jpg,b779bef4681983f60de97786f4d954ff76b6a18635cc853f54b99aecac986699,b779bef4681983f60de97786f4d954ff76b6a18635cc853f54b99aecac986699,200537,1300,1099,RGB,train,Tomato leaf yellow virus,,materialized,
5467f6012d78d1c446145d5f582da6096f852ae8,train/Tomato leaf yellow virus/tomato-yellow-leaf-curl-virus-tomato-1.jpg,data/raw/plantdoc/train/Tomato leaf yellow virus/tomato-yellow-leaf-curl-virus-tomato-1.jpg,190c8596f5604d0eb313dab98ad8deff97e63ba3f443047ea36d0a3d0101d3e1,190c8596f5604d0eb313dab98ad8deff97e63ba3f443047ea36d0a3d0101d3e1,39995,300,450,RGB,train,Tomato leaf yellow virus,,materialized,
5467f6012d78d1c446145d5f582da6096f852ae8,train/Tomato leaf yellow virus/tomato-yellow-leaf-curl-virus-tylcv_950983.jpg,data/raw/plantdoc/train/Tomato leaf yellow virus/tomato-yellow-leaf-curl-virus-tylcv_950983.jpg,1c40a0b320e344baff7543419dea43b0b85ff0bb55edf45f20d9fedc1dedf0ce,1c40a0b320e344baff7543419dea43b0b85ff0bb55edf45f20d9fedc1dedf0ce,32655,620,273,RGB,train,Tomato leaf yellow virus,,materialized,
5467f6012d78d1c446145d5f582da6096f852ae8,train/Tomato leaf yellow virus/tomato-yellow-leaf-curl-virus-tylvcv-symptoms-on-a-tomato-plant-under-BMYHXY.jpg,data/raw/plantdoc/train/Tomato leaf yellow virus/tomato-yellow-leaf-curl-virus-tylvcv-symptoms-on-a-tomato-plant-under-BMYHXY.jpg,afc9fd1ae50ad1c2151a64638307571f21f6d96f7d26a4d0898491cb68040ed5,afc9fd1ae50ad1c2151a64638307571f21f6d96f7d26a4d0898491cb68040ed5,211066,1050,1390,RGB,train,Tomato leaf yellow virus,,materialized,
5467f6012d78d1c446145d5f582da6096f852ae8,train/Tomato leaf yellow virus/tomato_leaf_roll.JPG.jpg,data/raw/plantdoc/train/Tomato leaf yellow virus/tomato_leaf_roll.JPG.jpg,c8ed5863a73ff3aba0bbff702fa25ea7dfa6c2ec391aa424c3a3b8438ec91a83,c8ed5863a73ff3aba0bbff702fa25ea7dfa6c2ec391aa424c3a3b8438ec91a83,8206,115,170,RGB,train,Tomato leaf yellow virus,,materialized,
5467f6012d78d1c446145d5f582da6096f852ae8,train/Tomato leaf yellow virus/tomato_yellow_leaf_curl_virus.jpg,data/raw/plantdoc/train/Tomato leaf yellow virus/tomato_yellow_leaf_curl_virus.jpg,04983f2d6712c63691750cadcc1fef54ad898ebff46f5f31e1b774689ff56ade,04983f2d6712c63691750cadcc1fef54ad898ebff46f5f31e1b774689ff56ade,256643,1500,750,RGB,train,Tomato leaf yellow virus,,materialized,
5467f6012d78d1c446145d5f582da6096f852ae8,train/Tomato leaf yellow virus/tomatoyellowleafcurlcropped.jpg,data/raw/plantdoc/train/Tomato leaf yellow virus/tomatoyellowleafcurlcropped.jpg,f3856815a06e4465036ae051553878fe74a6eae1f19a709e01241ed644491bf5,f3856815a06e4465036ae051553878fe74a6eae1f19a709e01241ed644491bf5,951254,2315,2083,RGB,train,Tomato leaf yellow virus,,materialized,
5467f6012d78d1c446145d5f582da6096f852ae8,train/Tomato leaf yellow virus/tylcv-seminar-1-638.jpg,data/raw/plantdoc/train/Tomato leaf yellow virus/tylcv-seminar-1-638.jpg,3c52144e19e95cc3d4170407eaf729d0981b934615eaa183f7f5aa29d8ef265a,3c52144e19e95cc3d4170407eaf729d0981b934615eaa183f7f5aa29d8ef265a,69933,638,479,RGB,train,Tomato leaf yellow virus,,materialized,
5467f6012d78d1c446145d5f582da6096f852ae8,train/Tomato leaf yellow virus/tylcv.jpg,data/raw/plantdoc/train/Tomato leaf yellow virus/tylcv.jpg,b1d9a44da350fc13c0031a1a76017c017f4cd8f2242b29e9cd566230fdaf9599,b1d9a44da350fc13c0031a1a76017c017f4cd8f2242b29e9cd566230fdaf9599,293387,497,369,RGB,train,Tomato leaf yellow virus,,materialized,
5467f6012d78d1c446145d5f582da6096f852ae8,train/Tomato leaf yellow virus/tylcv1-.jpg,data/raw/plantdoc/train/Tomato leaf yellow virus/tylcv1-.jpg,b7105e6d1cbc110d122447c079e53804a329a468af94a69fb516aa31b2150a64,b7105e6d1cbc110d122447c079e53804a329a468af94a69fb516aa31b2150a64,924552,3264,2448,RGB,train,Tomato leaf yellow virus,,materialized,
5467f6012d78d1c446145d5f582da6096f852ae8,train/Tomato leaf yellow virus/virus1.jpg,data/raw/plantdoc/train/Tomato leaf yellow virus/virus1.jpg,32120540875aa9e0c1e7f6a5d6fef7bb575049c3c7e65c6dc8de91b159e300dc,32120540875aa9e0c1e7f6a5d6fef7bb575049c3c7e65c6dc8de91b159e300dc,34804,460,345,RGB,train,Tomato leaf yellow virus,,materialized,
5467f6012d78d1c446145d5f582da6096f852ae8,train/Tomato leaf yellow virus/virus2.jpg,data/raw/plantdoc/train/Tomato leaf yellow virus/virus2.jpg,f2c2b92054976374066eaf93c021a71b1d09d7d237075b2317b7b8c497e76b08,f2c2b92054976374066eaf93c021a71b1d09d7d237075b2317b7b8c497e76b08,69824,460,345,RGB,train,Tomato leaf yellow virus,,materialized,
5467f6012d78d1c446145d5f582da6096f852ae8,train/Tomato leaf yellow virus/yellowing.JPG.jpg,data/raw/plantdoc/train/Tomato leaf yellow virus/yellowing.JPG.jpg,f0a4a07ddc0a0b43e0a66ad62cd192d7f4e8f78cd4cb460078021645b98d464a,f0a4a07ddc0a0b43e0a66ad62cd192d7f4e8f78cd4cb460078021645b98d464a,30667,295,320,RGB,train,Tomato leaf yellow virus,,materialized,
5467f6012d78d1c446145d5f582da6096f852ae8,train/Tomato leaf/003.JPG.jpg,data/raw/plantdoc/train/Tomato leaf/003.JPG.jpg,b070fe8ff66dc8071997ee06f13d31ff5bf7c5348eab09a9f5ef39b76861b50f,b070fe8ff66dc8071997ee06f13d31ff5bf7c5348eab09a9f5ef39b76861b50f,317946,1600,1200,RGB,train,Tomato leaf,,materialized,
5467f6012d78d1c446145d5f582da6096f852ae8,train/Tomato leaf/009-e1373768789869.jpg,data/raw/plantdoc/train/Tomato leaf/009-e1373768789869.jpg,81c48f1873998fb9ea1f5262bbecf6271dc142c5fe668fa4af7c5df4b5186710,81c48f1873998fb9ea1f5262bbecf6271dc142c5fe668fa4af7c5df4b5186710,219260,997,977,RGB,train,Tomato leaf,,materialized,
5467f6012d78d1c446145d5f582da6096f852ae8,train/Tomato leaf/100_8283.jpg,data/raw/plantdoc/train/Tomato leaf/100_8283.jpg,2e6dc8d894d71a2b75362f3edacf4f0caf9e27ce68bb85508f4e4f86511970d7,2e6dc8d894d71a2b75362f3edacf4f0caf9e27ce68bb85508f4e4f86511970d7,1816775,1932,2576,RGB,train,Tomato leaf,,materialized,
5467f6012d78d1c446145d5f582da6096f852ae8,train/Tomato leaf/15481477375.jpg,data/raw/plantdoc/train/Tomato leaf/15481477375.jpg,c0edbf21a0c7ab349f0b801f886d1e4e090476e06b3926f18d23bd17ed1ddd49,c0edbf21a0c7ab349f0b801f886d1e4e090476e06b3926f18d23bd17ed1ddd49,173046,1600,1205,RGB,train,Tomato leaf,,materialized,
5467f6012d78d1c446145d5f582da6096f852ae8,train/Tomato leaf/1686.jpg,data/raw/plantdoc/train/Tomato leaf/1686.jpg,3edba79d624245191fc0036f231358ea60b2cc8e35645b2c54cc891892073027,3edba79d624245191fc0036f231358ea60b2cc8e35645b2c54cc891892073027,293399,1024,1365,RGB,train,Tomato leaf,,materialized,
5467f6012d78d1c446145d5f582da6096f852ae8,train/Tomato leaf/1688.jpg,data/raw/plantdoc/train/Tomato leaf/1688.jpg,9f0ee97e32949978c323ff62e2e70788b3c6ab7a2248762328a46099bb7519d5,9f0ee97e32949978c323ff62e2e70788b3c6ab7a2248762328a46099bb7519d5,139906,1024,768,RGB,train,Tomato leaf,,materialized,
5467f6012d78d1c446145d5f582da6096f852ae8,train/Tomato leaf/17371378-tomato-leaf.jpg,data/raw/plantdoc/train/Tomato leaf/17371378-tomato-leaf.jpg,da315866780e76ac36b5cee1dab4d5d3c2432f8d4f9cd3c93410dfd6ef46044f,da315866780e76ac36b5cee1dab4d5d3c2432f8d4f9cd3c93410dfd6ef46044f,71699,800,800,RGB,train,Tomato leaf,,materialized,
5467f6012d78d1c446145d5f582da6096f852ae8,train/Tomato leaf/2013-08-20-03.jpg,data/raw/plantdoc/train/Tomato leaf/2013-08-20-03.jpg,5e2472f415aeb8e7cc254db1f17b2d14a4f2daae70b685ee8a70a29f0f99308a,5e2472f415aeb8e7cc254db1f17b2d14a4f2daae70b685ee8a70a29f0f99308a,163165,1600,1200,RGB,train,Tomato leaf,,materialized,
5467f6012d78d1c446145d5f582da6096f852ae8,train/Tomato leaf/2013-08-20-04.jpg,data/raw/plantdoc/train/Tomato leaf/2013-08-20-04.jpg,50e8f7928017878f7f020bb8f52b61f99d74f3db1d20c80d41a612e04695d32d,50e8f7928017878f7f020bb8f52b61f99d74f3db1d20c80d41a612e04695d32d,205485,1600,1200,RGB,train,Tomato leaf,,materialized,
5467f6012d78d1c446145d5f582da6096f852ae8,train/Tomato leaf/20130609_151253_zpsc7d93f62.jpg,data/raw/plantdoc/train/Tomato leaf/20130609_151253_zpsc7d93f62.jpg,887ceedf22efce49400c63d57e1512418f874ad3409548cc41a64508e4a5abef,887ceedf22efce49400c63d57e1512418f874ad3409548cc41a64508e4a5abef,267742,1024,768,RGB,train,Tomato leaf,,materialized,
5467f6012d78d1c446145d5f582da6096f852ae8,train/Tomato leaf/20140818-tomato-sauce-vicky-wasik-1.jpg,data/raw/plantdoc/train/Tomato leaf/20140818-tomato-sauce-vicky-wasik-1.jpg,b841720c688db5f8a1989394b8f5aaf59c1a9ce5a855d66ad843be928db7c41a,b841720c688db5f8a1989394b8f5aaf59c1a9ce5a855d66ad843be928db7c41a,153154,1500,1125,RGB,train,Tomato leaf,,materialized,
5467f6012d78d1c446145d5f582da6096f852ae8,train/Tomato leaf/2015-09-17-01.jpg,data/raw/plantdoc/train/Tomato leaf/2015-09-17-01.jpg,1c73f9e07e567ca8d697f013806b9fdafad0520bc096967218fc6cecd417caf4,1c73f9e07e567ca8d697f013806b9fdafad0520bc096967218fc6cecd417caf4,176737,1200,900,RGB,train,Tomato leaf,,materialized,
5467f6012d78d1c446145d5f582da6096f852ae8,train/Tomato leaf/20160428_080421.jpg,data/raw/plantdoc/train/Tomato leaf/20160428_080421.jpg,1754285bb8b6b101871ab40be539419c2ea1931aa98f236c9eecd00a29360444,1754285bb8b6b101871ab40be539419c2ea1931aa98f236c9eecd00a29360444,224251,1036,1200,RGB,train,Tomato leaf,,materialized,
5467f6012d78d1c446145d5f582da6096f852ae8,train/Tomato leaf/9bfac1dea7f401e3b379dab33f535bb4.jpg,data/raw/plantdoc/train/Tomato leaf/9bfac1dea7f401e3b379dab33f535bb4.jpg,d069fbe08ea07926e4213ab277f528888d1e6288a838231283e830c1c606a3de,d069fbe08ea07926e4213ab277f528888d1e6288a838231283e830c1c606a3de,126198,1037,1066,RGB,train,Tomato leaf,,materialized,
5467f6012d78d1c446145d5f582da6096f852ae8,train/Tomato leaf/Bacterial-leaf-spot-transplants1.jpg,data/raw/plantdoc/train/Tomato leaf/Bacterial-leaf-spot-transplants1.jpg,d1b2bfca29dfba94c27127b2f7f0dc7ef73a753d36d565ca6c55d49d21ca2364,d1b2bfca29dfba94c27127b2f7f0dc7ef73a753d36d565ca6c55d49d21ca2364,82917,522,480,RGB,train,Tomato leaf,,materialized,
5467f6012d78d1c446145d5f582da6096f852ae8,train/Tomato leaf/Basil%2Binfected%2Bby%2BTomato%2BSpotted%2BWilt%2BVirus.jpg,data/raw/plantdoc/train/Tomato leaf/Basil%2Binfected%2Bby%2BTomato%2BSpotted%2BWilt%2BVirus.jpg,9b0207d6b0db32bf77b33ad7efdd5f9cbed2f4e085d8ad86f335e5485543e08f,9b0207d6b0db32bf77b33ad7efdd5f9cbed2f4e085d8ad86f335e5485543e08f,136107,1024,682,RGB,train,Tomato leaf,,materialized,
5467f6012d78d1c446145d5f582da6096f852ae8,train/Tomato leaf/CTG514794.jpg,data/raw/plantdoc/train/Tomato leaf/CTG514794.jpg,02b4ea0990e9f4aa7fc87781695d40a5d42a38e3c8461790bb65764c0e74d03e,02b4ea0990e9f4aa7fc87781695d40a5d42a38e3c8461790bb65764c0e74d03e,144020,550,733,RGB,train,Tomato leaf,,materialized,
5467f6012d78d1c446145d5f582da6096f852ae8,train/Tomato leaf/DSCN1016.JPG.jpg,data/raw/plantdoc/train/Tomato leaf/DSCN1016.JPG.jpg,8d84fa7ef2daea720ba5121a277f493208167bdd76e2dc0718968be6d9b7dfb0,8d84fa7ef2daea720ba5121a277f493208167bdd76e2dc0718968be6d9b7dfb0,251834,1600,1200,RGB,train,Tomato leaf,,materialized,
5467f6012d78d1c446145d5f582da6096f852ae8,train/Tomato leaf/Fig-2.jpg,data/raw/plantdoc/train/Tomato leaf/Fig-2.jpg,75bcfcb736bcdabbf38a590620688985893c366548978ce1cee9e77d62e881a9,75bcfcb736bcdabbf38a590620688985893c366548978ce1cee9e77d62e881a9,779321,2048,1536,RGB,train,Tomato leaf,,materialized,
5467f6012d78d1c446145d5f582da6096f852ae8,train/Tomato leaf/IMG_2061.JPG.jpg,data/raw/plantdoc/train/Tomato leaf/IMG_2061.JPG.jpg,3939bedbdd597ee39fc74bf1a76772765082e4586ca4029a3169feadee1506a5,3939bedbdd597ee39fc74bf1a76772765082e4586ca4029a3169feadee1506a5,316343,1600,1200,RGB,train,Tomato leaf,,materialized,
5467f6012d78d1c446145d5f582da6096f852ae8,train/Tomato leaf/IMG_3011.jpg,data/raw/plantdoc/train/Tomato leaf/IMG_3011.jpg,a07add095885e0cb5193781fe287542029fdbfca1d73ab3f5acfb2532a3a4eaa,a07add095885e0cb5193781fe287542029fdbfca1d73ab3f5acfb2532a3a4eaa,614011,1023,735,RGB,train,Tomato leaf,,materialized,
5467f6012d78d1c446145d5f582da6096f852ae8,train/Tomato leaf/IMG_3192.JPG.jpg,data/raw/plantdoc/train/Tomato leaf/IMG_3192.JPG.jpg,0fe6f9b56e0bfadf748293f8dc6e9328027e736b8198f4c543ff5f878196e11a,0fe6f9b56e0bfadf748293f8dc6e9328027e736b8198f4c543ff5f878196e11a,568283,1600,1600,RGB,train,Tomato leaf,,materialized,
5467f6012d78d1c446145d5f582da6096f852ae8,train/Tomato leaf/L.peruv-assort.jpg,data/raw/plantdoc/train/Tomato leaf/L.peruv-assort.jpg,22d3021cc9be391aad356bb3c4dc0de6239e6210da8b1d615776cefbaa73a02f,22d3021cc9be391aad356bb3c4dc0de6239e6210da8b1d615776cefbaa73a02f,37185,450,273,RGB,train,Tomato leaf,,materialized,
5467f6012d78d1c446145d5f582da6096f852ae8,train/Tomato leaf/Leaves-of-Tomato.jpg,data/raw/plantdoc/train/Tomato leaf/Leaves-of-Tomato.jpg,356f9de00f0ef794de790bcd76200255fe2dbbf027ebdc2fb23607dde218141b,356f9de00f0ef794de790bcd76200255fe2dbbf027ebdc2fb23607dde218141b,246457,700,465,RGB,train,Tomato leaf,,materialized,
5467f6012d78d1c446145d5f582da6096f852ae8,train/Tomato leaf/PxWBE.jpg,data/raw/plantdoc/train/Tomato leaf/PxWBE.jpg,4b85bc7f2190422db15545e957571a2565341a932f7359eb02064b7b845b394d,4b85bc7f2190422db15545e957571a2565341a932f7359eb02064b7b845b394d,695837,2520,3780,RGB,train,Tomato leaf,,materialized,
5467f6012d78d1c446145d5f582da6096f852ae8,train/Tomato leaf/Tomato%2Bleaf.jpg,data/raw/plantdoc/train/Tomato leaf/Tomato%2Bleaf.jpg,d052c3663489cf27b32d2e62284f5200afa43c42c67f3d3517e1e792c6612a73,d052c3663489cf27b32d2e62284f5200afa43c42c67f3d3517e1e792c6612a73,44060,401,422,RGB,train,Tomato leaf,,materialized,
5467f6012d78d1c446145d5f582da6096f852ae8,train/Tomato leaf/curling-issues.jpg,data/raw/plantdoc/train/Tomato leaf/curling-issues.jpg,3497d19ccb856dd22150a590b6ea43bb3eba0207243e1893bd1e704ffc27aeb0,3497d19ccb856dd22150a590b6ea43bb3eba0207243e1893bd1e704ffc27aeb0,2468465,3888,2592,RGB,train,Tomato leaf,,materialized,
5467f6012d78d1c446145d5f582da6096f852ae8,train/Tomato leaf/depositphotos_120361722-stock-photo-tomato-leaf-closeup.jpg,data/raw/plantdoc/train/Tomato leaf/depositphotos_120361722-stock-photo-tomato-leaf-closeup.jpg,db5f8daa4219ec01e73c7e9fc3bad8a67258d6e7d2fce16cd36d6297a070d411,db5f8daa4219ec01e73c7e9fc3bad8a67258d6e7d2fce16cd36d6297a070d411,76344,1024,720,RGB,train,Tomato leaf,,materialized,
5467f6012d78d1c446145d5f582da6096f852ae8,train/Tomato leaf/depositphotos_143371585-stock-photo-tomato-leaf-closeup-isolated-on.jpg,data/raw/plantdoc/train/Tomato leaf/depositphotos_143371585-stock-photo-tomato-leaf-closeup-isolated-on.jpg,e9fafd192f2d98d467fcf9615637f6163a5b6603c22f050e9d3223b29fc00184,e9fafd192f2d98d467fcf9615637f6163a5b6603c22f050e9d3223b29fc00184,162791,1600,1212,RGB,train,Tomato leaf,,materialized,
5467f6012d78d1c446145d5f582da6096f852ae8,train/Tomato leaf/depositphotos_7182856-stock-photo-tomato-leaf.jpg,data/raw/plantdoc/train/Tomato leaf/depositphotos_7182856-stock-photo-tomato-leaf.jpg,8f1cab1969de06a57c663fffe5464aeb75ed3b38d7ee737783e98aab07a6dbc6,8f1cab1969de06a57c663fffe5464aeb75ed3b38d7ee737783e98aab07a6dbc6,76313,1023,735,RGB,train,Tomato leaf,,materialized,
5467f6012d78d1c446145d5f582da6096f852ae8,train/Tomato leaf/flies.jpg,data/raw/plantdoc/train/Tomato leaf/flies.jpg,9065172ad0176788c4341230bbd34e13434039e41fdca01da77cc962dea8f128,9065172ad0176788c4341230bbd34e13434039e41fdca01da77cc962dea8f128,3234767,3888,2592,RGB,train,Tomato leaf,,materialized,
5467f6012d78d1c446145d5f582da6096f852ae8,train/Tomato leaf/fpls-08-01602-g001.jpg,data/raw/plantdoc/train/Tomato leaf/fpls-08-01602-g001.jpg,7de4d88e344f8f72f5b21472721f7c4df25deb57039a83e18ebe45c93a62955b,7de4d88e344f8f72f5b21472721f7c4df25deb57039a83e18ebe45c93a62955b,59728,560,948,RGB,train,Tomato leaf,,materialized,
5467f6012d78d1c446145d5f582da6096f852ae8,train/Tomato leaf/happier-inside.jpg,data/raw/plantdoc/train/Tomato leaf/happier-inside.jpg,1a460f7033ec027d766a9758cb20df96eeac417d3dd9bcc63759286f2252ef94,1a460f7033ec027d766a9758cb20df96eeac417d3dd9bcc63759286f2252ef94,4667346,3888,2592,RGB,train,Tomato leaf,,materialized,
5467f6012d78d1c446145d5f582da6096f852ae8,train/Tomato leaf/img_1028.jpg,data/raw/plantdoc/train/Tomato leaf/img_1028.jpg,f6443987dc175b21fd7f3864129e37980208ac2f5b64c33148b3e9b9e43a8b48,f6443987dc175b21fd7f3864129e37980208ac2f5b64c33148b3e9b9e43a8b48,1502957,3264,2448,RGB,train,Tomato leaf,,materialized,
5467f6012d78d1c446145d5f582da6096f852ae8,train/Tomato leaf/img_6635.jpg,data/raw/plantdoc/train/Tomato leaf/img_6635.jpg,1dd93dc7abcf3b05cc0f68d372573886450c49a03c324eb4cf8539bb97f6a2ae,1dd93dc7abcf3b05cc0f68d372573886450c49a03c324eb4cf8539bb97f6a2ae,4450384,4000,3000,RGB,train,Tomato leaf,,materialized,
5467f6012d78d1c446145d5f582da6096f852ae8,train/Tomato leaf/late_blight_tomato_leaf4x1200.jpg,data/raw/plantdoc/train/Tomato leaf/late_blight_tomato_leaf4x1200.jpg,7ed2e67e726be123b973849cea4620092f35573c5156c779c1c5fef87d9ccaec,7ed2e67e726be123b973849cea4620092f35573c5156c779c1c5fef87d9ccaec,372237,1200,953,RGB,train,Tomato leaf,,materialized,
5467f6012d78d1c446145d5f582da6096f852ae8,train/Tomato leaf/mortgage-lifter-yellow-leaves-2.jpg,data/raw/plantdoc/train/Tomato leaf/mortgage-lifter-yellow-leaves-2.jpg,a45ec8de626e95baf390eff6b2e5ccb14d4491bbe09dab53311ceb6150d7fe30,a45ec8de626e95baf390eff6b2e5ccb14d4491bbe09dab53311ceb6150d7fe30,1248157,968,1296,RGB,train,Tomato leaf,,materialized,
5467f6012d78d1c446145d5f582da6096f852ae8,train/Tomato leaf/p1011399.jpg,data/raw/plantdoc/train/Tomato leaf/p1011399.jpg,5ef0155f9cf25443d13bc35d71c659d0c7dbdfdad02d1d12573142dc2ce95c67,5ef0155f9cf25443d13bc35d71c659d0c7dbdfdad02d1d12573142dc2ce95c67,1971822,2000,2667,RGB,train,Tomato leaf,,materialized,
5467f6012d78d1c446145d5f582da6096f852ae8,train/Tomato leaf/russian-2-319-dt-2010-leaves-high-tunnel-9-29-2014-c.jpg,data/raw/plantdoc/train/Tomato leaf/russian-2-319-dt-2010-leaves-high-tunnel-9-29-2014-c.jpg,67fee2ee91add5373f3bdd4c52f92adb15277864c2f8f416c53be446f30ead2e,67fee2ee91add5373f3bdd4c52f92adb15277864c2f8f416c53be446f30ead2e,2419933,2758,1566,RGB,train,Tomato leaf,,materialized,
5467f6012d78d1c446145d5f582da6096f852ae8,train/Tomato leaf/single-a-green-leaf-of-tomato-picture-id496662675?k=6&m=496662675&s=612x612&w=0&h=6zKfv022H_9cLQSIR_kpcOAlTeg1eIVtLBbc80PQA7Y=.jpg,data/raw/plantdoc/train/Tomato leaf/single-a-green-leaf-of-tomato-picture-id496662675?k=6&m=496662675&s=612x612&w=0&h=6zKfv022H_9cLQSIR_kpcOAlTeg1eIVtLBbc80PQA7Y=.jpg,91a7140dcd6cf50ee2e7e89095b4b10da2554276c751bef20363a543e60172a7,91a7140dcd6cf50ee2e7e89095b4b10da2554276c751bef20363a543e60172a7,39972,612,508,RGB,train,Tomato leaf,,materialized,
5467f6012d78d1c446145d5f582da6096f852ae8,train/Tomato leaf/stock-photo-leaves-of-tomato-plant-isolated-on-white-12085288.jpg,data/raw/plantdoc/train/Tomato leaf/stock-photo-leaves-of-tomato-plant-isolated-on-white-12085288.jpg,d74f68edff7e6422ce148d1a574044649cb95c86bda82f951406d812682b6718,d74f68edff7e6422ce148d1a574044649cb95c86bda82f951406d812682b6718,410719,1500,1101,RGB,train,Tomato leaf,,materialized,
5467f6012d78d1c446145d5f582da6096f852ae8,train/Tomato leaf/stock-photo-tomato-leaf-isolated-on-white-background-580281301.jpg,data/raw/plantdoc/train/Tomato leaf/stock-photo-tomato-leaf-isolated-on-white-background-580281301.jpg,1928c2ab76e67e8b653f054e4b930f5d23911d50c48231ec7fd4d6fbe7a463fa,1928c2ab76e67e8b653f054e4b930f5d23911d50c48231ec7fd4d6fbe7a463fa,21773,450,360,RGB,train,Tomato leaf,,materialized,
5467f6012d78d1c446145d5f582da6096f852ae8,train/Tomato leaf/stock-photo-tomato-leaves-close-up-macro-shot-isolated-on-white-background-78796204.jpg,data/raw/plantdoc/train/Tomato leaf/stock-photo-tomato-leaves-close-up-macro-shot-isolated-on-white-background-78796204.jpg,1f4c83af039d3ffa8d0e40c482b09502d280265e5f3d8fad32f681679e2300b7,1f4c83af039d3ffa8d0e40c482b09502d280265e5f3d8fad32f681679e2300b7,46339,450,470,RGB,train,Tomato leaf,,materialized,
5467f6012d78d1c446145d5f582da6096f852ae8,train/Tomato leaf/stock-vector-set-of-vector-elements-for-your-design-red-ripe-tomatoes-with-water-drops-tomato-leaves-and-tomato-203297116.jpg,data/raw/plantdoc/train/Tomato leaf/stock-vector-set-of-vector-elements-for-your-design-red-ripe-tomatoes-with-water-drops-tomato-leaves-and-tomato-203297116.jpg,66f230d72907366fb6f4955def968a131228ddbfd974a3f91d1dd06698a3975a,66f230d72907366fb6f4955def968a131228ddbfd974a3f91d1dd06698a3975a,53307,450,470,RGB,train,Tomato leaf,,materialized,
5467f6012d78d1c446145d5f582da6096f852ae8,train/Tomato leaf/tomato-leaf-20728368.jpg,data/raw/plantdoc/train/Tomato leaf/tomato-leaf-20728368.jpg,2cbbe5c2398deec190a81edb0f5c3ee63e483586a0ecdf6d39d74e34cd703e4c,2cbbe5c2398deec190a81edb0f5c3ee63e483586a0ecdf6d39d74e34cd703e4c,125011,1300,957,RGB,train,Tomato leaf,,materialized,
5467f6012d78d1c446145d5f582da6096f852ae8,train/Tomato leaf/tomato-leaf-26180166.jpg,data/raw/plantdoc/train/Tomato leaf/tomato-leaf-26180166.jpg,0107bd4cb932f1ab7e56701dcd5d8de0a8bf59dacca6332d6245ff42832702e1,0107bd4cb932f1ab7e56701dcd5d8de0a8bf59dacca6332d6245ff42832702e1,93598,1300,1003,RGB,train,Tomato leaf,,materialized,
5467f6012d78d1c446145d5f582da6096f852ae8,train/Tomato leaf/tomato-leaf-6291945.jpg,data/raw/plantdoc/train/Tomato leaf/tomato-leaf-6291945.jpg,19a4c21f943ad7cd4748ddc3e5a095e7920188033c65b7312e1d38904ff45284,19a4c21f943ad7cd4748ddc3e5a095e7920188033c65b7312e1d38904ff45284,97213,862,1300,RGB,train,Tomato leaf,,materialized,
5467f6012d78d1c446145d5f582da6096f852ae8,train/Tomato leaf/tomato-leaf-6424287.jpg,data/raw/plantdoc/train/Tomato leaf/tomato-leaf-6424287.jpg,ea9330cbbc2ad244f89a7484e5516abf711425aa2002916ac8222415fa48792b,ea9330cbbc2ad244f89a7484e5516abf711425aa2002916ac8222415fa48792b,87129,1300,960,RGB,train,Tomato leaf,,materialized,
5467f6012d78d1c446145d5f582da6096f852ae8,train/Tomato leaf/tomato-leaf-close-up.jpg,data/raw/plantdoc/train/Tomato leaf/tomato-leaf-close-up.jpg,83ba49f39d83eb903b9fdec333503d8f1fee102ba20da4e6c931990517f39a05,83ba49f39d83eb903b9fdec333503d8f1fee102ba20da4e6c931990517f39a05,2294298,3264,2448,RGB,train,Tomato leaf,,materialized,
5467f6012d78d1c446145d5f582da6096f852ae8,train/Tomato leaf/tomato-leaf-isolated-white-34309524.jpg,data/raw/plantdoc/train/Tomato leaf/tomato-leaf-isolated-white-34309524.jpg,b5719cc0600fb92d4884f2d2b38edb05b37006203af26a740ba5b2498b46af0b,b5719cc0600fb92d4884f2d2b38edb05b37006203af26a740ba5b2498b46af0b,82922,987,1300,RGB,train,Tomato leaf,,materialized,
5467f6012d78d1c446145d5f582da6096f852ae8,train/Tomato leaf/tomato-leaf.jpg,data/raw/plantdoc/train/Tomato leaf/tomato-leaf.jpg,2395bf9a596792fab2c36473e68a899531bcaee99af03ffd5664db8b083338ba,2395bf9a596792fab2c36473e68a899531bcaee99af03ffd5664db8b083338ba,91103,1200,900,RGB,train,Tomato leaf,,materialized,
5467f6012d78d1c446145d5f582da6096f852ae8,train/Tomato leaf/tomato-leaves-17427786.jpg,data/raw/plantdoc/train/Tomato leaf/tomato-leaves-17427786.jpg,d32b8374e798fb701fb46a06b2744062d853b9b5077884811ac208123c18e14f,d32b8374e798fb701fb46a06b2744062d853b9b5077884811ac208123c18e14f,162895,1300,1175,RGB,train,Tomato leaf,,materialized,
5467f6012d78d1c446145d5f582da6096f852ae8,train/Tomato leaf/tomato-leaves-9025906.jpg,data/raw/plantdoc/train/Tomato leaf/tomato-leaves-9025906.jpg,dcdedb1003e4f57fbf236ee2009af392bb08ef2fe049db1c83d307a49e9f6251,dcdedb1003e4f57fbf236ee2009af392bb08ef2fe049db1c83d307a49e9f6251,98881,1300,957,RGB,train,Tomato leaf,,materialized,
5467f6012d78d1c446145d5f582da6096f852ae8,train/Tomato leaf/tomato-leaves.jpg,data/raw/plantdoc/train/Tomato leaf/tomato-leaves.jpg,d18871798c866d452749fc1b54a53eff916e997ccd663622f17077fc375d480b,d18871798c866d452749fc1b54a53eff916e997ccd663622f17077fc375d480b,3587732,3872,2592,RGB,train,Tomato leaf,,materialized,
5467f6012d78d1c446145d5f582da6096f852ae8,train/Tomato leaf/tomato-vine-ripe-leaves-isolated-against-white-34863029.jpg,data/raw/plantdoc/train/Tomato leaf/tomato-vine-ripe-leaves-isolated-against-white-34863029.jpg,85ac7dbc490ace616bd3fe512bbfda51d4b46e106204dc7b434b3c0da9727000,85ac7dbc490ace616bd3fe512bbfda51d4b46e106204dc7b434b3c0da9727000,99079,953,1300,RGB,train,Tomato leaf,,materialized,
5467f6012d78d1c446145d5f582da6096f852ae8,train/Tomato mold leaf/100_4542.jpg,data/raw/plantdoc/train/Tomato mold leaf/100_4542.jpg,5d4b2e0d528b39131e2d53f733ca64a43a81c21766ddd63c209dbcac779f0506,5d4b2e0d528b39131e2d53f733ca64a43a81c21766ddd63c209dbcac779f0506,832728,2160,1440,RGB,train,Tomato mold leaf,,materialized,
5467f6012d78d1c446145d5f582da6096f852ae8,train/Tomato mold leaf/119B_Tom_Mold.jpg,data/raw/plantdoc/train/Tomato mold leaf/119B_Tom_Mold.jpg,72dd1fea03f3c3e1b0574c39300ae45e0b58a1076f924fa466499d5854da5ec5,72dd1fea03f3c3e1b0574c39300ae45e0b58a1076f924fa466499d5854da5ec5,10102,400,275,RGB,train,Tomato mold leaf,,materialized,
5467f6012d78d1c446145d5f582da6096f852ae8,train/Tomato mold leaf/2195890.jpg,data/raw/plantdoc/train/Tomato mold leaf/2195890.jpg,744e9a50fb8fa0459727b8a500d8018ed8c5acd58591450999af3a5c425d75c5,744e9a50fb8fa0459727b8a500d8018ed8c5acd58591450999af3a5c425d75c5,65536,500,375,RGB,train,Tomato mold leaf,,materialized,
5467f6012d78d1c446145d5f582da6096f852ae8,train/Tomato mold leaf/23600077_1572609202782510_2145699867_o.jpg,data/raw/plantdoc/train/Tomato mold leaf/23600077_1572609202782510_2145699867_o.jpg,277ffa6f7c532123a3f815335dbe9016f1492f9a642ded818f53989a1c52853e,277ffa6f7c532123a3f815335dbe9016f1492f9a642ded818f53989a1c52853e,180102,1440,1920,RGB,train,Tomato mold leaf,,materialized,
5467f6012d78d1c446145d5f582da6096f852ae8,train/Tomato mold leaf/23601051_1572608349449262_2029169498_o.jpg,data/raw/plantdoc/train/Tomato mold leaf/23601051_1572608349449262_2029169498_o.jpg,881683b24a9d1ccdf9ebcf4b1a5a2f5815975cc08cfef9ccc974b63981173d51,881683b24a9d1ccdf9ebcf4b1a5a2f5815975cc08cfef9ccc974b63981173d51,184101,1440,1920,RGB,train,Tomato mold leaf,,materialized,
5467f6012d78d1c446145d5f582da6096f852ae8,train/Tomato mold leaf/23633262_1572609386115825_1396180255_o.jpg,data/raw/plantdoc/train/Tomato mold leaf/23633262_1572609386115825_1396180255_o.jpg,3d1839351811b5cc8e6bbb53cc8c4b0c750e6c2bac8bff6c0d02c301a2b18b09,3d1839351811b5cc8e6bbb53cc8c4b0c750e6c2bac8bff6c0d02c301a2b18b09,177297,1440,1920,RGB,train,Tomato mold leaf,,materialized,
5467f6012d78d1c446145d5f582da6096f852ae8,train/Tomato mold leaf/4118c92ffde66d327ee14e4023320bf7.jpg,data/raw/plantdoc/train/Tomato mold leaf/4118c92ffde66d327ee14e4023320bf7.jpg,75beb9ea5411dd447e5ac6d5f8341df82804d76f1d15111725141638680dcadb,75beb9ea5411dd447e5ac6d5f8341df82804d76f1d15111725141638680dcadb,66717,736,552,RGB,train,Tomato mold leaf,,materialized,
5467f6012d78d1c446145d5f582da6096f852ae8,train/Tomato mold leaf/5830204360_757cd7fdfc_z.jpg,data/raw/plantdoc/train/Tomato mold leaf/5830204360_757cd7fdfc_z.jpg,b4bcc928f7e5d4926000b4e5d61ae7e05928db60aa20864d20c5f549995f4d12,b4bcc928f7e5d4926000b4e5d61ae7e05928db60aa20864d20c5f549995f4d12,267409,640,427,RGB,train,Tomato mold leaf,,materialized,
5467f6012d78d1c446145d5f582da6096f852ae8,train/Tomato mold leaf/603-116-0.jpg,data/raw/plantdoc/train/Tomato mold leaf/603-116-0.jpg,a340b3f089839417304566430c290c06ba716dcf8ca049d1e0bea331c1d6edfa,a340b3f089839417304566430c290c06ba716dcf8ca049d1e0bea331c1d6edfa,80180,502,670,RGB,train,Tomato mold leaf,,materialized,
5467f6012d78d1c446145d5f582da6096f852ae8,train/Tomato mold leaf/6032331.JPG.jpg,data/raw/plantdoc/train/Tomato mold leaf/6032331.JPG.jpg,cece53c23f454f16e4102880bfd9eab48fe62880193220c046efc1035e59a32f,cece53c23f454f16e4102880bfd9eab48fe62880193220c046efc1035e59a32f,50437,600,392,RGB,train,Tomato mold leaf,,materialized,
5467f6012d78d1c446145d5f582da6096f852ae8,train/Tomato mold leaf/607-155-0.jpg,data/raw/plantdoc/train/Tomato mold leaf/607-155-0.jpg,93f16ef30627048c7e497502006a8eebe6bfd0f294195d889d5ae81a892a2c57,93f16ef30627048c7e497502006a8eebe6bfd0f294195d889d5ae81a892a2c57,160493,432,324,RGB,train,Tomato mold leaf,,materialized,
5467f6012d78d1c446145d5f582da6096f852ae8,train/Tomato mold leaf/607-155-1.jpg,data/raw/plantdoc/train/Tomato mold leaf/607-155-1.jpg,8c92ef0d0f0f8993259828b803d71d0ab66dff72528374052110bf947cf8b59f,8c92ef0d0f0f8993259828b803d71d0ab66dff72528374052110bf947cf8b59f,110114,432,231,RGB,train,Tomato mold leaf,,materialized,
5467f6012d78d1c446145d5f582da6096f852ae8,train/Tomato mold leaf/8915974546_00664cefe3_z.jpg,data/raw/plantdoc/train/Tomato mold leaf/8915974546_00664cefe3_z.jpg,a3128c856103692106600896b2001f2e78d604b77cf9f042e275b1b07ae88974,a3128c856103692106600896b2001f2e78d604b77cf9f042e275b1b07ae88974,176191,478,640,RGB,train,Tomato mold leaf,,materialized,
5467f6012d78d1c446145d5f582da6096f852ae8,train/Tomato mold leaf/ArticleImage.aspx?imgid=4987.jpg,data/raw/plantdoc/train/Tomato mold leaf/ArticleImage.aspx?imgid=4987.jpg,c81f4ee8a9fa52b6f1a94d8e9dd82f177be1ae447398f9d64e5c2f6f88d90684,c81f4ee8a9fa52b6f1a94d8e9dd82f177be1ae447398f9d64e5c2f6f88d90684,12185,200,150,RGB,train,Tomato mold leaf,,materialized,
5467f6012d78d1c446145d5f582da6096f852ae8,train/Tomato mold leaf/B%29-Leafunsidecladosp-envez.jpg,data/raw/plantdoc/train/Tomato mold leaf/B%29-Leafunsidecladosp-envez.jpg,2afc3869c2edd8ab53e231099cb1102ffb3d3b7a75bfb9703b3af83e08b97a2d,2afc3869c2edd8ab53e231099cb1102ffb3d3b7a75bfb9703b3af83e08b97a2d,19578,400,300,RGB,train,Tomato mold leaf,,materialized,
5467f6012d78d1c446145d5f582da6096f852ae8,train/Tomato mold leaf/BlackLeafMold2.jpg,data/raw/plantdoc/train/Tomato mold leaf/BlackLeafMold2.jpg,a768de0b84132ff21b604b589ef946f285e1eed7cf21d9268ddaaaa403e8407b,a768de0b84132ff21b604b589ef946f285e1eed7cf21d9268ddaaaa403e8407b,15215,267,189,RGB,train,Tomato mold leaf,,materialized,
5467f6012d78d1c446145d5f582da6096f852ae8,train/Tomato mold leaf/Botrytis-Tomato-Seedlings-2-copy-50QUALITY-17wck0d.jpg,data/raw/plantdoc/train/Tomato mold leaf/Botrytis-Tomato-Seedlings-2-copy-50QUALITY-17wck0d.jpg,db600d5a76cc60a041622eaf5e3fcef1c382fa333d8152865c4575eaa8db18a5,db600d5a76cc60a041622eaf5e3fcef1c382fa333d8152865c4575eaa8db18a5,60849,667,500,RGB,train,Tomato mold leaf,,materialized,
5467f6012d78d1c446145d5f582da6096f852ae8,train/Tomato mold leaf/DSCN2697.jpg,data/raw/plantdoc/train/Tomato mold leaf/DSCN2697.jpg,795c99b260116ea4eb932f21ff8e62de46ecfda326889e709ac2278e6bd47c76,795c99b260116ea4eb932f21ff8e62de46ecfda326889e709ac2278e6bd47c76,354599,1024,768,RGB,train,Tomato mold leaf,,materialized,
5467f6012d78d1c446145d5f582da6096f852ae8,train/Tomato mold leaf/Fig.%2015_opta.jpg,data/raw/plantdoc/train/Tomato mold leaf/Fig.%2015_opta.jpg,acd3930fc33f62d33af4fe268ede6066da861853092e9ba7da185c83bb52c181,acd3930fc33f62d33af4fe268ede6066da861853092e9ba7da185c83bb52c181,550428,1055,1478,RGB,train,Tomato mold leaf,,materialized,
5467f6012d78d1c446145d5f582da6096f852ae8,train/Tomato mold leaf/Fig.%2016_opt.jpg,data/raw/plantdoc/train/Tomato mold leaf/Fig.%2016_opt.jpg,7755096395bf7e00c03264853e3acd5d5203f22dc2da02e70c6bac09596d3724,7755096395bf7e00c03264853e3acd5d5203f22dc2da02e70c6bac09596d3724,1013852,1956,2737,RGB,train,Tomato mold leaf,,materialized,
5467f6012d78d1c446145d5f582da6096f852ae8,train/Tomato mold leaf/GIVXB.jpg,data/raw/plantdoc/train/Tomato mold leaf/GIVXB.jpg,152eb12191682697b63611c371ad13853cd442dd0d1f0a4362219526ca629d96,152eb12191682697b63611c371ad13853cd442dd0d1f0a4362219526ca629d96,84598,800,600,RGB,train,Tomato mold leaf,,materialized,
5467f6012d78d1c446145d5f582da6096f852ae8,train/Tomato mold leaf/HighTunnel_TLM5.jpg,data/raw/plantdoc/train/Tomato mold leaf/HighTunnel_TLM5.jpg,d7dc0aea97594cd3edf2c965d52298f6d9fa46db17d6cc29d9c6cc72acdca049,d7dc0aea97594cd3edf2c965d52298f6d9fa46db17d6cc29d9c6cc72acdca049,187571,1380,920,RGB,train,Tomato mold leaf,,materialized,
5467f6012d78d1c446145d5f582da6096f852ae8,train/Tomato mold leaf/HighTunnel_TLM6.jpg,data/raw/plantdoc/train/Tomato mold leaf/HighTunnel_TLM6.jpg,1333fe553cad2faacb126e58346728a90a3925955a9a17f720aa5f080b7332b0,1333fe553cad2faacb126e58346728a90a3925955a9a17f720aa5f080b7332b0,256376,1380,920,RGB,train,Tomato mold leaf,,materialized,
5467f6012d78d1c446145d5f582da6096f852ae8,train/Tomato mold leaf/IMG_1261.jpg,data/raw/plantdoc/train/Tomato mold leaf/IMG_1261.jpg,9ab59ab2c679f342e3cce8e3a036ad1ccf015252264c5c4ecf66db652637ca49,9ab59ab2c679f342e3cce8e3a036ad1ccf015252264c5c4ecf66db652637ca49,499756,1600,1200,RGB,train,Tomato mold leaf,,materialized,
5467f6012d78d1c446145d5f582da6096f852ae8,train/Tomato mold leaf/IMG_7442%20resized_0.preview.jpg,data/raw/plantdoc/train/Tomato mold leaf/IMG_7442%20resized_0.preview.jpg,84b2ecfbe2b25cfa5c837c7d0e6c513c2f8cbae7cfaf706da5abefa326459a07,84b2ecfbe2b25cfa5c837c7d0e6c513c2f8cbae7cfaf706da5abefa326459a07,176460,500,281,RGB,train,Tomato mold leaf,,materialized,
5467f6012d78d1c446145d5f582da6096f852ae8,train/Tomato mold leaf/Leaf+Mold+lower+leaf+surface+spores+%28conidia%29.jpg,data/raw/plantdoc/train/Tomato mold leaf/Leaf+Mold+lower+leaf+surface+spores+%28conidia%29.jpg,cec52edb1ad897189a75ce0b1051144ff90ecdfa22d9d552884830759e1002ce,cec52edb1ad897189a75ce0b1051144ff90ecdfa22d9d552884830759e1002ce,89346,960,720,RGB,train,Tomato mold leaf,,materialized,
5467f6012d78d1c446145d5f582da6096f852ae8,train/Tomato mold leaf/Leaf+Mold+upper+leaf+surface.jpg,data/raw/plantdoc/train/Tomato mold leaf/Leaf+Mold+upper+leaf+surface.jpg,83d438e89ce335decd18bdf155a3965fc08943fa3d635c216f97e42af6ba2644,83d438e89ce335decd18bdf155a3965fc08943fa3d635c216f97e42af6ba2644,110341,960,720,RGB,train,Tomato mold leaf,,materialized,
5467f6012d78d1c446145d5f582da6096f852ae8,train/Tomato mold leaf/Leaf+mold+tomato+%25282%2529.JPG.jpg,data/raw/plantdoc/train/Tomato mold leaf/Leaf+mold+tomato+%25282%2529.JPG.jpg,e41457c4bf7071634a91f295557d590021c6adf453925dcb95fffd695277ea10,e41457c4bf7071634a91f295557d590021c6adf453925dcb95fffd695277ea10,346692,1600,1200,RGB,train,Tomato mold leaf,,materialized,
5467f6012d78d1c446145d5f582da6096f852ae8,train/Tomato mold leaf/Leaf+mold+tomato+%25283%2529.JPG.jpg,data/raw/plantdoc/train/Tomato mold leaf/Leaf+mold+tomato+%25283%2529.JPG.jpg,476ee09e4055e372a8148dbf46ccf2f33b9984ae9e85b4e65984e52f57b84b5e,476ee09e4055e372a8148dbf46ccf2f33b9984ae9e85b4e65984e52f57b84b5e,277451,1600,1200,RGB,train,Tomato mold leaf,,materialized,
5467f6012d78d1c446145d5f582da6096f852ae8,train/Tomato mold leaf/Leaf-mold-caused-by-the-fungal-pathogen-Passalore-fulva-in-tomatoes.jpg,data/raw/plantdoc/train/Tomato mold leaf/Leaf-mold-caused-by-the-fungal-pathogen-Passalore-fulva-in-tomatoes.jpg,05e981e7b3a6d1546db83f58a02638a9fee64df6b632679c638bf2d662d9dcfe,05e981e7b3a6d1546db83f58a02638a9fee64df6b632679c638bf2d662d9dcfe,69684,810,500,RGB,train,Tomato mold leaf,,materialized,
5467f6012d78d1c446145d5f582da6096f852ae8,train/Tomato mold leaf/Leaf-mold-web.jpg,data/raw/plantdoc/train/Tomato mold leaf/Leaf-mold-web.jpg,d7d560e510e815fceafb25424b100f46f53d04f0b8cab467ceb1eb6dbf41a8e5,d7d560e510e815fceafb25424b100f46f53d04f0b8cab467ceb1eb6dbf41a8e5,289215,1500,1000,RGB,train,Tomato mold leaf,,materialized,
5467f6012d78d1c446145d5f582da6096f852ae8,train/Tomato mold leaf/Leaf-mold3.jpg,data/raw/plantdoc/train/Tomato mold leaf/Leaf-mold3.jpg,d0ef7e5923ac873359afa96e6fd3be82adf34b4b36fa2c8e6ba906be7f7c0297,d0ef7e5923ac873359afa96e6fd3be82adf34b4b36fa2c8e6ba906be7f7c0297,202734,758,548,RGB,train,Tomato mold leaf,,materialized,
5467f6012d78d1c446145d5f582da6096f852ae8,train/Tomato mold leaf/OLU13.jpg,data/raw/plantdoc/train/Tomato mold leaf/OLU13.jpg,19d5bd08bc7a2b31cb4cbd5b32182113413fc5e06d415170a403fe20aaf21ae2,19d5bd08bc7a2b31cb4cbd5b32182113413fc5e06d415170a403fe20aaf21ae2,599962,6000,4000,RGB,train,Tomato mold leaf,,materialized,
5467f6012d78d1c446145d5f582da6096f852ae8,train/Tomato mold leaf/Ormvn.jpg,data/raw/plantdoc/train/Tomato mold leaf/Ormvn.jpg,65b3dfb9a37e9ec9701da69b99169e6e1c6bf7273853ad1fe8fd7067cc1c1bec,65b3dfb9a37e9ec9701da69b99169e6e1c6bf7273853ad1fe8fd7067cc1c1bec,344512,4000,6000,RGB,train,Tomato mold leaf,,materialized,
5467f6012d78d1c446145d5f582da6096f852ae8,train/Tomato mold leaf/P1020365.jpg,data/raw/plantdoc/train/Tomato mold leaf/P1020365.jpg,76b95819dfc707a4d5847b36926d876e377a6f7d0492194c931b118e0700421e,76b95819dfc707a4d5847b36926d876e377a6f7d0492194c931b118e0700421e,148238,1000,750,RGB,train,Tomato mold leaf,,materialized,
5467f6012d78d1c446145d5f582da6096f852ae8,train/Tomato mold leaf/Problem-2a.jpg,data/raw/plantdoc/train/Tomato mold leaf/Problem-2a.jpg,3e11b612cf781549d4541901c60df7642316e0a2399fd24329dd5c5b7df50ef2,3e11b612cf781549d4541901c60df7642316e0a2399fd24329dd5c5b7df50ef2,95980,800,599,RGB,train,Tomato mold leaf,,materialized,
5467f6012d78d1c446145d5f582da6096f852ae8,train/Tomato mold leaf/Tomato%20greenhouse%20leaf%20edema%20and%20distortion2F.JPG.jpg,data/raw/plantdoc/train/Tomato mold leaf/Tomato%20greenhouse%20leaf%20edema%20and%20distortion2F.JPG.jpg,4969b978aae3acb11df99666a0397b3268a81df85c5205822dd70de91558df0f,4969b978aae3acb11df99666a0397b3268a81df85c5205822dd70de91558df0f,117494,1024,768,RGB,train,Tomato mold leaf,,materialized,
5467f6012d78d1c446145d5f582da6096f852ae8,train/Tomato mold leaf/Tomato+leaf+mold.jpg,data/raw/plantdoc/train/Tomato mold leaf/Tomato+leaf+mold.jpg,046e6b56037bf0dab9b6004db7401a42ef43e5c37982ee858c3d800bc4a04ef0,046e6b56037bf0dab9b6004db7401a42ef43e5c37982ee858c3d800bc4a04ef0,250314,1600,1200,RGB,train,Tomato mold leaf,,materialized,
5467f6012d78d1c446145d5f582da6096f852ae8,train/Tomato mold leaf/TomatoLeafMold1-50QUALITY-16lgkq6.jpg,data/raw/plantdoc/train/Tomato mold leaf/TomatoLeafMold1-50QUALITY-16lgkq6.jpg,396e4351c45aca6db4a6923cfdb793aec400bc69db7c30fdd5b5cfe1ccbbace2,396e4351c45aca6db4a6923cfdb793aec400bc69db7c30fdd5b5cfe1ccbbace2,35856,667,500,RGB,train,Tomato mold leaf,,materialized,
5467f6012d78d1c446145d5f582da6096f852ae8,train/Tomato mold leaf/TomatoLeafMold2-50QUALITY-1b89zfs.jpg,data/raw/plantdoc/train/Tomato mold leaf/TomatoLeafMold2-50QUALITY-1b89zfs.jpg,71548539c9c363a0dd9582560c75f8c68041249717b14227f155084c74d5de69,71548539c9c363a0dd9582560c75f8c68041249717b14227f155084c74d5de69,41581,667,500,RGB,train,Tomato mold leaf,,materialized,
5467f6012d78d1c446145d5f582da6096f852ae8,train/Tomato mold leaf/black%20leaf%20mold%20%283%29.JPG?itok=u5TDHCSM.jpg,data/raw/plantdoc/train/Tomato mold leaf/black%20leaf%20mold%20%283%29.JPG?itok=u5TDHCSM.jpg,60979ca4de88782d17424fd35b7db021b4f3a15fbdb2e853acd2fff5a2b26fef,60979ca4de88782d17424fd35b7db021b4f3a15fbdb2e853acd2fff5a2b26fef,32144,567,393,RGB,train,Tomato mold leaf,,materialized,
5467f6012d78d1c446145d5f582da6096f852ae8,train/Tomato mold leaf/black%20leaf%20mold%20%284%29.JPG?itok=DIIUw9JU.jpg,data/raw/plantdoc/train/Tomato mold leaf/black%20leaf%20mold%20%284%29.JPG?itok=DIIUw9JU.jpg,9842b35b7947f1baf3f83dffad190623eee14370e1096da7635bc5025d835eba,9842b35b7947f1baf3f83dffad190623eee14370e1096da7635bc5025d835eba,32673,567,393,RGB,train,Tomato mold leaf,,materialized,
5467f6012d78d1c446145d5f582da6096f852ae8,train/Tomato mold leaf/d-to-tylv-fo005-14496A31BE70553130A.jpg,data/raw/plantdoc/train/Tomato mold leaf/d-to-tylv-fo005-14496A31BE70553130A.jpg,156a6d798e490a5b08de7d7016bd682bd9d1162e2a436a04b626d8c493b29c90,156a6d798e490a5b08de7d7016bd682bd9d1162e2a436a04b626d8c493b29c90,56917,490,366,RGB,train,Tomato mold leaf,,materialized,
5467f6012d78d1c446145d5f582da6096f852ae8,train/Tomato mold leaf/dscf2712.jpg,data/raw/plantdoc/train/Tomato mold leaf/dscf2712.jpg,d6267900f5061d5ea4dc59069e7e788a0c79d3ac1b93a8162e031db374538a35,d6267900f5061d5ea4dc59069e7e788a0c79d3ac1b93a8162e031db374538a35,144052,800,600,RGB,train,Tomato mold leaf,,materialized,
5467f6012d78d1c446145d5f582da6096f852ae8,train/Tomato mold leaf/dscn6690.jpg,data/raw/plantdoc/train/Tomato mold leaf/dscn6690.jpg,63cca761de835f182d103c06b4b0d3158501fae619956acbd9976078b7f1a06d,63cca761de835f182d103c06b4b0d3158501fae619956acbd9976078b7f1a06d,161775,1024,768,RGB,train,Tomato mold leaf,,materialized,
5467f6012d78d1c446145d5f582da6096f852ae8,train/Tomato mold leaf/gray-leaf-spot-300x225.jpg,data/raw/plantdoc/train/Tomato mold leaf/gray-leaf-spot-300x225.jpg,485aa250351c68755783b14c6f12a2360d984f9f887f3f09696cb32043360c82,485aa250351c68755783b14c6f12a2360d984f9f887f3f09696cb32043360c82,20606,300,225,RGB,train,Tomato mold leaf,,materialized,
5467f6012d78d1c446145d5f582da6096f852ae8,train/Tomato mold leaf/gray-mold-on-tomato-leaf.jpg,data/raw/plantdoc/train/Tomato mold leaf/gray-mold-on-tomato-leaf.jpg,3b916951802ac916268ffbb8201605d77d0d4e573adfd4c82bb37ddacc92cde0,3b916951802ac916268ffbb8201605d77d0d4e573adfd4c82bb37ddacc92cde0,38901,224,209,RGB,train,Tomato mold leaf,,materialized,
5467f6012d78d1c446145d5f582da6096f852ae8,train/Tomato mold leaf/grey-mould-botrytis-cinerea-on-bottom-of-a-tomato-leaf-late-in-the-AFRDAN.jpg,data/raw/plantdoc/train/Tomato mold leaf/grey-mould-botrytis-cinerea-on-bottom-of-a-tomato-leaf-late-in-the-AFRDAN.jpg,60c96656e6a67cf1e166cdb1a0ffaa87e564c3dff98121ceebd7f0ae19c219fb,60c96656e6a67cf1e166cdb1a0ffaa87e564c3dff98121ceebd7f0ae19c219fb,199775,863,1390,RGB,train,Tomato mold leaf,,materialized,
5467f6012d78d1c446145d5f582da6096f852ae8,train/Tomato mold leaf/image233.jpg,data/raw/plantdoc/train/Tomato mold leaf/image233.jpg,d234eb2911afd0e67f9a50437a87c5ee16cf89cf6131aeb134a05e1d14a49b75,d234eb2911afd0e67f9a50437a87c5ee16cf89cf6131aeb134a05e1d14a49b75,15696,250,188,RGB,train,Tomato mold leaf,,materialized,
5467f6012d78d1c446145d5f582da6096f852ae8,train/Tomato mold leaf/latest?cb=20100723105221.jpg,data/raw/plantdoc/train/Tomato mold leaf/latest?cb=20100723105221.jpg,7d3ed42716ff74a095ae06f4883e7005181da08a413eae0a94aadf4bc0324f6d,7d3ed42716ff74a095ae06f4883e7005181da08a413eae0a94aadf4bc0324f6d,148911,640,480,RGB,train,Tomato mold leaf,,materialized,
5467f6012d78d1c446145d5f582da6096f852ae8,train/Tomato mold leaf/leaf%2Binf%2B800%2B1.jpg,data/raw/plantdoc/train/Tomato mold leaf/leaf%2Binf%2B800%2B1.jpg,68c5d0cd76cbfbcbe44491e3e7212a9399079950ed1df2d729fa4135e83c2f4f,68c5d0cd76cbfbcbe44491e3e7212a9399079950ed1df2d729fa4135e83c2f4f,337895,1600,1031,RGB,train,Tomato mold leaf,,materialized,
5467f6012d78d1c446145d5f582da6096f852ae8,train/Tomato mold leaf/leaf_mold1.jpg,data/raw/plantdoc/train/Tomato mold leaf/leaf_mold1.jpg,e4a952d57f271d70e30e443a61163df1226eb9351be2846895e7dd2362eb2fbf,e4a952d57f271d70e30e443a61163df1226eb9351be2846895e7dd2362eb2fbf,88382,600,368,RGB,train,Tomato mold leaf,,materialized,
5467f6012d78d1c446145d5f582da6096f852ae8,train/Tomato mold leaf/leaf_mold2.jpg,data/raw/plantdoc/train/Tomato mold leaf/leaf_mold2.jpg,ef3ecb5b4fa00ff7bc0490dbaced2372df684d0d4dd452e096bb0dd6983a09bf,ef3ecb5b4fa00ff7bc0490dbaced2372df684d0d4dd452e096bb0dd6983a09bf,73954,600,456,RGB,train,Tomato mold leaf,,materialized,
5467f6012d78d1c446145d5f582da6096f852ae8,train/Tomato mold leaf/leaf_mold_nightshade1x500.jpg,data/raw/plantdoc/train/Tomato mold leaf/leaf_mold_nightshade1x500.jpg,ac71819475c63357bfffabb92a3079f0babb01557473ecd1b160d4009e831064,ac71819475c63357bfffabb92a3079f0babb01557473ecd1b160d4009e831064,217861,500,667,RGB,train,Tomato mold leaf,,materialized,
5467f6012d78d1c446145d5f582da6096f852ae8,train/Tomato mold leaf/leaf_mold_nightshade2x500.jpg,data/raw/plantdoc/train/Tomato mold leaf/leaf_mold_nightshade2x500.jpg,e029b8e06aa4de2d5b8587453303380815b5a297793173e813dd731150c07573,e029b8e06aa4de2d5b8587453303380815b5a297793173e813dd731150c07573,205605,500,667,RGB,train,Tomato mold leaf,,materialized,
5467f6012d78d1c446145d5f582da6096f852ae8,train/Tomato mold leaf/leaf_mold_tomato1x1200.jpg,data/raw/plantdoc/train/Tomato mold leaf/leaf_mold_tomato1x1200.jpg,e325cdb6f13a021e0387accafe1b2069c8b6042d40b96b549277380bb6b47158,e325cdb6f13a021e0387accafe1b2069c8b6042d40b96b549277380bb6b47158,210818,1089,1871,RGB,train,Tomato mold leaf,,materialized,
5467f6012d78d1c446145d5f582da6096f852ae8,train/Tomato mold leaf/leaf_mold_tomato2x1200.jpg,data/raw/plantdoc/train/Tomato mold leaf/leaf_mold_tomato2x1200.jpg,3df2275e80d700298762ae93169425a6a5ead07ffc984cd4abe6d81c2c2e6f93,3df2275e80d700298762ae93169425a6a5ead07ffc984cd4abe6d81c2c2e6f93,653010,1200,1600,RGB,train,Tomato mold leaf,,materialized,
5467f6012d78d1c446145d5f582da6096f852ae8,train/Tomato mold leaf/leaf_mold_tomato3x1200.jpg,data/raw/plantdoc/train/Tomato mold leaf/leaf_mold_tomato3x1200.jpg,228fac94db46b83013f8d06726480691df0c29a16378f3aaf94b3d81aa232830,228fac94db46b83013f8d06726480691df0c29a16378f3aaf94b3d81aa232830,770426,1200,1600,RGB,train,Tomato mold leaf,,materialized,
5467f6012d78d1c446145d5f582da6096f852ae8,train/Tomato mold leaf/leaf_mold_tomato4x1200.jpg,data/raw/plantdoc/train/Tomato mold leaf/leaf_mold_tomato4x1200.jpg,a61da56ecb8c4db718f66d972be6cd29341c5c5c0df420b2efa96eaa875fd2ef,a61da56ecb8c4db718f66d972be6cd29341c5c5c0df420b2efa96eaa875fd2ef,605084,1182,1404,RGB,train,Tomato mold leaf,,materialized,
5467f6012d78d1c446145d5f582da6096f852ae8,train/Tomato mold leaf/leaf_mold_tomato5x1200.jpg,data/raw/plantdoc/train/Tomato mold leaf/leaf_mold_tomato5x1200.jpg,4888387b4021c7b46985345f9a42bcf3c3fea8d3469b45efbda18a92cec15a4e,4888387b4021c7b46985345f9a42bcf3c3fea8d3469b45efbda18a92cec15a4e,702459,1190,1989,RGB,train,Tomato mold leaf,,materialized,
5467f6012d78d1c446145d5f582da6096f852ae8,train/Tomato mold leaf/leaf_mold_tomato6x1200.jpg,data/raw/plantdoc/train/Tomato mold leaf/leaf_mold_tomato6x1200.jpg,e51e5a11fd5709e81adef5a174dd29c5120764553137df3595109b59883274b0,e51e5a11fd5709e81adef5a174dd29c5120764553137df3595109b59883274b0,584746,1200,951,RGB,train,Tomato mold leaf,,materialized,
5467f6012d78d1c446145d5f582da6096f852ae8,train/Tomato mold leaf/leaf_mold_tomato7x1200.jpg,data/raw/plantdoc/train/Tomato mold leaf/leaf_mold_tomato7x1200.jpg,f754e55bf878508c8b7a0cb15ef73fa25f70b5568f47f6d4ac0f4ca9b68c328e,f754e55bf878508c8b7a0cb15ef73fa25f70b5568f47f6d4ac0f4ca9b68c328e,568132,1200,1126,RGB,train,Tomato mold leaf,,materialized,
5467f6012d78d1c446145d5f582da6096f852ae8,train/Tomato mold leaf/leafmold.jpg,data/raw/plantdoc/train/Tomato mold leaf/leafmold.jpg,680568869db669a93d2385150a20ec4362c0e48fb91fc7258d1e34d87d1890b0,680568869db669a93d2385150a20ec4362c0e48fb91fc7258d1e34d87d1890b0,5488,238,155,RGB,train,Tomato mold leaf,,materialized,
5467f6012d78d1c446145d5f582da6096f852ae8,train/Tomato mold leaf/leafmoldtomato1.jpg,data/raw/plantdoc/train/Tomato mold leaf/leafmoldtomato1.jpg,63eb462cf83384f1ad1fd64765df0b59753e8ccedbc36cacb342a10c8d3df573,63eb462cf83384f1ad1fd64765df0b59753e8ccedbc36cacb342a10c8d3df573,18922,320,240,RGB,train,Tomato mold leaf,,materialized,
5467f6012d78d1c446145d5f582da6096f852ae8,train/Tomato mold leaf/leafmoldtomato2.jpg,data/raw/plantdoc/train/Tomato mold leaf/leafmoldtomato2.jpg,6dbafce15afe0813748b17c8ed900c7145e4fd72ac946cb727252fb817d32e96,6dbafce15afe0813748b17c8ed900c7145e4fd72ac946cb727252fb817d32e96,73225,800,600,RGB,train,Tomato mold leaf,,materialized,
5467f6012d78d1c446145d5f582da6096f852ae8,train/Tomato mold leaf/pm3.jpg,data/raw/plantdoc/train/Tomato mold leaf/pm3.jpg,0cb0ed826c1d1c55835280d84dd79b98bc1204dae214cc9739ea4cb12913eef7,0cb0ed826c1d1c55835280d84dd79b98bc1204dae214cc9739ea4cb12913eef7,1276656,2592,1944,RGB,train,Tomato mold leaf,,materialized,
5467f6012d78d1c446145d5f582da6096f852ae8,train/Tomato mold leaf/tdisease12.jpg,data/raw/plantdoc/train/Tomato mold leaf/tdisease12.jpg,6ca14f68a6d144096fd42d2017fc68c40cb9732dad5df9eeaf9313b47daa77c9,6ca14f68a6d144096fd42d2017fc68c40cb9732dad5df9eeaf9313b47daa77c9,15631,364,358,RGB,train,Tomato mold leaf,,materialized,
5467f6012d78d1c446145d5f582da6096f852ae8,train/Tomato mold leaf/tdisease6.jpg,data/raw/plantdoc/train/Tomato mold leaf/tdisease6.jpg,209763d1e11a2e708aaf6abb229be260d24709e120459b22e0945ba312d777e7,209763d1e11a2e708aaf6abb229be260d24709e120459b22e0945ba312d777e7,71787,750,563,RGB,train,Tomato mold leaf,,materialized,
5467f6012d78d1c446145d5f582da6096f852ae8,train/Tomato mold leaf/tdisease7.jpg,data/raw/plantdoc/train/Tomato mold leaf/tdisease7.jpg,208230d5bb18985e37b1af046bb6c176338c097cd8c6958fb2a1e1bf51e2f6d8,208230d5bb18985e37b1af046bb6c176338c097cd8c6958fb2a1e1bf51e2f6d8,63004,750,559,RGB,train,Tomato mold leaf,,materialized,
5467f6012d78d1c446145d5f582da6096f852ae8,train/Tomato mold leaf/tomato-gray-leaf-spot.jpg,data/raw/plantdoc/train/Tomato mold leaf/tomato-gray-leaf-spot.jpg,e47ce4513a2f26b7ec55004f6f3c275e7795409351678165c08050bba5a7b00b,e47ce4513a2f26b7ec55004f6f3c275e7795409351678165c08050bba5a7b00b,4549,150,150,RGB,train,Tomato mold leaf,,materialized,
5467f6012d78d1c446145d5f582da6096f852ae8,train/Tomato mold leaf/tomato-leaf-2.jpg,data/raw/plantdoc/train/Tomato mold leaf/tomato-leaf-2.jpg,eaf1614e496a4d6c7a7b1a5da9aa3320b01bcf4940acea3615e4267a8177de31,eaf1614e496a4d6c7a7b1a5da9aa3320b01bcf4940acea3615e4267a8177de31,439853,2048,1536,RGB,train,Tomato mold leaf,,materialized,
5467f6012d78d1c446145d5f582da6096f852ae8,train/Tomato mold leaf/tomato-leaf-mold-2.jpg,data/raw/plantdoc/train/Tomato mold leaf/tomato-leaf-mold-2.jpg,22e90a7fee61c6f52043700c91743373d30f78141efb37f8840ac6364921fd83,22e90a7fee61c6f52043700c91743373d30f78141efb37f8840ac6364921fd83,6659,150,100,RGB,train,Tomato mold leaf,,materialized,
5467f6012d78d1c446145d5f582da6096f852ae8,train/Tomato mold leaf/tomato-leaf-mold-infection-on-a-leaf-top-and-underside-picture-id81781575?s=612x612.jpg,data/raw/plantdoc/train/Tomato mold leaf/tomato-leaf-mold-infection-on-a-leaf-top-and-underside-picture-id81781575?s=612x612.jpg,bbb2ec3496b2433272adb4b62518f2907d2247b1a8d130a056155867c936123b,bbb2ec3496b2433272adb4b62518f2907d2247b1a8d130a056155867c936123b,53395,612,569,RGB,train,Tomato mold leaf,,materialized,
5467f6012d78d1c446145d5f582da6096f852ae8,train/Tomato mold leaf/tomato-leaf-mold.jpg,data/raw/plantdoc/train/Tomato mold leaf/tomato-leaf-mold.jpg,18443210d12693afa5a4df7ec6676ff285a863ccac8f63eecc2602bc622ad598,18443210d12693afa5a4df7ec6676ff285a863ccac8f63eecc2602bc622ad598,2885,150,150,RGB,train,Tomato mold leaf,,materialized,
5467f6012d78d1c446145d5f582da6096f852ae8,train/Tomato mold leaf/tomato.jpg,data/raw/plantdoc/train/Tomato mold leaf/tomato.jpg,0871cdc86cefe787daaee094c11c34ac4a00834ac3eaedc36bda17965bda2fad,0871cdc86cefe787daaee094c11c34ac4a00834ac3eaedc36bda17965bda2fad,490953,600,800,RGB,train,Tomato mold leaf,,materialized,
5467f6012d78d1c446145d5f582da6096f852ae8,train/Tomato mold leaf/tomato_Leaf-roll-physiological-7059-SLoewen_thm.jpg,data/raw/plantdoc/train/Tomato mold leaf/tomato_Leaf-roll-physiological-7059-SLoewen_thm.jpg,30c201a5d0f529ad38380d2410d3a31c5729465f6b6da5da8f8313a5ebbd2729,30c201a5d0f529ad38380d2410d3a31c5729465f6b6da5da8f8313a5ebbd2729,8344,115,85,RGB,train,Tomato mold leaf,,materialized,
5467f6012d78d1c446145d5f582da6096f852ae8,train/Tomato mold leaf/tomato_fulvia.jpg,data/raw/plantdoc/train/Tomato mold leaf/tomato_fulvia.jpg,11ecaa35428fa9c1b42bb47d0a8dc1ffcb5db1844982c9be082af5ba93be17a9,11ecaa35428fa9c1b42bb47d0a8dc1ffcb5db1844982c9be082af5ba93be17a9,149572,450,304,RGB,train,Tomato mold leaf,,materialized,
5467f6012d78d1c446145d5f582da6096f852ae8,train/Tomato mold leaf/tomato_fulvia2.jpg,data/raw/plantdoc/train/Tomato mold leaf/tomato_fulvia2.jpg,cb7d56b2c938e5bdf9f53bac50354d7df86cddfaf1748bb2693e9eed6144afb8,cb7d56b2c938e5bdf9f53bac50354d7df86cddfaf1748bb2693e9eed6144afb8,164052,640,405,RGB,train,Tomato mold leaf,,materialized,
5467f6012d78d1c446145d5f582da6096f852ae8,train/Tomato mold leaf/tomato_leaf-mold_01_zoom.jpg,data/raw/plantdoc/train/Tomato mold leaf/tomato_leaf-mold_01_zoom.jpg,02ce34bc701adf2c6d09578075a137632be6ba76e800048d7a26c309947fe0a9,02ce34bc701adf2c6d09578075a137632be6ba76e800048d7a26c309947fe0a9,169833,900,675,RGB,train,Tomato mold leaf,,materialized,
5467f6012d78d1c446145d5f582da6096f852ae8,train/Tomato mold leaf/tomato_leaf-mold_02_zoom.jpg,data/raw/plantdoc/train/Tomato mold leaf/tomato_leaf-mold_02_zoom.jpg,fe2e6650a1422bedbc672c152b4671a51f009bc5b98896b804362e01dc2887fd,fe2e6650a1422bedbc672c152b4671a51f009bc5b98896b804362e01dc2887fd,129766,900,675,RGB,train,Tomato mold leaf,,materialized,
5467f6012d78d1c446145d5f582da6096f852ae8,train/Tomato mold leaf/tomato_leaf-mold_03_zoom.jpg,data/raw/plantdoc/train/Tomato mold leaf/tomato_leaf-mold_03_zoom.jpg,d62b398631f1a94c65861102977640110cf393c473975ffc25528ed81bc493b9,d62b398631f1a94c65861102977640110cf393c473975ffc25528ed81bc493b9,126207,900,675,RGB,train,Tomato mold leaf,,materialized,
5467f6012d78d1c446145d5f582da6096f852ae8,train/Tomato mold leaf/tomato_leaf-mold_04_zoom.jpg,data/raw/plantdoc/train/Tomato mold leaf/tomato_leaf-mold_04_zoom.jpg,feedc8af904c0c07c72dce57e129b132bcc42b0531baa33ba2e1d05845313cb3,feedc8af904c0c07c72dce57e129b132bcc42b0531baa33ba2e1d05845313cb3,160423,900,675,RGB,train,Tomato mold leaf,,materialized,
5467f6012d78d1c446145d5f582da6096f852ae8,train/Tomato mold leaf/tomato_plants_1_original.JPG?1407178095.jpg,data/raw/plantdoc/train/Tomato mold leaf/tomato_plants_1_original.JPG?1407178095.jpg,d78bd086224aaca5a9f1862d8496177888cae14ce27dd42b4aaf83a0cfae4794,d78bd086224aaca5a9f1862d8496177888cae14ce27dd42b4aaf83a0cfae4794,865699,1632,1224,RGB,train,Tomato mold leaf,,materialized,
5467f6012d78d1c446145d5f582da6096f852ae8,train/Tomato mold leaf/top-leaf-mold-Fulva-fulvea-WN.jpg,data/raw/plantdoc/train/Tomato mold leaf/top-leaf-mold-Fulva-fulvea-WN.jpg,e67f8333289a4158051a7391f63bf5f57da62a38c4819f446212f0751ee683a3,e67f8333289a4158051a7391f63bf5f57da62a38c4819f446212f0751ee683a3,71767,800,525,RGB,train,Tomato mold leaf,,materialized,
5467f6012d78d1c446145d5f582da6096f852ae8,train/Tomato mold leaf/tylc.jpg,data/raw/plantdoc/train/Tomato mold leaf/tylc.jpg,2ddeade403628874b112f319b8f0114863b3e34a89b7582cb648d9b08477fcc8,2ddeade403628874b112f319b8f0114863b3e34a89b7582cb648d9b08477fcc8,76725,798,605,RGB,train,Tomato mold leaf,,materialized,
5467f6012d78d1c446145d5f582da6096f852ae8,train/Tomato two spotted spider mites leaf/SpotSpeckBlightMite-1l4v879.jpg,data/raw/plantdoc/train/Tomato two spotted spider mites leaf/SpotSpeckBlightMite-1l4v879.jpg,7a39980b4f6448958db22a28da7b409e74834a820592f7302b5547703ab61578,7a39980b4f6448958db22a28da7b409e74834a820592f7302b5547703ab61578,113860,960,720,RGB,train,Tomato two spotted spider mites leaf,,materialized,
5467f6012d78d1c446145d5f582da6096f852ae8,train/Tomato two spotted spider mites leaf/comparing-diseases-4-canker-tomato-1y51ejs.jpg,data/raw/plantdoc/train/Tomato two spotted spider mites leaf/comparing-diseases-4-canker-tomato-1y51ejs.jpg,2c59025109d5e9a2cfba879cfde943fa3d238a4dbaf2e44763b986d6bef5c22d,2c59025109d5e9a2cfba879cfde943fa3d238a4dbaf2e44763b986d6bef5c22d,125378,960,720,RGB,train,Tomato two spotted spider mites leaf,,materialized,
5467f6012d78d1c446145d5f582da6096f852ae8,train/grape leaf black rot/000gb.jpg,data/raw/plantdoc/train/grape leaf black rot/000gb.jpg,a3946ea0fc75e9cf20f41a23fdf7697967b4f4a427d68ff535b3d7969152ac02,a3946ea0fc75e9cf20f41a23fdf7697967b4f4a427d68ff535b3d7969152ac02,3236697,3264,2448,RGB,train,grape leaf black rot,,materialized,
5467f6012d78d1c446145d5f582da6096f852ae8,train/grape leaf black rot/00gb.jpg,data/raw/plantdoc/train/grape leaf black rot/00gb.jpg,cf90886cd242a9969f0a5d5bd7bc5239292359962a19dfb9941b769480d1e3d8,cf90886cd242a9969f0a5d5bd7bc5239292359962a19dfb9941b769480d1e3d8,778810,1500,844,RGB,train,grape leaf black rot,,materialized,
5467f6012d78d1c446145d5f582da6096f852ae8,train/grape leaf black rot/01gb.jpg,data/raw/plantdoc/train/grape leaf black rot/01gb.jpg,9ccf853645d2f727d660e404cb3f86ef8b7b66b23b386abad7afcf9247dd7016,9ccf853645d2f727d660e404cb3f86ef8b7b66b23b386abad7afcf9247dd7016,32307,479,441,RGB,train,grape leaf black rot,,materialized,
5467f6012d78d1c446145d5f582da6096f852ae8,train/grape leaf black rot/02gb.jpg,data/raw/plantdoc/train/grape leaf black rot/02gb.jpg,5a123eada6b0d97bd40f3db4393575e30e3b92d9b66495005f08ac1bf723609e,5a123eada6b0d97bd40f3db4393575e30e3b92d9b66495005f08ac1bf723609e,585583,1125,1500,RGB,train,grape leaf black rot,,materialized,
5467f6012d78d1c446145d5f582da6096f852ae8,train/grape leaf black rot/072109%20Hartman%20Grape%20black%20rot-fruit%20&%20lvs.JPG.jpg,data/raw/plantdoc/train/grape leaf black rot/072109%20Hartman%20Grape%20black%20rot-fruit%20&%20lvs.JPG.jpg,9bdb9dbbc21bd9b3440e6d76c5c02ee6ca4217057c7f73d68463b00b9b7b28de,9bdb9dbbc21bd9b3440e6d76c5c02ee6ca4217057c7f73d68463b00b9b7b28de,677151,1476,984,RGB,train,grape leaf black rot,,materialized,
5467f6012d78d1c446145d5f582da6096f852ae8,train/grape leaf black rot/0gb.jpg,data/raw/plantdoc/train/grape leaf black rot/0gb.jpg,b3bbc4dee85a0103fcc554c67fcb8dc870ee80c60aa5bcd205bc2000fe1de7cd,b3bbc4dee85a0103fcc554c67fcb8dc870ee80c60aa5bcd205bc2000fe1de7cd,114819,300,300,RGB,train,grape leaf black rot,,materialized,
5467f6012d78d1c446145d5f582da6096f852ae8,train/grape leaf black rot/150px-Plasmopara_viticola_000.jpg,data/raw/plantdoc/train/grape leaf black rot/150px-Plasmopara_viticola_000.jpg,cb48e0f8682d2a47500280ddd5554455cc519093f0d05187fd7525df20e60641,cb48e0f8682d2a47500280ddd5554455cc519093f0d05187fd7525df20e60641,6230,150,150,RGB,train,grape leaf black rot,,materialized,
5467f6012d78d1c446145d5f582da6096f852ae8,train/grape leaf black rot/2009+06+069+Downy+mildew.jpg,data/raw/plantdoc/train/grape leaf black rot/2009+06+069+Downy+mildew.jpg,7317bf5f2be1edfdafc77164f8607c172f73a30eb091c706cab3f40a51e5a305,7317bf5f2be1edfdafc77164f8607c172f73a30eb091c706cab3f40a51e5a305,96722,800,600,RGB,train,grape leaf black rot,,materialized,
5467f6012d78d1c446145d5f582da6096f852ae8,train/grape leaf black rot/2009+07+034+black+rot+leaf+and+berry.jpg,data/raw/plantdoc/train/grape leaf black rot/2009+07+034+black+rot+leaf+and+berry.jpg,9f69415b6c366eaecaf4498b7ed1258d903a59d758a25527a3682dde110b3627,9f69415b6c366eaecaf4498b7ed1258d903a59d758a25527a3682dde110b3627,38154,320,240,RGB,train,grape leaf black rot,,materialized,
5467f6012d78d1c446145d5f582da6096f852ae8,train/grape leaf black rot/220px-Guignardia_bidwellii_08.jpg,data/raw/plantdoc/train/grape leaf black rot/220px-Guignardia_bidwellii_08.jpg,e4eea2e36ac92802380796d6a1a77cfa013de7166d3911817f9db6c9a59287f9,e4eea2e36ac92802380796d6a1a77cfa013de7166d3911817f9db6c9a59287f9,8319,220,152,RGB,train,grape leaf black rot,,materialized,
5467f6012d78d1c446145d5f582da6096f852ae8,train/grape leaf black rot/35327886795_6f608e0eaa_b.jpg,data/raw/plantdoc/train/grape leaf black rot/35327886795_6f608e0eaa_b.jpg,a25bfd16a43a5aeddb23f2138dfc26196849ae3b1e4d680d16797a3c36ea5f22,a25bfd16a43a5aeddb23f2138dfc26196849ae3b1e4d680d16797a3c36ea5f22,231072,768,1024,RGB,train,grape leaf black rot,,materialized,
5467f6012d78d1c446145d5f582da6096f852ae8,train/grape leaf black rot/3_21_14-Caption-Black-Rot-leaf-infection.-265x265.jpg,data/raw/plantdoc/train/grape leaf black rot/3_21_14-Caption-Black-Rot-leaf-infection.-265x265.jpg,6353025ad04a7954e9c604d04853a9957220da63104613bfa015dfa9d8d23b92,6353025ad04a7954e9c604d04853a9957220da63104613bfa015dfa9d8d23b92,25077,265,265,RGB,train,grape leaf black rot,,materialized,
5467f6012d78d1c446145d5f582da6096f852ae8,train/grape leaf black rot/3_21_14-Caption-Black-Rot-leaf-infection..jpg,data/raw/plantdoc/train/grape leaf black rot/3_21_14-Caption-Black-Rot-leaf-infection..jpg,d9436f7a2afc118cbe3217d649901beaa3dfab0e1ce17815b59c527b62e8cbd1,d9436f7a2afc118cbe3217d649901beaa3dfab0e1ce17815b59c527b62e8cbd1,443608,1200,842,RGB,train,grape leaf black rot,,materialized,
5467f6012d78d1c446145d5f582da6096f852ae8,train/grape leaf black rot/6-14-11%20ANNEMIEK%20blkRotSp.jpg,data/raw/plantdoc/train/grape leaf black rot/6-14-11%20ANNEMIEK%20blkRotSp.jpg,e55af8b081dab8fe84978dc01a972cd25dbb2666f79b5a8762e4bbc317c23da0,e55af8b081dab8fe84978dc01a972cd25dbb2666f79b5a8762e4bbc317c23da0,779527,350,279,CMYK,train,grape leaf black rot,,materialized,
5467f6012d78d1c446145d5f582da6096f852ae8,train/grape leaf black rot/8-21-Anthracnose-shotholing-ANNEMIEK.jpg,data/raw/plantdoc/train/grape leaf black rot/8-21-Anthracnose-shotholing-ANNEMIEK.jpg,1e20761767473a427ebd7c07acf15e27c61a97c85f73d3ab56d8da3b8a7bd5b0,1e20761767473a427ebd7c07acf15e27c61a97c85f73d3ab56d8da3b8a7bd5b0,38777,350,243,RGB,train,grape leaf black rot,,materialized,
5467f6012d78d1c446145d5f582da6096f852ae8,train/grape leaf black rot/80111791.jpg,data/raw/plantdoc/train/grape leaf black rot/80111791.jpg,e9ca5df1ede06acb046caf07a2c15e335fcaff8b1f73d57edc1400c091c55d1d,e9ca5df1ede06acb046caf07a2c15e335fcaff8b1f73d57edc1400c091c55d1d,199100,700,482,RGB,train,grape leaf black rot,,materialized,
5467f6012d78d1c446145d5f582da6096f852ae8,train/grape leaf black rot/Black_Rot_of_Grapes1153.jpg,data/raw/plantdoc/train/grape leaf black rot/Black_Rot_of_Grapes1153.jpg,3de2602bb2431729452df9d11501dee76a03fae022aeaed4a443aaf8db762277,3de2602bb2431729452df9d11501dee76a03fae022aeaed4a443aaf8db762277,48065,800,600,RGB,train,grape leaf black rot,,materialized,
5467f6012d78d1c446145d5f582da6096f852ae8,train/grape leaf black rot/Black_Rot_of_Grapes1154.jpg,data/raw/plantdoc/train/grape leaf black rot/Black_Rot_of_Grapes1154.jpg,e194cf217d0da81a2a2232710ece87513fa1a9365f8dec7c5e0a498c649f93cc,e194cf217d0da81a2a2232710ece87513fa1a9365f8dec7c5e0a498c649f93cc,49313,800,600,RGB,train,grape leaf black rot,,materialized,
5467f6012d78d1c446145d5f582da6096f852ae8,train/grape leaf black rot/Black_Rot_of_Grapes1155.jpg,data/raw/plantdoc/train/grape leaf black rot/Black_Rot_of_Grapes1155.jpg,84b1a9de92024f4c4141db381b24e7e26a84b6d3074ed4415ee9c0c6a0d1cd86,84b1a9de92024f4c4141db381b24e7e26a84b6d3074ed4415ee9c0c6a0d1cd86,52142,800,600,RGB,train,grape leaf black rot,,materialized,
5467f6012d78d1c446145d5f582da6096f852ae8,train/grape leaf black rot/Black_Rot_of_Grapes1157.jpg,data/raw/plantdoc/train/grape leaf black rot/Black_Rot_of_Grapes1157.jpg,0710b834199c028685db847393cf0d4ecd085dbae905a1d358113876059facd6,0710b834199c028685db847393cf0d4ecd085dbae905a1d358113876059facd6,53879,800,600,RGB,train,grape leaf black rot,,materialized,
5467f6012d78d1c446145d5f582da6096f852ae8,train/grape leaf black rot/Black_Rot_of_Grapes1166.jpg,data/raw/plantdoc/train/grape leaf black rot/Black_Rot_of_Grapes1166.jpg,b723ebc8b8be7b9f616c0f5be18988dab8898ebe8859a614723b8a2ca5d965ff,b723ebc8b8be7b9f616c0f5be18988dab8898ebe8859a614723b8a2ca5d965ff,49629,800,600,RGB,train,grape leaf black rot,,materialized,
5467f6012d78d1c446145d5f582da6096f852ae8,train/grape leaf black rot/Black_Rot_of_Grapes1167.jpg,data/raw/plantdoc/train/grape leaf black rot/Black_Rot_of_Grapes1167.jpg,869f73d5f820252eab964321fa541d0e7fd4731cacfd47528e794c863941573d,869f73d5f820252eab964321fa541d0e7fd4731cacfd47528e794c863941573d,55448,800,600,RGB,train,grape leaf black rot,,materialized,
5467f6012d78d1c446145d5f582da6096f852ae8,train/grape leaf black rot/Black_Rot_of_Grapes1168.jpg,data/raw/plantdoc/train/grape leaf black rot/Black_Rot_of_Grapes1168.jpg,bcb710c06a56f5cab5538ef6208853f037180906abab4b93de16c538db265c19,bcb710c06a56f5cab5538ef6208853f037180906abab4b93de16c538db265c19,62984,600,800,RGB,train,grape leaf black rot,,materialized,
5467f6012d78d1c446145d5f582da6096f852ae8,train/grape leaf black rot/Black_Rot_of_Grapes1317.jpg,data/raw/plantdoc/train/grape leaf black rot/Black_Rot_of_Grapes1317.jpg,f09e6929382fc733b0226d27aed8f631f65725680215a3e31939101758700f36,f09e6929382fc733b0226d27aed8f631f65725680215a3e31939101758700f36,50642,600,679,RGB,train,grape leaf black rot,,materialized,
5467f6012d78d1c446145d5f582da6096f852ae8,train/grape leaf black rot/Black_Rot_of_Grapes151.jpg,data/raw/plantdoc/train/grape leaf black rot/Black_Rot_of_Grapes151.jpg,5694ab976529678827af0ea81acf9e0ed35f4b6fda31619d7c89590af4cd861d,5694ab976529678827af0ea81acf9e0ed35f4b6fda31619d7c89590af4cd861d,38406,598,800,RGB,train,grape leaf black rot,,materialized,
5467f6012d78d1c446145d5f582da6096f852ae8,train/grape leaf black rot/Black_Rot_of_Grapes152.jpg,data/raw/plantdoc/train/grape leaf black rot/Black_Rot_of_Grapes152.jpg,678e3ecfc9b25cecad03cfa6819605a7bb2f4be1e18ffc899690e6897c8cf9d9,678e3ecfc9b25cecad03cfa6819605a7bb2f4be1e18ffc899690e6897c8cf9d9,48671,600,720,RGB,train,grape leaf black rot,,materialized,
5467f6012d78d1c446145d5f582da6096f852ae8,train/grape leaf black rot/Black_rot_on_grape_leaves5.jpg,data/raw/plantdoc/train/grape leaf black rot/Black_rot_on_grape_leaves5.jpg,b7b59f44804b08b3ebb2ab36c3c594a8090799080263f1ae06a58a95a22c2ac0,b7b59f44804b08b3ebb2ab36c3c594a8090799080263f1ae06a58a95a22c2ac0,680403,3072,1928,RGB,train,grape leaf black rot,,materialized,
5467f6012d78d1c446145d5f582da6096f852ae8,train/grape leaf black rot/Concord-Grapes.jpg,data/raw/plantdoc/train/grape leaf black rot/Concord-Grapes.jpg,033b55ada5b76bd9347066ce6fb272b0a4ef709b14ff43fbe7944accb72f27ad,033b55ada5b76bd9347066ce6fb272b0a4ef709b14ff43fbe7944accb72f27ad,1882671,4160,3120,RGB,train,grape leaf black rot,,materialized,
5467f6012d78d1c446145d5f582da6096f852ae8,train/grape leaf black rot/DCDl_p8UQAAf2hP.jpg,data/raw/plantdoc/train/grape leaf black rot/DCDl_p8UQAAf2hP.jpg,437383944a9c0d7dfed39438ec24e1ea2c523aeee83f6dee488c9e94d180fbc6,437383944a9c0d7dfed39438ec24e1ea2c523aeee83f6dee488c9e94d180fbc6,273302,1147,1200,RGB,train,grape leaf black rot,,materialized,
5467f6012d78d1c446145d5f582da6096f852ae8,train/grape leaf black rot/DSCN1228.jpg,data/raw/plantdoc/train/grape leaf black rot/DSCN1228.jpg,64a85fc092aa49bbe0e53b544fdf50af53afa5eaaa02b2f1ce91632510440343,64a85fc092aa49bbe0e53b544fdf50af53afa5eaaa02b2f1ce91632510440343,169744,1200,630,RGB,train,grape leaf black rot,,materialized,
5467f6012d78d1c446145d5f582da6096f852ae8,train/grape leaf black rot/Guignardia-vigne44.jpg,data/raw/plantdoc/train/grape leaf black rot/Guignardia-vigne44.jpg,dec23e8d95f300f1c1e4479f50d3b5c4ae1359ff16e80f1cba214d9c5041a317,dec23e8d95f300f1c1e4479f50d3b5c4ae1359ff16e80f1cba214d9c5041a317,115039,544,520,RGB,train,grape leaf black rot,,materialized,
5467f6012d78d1c446145d5f582da6096f852ae8,train/grape leaf black rot/Guignardia_bidwellii_%28black_rot%29_on_grape_1.jpg,data/raw/plantdoc/train/grape leaf black rot/Guignardia_bidwellii_%28black_rot%29_on_grape_1.jpg,3652cbd05745f80cdc0a20ef50355ce2e4cd319dbd4f692c0330e83b9090f1c9,3652cbd05745f80cdc0a20ef50355ce2e4cd319dbd4f692c0330e83b9090f1c9,1679692,3072,1936,RGB,train,grape leaf black rot,,materialized,
5467f6012d78d1c446145d5f582da6096f852ae8,train/grape leaf black rot/Guignardia_bidwellii_%28black_rot%29_on_grape_4.jpg,data/raw/plantdoc/train/grape leaf black rot/Guignardia_bidwellii_%28black_rot%29_on_grape_4.jpg,a7d909e76254a619a5590da1110c2f16b74849df89686bcf2fbd3fe26978a6b3,a7d909e76254a619a5590da1110c2f16b74849df89686bcf2fbd3fe26978a6b3,651427,3056,1924,RGB,train,grape leaf black rot,,materialized,
5467f6012d78d1c446145d5f582da6096f852ae8,train/grape leaf black rot/IMG_0830_original.JPG?1472588083.jpg,data/raw/plantdoc/train/grape leaf black rot/IMG_0830_original.JPG?1472588083.jpg,1240b5ee519963ae7c0f63d50134f424f64589099449174ed1595dae8bbf1437,1240b5ee519963ae7c0f63d50134f424f64589099449174ed1595dae8bbf1437,2321986,2592,1936,RGB,train,grape leaf black rot,,materialized,
5467f6012d78d1c446145d5f582da6096f852ae8,train/grape leaf black rot/PLPATH-FRU-24_Fig1-black-rot-spots-on-grape-leaf_Page_1.jpg,data/raw/plantdoc/train/grape leaf black rot/PLPATH-FRU-24_Fig1-black-rot-spots-on-grape-leaf_Page_1.jpg,77c705f84131ce2e57ba549584913266f02d3861d498c47d363b3c9face672ee,77c705f84131ce2e57ba549584913266f02d3861d498c47d363b3c9face672ee,66138,627,600,RGB,train,grape leaf black rot,,materialized,
5467f6012d78d1c446145d5f582da6096f852ae8,train/grape leaf black rot/apr-2016_bryan_black-rot-leaf.jpg,data/raw/plantdoc/train/grape leaf black rot/apr-2016_bryan_black-rot-leaf.jpg,58250bfec8591b307c4c85f314fe112fa719cef22ad085896b7874b822a54d2d,58250bfec8591b307c4c85f314fe112fa719cef22ad085896b7874b822a54d2d,80662,977,538,RGB,train,grape leaf black rot,,materialized,
5467f6012d78d1c446145d5f582da6096f852ae8,train/grape leaf black rot/bad_grapes21.jpg,data/raw/plantdoc/train/grape leaf black rot/bad_grapes21.jpg,8ff645f78c4ff863c61cbcd80f4955a1bf7ee18c9e80301ef79c8e2877c8829c,8ff645f78c4ff863c61cbcd80f4955a1bf7ee18c9e80301ef79c8e2877c8829c,253069,720,480,RGB,train,grape leaf black rot,,materialized,
5467f6012d78d1c446145d5f582da6096f852ae8,train/grape leaf black rot/black%20spot%20%2819%29.JPG?itok=mf4II8zq.jpg,data/raw/plantdoc/train/grape leaf black rot/black%20spot%20%2819%29.JPG?itok=mf4II8zq.jpg,3cb32ef84707ec2de5a21f13dce49168f54ebfb80e13438a057d7398f3ace04b,3cb32ef84707ec2de5a21f13dce49168f54ebfb80e13438a057d7398f3ace04b,12849,320,240,RGB,train,grape leaf black rot,,materialized,
5467f6012d78d1c446145d5f582da6096f852ae8,train/grape leaf black rot/black-rot-guignardia-bidwellii-leaf-spot-lesions-on-muscadine-grape-BY9J7B.jpg,data/raw/plantdoc/train/grape leaf black rot/black-rot-guignardia-bidwellii-leaf-spot-lesions-on-muscadine-grape-BY9J7B.jpg,a0caddb60b379bf4a3cac51e4a75ee61f7d3dc805eb50287b8785093bc35bbda,a0caddb60b379bf4a3cac51e4a75ee61f7d3dc805eb50287b8785093bc35bbda,180006,1300,1173,RGB,train,grape leaf black rot,,materialized,
5467f6012d78d1c446145d5f582da6096f852ae8,train/grape leaf black rot/black-rot-guignardia-bidwellii-leaf-spot-lesions-on-muscadine-grape-x85jjd.jpg,data/raw/plantdoc/train/grape leaf black rot/black-rot-guignardia-bidwellii-leaf-spot-lesions-on-muscadine-grape-x85jjd.jpg,c3cad55207c4f32f566bdc23d5dff9decaab6df73edec81a6b27c418cffc72b6,c3cad55207c4f32f566bdc23d5dff9decaab6df73edec81a6b27c418cffc72b6,63957,435,320,RGB,train,grape leaf black rot,,materialized,
5467f6012d78d1c446145d5f582da6096f852ae8,train/grape leaf black rot/black-rot-leaves.jpg,data/raw/plantdoc/train/grape leaf black rot/black-rot-leaves.jpg,755f134e5077f0dfa8b646af1d8f3f6c8a2f5db9bdf027ef7b10c991473fff80,755f134e5077f0dfa8b646af1d8f3f6c8a2f5db9bdf027ef7b10c991473fff80,138247,500,321,RGB,train,grape leaf black rot,,materialized,
5467f6012d78d1c446145d5f582da6096f852ae8,train/grape leaf black rot/black-rot-of-grape_figure-1.jpg,data/raw/plantdoc/train/grape leaf black rot/black-rot-of-grape_figure-1.jpg,a09bc77f43485b7af5429d3579772c0e066444c70e39fe04e77329f8927a3ffd,a09bc77f43485b7af5429d3579772c0e066444c70e39fe04e77329f8927a3ffd,870821,1500,1000,RGB,train,grape leaf black rot,,materialized,
5467f6012d78d1c446145d5f582da6096f852ae8,train/grape leaf black rot/black_rot-grape_leaf.jpeg.jpg,data/raw/plantdoc/train/grape leaf black rot/black_rot-grape_leaf.jpeg.jpg,7ac1b05dde101d3b67080c452d6dfa2994f83a37e130ec8816efb715f15dbbf9,7ac1b05dde101d3b67080c452d6dfa2994f83a37e130ec8816efb715f15dbbf9,57173,600,425,RGB,train,grape leaf black rot,,materialized,
5467f6012d78d1c446145d5f582da6096f852ae8,train/grape leaf black rot/black_rot_1.jpg,data/raw/plantdoc/train/grape leaf black rot/black_rot_1.jpg,8f0f6db33cc273d4e1f6aae9343b7f83393858f6ac6a6fe04b735fc9034dc7c5,8f0f6db33cc273d4e1f6aae9343b7f83393858f6ac6a6fe04b735fc9034dc7c5,977249,2816,2112,RGB,train,grape leaf black rot,,materialized,
5467f6012d78d1c446145d5f582da6096f852ae8,train/grape leaf black rot/br-ocw-dm.jpg,data/raw/plantdoc/train/grape leaf black rot/br-ocw-dm.jpg,feac5e0a5db49c617c29da2e698a6a1d0fe6ae0fcc1b13fa9b513a0826fac5c6,feac5e0a5db49c617c29da2e698a6a1d0fe6ae0fcc1b13fa9b513a0826fac5c6,103437,990,414,RGB,train,grape leaf black rot,,materialized,
5467f6012d78d1c446145d5f582da6096f852ae8,train/grape leaf black rot/br-ocw-phom.jpg,data/raw/plantdoc/train/grape leaf black rot/br-ocw-phom.jpg,775c8828a41fec82beec792f9727ae708f3d74592715ff7d65f40ebe6c86f724,775c8828a41fec82beec792f9727ae708f3d74592715ff7d65f40ebe6c86f724,131717,930,414,RGB,train,grape leaf black rot,,materialized,
5467f6012d78d1c446145d5f582da6096f852ae8,train/grape leaf black rot/brshoot2_zoom.jpg,data/raw/plantdoc/train/grape leaf black rot/brshoot2_zoom.jpg,7c27351deefd799a62579efa6195f3dfee1153b86f44abaf1e471fc3a553ae3f,7c27351deefd799a62579efa6195f3dfee1153b86f44abaf1e471fc3a553ae3f,236588,900,1200,RGB,train,grape leaf black rot,,materialized,
5467f6012d78d1c446145d5f582da6096f852ae8,train/grape leaf black rot/fungus_rust.jpg,data/raw/plantdoc/train/grape leaf black rot/fungus_rust.jpg,806c824a0f578f43506cc5f92e057c1908e06a0292b8793507a0d03e13b49738,806c824a0f578f43506cc5f92e057c1908e06a0292b8793507a0d03e13b49738,51454,500,380,RGB,train,grape leaf black rot,,materialized,
5467f6012d78d1c446145d5f582da6096f852ae8,train/grape leaf black rot/grape%20black%20rot%20on%20leaf_DSC0336.jpg,data/raw/plantdoc/train/grape leaf black rot/grape%20black%20rot%20on%20leaf_DSC0336.jpg,f25280c8f24d69cc65957b015c0e15294e600543a26a9da2320bc7be63ad7d97,f25280c8f24d69cc65957b015c0e15294e600543a26a9da2320bc7be63ad7d97,47374,432,287,RGB,train,grape leaf black rot,,materialized,
5467f6012d78d1c446145d5f582da6096f852ae8,train/grape leaf black rot/guignardia-bidwellii-05.jpg,data/raw/plantdoc/train/grape leaf black rot/guignardia-bidwellii-05.jpg,88ce95acdab368ff001072da0a8ee1888e8f5342f42d80f2a9dc0fce3c2dc366,88ce95acdab368ff001072da0a8ee1888e8f5342f42d80f2a9dc0fce3c2dc366,48110,450,283,RGB,train,grape leaf black rot,,materialized,
5467f6012d78d1c446145d5f582da6096f852ae8,train/grape leaf black rot/image66.jpg,data/raw/plantdoc/train/grape leaf black rot/image66.jpg,9ee7ec94d8a2df21a9ef08bc5bb2ba7e39b0c6f76a1f311244844e74b391cb24,9ee7ec94d8a2df21a9ef08bc5bb2ba7e39b0c6f76a1f311244844e74b391cb24,9550,231,159,RGB,train,grape leaf black rot,,materialized,
5467f6012d78d1c446145d5f582da6096f852ae8,train/grape leaf black rot/image_original.jpeg?1495058317.jpg,data/raw/plantdoc/train/grape leaf black rot/image_original.jpeg?1495058317.jpg,233e1b7c8660960492eeac720430ec3af3bea5e0c437064fc4693ca5db27a618,233e1b7c8660960492eeac720430ec3af3bea5e0c437064fc4693ca5db27a618,2098437,1936,2592,RGB,train,grape leaf black rot,,materialized,
5467f6012d78d1c446145d5f582da6096f852ae8,train/grape leaf black rot/image_original.jpeg?1495058318.jpg,data/raw/plantdoc/train/grape leaf black rot/image_original.jpeg?1495058318.jpg,08527e8e56d80f0ef2710c6ebb612e8024ebfbda926e9a0af576cc75f3222428,08527e8e56d80f0ef2710c6ebb612e8024ebfbda926e9a0af576cc75f3222428,1931978,1936,2592,RGB,train,grape leaf black rot,,materialized,
5467f6012d78d1c446145d5f582da6096f852ae8,train/grape leaf black rot/june-9-0181.jpg,data/raw/plantdoc/train/grape leaf black rot/june-9-0181.jpg,e751586a61fbdd1a1ae0ca681358bce56be37b9b5463a1dd3c767b3fedbe981a,e751586a61fbdd1a1ae0ca681358bce56be37b9b5463a1dd3c767b3fedbe981a,1444640,2048,1536,RGB,train,grape leaf black rot,,materialized,
5467f6012d78d1c446145d5f582da6096f852ae8,train/grape leaf black rot/muscals2.jpg,data/raw/plantdoc/train/grape leaf black rot/muscals2.jpg,a865802e2102e9ac5b9214c1675d20b4f9ea26314b06a778b3b2f714f09aec4c,a865802e2102e9ac5b9214c1675d20b4f9ea26314b06a778b3b2f714f09aec4c,55574,433,299,RGB,train,grape leaf black rot,,materialized,
5467f6012d78d1c446145d5f582da6096f852ae8,train/grape leaf black rot/p_319.jpg,data/raw/plantdoc/train/grape leaf black rot/p_319.jpg,5b4ab0f9a16b94c2b57d6cdb0ebcfe3646aadcc29b7b35a299416caf4d8d8ff4,5b4ab0f9a16b94c2b57d6cdb0ebcfe3646aadcc29b7b35a299416caf4d8d8ff4,70305,640,480,RGB,train,grape leaf black rot,,materialized,
5467f6012d78d1c446145d5f582da6096f852ae8,train/grape leaf/000g.jpg,data/raw/plantdoc/train/grape leaf/000g.jpg,cae656776428feab94d764a5a7cc52da89291728da56933e3662d473e53b44d4,cae656776428feab94d764a5a7cc52da89291728da56933e3662d473e53b44d4,199675,1200,800,RGB,train,grape leaf,,materialized,
5467f6012d78d1c446145d5f582da6096f852ae8,train/grape leaf/0g.jpg,data/raw/plantdoc/train/grape leaf/0g.jpg,068034bf27f4752d238577afb41b90c47baac72e8158d1c66f5eb5559da8dda0,068034bf27f4752d238577afb41b90c47baac72e8158d1c66f5eb5559da8dda0,373896,1200,1025,RGB,train,grape leaf,,materialized,
5467f6012d78d1c446145d5f582da6096f852ae8,train/grape leaf/10178grape_leaf.jpg,data/raw/plantdoc/train/grape leaf/10178grape_leaf.jpg,c7974be37c1c19d62075a40cd2ca37dd8a97ebcbc8ced3b1262b26085d587014,c7974be37c1c19d62075a40cd2ca37dd8a97ebcbc8ced3b1262b26085d587014,93708,689,600,RGB,train,grape leaf,,materialized,
5467f6012d78d1c446145d5f582da6096f852ae8,train/grape leaf/4635766-green-grapevine-leaves.jpg,data/raw/plantdoc/train/grape leaf/4635766-green-grapevine-leaves.jpg,21f2580b75b2a12ef97ec47694a40b400a972f122d8968a91338ff914a15a64e,21f2580b75b2a12ef97ec47694a40b400a972f122d8968a91338ff914a15a64e,53392,800,776,RGB,train,grape leaf,,materialized,
5467f6012d78d1c446145d5f582da6096f852ae8,train/grape leaf/6cy5kMMEi.jpg,data/raw/plantdoc/train/grape leaf/6cy5kMMEi.jpg,ee000088b778186867777cb33de1a86349b0d803cef33f181d04748a7c5b0738,ee000088b778186867777cb33de1a86349b0d803cef33f181d04748a7c5b0738,2072772,2160,1920,RGB,train,grape leaf,,materialized,
5467f6012d78d1c446145d5f582da6096f852ae8,train/grape leaf/GrapeLeaf.jpg,data/raw/plantdoc/train/grape leaf/GrapeLeaf.jpg,2a4c31099f6947131f4925eab214cd51570a1f11d71fe734b4bf988a45085ab4,2a4c31099f6947131f4925eab214cd51570a1f11d71fe734b4bf988a45085ab4,2383471,2592,1936,RGB,train,grape leaf,,materialized,
5467f6012d78d1c446145d5f582da6096f852ae8,train/grape leaf/Grape_leaf_01.jpg,data/raw/plantdoc/train/grape leaf/Grape_leaf_01.jpg,e980eb97df8b9a41e94dbfdafbe3609db647a687a0fc9621349ba00b85d08389,e980eb97df8b9a41e94dbfdafbe3609db647a687a0fc9621349ba00b85d08389,647160,2374,3090,RGB,train,grape leaf,,materialized,
5467f6012d78d1c446145d5f582da6096f852ae8,train/grape leaf/Grolleau_noir_leaves.jpg,data/raw/plantdoc/train/grape leaf/Grolleau_noir_leaves.jpg,4c797f1edaf7a06b8641cb9f40ca7fb8f3cdc4f401d8619d7c379fedc5c8e473,4c797f1edaf7a06b8641cb9f40ca7fb8f3cdc4f401d8619d7c379fedc5c8e473,123058,1600,1067,RGB,train,grape leaf,,materialized,
5467f6012d78d1c446145d5f582da6096f852ae8,train/grape leaf/IMG_20150511_095517.jpg,data/raw/plantdoc/train/grape leaf/IMG_20150511_095517.jpg,df7bd8be44ecfcf1f7086a49f811811cde7457cdb413844fb32449344a65ae97,df7bd8be44ecfcf1f7086a49f811811cde7457cdb413844fb32449344a65ae97,429639,1600,1200,RGB,train,grape leaf,,materialized,
5467f6012d78d1c446145d5f582da6096f852ae8,train/grape leaf/IMG_20150511_111942.jpg,data/raw/plantdoc/train/grape leaf/IMG_20150511_111942.jpg,f63757265f2176af6d66ff0d76d58487a5115b0b82de378110eb76bc2c25c927,f63757265f2176af6d66ff0d76d58487a5115b0b82de378110eb76bc2c25c927,516424,1200,1600,RGB,train,grape leaf,,materialized,
5467f6012d78d1c446145d5f582da6096f852ae8,train/grape leaf/IMG_2666.jpg,data/raw/plantdoc/train/grape leaf/IMG_2666.jpg,155f4af6ed62c528e842c6954af468cd8dc3e1c714f587e03cb1b462c45a7779,155f4af6ed62c528e842c6954af468cd8dc3e1c714f587e03cb1b462c45a7779,307768,1067,1600,RGB,train,grape leaf,,materialized,
5467f6012d78d1c446145d5f582da6096f852ae8,train/grape leaf/P1130239.jpg,data/raw/plantdoc/train/grape leaf/P1130239.jpg,92812224d3d8b9d6bf659177e73946bd58996faef535e3a0cd92f19dda566ad3,92812224d3d8b9d6bf659177e73946bd58996faef535e3a0cd92f19dda566ad3,459827,1536,2048,RGB,train,grape leaf,,materialized,
5467f6012d78d1c446145d5f582da6096f852ae8,train/grape leaf/WildGrapeLeaf_cutout.jpg,data/raw/plantdoc/train/grape leaf/WildGrapeLeaf_cutout.jpg,55fe0bacf1547168b819d6aefc736703dc8eb4a7c3cff5d1accf7c60b5d96352,55fe0bacf1547168b819d6aefc736703dc8eb4a7c3cff5d1accf7c60b5d96352,695085,400,448,CMYK,train,grape leaf,,materialized,
5467f6012d78d1c446145d5f582da6096f852ae8,train/grape leaf/Wild_Grape_Leaf.jpg,data/raw/plantdoc/train/grape leaf/Wild_Grape_Leaf.jpg,3844136b576fa619b915894d4bf9c910ef33e41000a25454f627751de336d306,3844136b576fa619b915894d4bf9c910ef33e41000a25454f627751de336d306,3280047,3504,2336,RGB,train,grape leaf,,materialized,
5467f6012d78d1c446145d5f582da6096f852ae8,train/grape leaf/blue-grape-cluster-leaves-3323887.jpg,data/raw/plantdoc/train/grape leaf/blue-grape-cluster-leaves-3323887.jpg,283629458714d2ba16ebdc853e493cc1f2fe588c740e04bd5218d54ce27237f6,283629458714d2ba16ebdc853e493cc1f2fe588c740e04bd5218d54ce27237f6,113180,1300,1347,RGB,train,grape leaf,,materialized,
5467f6012d78d1c446145d5f582da6096f852ae8,train/grape leaf/dc9rk7rKi.jpg,data/raw/plantdoc/train/grape leaf/dc9rk7rKi.jpg,cff1f98958ab7bc583ef9950323cf61fd165fd5295679cbbb56e87c2cb92d23b,cff1f98958ab7bc583ef9950323cf61fd165fd5295679cbbb56e87c2cb92d23b,227646,1024,678,RGB,train,grape leaf,,materialized,
5467f6012d78d1c446145d5f582da6096f852ae8,train/grape leaf/depositphotos_6812535-stock-photo-grape-leaves.jpg,data/raw/plantdoc/train/grape leaf/depositphotos_6812535-stock-photo-grape-leaves.jpg,2eaf7c97af5164b769b70ac1c87d2b53f65f8535c3cdab98c7052eac3c780d59,2eaf7c97af5164b769b70ac1c87d2b53f65f8535c3cdab98c7052eac3c780d59,91933,1024,970,RGB,train,grape leaf,,materialized,
5467f6012d78d1c446145d5f582da6096f852ae8,train/grape leaf/dsc00849.jpg,data/raw/plantdoc/train/grape leaf/dsc00849.jpg,98ca24dcb9491b1bf007aa85714a79df71508b853ecb0ab66ff7c50e334b2650,98ca24dcb9491b1bf007aa85714a79df71508b853ecb0ab66ff7c50e334b2650,6226510,5456,3632,RGB,train,grape leaf,,materialized,
5467f6012d78d1c446145d5f582da6096f852ae8,train/grape leaf/grape+leaves.JPG.jpg,data/raw/plantdoc/train/grape leaf/grape+leaves.JPG.jpg,f7c8d5fcaf5856f99f952994a308225475ddc91d48c48ecf1fa605f6a92f45db,f7c8d5fcaf5856f99f952994a308225475ddc91d48c48ecf1fa605f6a92f45db,334903,1440,1080,RGB,train,grape leaf,,materialized,
5467f6012d78d1c446145d5f582da6096f852ae8,train/grape leaf/grape-leaf-15796930.jpg,data/raw/plantdoc/train/grape leaf/grape-leaf-15796930.jpg,29ffa0c2d4ac012d3f069667d28021247556955e40453f7f3cd604e338e669c5,29ffa0c2d4ac012d3f069667d28021247556955e40453f7f3cd604e338e669c5,230127,1145,1300,RGB,train,grape leaf,,materialized,
5467f6012d78d1c446145d5f582da6096f852ae8,train/grape leaf/grape-leaf-19616502.jpg,data/raw/plantdoc/train/grape leaf/grape-leaf-19616502.jpg,0d8846273cba39e563497034f65b8050910ab500c55422030c7489aefae92683,0d8846273cba39e563497034f65b8050910ab500c55422030c7489aefae92683,113260,1300,960,RGB,train,grape leaf,,materialized,
5467f6012d78d1c446145d5f582da6096f852ae8,train/grape leaf/grape-leaf-blossoming-buds-spring-macro-31132897.jpg,data/raw/plantdoc/train/grape leaf/grape-leaf-blossoming-buds-spring-macro-31132897.jpg,28207ea13606226884dd63d8daaa550581977f7a15a524dfad7c4d6df0fb2357,28207ea13606226884dd63d8daaa550581977f7a15a524dfad7c4d6df0fb2357,327020,957,1300,RGB,train,grape leaf,,materialized,
5467f6012d78d1c446145d5f582da6096f852ae8,train/grape leaf/grape-leaf-detail-1457175.jpg,data/raw/plantdoc/train/grape leaf/grape-leaf-detail-1457175.jpg,4d9c4e4558c7793172b3a681fd734f15fa43f57376128db30556d1df9a13ab72,4d9c4e4558c7793172b3a681fd734f15fa43f57376128db30556d1df9a13ab72,223528,800,828,RGB,train,grape leaf,,materialized,
5467f6012d78d1c446145d5f582da6096f852ae8,train/grape leaf/grape-leaf-dew-465884.jpg,data/raw/plantdoc/train/grape leaf/grape-leaf-dew-465884.jpg,44567c4ae1153ec4b948bddc64869509076e96579783ba0e9e0dc29dc26548e1,44567c4ae1153ec4b948bddc64869509076e96579783ba0e9e0dc29dc26548e1,425752,1300,964,RGB,train,grape leaf,,materialized,
5467f6012d78d1c446145d5f582da6096f852ae8,train/grape leaf/grape-leaf-isolated-cut-out-on-white-background-picture-id172320164?s=612x612.jpg,data/raw/plantdoc/train/grape leaf/grape-leaf-isolated-cut-out-on-white-background-picture-id172320164?s=612x612.jpg,38ab81ffed0e9ad9543e513296cdc673e84bfb97c5f3879539a95bcd2bb64461,38ab81ffed0e9ad9543e513296cdc673e84bfb97c5f3879539a95bcd2bb64461,21848,447,612,RGB,train,grape leaf,,materialized,
5467f6012d78d1c446145d5f582da6096f852ae8,train/grape leaf/grape-leaf-with-water-drops-41813-1920x1080.jpg,data/raw/plantdoc/train/grape leaf/grape-leaf-with-water-drops-41813-1920x1080.jpg,b55eb5c99c47a188d13b68cc70f856b5527cce299625fabc11ce860a890ddc28,b55eb5c99c47a188d13b68cc70f856b5527cce299625fabc11ce860a890ddc28,847975,1920,1080,RGB,train,grape leaf,,materialized,
5467f6012d78d1c446145d5f582da6096f852ae8,train/grape leaf/grape-leave-clipping-path-3817989.jpg,data/raw/plantdoc/train/grape leaf/grape-leave-clipping-path-3817989.jpg,1d787bef07e963bd08e00b705062f3c2e77673aa9792e88985711aa7091613e4,1d787bef07e963bd08e00b705062f3c2e77673aa9792e88985711aa7091613e4,95371,1300,1044,RGB,train,grape leaf,,materialized,
5467f6012d78d1c446145d5f582da6096f852ae8,train/grape leaf/grape-leaves-03-1103349.jpg,data/raw/plantdoc/train/grape leaf/grape-leaves-03-1103349.jpg,3b859cae8c8c65276486fdb23997b109907452ba078aceba77650426185d9d77,3b859cae8c8c65276486fdb23997b109907452ba078aceba77650426185d9d77,148294,1300,870,RGB,train,grape leaf,,materialized,
5467f6012d78d1c446145d5f582da6096f852ae8,train/grape leaf/grape-leaves-1.jpg,data/raw/plantdoc/train/grape leaf/grape-leaves-1.jpg,8a68c594c526cb2e9bbb77bbc19f6c4ddfc62d1edf2b0c555371c93d94bf1234,8a68c594c526cb2e9bbb77bbc19f6c4ddfc62d1edf2b0c555371c93d94bf1234,1151196,3264,2448,RGB,train,grape leaf,,materialized,
5467f6012d78d1c446145d5f582da6096f852ae8,train/grape leaf/grape-leaves-19091-1920x1200.jpg,data/raw/plantdoc/train/grape leaf/grape-leaves-19091-1920x1200.jpg,23dbf2d143ab781564c44206fa7ff81b1fbe66ca75d2cce12eabdee4447818bb,23dbf2d143ab781564c44206fa7ff81b1fbe66ca75d2cce12eabdee4447818bb,315482,1920,1200,RGB,train,grape leaf,,materialized,
5467f6012d78d1c446145d5f582da6096f852ae8,train/grape leaf/grape-leaves-2.jpg,data/raw/plantdoc/train/grape leaf/grape-leaves-2.jpg,08426cffa32392fb6a34c331a5a190efb9cdaaeba626c5d0645336bd3ff697ea,08426cffa32392fb6a34c331a5a190efb9cdaaeba626c5d0645336bd3ff697ea,122212,800,530,RGB,train,grape leaf,,materialized,
5467f6012d78d1c446145d5f582da6096f852ae8,train/grape leaf/grape-leaves-21658567.jpg,data/raw/plantdoc/train/grape leaf/grape-leaves-21658567.jpg,db4c839d77adf5fad4b0d021fbe380d39c846f99319ef788233e7fbb5d983bef,db4c839d77adf5fad4b0d021fbe380d39c846f99319ef788233e7fbb5d983bef,229273,1300,952,RGB,train,grape leaf,,materialized,
5467f6012d78d1c446145d5f582da6096f852ae8,train/grape leaf/grape-leaves-3368435.jpg,data/raw/plantdoc/train/grape leaf/grape-leaves-3368435.jpg,6773e4815fb667ec91d62088ce2bba207c833a12366fa2b7be757270efaad34c,6773e4815fb667ec91d62088ce2bba207c833a12366fa2b7be757270efaad34c,97947,957,1300,RGB,train,grape leaf,,materialized,
5467f6012d78d1c446145d5f582da6096f852ae8,train/grape leaf/grape-leaves-878629.jpg,data/raw/plantdoc/train/grape leaf/grape-leaves-878629.jpg,1880dc639894eab858d31c1f1945f56519598867a78ab2337582a79c15355e1a,1880dc639894eab858d31c1f1945f56519598867a78ab2337582a79c15355e1a,161862,1300,810,RGB,train,grape leaf,,materialized,
5467f6012d78d1c446145d5f582da6096f852ae8,train/grape leaf/grape-leaves-picture-id108483523?k=6&m=108483523&s=612x612&w=0&h=hBDI-YPeBffgjjZzbHsAaCfARsflsveT1NbcncLft5Y=.jpg,data/raw/plantdoc/train/grape leaf/grape-leaves-picture-id108483523?k=6&m=108483523&s=612x612&w=0&h=hBDI-YPeBffgjjZzbHsAaCfARsflsveT1NbcncLft5Y=.jpg,2ec6d4c3e12bba0eddfc41589376c98e44736678a106a14c80d932d89bb7c648,2ec6d4c3e12bba0eddfc41589376c98e44736678a106a14c80d932d89bb7c648,27098,408,612,RGB,train,grape leaf,,materialized,
5467f6012d78d1c446145d5f582da6096f852ae8,train/grape leaf/grape-leaves-up-close.jpg,data/raw/plantdoc/train/grape leaf/grape-leaves-up-close.jpg,3cd10493c4a56ceb99fadc0c3bb57040b1674807e60beaf7913b0eef0930ae30,3cd10493c4a56ceb99fadc0c3bb57040b1674807e60beaf7913b0eef0930ae30,1769200,3264,2448,RGB,train,grape leaf,,materialized,
5467f6012d78d1c446145d5f582da6096f852ae8,train/grape leaf/grape-leaves1.jpg,data/raw/plantdoc/train/grape leaf/grape-leaves1.jpg,3376911879cbeaf507d72f8d3cac50f5687ab722165f1dbd199f13821a451177,3376911879cbeaf507d72f8d3cac50f5687ab722165f1dbd199f13821a451177,446772,3000,2000,RGB,train,grape leaf,,materialized,
5467f6012d78d1c446145d5f582da6096f852ae8,train/grape leaf/grape-leaves2.jpg,data/raw/plantdoc/train/grape leaf/grape-leaves2.jpg,34bdfe09345d45fb417e91dbe543f60a3c9cb5ceca13715fb081f96f840dc3f7,34bdfe09345d45fb417e91dbe543f60a3c9cb5ceca13715fb081f96f840dc3f7,548339,3000,2000,RGB,train,grape leaf,,materialized,
5467f6012d78d1c446145d5f582da6096f852ae8,train/grape leaf/grape-vine-1238367.jpg,data/raw/plantdoc/train/grape leaf/grape-vine-1238367.jpg,96797e8c0881aa3f9b7b6db9d2f3075e7040c96506e8050f1bd9e511f1bc7fed,96797e8c0881aa3f9b7b6db9d2f3075e7040c96506e8050f1bd9e511f1bc7fed,273678,1300,960,RGB,train,grape leaf,,materialized,
5467f6012d78d1c446145d5f582da6096f852ae8,train/grape leaf/grape-vine-leaf-1327453.jpg,data/raw/plantdoc/train/grape leaf/grape-vine-leaf-1327453.jpg,c09f633f7b3a6a107d635f77741b3c7ccdfc2e2c7ed998e38dd9e322d13088e2,c09f633f7b3a6a107d635f77741b3c7ccdfc2e2c7ed998e38dd9e322d13088e2,230479,1600,1065,RGB,train,grape leaf,,materialized,
5467f6012d78d1c446145d5f582da6096f852ae8,train/grape leaf/grape-vines-3876069.jpg,data/raw/plantdoc/train/grape leaf/grape-vines-3876069.jpg,1439501c242f1b12593aaa31346f523eeee74626590018ab91b91f8669833303,1439501c242f1b12593aaa31346f523eeee74626590018ab91b91f8669833303,94128,1300,913,RGB,train,grape leaf,,materialized,
5467f6012d78d1c446145d5f582da6096f852ae8,train/grape leaf/grape2b.jpg,data/raw/plantdoc/train/grape leaf/grape2b.jpg,147163d729378ffb8490f9b95a5a34260ced9d686af642db18ae2a818ed713be,147163d729378ffb8490f9b95a5a34260ced9d686af642db18ae2a818ed713be,171890,1024,768,RGB,train,grape leaf,,materialized,
5467f6012d78d1c446145d5f582da6096f852ae8,train/grape leaf/grape_leaf_1_bg_20090621.jpg,data/raw/plantdoc/train/grape leaf/grape_leaf_1_bg_20090621.jpg,589d2d389526b8084d9010adab70e6ef9d2208159c7407f3aac4e8dced03e094,589d2d389526b8084d9010adab70e6ef9d2208159c7407f3aac4e8dced03e094,197120,1024,768,RGB,train,grape leaf,,materialized,
5467f6012d78d1c446145d5f582da6096f852ae8,train/grape leaf/grapeleaf4.JPG.jpg,data/raw/plantdoc/train/grape leaf/grapeleaf4.JPG.jpg,448dddee4db35be4981a7188b0fdb695fb2bde1f924fbb9716dd018ec28e1eb0,448dddee4db35be4981a7188b0fdb695fb2bde1f924fbb9716dd018ec28e1eb0,505933,1600,876,RGB,train,grape leaf,,materialized,
5467f6012d78d1c446145d5f582da6096f852ae8,train/grape leaf/grapes+003.JPG.jpg,data/raw/plantdoc/train/grape leaf/grapes+003.JPG.jpg,50dee6976b9adc419f14d0099d0db8a33ba1dd7d0df9dbc11fa8022466990aaa,50dee6976b9adc419f14d0099d0db8a33ba1dd7d0df9dbc11fa8022466990aaa,101827,1600,1071,RGB,train,grape leaf,,materialized,
5467f6012d78d1c446145d5f582da6096f852ae8,train/grape leaf/iisland-grape-leaves.jpg,data/raw/plantdoc/train/grape leaf/iisland-grape-leaves.jpg,63823d73d763dfdc4d224747a45d9f5dfe272266f69df2cba92598b10f00adf7,63823d73d763dfdc4d224747a45d9f5dfe272266f69df2cba92598b10f00adf7,723349,1752,1168,RGB,train,grape leaf,,materialized,
5467f6012d78d1c446145d5f582da6096f852ae8,train/grape leaf/img_0389.jpg,data/raw/plantdoc/train/grape leaf/img_0389.jpg,72276d724a87ea3b4563c429bb12e2ce313b02979d32c2015cb19a6e5621b5f8,72276d724a87ea3b4563c429bb12e2ce313b02979d32c2015cb19a6e5621b5f8,2335718,3264,2295,RGB,train,grape leaf,,materialized,
5467f6012d78d1c446145d5f582da6096f852ae8,train/grape leaf/img_20160701_155626898_hdr.jpg,data/raw/plantdoc/train/grape leaf/img_20160701_155626898_hdr.jpg,d80b50be1b5393abe6dce88cdac608fe6d2ab97ef2b6fb6cf9db5c123c78bcf8,d80b50be1b5393abe6dce88cdac608fe6d2ab97ef2b6fb6cf9db5c123c78bcf8,2525942,1836,3264,RGB,train,grape leaf,,materialized,
5467f6012d78d1c446145d5f582da6096f852ae8,train/grape leaf/img_4534.jpg,data/raw/plantdoc/train/grape leaf/img_4534.jpg,bf62a6d9ba89016d4a8c1e153ed4a097ddd7070c598af0a143158e8695c6c9a0,bf62a6d9ba89016d4a8c1e153ed4a097ddd7070c598af0a143158e8695c6c9a0,3447527,2448,3264,RGB,train,grape leaf,,materialized,
5467f6012d78d1c446145d5f582da6096f852ae8,train/grape leaf/mourvedre3.jpg,data/raw/plantdoc/train/grape leaf/mourvedre3.jpg,922e2d78e7f65dcf003cf60e441cb1ed0787c3f91314e22681a578097e3cd3a9,922e2d78e7f65dcf003cf60e441cb1ed0787c3f91314e22681a578097e3cd3a9,2570481,4000,3000,RGB,train,grape leaf,,materialized,
5467f6012d78d1c446145d5f582da6096f852ae8,train/grape leaf/muscadine-leaves-762506.JPG.jpg,data/raw/plantdoc/train/grape leaf/muscadine-leaves-762506.JPG.jpg,6521fc8d7258890ab4acae86081344627d9a73e8ba3484dc23627aedf018e631,6521fc8d7258890ab4acae86081344627d9a73e8ba3484dc23627aedf018e631,307478,1197,1600,RGB,train,grape leaf,,materialized,
5467f6012d78d1c446145d5f582da6096f852ae8,train/grape leaf/nature-plant-grape-vine-wine-fruit-food-green-produce-agriculture-grapevine-vines-shrub-grapes-winegrowing-rebstock-flowering-plant-vitis-grape-leaves-green-grapes-swiss-francs-land-plant-grapevine-family-556232.jpg,data/raw/plantdoc/train/grape leaf/nature-plant-grape-vine-wine-fruit-food-green-produce-agriculture-grapevine-vines-shrub-grapes-winegrowing-rebstock-flowering-plant-vitis-grape-leaves-green-grapes-swiss-francs-land-plant-grapevine-family-556232.jpg,d5247fb5830b2cb9b17ab7ef0e6e999a102f4195a4b3f5782ede059f825c29a5,d5247fb5830b2cb9b17ab7ef0e6e999a102f4195a4b3f5782ede059f825c29a5,3208647,4608,3072,RGB,train,grape leaf,,materialized,
5467f6012d78d1c446145d5f582da6096f852ae8,train/grape leaf/p1010008.jpg,data/raw/plantdoc/train/grape leaf/p1010008.jpg,50836f19d7ba58732ec762fe005d8522e41d41cbfc6981697e401c371859ca94,50836f19d7ba58732ec762fe005d8522e41d41cbfc6981697e401c371859ca94,676511,2048,1536,RGB,train,grape leaf,,materialized,
5467f6012d78d1c446145d5f582da6096f852ae8,train/grape leaf/stock-photo-grapes-leaf-isolated-on-white-background-108448556.jpg,data/raw/plantdoc/train/grape leaf/stock-photo-grapes-leaf-isolated-on-white-background-108448556.jpg,dffed26fff9ca57ff42365c625efb1e1212a8e71f8a7f87cc1dbba7bccf4e7b7,dffed26fff9ca57ff42365c625efb1e1212a8e71f8a7f87cc1dbba7bccf4e7b7,629817,1500,1443,RGB,train,grape leaf,,materialized,
5467f6012d78d1c446145d5f582da6096f852ae8,train/grape leaf/trim-the-stem.jpg,data/raw/plantdoc/train/grape leaf/trim-the-stem.jpg,0890da1cabceabb26c231b123ad36847f246a36aaab55ee24ea7b7ebe546b6ba,0890da1cabceabb26c231b123ad36847f246a36aaab55ee24ea7b7ebe546b6ba,3497719,4000,3000,RGB,train,grape leaf,,materialized,
5467f6012d78d1c446145d5f582da6096f852ae8,train/grape leaf/vine-leaves-10824119.jpg,data/raw/plantdoc/train/grape leaf/vine-leaves-10824119.jpg,627c451be5ce75b1232e045396301e9fc2a5a22a607f3ee099600ca6e8c990e0,627c451be5ce75b1232e045396301e9fc2a5a22a607f3ee099600ca6e8c990e0,130514,1300,957,RGB,train,grape leaf,,materialized,
5467f6012d78d1c446145d5f582da6096f852ae8,train/grape leaf/young-fresh-grape-leaf-picture-id183867740?k=6&m=183867740&s=612x612&w=0&h=Q8_s3Yw7p_VKQjda-mZPl9rN4lDmpVjjbMUk95HtVFk=.jpg,data/raw/plantdoc/train/grape leaf/young-fresh-grape-leaf-picture-id183867740?k=6&m=183867740&s=612x612&w=0&h=Q8_s3Yw7p_VKQjda-mZPl9rN4lDmpVjjbMUk95HtVFk=.jpg,ef68ac4ec683b2116d3c0e3cc6c7bcb6a6baec9ea072566320508c2f5eb92a1d,ef68ac4ec683b2116d3c0e3cc6c7bcb6a6baec9ea072566320508c2f5eb92a1d,24388,612,408,RGB,train,grape leaf,,materialized,
